3i. Percent of fleet that is electric,4f. Median household income,4g. Percent of population below the poverty level
0.8524109797749093,-0.8407634415531454,0.6859810150846658
0.5574596430927808,-0.22791574076427573,-0.6099546941782422
-0.09143329760790146,-0.4655593801290956,0.5481155140992499
-0.09143329760790146,0.9487460845651854,-0.7064605448680331
-0.09143329760790146,1.3062015754382799,-0.9821915468388647
-0.09143329760790146,-0.23835607638248474,-0.4996622933899096
-0.09143329760790146,-1.019581189882953,1.3063757695190368
-0.09143329760790146,1.4134130218900953,-1.161416698119905
-0.09143329760790146,-0.8029262252264637,0.5619020641977915
-0.09143329760790146,-1.0273574398606535,1.4856009208000764
-0.09143329760790146,-1.048526120355505,1.4718143707015354
-0.09143329760790146,-0.6743660924932761,0.2861710622269598
-0.09143329760790146,-0.6063239051883965,0.20345176163571066
-0.09143329760790146,-0.8199187714740315,-0.003346489842413106
-0.09143329760790146,-0.2821334836643543,-0.5961681440797006
-0.09143329760790146,-1.1828824394146638,3.0434810819352744
-0.09143329760790146,0.6933538746494101,-1.0097646470359478
-0.09143329760790146,0.5086319365217188,-0.7478201951636579
-0.09143329760790146,0.4519301137676525,-1.106270497725739
-0.09143329760790146,1.4574784384303983,-0.8994722462476153
-0.09143329760790146,-0.5167170246583198,1.8026915730665327
-0.09143329760790146,-0.2301478125171342,0.20345176163571066
-0.09143329760790146,-0.12635647600921485,-0.3893698926015769
-0.09143329760790146,-1.158833666335479,1.4028816202088275
-0.09143329760790146,-1.3189668140244228,2.2990073766140298
-0.09143329760790146,-0.5319455141979833,0.6584079148875822
-0.010321680020316172,2.4801993151272326,-1.2441359987111547
-0.09143329760790146,-0.5362656530744836,0.09315936084737798
-0.09143329760790146,-0.8829207967563274,0.865206166365706
-0.09143329760790146,-1.4396786944653017,2.5885249286834022
-0.09143329760790146,-0.8574319773849757,0.8376330661686228
-0.09143329760790146,-0.519525114928045,0.24481141193133543
-0.09143329760790146,-0.7704531813381033,0.2999576123255018
-0.09143329760790146,-0.9208300153976173,0.39646346301529245
-0.09143329760790146,-0.461167238937987,0.49296931370508357
-0.09143329760790146,-1.0970196792442206,1.3063757695190368
-0.09143329760790146,-0.8840728337900607,1.733758822573825
-0.09143329760790146,-0.7543246628658355,0.2723845121284182
-0.09143329760790146,-0.368752268138185,0.5067558638036251
-0.09143329760790146,-0.4401425630723523,0.32753071252258453
-0.09143329760790146,-1.1184403678402013,0.12073246104446116
-0.09143329760790146,-0.6854544489429601,-0.14121199082782876
-0.09143329760790146,-0.6623057047963794,0.6032617144934163
-0.09143329760790146,-0.9342224459147682,0.13451901114300274
-0.09143329760790146,-0.5429258671757549,-0.07227924033512104
-0.09143329760790146,-0.6029757975591088,0.038013160453211646
-0.09143329760790146,-0.6870745010216477,0.5205424139021667
-0.09143329760790146,-0.5755069145360279,0.5067558638036251
-0.09143329760790146,-0.9006333661499785,1.0720044178438293
-0.09143329760790146,-0.9067895640489915,1.0995775180409129
-0.09143329760790146,-0.5945155255926291,0.42403656321237565
-0.09143329760790146,-1.0110849167591691,1.2925892194204947
-0.09143329760790146,-0.7146153863593371,0.8376330661686228
-0.09143329760790146,-0.8951251890824407,0.31374416242404335
-0.09143329760790146,-0.016696950860715935,-0.23771784151761965
-0.09143329760790146,-0.18698242490943554,0.5481155140992499
-0.09143329760790146,-1.1587616640208707,1.6923991722782004
-0.09143329760790146,-0.5263653348158371,-0.2790774918132446
-0.09143329760790146,-1.2213676765728205,2.4230863275009034
0.14452777173780124,-0.8287030538562488,0.8514196162671643
-0.09143329760790146,-0.8682323245762263,1.1685102685336208
-0.09143329760790146,-1.0119489445344692,1.0995775180409129
0.13318348955771936,-0.04380582231075523,0.7411272154788318
-0.09143329760790146,-0.9248981461729885,0.9065658166613307
-0.09143329760790146,-1.198002925482415,2.0784225750373646
-0.09143329760790146,-1.1134362069749217,2.533378728289236
-0.09143329760790146,-0.7813615320012665,1.2925892194204947
-0.09143329760790146,-1.4482109687463898,3.815527887453602
-0.09143329760790146,-0.5509181240972804,0.9203523667598723
-0.09143329760790146,-1.3233589552155314,1.761331922770908
-0.09143329760790146,-0.7550446860119189,0.6721944649861241
-0.09143329760790146,-0.30697428220423095,-0.07227924033512104
-0.09143329760790146,-0.474595670612442,0.31374416242404335
-0.09143329760790146,0.7337111719873837,-0.5823815939811591
-0.09143329760790146,-0.6263045474922104,0.6170482645919578
0.4811192971279948,-0.28904570586675477,0.3413172626211261
-0.09143329760790146,-0.9069335686782081,0.6859810150846658
-0.09143329760790146,-0.9768118150056002,2.0094898245446564
-0.09143329760790146,-0.25210851847267735,0.1758786614386275
-0.09143329760790146,-0.9262661901505469,0.5756886142963331
0.137587740286457,-0.13589678269481964,-0.8718991460505322
-0.09143329760790146,-0.2517485068996356,-0.5134488434884512
-0.09143329760790146,-0.6242884826831769,0.4516096634094588
-0.09143329760790146,-0.375772493812498,0.5619020641977915
-0.09143329760790146,-0.06688256414272759,0.038013160453211646
-0.09143329760790146,-1.170570043616638,0.9754985671540386
-0.09143329760790146,-1.3353473405978198,1.2925892194204947
-0.09143329760790146,-1.0710268436706105,1.3890950701102858
-0.09143329760790146,0.5422930186011168,-0.7202470949665748
-0.09143329760790146,-1.298338150889134,1.6923991722782004
-0.09143329760790146,-0.9386865894204852,0.7549137655773737
-0.09143329760790146,-0.7964820180690174,1.0995775180409129
-0.09143329760790146,-0.6611896689199502,0.796273415872998
-0.09143329760790146,-1.3112265652040265,1.3890950701102858
0.34116199619255344,0.6173914327376134,-0.5134488434884512
-0.09143329760790146,-0.2909897683611799,0.3688903628182097
-0.09143329760790146,2.9238415765865073,-1.1200570478242806
-0.09143329760790146,-0.26211684020323633,-0.9270453464446984
-0.09143329760790146,-1.0318575845236746,0.5894751643948742
-0.09143329760790146,-0.6472572210432368,0.6997675651832069
-0.09143329760790146,-1.032541606512454,0.6584079148875822
-0.09143329760790146,-0.3114744268672521,0.258597962029877
-0.09143329760790146,-0.9016773997117994,0.9754985671540386
-0.09143329760790146,-0.29361785284438424,0.21723831173425187
-0.09143329760790146,-1.5118970160174647,3.2502793334133986
-0.09143329760790146,-0.9272742225550636,1.9681301742490318
-0.09143329760790146,-0.9239261149257759,1.4580278206029933
-0.09143329760790146,-0.848971705418496,0.7549137655773737
-0.09143329760790146,-0.9226660744201299,1.0995775180409129
-0.09143329760790146,-0.6955347729881275,0.7411272154788318
-0.09143329760790146,-1.0916195056485953,1.1685102685336208
-0.09143329760790146,-0.5746428867607278,0.12073246104446116
-0.09143329760790146,-0.9080856057119415,0.6584079148875822
-0.09143329760790146,-0.913737787408696,0.9203523667598723
0.6872382312329174,-0.1500092363580539,-0.6513143444738668
-0.09143329760790146,-1.1668259232570044,1.8578377734606992
-0.09143329760790146,0.365347330451126,-0.5410219436855346
-0.09143329760790146,-0.1455090916950328,-0.04470614013803767
-0.09143329760790146,-1.5103849674106897,2.6850307793731933
-0.09143329760790146,-0.9788278798146337,1.7889050229679913
-0.09143329760790146,-1.341323532710312,2.0232763746431983
-0.09143329760790146,-0.7477004499218685,0.5894751643948742
-0.09143329760790146,-0.5708627652437901,0.6997675651832069
-0.09143329760790146,-0.4419786220948649,-0.15499854092637036
-0.09143329760790146,-1.1565655934253163,1.6923991722782004
-0.09143329760790146,-0.9267702063528053,-0.33422369220741094
-0.09143329760790146,-1.1752141929088757,2.092209125135906
-0.09143329760790146,-0.883928829160844,1.4580278206029933
-0.09143329760790146,-0.11076797489650965,-0.16878509102491193
-0.09143329760790146,1.7815608564825278,-1.1476301480213638
-0.09143329760790146,-0.8730204784976808,0.6859810150846658
-0.09143329760790146,-0.883496815273194,0.6308348146904991
-0.09143329760790146,-1.1760782206841758,2.105995675234447
-0.09143329760790146,-0.45792713478061176,1.0030716673511215
-0.09143329760790146,-0.8478916706993709,1.113364068139454
-0.09143329760790146,-0.2626208564054947,2.188714975825697
-0.09143329760790146,-1.1377009869979318,3.6500892862711036
-0.09143329760790146,-1.0459340370296049,3.70523548666527
-0.09143329760790146,-1.1246685680538224,2.0232763746431983
-0.09143329760790146,0.1153912952882803,0.1758786614386275
-0.09143329760790146,-0.6229204387056185,-0.2515043916161612
-0.09143329760790146,-0.6902066017071105,2.436872877599445
-0.09143329760790146,0.4503820640035733,-1.1889897983169881
0.297902466812508,-0.9161498649480754,0.6584079148875822
-0.09143329760790146,0.31012155514653067,-1.4371477000907367
-0.09143329760790146,-0.06576652826629835,-0.22393129141907828
-0.09143329760790146,-0.2584087210009069,-0.017133039940954692
-0.09143329760790146,0.2943890494046088,-0.5272353935869928
-0.09143329760790146,0.48785926875721325,-0.14121199082782876
-0.09143329760790146,0.2591079152465231,0.5343289640007083
-0.09143329760790146,0.31562973221406854,-0.3755833425030355
-0.09143329760790146,0.7134785215824406,-0.41694299279866026
-0.09143329760790146,0.7586599739991728,-0.67888744467095
-0.09143329760790146,0.46910266580174115,-0.7202470949665748
-0.09143329760790146,-0.20512700819073673,0.6308348146904991
-0.09143329760790146,-0.16635376177414665,-0.5410219436855346
-0.09143329760790146,-0.832159164957449,1.995703274446115
-0.09143329760790146,-0.18190626172954769,0.9065658166613307
-0.09143329760790146,0.05602538689370554,-0.030919590039496084
-0.09143329760790146,-0.5509181240972804,1.444241270504452
-0.09143329760790146,0.5296566123873535,-0.5961681440797006
-0.09143329760790146,-0.697154825066815,0.49296931370508357
-0.09143329760790146,0.3689114450242387,-0.1963581912219951
-0.09143329760790146,-1.1089360623119007,2.188714975825697
-0.09143329760790146,-0.38966894053190726,0.7549137655773737
-0.09143329760790146,-0.9109296971389709,2.133568775431531
-0.09143329760790146,0.80362541947208,-0.6651008945724086
-0.09143329760790146,0.3336663120234572,-0.7891798454592827
-0.09143329760790146,0.5378288750953999,-0.4858757432913682
-0.09143329760790146,-0.014356875635944948,1.154723718435079
-0.09143329760790146,0.09515864488333729,-1.0097646470359478
-0.09143329760790146,-0.14590510442537863,1.8991974237563238
-0.09143329760790146,-0.9784318670842879,2.4092997774023623
-0.09143329760790146,0.21410646861631183,-1.0097646470359478
-0.09143329760790146,-0.5050166485344648,0.49296931370508357
-0.09143329760790146,-0.8209268038785482,1.5407471211942432
-0.09143329760790146,-0.7759253572483369,1.0857909679423714
-0.09143329760790146,0.9078847710249535,-0.7753932953607411
-0.09143329760790146,-0.6961467926622983,-0.4031564427001187
-0.09143329760790146,-0.8959172145431323,1.995703274446115
-0.09143329760790146,0.34911080850694576,0.49296931370508357
-0.09143329760790146,-1.330955199406711,1.9129839738548655
-0.09143329760790146,1.0835704186692985,-1.064910847430114
-0.09143329760790146,-0.3558998549805967,0.2999576123255018
-0.022827876564657505,0.7745724855276155,-0.7202470949665748
-0.09143329760790146,0.10909109276005072,-0.6651008945724086
-0.09143329760790146,-0.948442903049915,1.0720044178438293
0.297902466812508,0.28160863856162877,0.5067558638036251
-0.09143329760790146,1.956454478666181,-0.9546184466417815
-0.09143329760790146,-0.747412440663435,-0.6926739947694918
1.8552455244941457,-0.35683588507050507,-0.21014474132053668
-0.09143329760790146,-0.8200987772605524,-0.5410219436855346
-0.09143329760790146,-0.4524189577130739,3.208919683117773
-0.09143329760790146,-0.23029181714635089,0.2861710622269598
-0.09143329760790146,-1.5795071894346941,3.88446063794631
-0.09143329760790146,-0.9766318092190793,0.5756886142963331
-0.09143329760790146,-0.8230148710021901,0.6997675651832069
0.9806506913758346,-0.6240724757393519,1.196083368730704
-0.09143329760790146,-0.7621729151581443,0.644621364789041
-0.09143329760790146,-0.7884537599901877,0.6170482645919578
0.5574596430927808,0.04040088462369617,-0.33422369220741094
-0.09143329760790146,-1.0130649804108984,1.196083368730704
-0.09143329760790146,-1.1114201421658882,0.5481155140992499
-0.09143329760790146,-0.8636601775985969,2.312793926712571
-0.09143329760790146,-0.17452602448219304,0.31374416242404335
-0.09143329760790146,-0.30873833891213526,0.2861710622269598
-0.09143329760790146,-0.6188883090875515,0.6032617144934163
-0.09143329760790146,-1.22593982355045,2.2025015259242386
-0.09143329760790146,-0.40514943817269994,-0.11363889063074559
-0.09143329760790146,0.5165161899713318,-1.1476301480213638
-0.09143329760790146,-1.2559287875848228,-0.07227924033512104
-0.09143329760790146,-1.1234445287054808,1.4856009208000764
-0.09143329760790146,-0.04898998896255557,0.038013160453211646
-0.09143329760790146,0.21860661327933295,-0.7478201951636579
-0.09143329760790146,-0.5299294493889498,0.5481155140992499
-0.09143329760790146,-0.8968172434757365,-0.030919590039496084
-0.09143329760790146,-1.258952884798373,1.3063757695190368
-0.09143329760790146,-1.0331536261866248,0.9203523667598723
-0.09143329760790146,-0.7296278689551755,-1.6715190517659433
0.11240741674833384,-0.42988223324066405,0.5343289640007083
-0.09143329760790146,-0.9486949111510442,-0.6513143444738668
-0.09143329760790146,-1.1494373642790907,0.865206166365706
-0.09143329760790146,-0.0191810307147036,-0.15499854092637036
-0.09143329760790146,0.4249652469468299,-0.4031564427001187
-0.09143329760790146,-0.15796549212227526,0.0793728107488364
-0.09143329760790146,-0.9500989562859068,1.0995775180409129
-0.09143329760790146,-0.7980300678330967,1.4718143707015354
-0.09143329760790146,-0.2075750868874202,0.961712017055497
0.5574596430927808,-0.742516283270068,0.1758786614386275
-0.09143329760790146,-0.49936446683771035,0.5894751643948742
-0.09143329760790146,1.0609976930395844,-1.1476301480213638
1.5771485499081388,-0.0660545375247317,-0.9546184466417815
0.4742682404388473,1.3103417085282592,-0.34801024230595234
-0.09143329760790146,0.21410646861631183,-1.1889897983169881
1.1681824108110703,0.09742671779349994,0.038013160453211646
-0.09143329760790146,-0.12340438111027299,0.49296931370508357
-0.09143329760790146,-0.985056080028255,0.4516096634094588
-0.09143329760790146,-0.322526782159632,-0.5823815939811591
-0.09143329760790146,-0.34502750547473765,-0.8305394957549074
0.12248745207364217,-0.8901210282171611,1.2925892194204947
-0.09143329760790146,-0.666049825156013,0.3826769129167509
0.013792584667884873,-0.15447337986377088,0.35510381271966773
1.7161970372011424,0.3632952644847883,0.2723845121284182
-0.09143329760790146,1.4944156258244756,0.14830556124154431
-0.09143329760790146,-1.2323840307078964,0.8376330661686228
-0.09143329760790146,-1.015729066051407,1.582106771489868
-0.09143329760790146,-0.43841450752175215,0.5067558638036251
-0.09143329760790146,0.22721088987502935,-0.4720891931928266
-0.09143329760790146,-0.7234356698988584,-0.1963581912219951
-0.09143329760790146,-1.0198331979840822,2.105995675234447
-0.09143329760790146,0.8216259981241645,-0.4996622933899096
-0.056039137206046065,-0.6466812025263701,0.3688903628182097
-0.09143329760790146,0.12230351749068075,-0.5410219436855346
1.406011950162904,0.23941528220114267,-0.8167529456563658
-0.09143329760790146,0.8049574622923342,-0.8994722462476153
-0.09143329760790146,-0.5004085003995312,0.7273406653802901
-0.09143329760790146,-0.6365288761665944,1.1409371683365372
-0.09143329760790146,0.6869816698065723,-1.2717090989082378
-0.09143329760790146,-0.8905890432621153,2.2162880760227797
-0.09143329760790146,-0.9345824574878099,1.8026915730665327
-0.09143329760790146,-1.6068680689858628,4.118831989621516
-0.09143329760790146,-1.0124889618940318,3.88446063794631
-0.09143329760790146,0.8029053963259966,-0.8718991460505322
-0.09143329760790146,-0.7885257623047961,1.4993874708986186
-0.09143329760790146,-0.6079799584243883,0.9203523667598723
-0.09143329760790146,-0.2670489987539075,0.5067558638036251
-0.09143329760790146,0.596618764973108,0.14830556124154431
-0.09143329760790146,-0.8209268038785482,-0.1963581912219951
-0.09143329760790146,-1.0239733310740617,1.3615219699132026
-0.09143329760790146,1.3886802268221312,-1.0097646470359478
-0.09143329760790146,-1.0862913343675782,3.139986932625065
-0.09143329760790146,-0.3331111224070577,-0.003346489842413106
-0.09143329760790146,-1.1154882729412594,1.568320221391326
-0.09143329760790146,-1.3929131911271861,5.056317396322344
0.8246508539695324,-0.5837511795586826,1.0995775180409129
-0.09143329760790146,0.5085959353644146,-0.5961681440797006
0.5574596430927808,-0.18111423626885598,-0.7616067452621995
-0.09143329760790146,-1.5386098747371582,3.8982471880448513
-0.09143329760790146,-0.846235617463379,1.3201623196175778
-0.09143329760790146,-0.5809070881316533,-0.7753932953607411
-0.09143329760790146,0.946550013969631,-0.6099546941782422
-0.09143329760790146,-0.34409147538482926,-0.07227924033512104
-0.09143329760790146,0.7436474914033343,-0.7478201951636579
-0.09143329760790146,1.110751292433946,-0.8029663955578242
-0.09143329760790146,-1.3562280118342378,1.9129839738548655
1.106522900608743,-0.9329624054091223,1.9543436241504901
-0.09143329760790146,0.62729175099626,-1.1752032482184467
-0.09143329760790146,-0.8835688175878024,1.2650161192234115
-0.09143329760790146,0.3562750388104754,-0.4858757432913682
-0.09143329760790146,0.4644225153521992,-0.6513143444738668
-0.09143329760790146,-0.690962626010498,-0.058492690236579443
-0.09143329760790146,-0.8720844484077724,0.479182763606542
-0.09143329760790146,-0.6229204387056185,3.0434810819352744
-0.09143329760790146,-1.1037878968174044,-0.9821915468388647
2.8798133256004865,0.032480630016778984,-0.5823815939811591
-0.09143329760790146,-0.9911042744553553,1.444241270504452
-0.09143329760790146,-0.7062631178647698,0.31374416242404335
0.2625083064106526,0.31253363268591,-0.8029663955578242
-0.09143329760790146,-0.9961084353206349,1.3201623196175778
-0.09143329760790146,0.021752285140136607,-0.33422369220741094
-0.09143329760790146,-0.7059391074490323,0.32753071252258453
-0.09143329760790146,-1.23612815106753,3.002121431639649
-0.09143329760790146,-1.1293127173460602,2.464445977796528
-0.09143329760790146,0.1407361100304153,-0.9959780969374062
-0.09143329760790146,-1.3395594760024074,2.39551322730382
-0.09143329760790146,0.10959510896230908,-1.0924839476271972
0.4276810549526444,-0.11732018552586841,-0.3617967924044939
-0.09143329760790146,-0.4287661973642348,-0.4031564427001187
-0.09143329760790146,-1.3416475431260493,0.7549137655773737
-0.09143329760790146,-0.7063711213366823,2.092209125135906
-0.09143329760790146,-0.19090655105558996,0.35510381271966773
-0.09143329760790146,0.09220654998439543,-1.064910847430114
0.003526644933661813,-0.41879387679098,-0.14121199082782876
-0.09143329760790146,-0.8715444310482099,0.961712017055497
-0.09143329760790146,-1.1370529661664566,-0.23771784151761965
-0.09143329760790146,-0.499292464523102,-0.058492690236579443
-0.09143329760790146,-0.6332167696946108,2.4506594276979863
-0.09143329760790146,-0.8709324113740391,-0.017133039940954692
-0.09143329760790146,0.17148109836817566,-0.12742544072928738
-0.09143329760790146,0.1962138934361398,-0.3204371421088692
1.6389478775939181,-0.2853375866644254,1.6234664217854924
0.07784312170532003,-0.2943738771477718,-0.11363889063074559
-0.09143329760790146,0.020240236533361506,1.0306447675482049
-0.09143329760790146,-0.759328823731115,0.6170482645919578
-0.09143329760790146,-0.7070551433254616,-0.3617967924044939
-0.09143329760790146,-0.6351968333463401,-0.15499854092637036
-0.09143329760790146,-0.052158090805322445,-0.8443260458534491
-0.09143329760790146,-0.2081871065615911,-0.16878509102491193
0.297902466812508,0.06178557206237258,1.223656468927787
-0.09143329760790146,-1.518125216231086,3.305425533807564
-0.09143329760790146,1.8695116837766128,-1.1200570478242806
-0.09143329760790146,-0.37944461185752326,-0.18257164112345334
1.2063525837934632,0.6410081919291484,0.038013160453211646
-0.09143329760790146,0.19326179853719794,-0.8029663955578242
-0.09143329760790146,-0.568918702749365,0.865206166365706
-0.09143329760790146,-1.1200244187615847,4.711653643858804
-0.09143329760790146,-0.36572817092463483,0.23102486183279383
0.5142001137127354,0.2257348424255584,0.2861710622269598
-0.09143329760790146,-0.22733972224740903,0.865206166365706
-0.09143329760790146,0.20895830312181565,-0.3204371421088692
-0.09143329760790146,-1.5435060321305252,3.6225161860740203
-0.09143329760790146,-0.5350056125688377,1.0582178677452883
-0.09143329760790146,0.40131248659799085,-0.058492690236579443
-0.09143329760790146,-0.8923891011273238,-0.16878509102491193
-0.09143329760790146,0.6068070924901877,-1.2027763484155298
-0.09143329760790146,-0.5372736854790003,0.8927792665627895
-0.09143329760790146,-0.2349359664385887,0.7824868657744568
-0.09143329760790146,0.841318631169545,-0.6926739947694918
-0.09143329760790146,-1.31669874111426,1.182296818632162
-0.09143329760790146,-0.6184202940425974,-1.6715190517659433
-0.09143329760790146,-0.5723028115359569,0.5343289640007083
-0.09143329760790146,0.8252261138545813,-0.7064605448680331
-0.09143329760790146,-0.570214744412315,0.713554115281749
-0.09143329760790146,-0.4304582517575308,1.0857909679423714
-0.09143329760790146,-0.5161410061414531,-0.5134488434884512
0.45279949136686437,0.39994444262043244,0.12073246104446116
-0.09143329760790146,-0.484603992343001,-0.4583026430942848
-0.09143329760790146,-0.6354128402901652,0.39646346301529245
-0.09143329760790146,-0.15378935787499165,-0.09985234053220401
-0.09143329760790146,-0.7483844719106476,1.25122956912487
-0.09143329760790146,-0.8239869022494026,1.3753085200117443
-0.09143329760790146,-1.165421878122142,1.0582178677452883
-0.09143329760790146,2.1364962663443303,-1.354428399499487
0.14693553775153287,0.5846663807481238,-0.7753932953607411
-0.09143329760790146,0.17313715160416746,0.23102486183279383
-0.09143329760790146,-0.011692789995436438,-0.04470614013803767
0.3666087781808155,-0.8736324981718517,0.796273415872998
-0.09143329760790146,-0.6784342232686472,-0.67888744467095
-0.09143329760790146,-0.5196691195572617,0.8927792665627895
0.5075448015004208,-0.6776421978079554,0.4378231133109172
-0.09143329760790146,-0.7244797034606794,0.3413172626211261
-0.09143329760790146,-0.7068391363816365,0.5619020641977915
-0.09143329760790146,-1.3950012582508278,-1.2165628985140715
-0.09143329760790146,-0.9983405070734933,2.4092997774023623
1.8552455244941457,1.249139741111172,-1.1476301480213638
-0.09143329760790146,1.04602121160105,-1.1200570478242806
-0.09143329760790146,-1.7839577617650701,3.608729635975478
-0.09143329760790146,-0.913305773521046,-0.07227924033512104
-0.09143329760790146,-0.53079347716425,0.6584079148875822
-0.09143329760790146,-0.464371341938058,0.1758786614386275
-0.09143329760790146,-1.2546327459218727,0.3413172626211261
-0.09143329760790146,-1.105407948896092,3.7879547872565196
-0.09143329760790146,0.1671609594916754,-0.3893698926015769
-0.09143329760790146,-0.8223308490134108,-0.18257164112345334
-0.09143329760790146,-0.4154457691616923,0.5481155140992499
-0.09143329760790146,-0.6184202940425974,-0.07227924033512104
-0.09143329760790146,-1.2415643258204594,3.401931384497355
-0.09143329760790146,-1.0407858715351086,2.188714975825697
-0.09143329760790146,-0.9627353624996701,1.8854108736577824
-0.09143329760790146,-0.8080743907209599,-0.04470614013803767
-0.09143329760790146,-1.0786590890190944,1.0857909679423714
-0.09143329760790146,-1.17481818017853,0.8100599659715396
-0.09143329760790146,-0.6683538992234799,0.6859810150846658
1.4659097600737363,0.18840164230113512,-1.161416698119905
-0.09143329760790146,-0.26067679391106957,-0.017133039940954692
-0.09143329760790146,-0.5338175743778001,0.4516096634094588
-0.09143329760790146,-1.0073047952422314,0.6170482645919578
-0.09143329760790146,-1.0699468089514856,0.8514196162671643
-0.09143329760790146,-0.6403809999981405,0.2723845121284182
-0.09143329760790146,-0.17661409160583483,0.010440060256128479
-0.09143329760790146,-0.7917298653048671,0.865206166365706
-0.09143329760790146,-0.7057591016625114,0.796273415872998
0.20240501516221884,0.42258917056475476,0.7411272154788318
-0.09143329760790146,-0.9229540836785634,1.4580278206029933
-0.09143329760790146,-1.1013038169634168,0.7273406653802901
-0.09143329760790146,-1.1217164731548805,1.2098699188292452
-0.09143329760790146,-1.073906936254944,1.196083368730704
-0.09143329760790146,-0.611112059109851,0.2861710622269598
-0.09143329760790146,-0.7825495701923041,0.713554115281749
-0.09143329760790146,-0.9479388868476566,1.926770523953407
-0.09143329760790146,-0.6688939165830423,1.4718143707015354
-0.09143329760790146,-0.3452075112612585,0.5481155140992499
-0.09143329760790146,-0.9549591125219696,1.0995775180409129
-0.06167515000888928,1.4038727152044905,-0.8994722462476153
-0.09143329760790146,-1.0997197660420333,1.733758822573825
-0.09143329760790146,-0.9732477004324874,2.0784225750373646
-0.09143329760790146,-0.3975171928242161,0.5619020641977915
-0.09143329760790146,-1.0231453044560659,1.7061857223767418
-0.09143329760790146,-1.0857153158507116,0.39646346301529245
-0.09143329760790146,-0.6491292812230536,1.3477354198146607
-0.09143329760790146,-1.1932147715609605,1.0995775180409129
-0.09143329760790146,-1.2401242795282925,1.4718143707015354
-0.09143329760790146,-1.0140730128154152,0.5205424139021667
-0.09143329760790146,-0.6669138529313131,1.0995775180409129
-0.09143329760790146,-0.9907082617250095,1.113364068139454
-0.09143329760790146,-1.0284374745797786,0.7411272154788318
-0.09143329760790146,-0.926086184364026,-0.8443260458534491
-0.09143329760790146,-0.9829320117473089,0.8238465160700816
-0.09143329760790146,-0.8790686729247813,1.3063757695190368
-0.09143329760790146,-0.9202539968807506,1.0030716673511215
-0.09143329760790146,-0.9862441182192925,0.8927792665627895
-0.09143329760790146,-0.8640201891716386,2.037062924741739
-0.09143329760790146,-0.8084344022940015,0.6584079148875822
0.1000433078447589,0.49610353377986793,0.09315936084737798
-0.09143329760790146,-0.8162826545863104,1.182296818632162
-0.09143329760790146,1.029424678083828,-0.3755833425030355
-0.09143329760790146,-0.34689956565455443,0.13451901114300274
-0.09143329760790146,-0.5959195707274917,0.258597962029877
-0.09143329760790146,-1.0261334005123117,2.0232763746431983
-0.09143329760790146,-0.963779396061491,1.0995775180409129
-0.09143329760790146,-0.6506413298298287,0.21723831173425187
-0.09143329760790146,0.04446901539906727,-0.94083189654324
-0.09143329760790146,-0.7840976199563833,0.21723831173425187
-0.09143329760790146,-0.547426011838776,-0.5548084937840759
-0.09143329760790146,-0.26406090269766147,-0.23771784151761965
-0.09143329760790146,0.5098199747127563,-0.9546184466417815
-0.09143329760790146,0.778280604729945,-0.8994722462476153
-0.09143329760790146,-0.5745708844461195,0.39646346301529245
-0.09143329760790146,-0.3775005493630981,0.4102500131138341
-0.09143329760790146,-0.7467284186746559,0.13451901114300274
-0.09143329760790146,-0.4496468686006529,1.0306447675482049
0.04282041426120523,-0.2167913831572875,0.5756886142963331
-0.09143329760790146,-1.166285905897442,0.8376330661686228
-0.09143329760790146,-0.8652442285199804,0.713554115281749
-0.09143329760790146,-1.0318575845236746,0.6170482645919578
-0.09143329760790146,-1.0459340370296049,1.51317402099716
-0.09143329760790146,0.21302643389718676,-0.22393129141907828
-0.09143329760790146,0.13227583806393559,-0.5823815939811591
-0.09143329760790146,-0.9077255941388999,1.3477354198146607
-0.09143329760790146,-0.0681426046483735,-0.265290941714703
-0.09143329760790146,-1.0712428506144356,0.961712017055497
-0.09143329760790146,-1.0528462592320051,0.7549137655773737
-0.09143329760790146,-0.731643933764209,-0.08606579043366243
-0.09143329760790146,-0.4437786799600733,-0.07227924033512104
-0.09143329760790146,-0.8001541361140427,0.8514196162671643
-0.09143329760790146,-0.8188747379122107,0.9479254669569555
-0.09143329760790146,-0.8434275271936539,0.10694591094591957
-0.09143329760790146,-0.8176146974065647,-0.292864041911786
-0.09143329760790146,-0.8945491705655739,0.24481141193133543
-0.09143329760790146,-0.8698883778122182,0.9754985671540386
-0.09143329760790146,-0.9350504725327641,1.196083368730704
-0.09143329760790146,-1.1248485738403433,1.0306447675482049
-0.09143329760790146,-1.0929155473115455,1.2374430190263288
-0.09143329760790146,-0.9614753219940242,0.6170482645919578
-0.09143329760790146,-0.661801688594121,0.7549137655773737
-0.09143329760790146,-1.0330816238720164,0.5343289640007083
-0.09143329760790146,-0.9261581866786344,0.024226610354670254
-0.09143329760790146,-0.8935771393183614,1.113364068139454
-0.09143329760790146,-0.484603992343001,-0.7478201951636579
0.3666087781808155,1.2242629414139912,-0.4996622933899096
-0.09143329760790146,-0.6041998369074506,-0.41694299279866026
-0.09143329760790146,-0.7409322323486847,0.6997675651832069
-0.09143329760790146,-1.2986981624621756,3.1813465829206904
-0.09143329760790146,-0.945454806993669,-0.6513143444738668
-0.09143329760790146,-0.9927603276913471,0.46539621350800037
-0.09143329760790146,-1.0069447836691896,0.7824868657744568
-0.09143329760790146,-0.647725236088191,1.2098699188292452
-0.09143329760790146,-1.2559287875848228,2.0646360249388227
-0.09143329760790146,-0.9511789910050319,2.1473553255300715
-0.09143329760790146,-0.7192235344942707,0.038013160453211646
-0.09143329760790146,-0.8927851138576697,1.2788026693219532
-0.09143329760790146,-0.12340438111027299,-0.5548084937840759
-0.09143329760790146,-0.6925466769318814,1.0030716673511215
-0.09143329760790146,-0.6604336446165626,-0.4996622933899096
-0.09143329760790146,-0.9319903741619098,1.3477354198146607
2.5041384651948277,-1.0757069941201527,3.388144834398814
-0.09143329760790146,-0.5065286971412399,1.0995775180409129
-0.09143329760790146,-1.0104368959276941,0.31374416242404335
-0.09143329760790146,-1.407133648262333,0.16209211134008591
-0.09143329760790146,-0.7153714106627246,0.05179971055175323
-0.09143329760790146,-1.2341840885731048,2.505805628092153
-0.09143329760790146,-0.8204227876762898,1.0995775180409129
-0.09143329760790146,-0.3972651847230869,-0.3755833425030355
-0.09143329760790146,-0.276733310068729,-0.41694299279866026
-0.09143329760790146,-0.31082640603577705,0.23102486183279383
-0.09143329760790146,-0.6028317929298922,1.182296818632162
-0.09143329760790146,-1.065770674704202,1.3201623196175778
-0.09143329760790146,0.012103974982619302,-1.0786973975286558
-0.09143329760790146,-0.7109072671570077,0.8789927164642476
-0.09143329760790146,0.12586763206379348,-0.2515043916161612
-0.09143329760790146,-0.6664458378863589,-0.058492690236579443
-0.09143329760790146,-0.12761651651486078,-0.22393129141907828
-0.09143329760790146,-0.8490437077331042,0.8514196162671643
-0.09143329760790146,-0.40151332128497885,0.4102500131138341
-0.09143329760790146,-0.5714027826033526,-0.030919590039496084
-0.09143329760790146,-0.4107656187121503,-0.44451609299574324
-0.09143329760790146,-0.9696115835447664,0.010440060256128479
-0.09143329760790146,0.4313014506323637,-0.33422369220741094
-0.09143329760790146,-0.7244797034606794,0.5343289640007083
-0.09143329760790146,-0.8300710978338072,0.10694591094591957
-0.09143329760790146,-0.511856868422257,-0.003346489842413106
-0.09143329760790146,-0.7130313354379536,0.09315936084737798
-0.09143329760790146,-0.5884313300082246,0.7824868657744568
-0.09143329760790146,-1.5132650599950233,3.939606838340477
-0.09143329760790146,-0.8028182217545512,-0.5272353935869928
-0.09143329760790146,-0.9242141241842092,0.5067558638036251
-0.09143329760790146,-1.2261918316515792,0.5756886142963331
-0.09143329760790146,-0.9266262017235886,1.7751184728694496
-0.09143329760790146,-0.758896809843465,0.8376330661686228
-0.09143329760790146,-1.1021678447387169,1.651039521982576
-0.09143329760790146,-0.8471716475532874,0.5343289640007083
-0.09143329760790146,-1.3402074968338826,0.46539621350800037
0.7602386870617441,-1.2332120573258922,1.9405570740519487
-0.09143329760790146,-0.7473404383488267,0.5343289640007083
-0.09143329760790146,-1.0299495231865536,0.5619020641977915
-0.09143329760790146,-1.0592904663894516,1.719972272475284
-0.09143329760790146,-0.6184202940425974,-0.030919590039496084
-0.09143329760790146,-1.3857849619809606,1.5545336712927844
-0.09143329760790146,-0.3919010122847657,0.20345176163571066
-0.09143329760790146,-0.40676949025138753,0.32753071252258453
-0.09143329760790146,-1.2332480584831964,2.1197822253329894
-0.09143329760790146,0.0036437030161395757,-0.3617967924044939
-0.09143329760790146,-0.5895833670419579,0.2999576123255018
-0.09143329760790146,-0.18795445615664808,-0.6651008945724086
0.46476065156411195,1.022368451252211,-0.3755833425030355
-0.09143329760790146,-0.7173514743144539,0.6584079148875822
-0.09143329760790146,-0.6499213066837453,0.644621364789041
-0.09143329760790146,-0.10525979782897178,0.4102500131138341
-0.09143329760790146,-0.9225220697909133,1.4028816202088275
-0.09143329760790146,-0.7275398018315338,0.1758786614386275
-0.09143329760790146,-0.7655570239447362,0.8238465160700816
-0.09143329760790146,-1.4389946724765224,2.1473553255300715
-0.09143329760790146,-0.2816654686194001,-0.07227924033512104
-0.09143329760790146,-1.2466044878430431,1.9405570740519487
-0.09143329760790146,-1.064330628412035,1.3615219699132026
-0.09143329760790146,-0.8929291184868864,1.6786126221796587
-0.09143329760790146,-0.6469692117848034,0.35510381271966773
-0.09143329760790146,-1.208443261100624,0.8100599659715396
-0.09143329760790146,-0.600671723491642,0.49296931370508357
-0.09143329760790146,-1.158437653605133,1.7751184728694496
-0.09143329760790146,-0.6867864917632144,0.24481141193133543
-0.09143329760790146,-0.9457068150947981,0.8789927164642476
-0.09143329760790146,-1.261112954236623,0.2723845121284182
-0.09143329760790146,-1.03768977200695,1.113364068139454
-0.09143329760790146,-0.9632393787019284,0.6997675651832069
-0.09143329760790146,-0.16520172474041325,-0.3204371421088692
-0.09143329760790146,-0.35532383646373,0.46539621350800037
-0.09143329760790146,-1.2090552807747947,1.196083368730704
-0.09143329760790146,-0.5082927538491443,0.8514196162671643
-0.09143329760790146,-0.9243221276561218,1.0582178677452883
-0.09143329760790146,-0.8047622842489763,1.0857909679423714
-0.09143329760790146,-0.9979444943431475,1.7475453726723664
-0.09143329760790146,-0.7823695644057832,0.3688903628182097
-0.09143329760790146,-0.6743300913359719,1.3890950701102858
-0.09143329760790146,-1.0999357729858583,0.9479254669569555
-0.09143329760790146,-0.9184899401728464,1.6923991722782004
-0.09143329760790146,-0.7497885170455102,0.258597962029877
-0.09143329760790146,-1.1209244476941889,1.5545336712927844
-0.09143329760790146,-0.586595270985712,0.24481141193133543
-0.09143329760790146,-1.0186451597930446,1.7751184728694496
-0.09143329760790146,-0.9964324457363724,0.961712017055497
-0.09143329760790146,-0.879428684497823,0.8376330661686228
-0.09143329760790146,0.06524168316357282,0.7824868657744568
-0.09143329760790146,-0.7894257912374003,0.5756886142963331
-0.09143329760790146,-1.0304535393888121,0.713554115281749
-0.09143329760790146,-0.8303591070922406,1.0995775180409129
-0.09143329760790146,-0.6391209594924946,0.6997675651832069
-0.09143329760790146,-0.14090094356009913,-0.7064605448680331
-0.09143329760790146,-0.03577756423192553,0.06558626065029481
-0.09143329760790146,-1.0665627001648936,1.9819167243475735
-0.09143329760790146,-0.03048539410821268,-0.292864041911786
1.106522900608743,2.0394011450949865,-1.037337747233031
-0.09143329760790146,-0.016804954332628443,-0.41694299279866026
-0.09143329760790146,-0.8318711556990156,0.8376330661686228
-0.09143329760790146,-0.8010901662039511,0.796273415872998
-0.09143329760790146,-1.3680363914300053,2.0508494748402812
-0.09143329760790146,-0.5766229504124571,0.024226610354670254
-0.07428194234709048,1.0695659684779766,-0.7753932953607411
-0.09143329760790146,-0.9938403624104721,-0.292864041911786
-0.09143329760790146,-0.37199237229556026,0.3688903628182097
-0.09143329760790146,-1.0215612535346823,-0.11363889063074559
-0.09143329760790146,-0.679910270718118,-0.017133039940954692
-0.09143329760790146,-0.8697083720256973,0.8100599659715396
-0.09143329760790146,-0.9346544598024182,0.39646346301529245
-0.09143329760790146,-0.7759253572483369,0.5481155140992499
-0.09143329760790146,-0.5766229504124571,2.3541535770081956
-0.09143329760790146,-0.35820392904806353,0.20345176163571066
-0.09143329760790146,-1.2419603385508053,0.35510381271966773
-0.09143329760790146,-0.39236902732971995,0.7273406653802901
-0.09143329760790146,-0.5377777016812587,0.2999576123255018
-0.09143329760790146,-0.8914530710374154,1.1409371683365372
-0.09143329760790146,-0.8250309358112236,1.3753085200117443
-0.09143329760790146,-0.5209291600629076,-0.8029663955578242
-0.09143329760790146,0.8741156854736429,-1.064910847430114
-0.09143329760790146,-0.5676946634010231,0.5894751643948742
-0.09143329760790146,-0.06393046924378572,-0.5685950438826175
-0.09143329760790146,-1.0591464617602349,-0.15499854092637036
-0.09143329760790146,-0.9310543440720014,0.5481155140992499
-0.09143329760790146,-0.8281990376539904,0.31374416242404335
-0.09143329760790146,-0.10540380245818846,-1.0097646470359478
-0.09143329760790146,-1.196958891920594,1.51317402099716
-0.09143329760790146,-0.6657978170548838,0.9892851172525803
-0.09143329760790146,-0.08909527819939989,0.5481155140992499
0.07078993756726912,2.1273879735463757,-0.7753932953607411
-0.09143329760790146,0.011599958780360934,-0.6651008945724086
-0.09143329760790146,-0.8262549751595653,0.8100599659715396
-0.09143329760790146,-0.8616801139468676,0.7273406653802901
-0.09143329760790146,1.2789126982017196,-0.43072954289720183
-0.09143329760790146,2.427745628935058,-0.8718991460505322
-0.09143329760790146,-0.8134385631592811,0.1896652115371691
-0.09143329760790146,-0.6821783436282808,2.161141875628614
-0.09143329760790146,-0.6559334999535416,1.568320221391326
0.15190155515485443,0.6384161086032482,-0.6099546941782422
0.34116199619255344,1.292197125246958,-1.161416698119905
-0.09143329760790146,0.5773941469726817,-0.265290941714703
-0.09143329760790146,-1.1468452809531906,2.1197822253329894
-0.09143329760790146,3.6762657642436407,-1.161416698119905
-0.09143329760790146,3.5637261465108083,-1.0097646470359478
-0.09143329760790146,3.769220752403005,-1.1752032482184467
-0.09143329760790146,-1.1210324511661014,3.7328085868623533
-0.09143329760790146,3.6193119333884454,-1.2441359987111547
-0.09143329760790146,-0.840043418407062,1.3890950701102858
-0.09143329760790146,0.4725587769029414,-0.07227924033512104
-0.09143329760790146,1.4066808054742157,-0.67888744467095
-0.09143329760790146,-0.640921017357703,4.628934343267555
-0.09143329760790146,1.9736270307002697,-0.9684049967403231
-0.09143329760790146,-0.7047870704152989,0.5894751643948742
-0.09143329760790146,1.9349617877555922,-1.1200570478242806
-0.09143329760790146,-0.8533638466096045,1.7475453726723664
0.09396468544943634,-0.18791845499934393,0.5894751643948742
-0.09143329760790146,-1.1209244476941889,3.098627282329441
-0.09143329760790146,-0.07555884305303233,0.21723831173425187
-0.09143329760790146,-0.4890321346914138,1.4304547204059106
-0.09143329760790146,2.4305897203620876,-1.0097646470359478
1.0935016375846491,0.4797950095210794,-0.4583026430942848
-0.09143329760790146,-0.4706715444662876,-0.030919590039496084
1.2990515753221321,-0.9637433949041868,1.3753085200117443
-0.09143329760790146,1.0392529940278663,-0.2790774918132446
0.10480448687819198,0.01293200160061519,0.8789927164642476
-0.09143329760790146,0.4254332619917841,-0.4031564427001187
0.8070338510545819,-0.3294750055193366,0.6721944649861241
2.5041384651948277,-0.7459363932139641,0.49296931370508357
0.20805575194625964,0.06524168316357282,-0.4031564427001187
-0.09143329760790146,-0.09975162076143393,0.6032617144934163
-0.09143329760790146,0.2946050563484338,-0.12742544072928738
-0.09143329760790146,-0.03458952604088795,0.7273406653802901
0.34116199619255344,-0.3737204278461604,-0.14121199082782876
-0.09143329760790146,-0.6897745878194604,2.809109730260068
0.0001751175498419283,0.0010516196902394044,-0.5134488434884512
-0.09143329760790146,1.0607096837811512,-0.5823815939811591
1.4659097600737363,-0.7350280425508009,0.6032617144934163
1.8552455244941457,-0.09219137772755842,0.3413172626211261
-0.09143329760790146,-0.14712914377372038,0.4516096634094588
-0.09143329760790146,-0.5246012781079328,0.32753071252258453
2.2976725295173384,0.20665422905434883,-0.12742544072928738
0.10749738494267269,0.31858182711301036,0.21723831173425187
0.43947910841992954,-0.6710539860212925,1.444241270504452
-0.09143329760790146,-0.3566918804412884,0.3826769129167509
1.8552455244941457,0.12356355799632666,0.0793728107488364
0.2811982921014013,-0.5374536912655212,1.127150618237996
0.019383333631304248,0.4605703915206531,-0.3893698926015769
-0.09143329760790146,2.991451750003737,-1.230349448612613
3.2029462474878705,1.2791287051455447,-1.064910847430114
-0.09143329760790146,-1.0092128565793523,3.9671799385375595
-0.09143329760790146,-0.962915368286191,2.505805628092153
-0.09143329760790146,-0.5315135003103333,0.3688903628182097
-0.09143329760790146,-0.07699888934519909,0.7824868657744568
0.18666367697810526,-0.8782766474640895,0.7549137655773737
-0.09143329760790146,1.6635130616821576,-0.4583026430942848
-0.09143329760790146,0.10757904415327561,-0.09985234053220401
-0.09143329760790146,2.1605450394235155,-1.1476301480213638
-0.09143329760790146,-0.31241045695716047,0.8514196162671643
-0.09143329760790146,0.9258853496770381,-0.5961681440797006
-0.09143329760790146,2.681409783300233,-1.0786973975286558
-0.09143329760790146,0.5125200615105691,-0.04470614013803767
0.6572893262775014,-1.158869667492783,2.6988173294717352
-0.05538368979119689,0.08158620857966556,-0.030919590039496084
-0.09143329760790146,1.6038231428718452,-0.5548084937840759
-0.09143329760790146,1.8491710298997575,0.2861710622269598
3.8019243465961927,0.27574044992104924,-0.11363889063074559
-0.029633969922122194,-0.5672626495133731,0.6308348146904991
0.9608255251499619,-0.7626049290457944,1.3339488697161195
-0.09143329760790146,-0.7253077300786752,2.6988173294717352
-0.09143329760790146,-1.1740261547178383,4.242910940508391
0.39523640791761033,0.14998840745758674,-0.7202470949665748
-0.09143329760790146,1.241939509650338,-0.4858757432913682
-0.024306441673348115,0.7766245514939532,-0.5823815939811591
0.9108171850584991,0.8532350142372249,-0.5548084937840759
-0.09143329760790146,1.1951380051549183,-0.7891798454592827
-0.09143329760790146,-1.3442756276092536,3.5122237852856877
-0.09143329760790146,0.4463859355428105,0.038013160453211646
-0.09143329760790146,0.7728804311343196,-0.07227924033512104
-0.05651529183028627,0.06542168895009366,-0.4583026430942848
-0.09143329760790146,-0.40306137104905815,-0.21014474132053668
-0.09143329760790146,-0.1999068403816322,0.6032617144934163
-0.09143329760790146,0.30515339543855535,-0.030919590039496084
2.244581288914555,-1.3094985096534264,2.9469752312454838
-0.09143329760790146,0.825982138157969,-0.5548084937840759
-0.09143329760790146,-0.2903417475297049,0.06558626065029481
-0.09143329760790146,-0.7749173248438203,1.3753085200117443
-0.09143329760790146,-0.4603392123199911,0.35510381271966773
-0.09143329760790146,-0.12383639499792301,0.713554115281749
0.5574596430927808,-1.0115169306468192,2.161141875628614
0.6754401777656323,-1.2854857377315456,1.8302646732636159
0.4276810549526444,0.2431954037180804,-0.14121199082782876
0.16812387867237147,-0.05169007576036825,0.6997675651832069
-0.09143329760790146,0.0974627189508041,-0.030919590039496084
-0.09143329760790146,-0.48107587892719245,0.4102500131138341
-0.09143329760790146,-0.9222700616897841,2.133568775431531
2.46998620515795,-0.6510013414028704,0.796273415872998
0.39523640791761033,-0.07955497151379509,-1.1889897983169881
-0.09143329760790146,0.25964793260608565,-0.16878509102491193
-0.09143329760790146,0.2627440321342442,0.06558626065029481
-0.09143329760790146,-1.4564192326117402,2.436872877599445
-0.09143329760790146,-0.8749285398348018,2.271434276416947
-0.07038812115274419,0.17432518979520503,-0.265290941714703
-0.09143329760790146,3.838234970955097,-1.2027763484155298
-0.09143329760790146,0.7593079948306478,0.23102486183279383
-0.09143329760790146,-0.13463674218917374,0.46539621350800037
-0.09143329760790146,-0.648589263863491,0.9203523667598723
-0.09143329760790146,-0.70842318730302,2.092209125135906
-0.09143329760790146,-0.08009498887335763,0.6170482645919578
0.14452777173780124,-1.036645738445129,0.8238465160700816
-0.09143329760790146,1.998827840813188,-0.9270453464446984
-0.09143329760790146,-0.29383385978820925,0.6032617144934163
-0.09143329760790146,-1.2098833073927906,1.8991974237563238
-0.09143329760790146,0.6392441352212441,-0.41694299279866026
-0.09143329760790146,0.35886712213637556,-0.3893698926015769
-0.09143329760790146,0.21439447787474517,0.10694591094591957
0.6007191724728265,1.0361568944997077,0.7549137655773737
-0.09143329760790146,-0.34322744760952917,0.6584079148875822
-0.09143329760790146,3.837406944337101,-0.9132587963461567
-0.09143329760790146,1.7703644965609313,-0.9684049967403231
-0.09143329760790146,1.647420544367194,-1.1200570478242806
0.2385122654602421,-1.1333808481214314,1.6372529718840338
-0.09143329760790146,2.666685309962828,-0.7753932953607411
-0.09143329760790146,1.2482397121785676,-0.265290941714703
-0.09143329760790146,1.3031414770674254,0.49296931370508357
1.2063525837934632,-0.6602176376727377,0.31374416242404335
-0.09143329760790146,-0.7113032798873535,-0.15499854092637036
-0.09143329760790146,-0.4939282920847808,1.154723718435079
-0.09143329760790146,0.8645033764734298,-1.1200570478242806
-0.09143329760790146,-0.07840293448006168,-1.354428399499487
0.3332966272143633,0.010915936791581723,0.06558626065029481
0.297902466812508,1.8319264755510605,-1.0786973975286558
-0.09143329760790146,0.56511775233196,-1.2579225488096961
-0.09143329760790146,0.7541238281788475,0.13451901114300274
-0.09143329760790146,-0.46840347155612494,1.3339488697161195
-0.09143329760790146,-0.19907881376363631,0.12073246104446116
-0.09143329760790146,1.0391449905559538,0.6721944649861241
-0.09143329760790146,0.1477203345474241,0.12073246104446116
-0.09143329760790146,0.9887433703301172,-0.5548084937840759
25.21539138971871,0.7498756916169556,-0.292864041911786
-0.09143329760790146,0.535740807971758,-1.2717090989082378
-0.09143329760790146,0.5591055590621637,-1.3820014996965702
1.8552455244941457,0.5465411551630088,0.2861710622269598
0.18404012061408634,-0.9068975675209039,1.8026915730665327
-0.09143329760790146,1.3769078483836679,-0.7064605448680331
-0.09143329760790146,2.0082961451841848,-0.7891798454592827
0.4811192971279948,-0.39280104121737,0.16209211134008591
-0.09143329760790146,-1.229143926550521,1.2925892194204947
-0.09143329760790146,2.4604346797672436,-0.8029663955578242
-0.09143329760790146,0.6926338515033268,-1.0924839476271972
-0.09143329760790146,1.4366337683512842,-0.5272353935869928
-0.09143329760790146,1.6469525293222398,-0.9959780969374062
-0.09143329760790146,0.40829671111499966,-0.2515043916161612
-0.09143329760790146,0.30104926350588007,-0.030919590039496084
-0.09143329760790146,0.27710849389860764,-1.3682149495980287
-0.09143329760790146,0.47497085444232073,-0.16878509102491193
-0.09143329760790146,2.9601307431491097,-1.106270497725739
-0.09143329760790146,-0.6303366771102773,0.9754985671540386
-0.09143329760790146,-0.8693843616099598,1.3201623196175778
-0.09143329760790146,0.05894148063534323,0.46539621350800037
-0.09143329760790146,-1.0194731864110405,0.7549137655773737
-0.09143329760790146,0.07564601762447767,-1.230349448612613
-0.09143329760790146,-0.7984260805634426,1.8854108736577824
-0.09143329760790146,2.3416308606634857,-0.4996622933899096
0.297902466812508,1.736667413324229,-0.9270453464446984
0.18666367697810526,0.31850982479840206,-1.0924839476271972
-0.09143329760790146,-0.5252132977821037,-0.3755833425030355
0.5574596430927808,0.3762916822715934,-0.5823815939811591
-0.09143329760790146,0.5341207558930705,-0.6375277943753255
-0.09143329760790146,2.263724356257264,-0.9821915468388647
-0.09143329760790146,0.42910538003680937,0.258597962029877
1.4988113739684188,-0.6559695011108457,0.7687003156759149
-0.09143329760790146,2.229595259132912,-0.8581125959519905
-0.09143329760790146,-0.2719091549899703,0.1758786614386275
-0.09143329760790146,1.93917392316018,-0.9821915468388647
-0.09143329760790146,-0.3452075112612585,0.23102486183279383
0.2541309903392075,-1.0674267279401937,1.8440512233621575
-0.09143329760790146,1.8033415566515503,0.4102500131138341
-0.09143329760790146,1.278120672741028,-0.43072954289720183
-0.09143329760790146,1.3166419110564889,-0.6513143444738668
1.5771485499081388,0.01480406178043198,-0.3204371421088692
-0.09143329760790146,-0.8416634704857496,0.865206166365706
-0.09143329760790146,1.9248454625531206,-1.133843597922822
-0.09143329760790146,-0.7559087137872189,0.8376330661686228
-0.09143329760790146,2.2728326490552186,-0.7891798454592827
-0.09143329760790146,0.30994154936000984,0.644621364789041
1.8552455244941457,-0.16264564257181724,-0.67888744467095
0.5315039254647537,0.4755468729591874,0.05179971055175323
-0.09143329760790146,0.47947099910534186,-0.4031564427001187
-0.09143329760790146,-0.37584449612710635,0.0793728107488364
0.2035180390742269,-1.072610894591994,1.719972272475284
1.368575818968634,-0.6116520764694136,0.7411272154788318
-0.09143329760790146,-0.16210562521225472,0.5205424139021667
0.4276810549526444,-0.6180962836268599,1.2374430190263288
-0.09143329760790146,0.7419554370100384,-0.15499854092637036
-0.09143329760790146,-0.6025437836714588,1.2098699188292452
-0.09143329760790146,-0.3209067300809444,-0.5823815939811591
-0.09143329760790146,1.1131993711306296,-0.6237412442767839
0.28534324860539795,0.619623504490472,-0.6651008945724086
-0.09143329760790146,-0.24580831594444774,0.479182763606542
-0.09143329760790146,-0.43841450752175215,0.14830556124154431
0.16386884299564572,0.4125448476768916,-0.5548084937840759
-0.09143329760790146,-0.06299443915387733,-1.0235511971344895
-0.09143329760790146,0.9263173635646881,0.5756886142963331
-0.09143329760790146,1.2372953603581003,-0.7202470949665748
-0.09143329760790146,-0.6484092580769701,2.6988173294717352
-0.09143329760790146,0.6291278100187726,0.2861710622269598
-0.09143329760790146,0.8798038683277016,-0.4720891931928266
1.4659097600737363,0.8302662758771651,-1.6301594014703187
0.297902466812508,-0.9408826600160395,1.3890950701102858
1.2063525837934632,1.2923051287188705,-1.133843597922822
-0.09143329760790146,-0.6319207280316608,0.7824868657744568
-0.09143329760790146,3.9942279855540614,-0.9959780969374062
-0.09143329760790146,0.002419663667797828,0.2999576123255018
0.137587740286457,-0.052554103535668306,-0.058492690236579443
0.6872382312329174,0.8216259981241645,-0.21014474132053668
1.8552455244941457,1.7857009895725073,-0.44451609299574324
0.11348026261336665,-0.6643937719200212,0.7824868657744568
-0.09143329760790146,-0.8250309358112236,1.1409371683365372
0.5267321222239463,0.45689827347562784,0.7549137655773737
0.3208045706019438,0.855395083675475,0.010440060256128479
1.2405048438303414,-1.1870225725046433,2.8228962803586093
0.5365276127475976,0.15268849425539943,0.024226610354670254
-0.09143329760790146,-0.798282075934226,2.037062924741739
2.5041384651948277,-0.3111144152942104,-0.265290941714703
-0.09143329760790146,0.6726892103568172,-0.8443260458534491
-0.09143329760790146,1.386952171271531,-0.6375277943753255
-0.09143329760790146,1.638276250411935,-0.8994722462476153
-0.09143329760790146,0.5695098935230687,-0.2790774918132446
-0.09143329760790146,0.17126509142435065,-0.16878509102491193
0.9900549368932359,-0.6449171458184658,1.9129839738548655
-0.09143329760790146,0.772124406830932,0.3826769129167509
-0.09143329760790146,1.3065975881686256,-0.8305394957549074
-0.09143329760790146,4.424729824597315,-1.0924839476271972
-0.09143329760790146,-0.24091215855108075,-0.6237412442767839
1.4659097600737363,-0.6740060809202344,2.0232763746431983
-0.09143329760790146,0.41099679791281235,0.49296931370508357
-0.09143329760790146,1.5010398387684427,-0.7202470949665748
-0.09143329760790146,0.3207778977085647,2.2025015259242386
-0.09143329760790146,0.1514284537497535,1.127150618237996
-0.09143329760790146,1.870159704608088,-0.7064605448680331
-0.09143329760790146,3.572834439308763,-1.133843597922822
0.297902466812508,0.09296257428778298,-0.1963581912219951
0.7476524015740154,0.6133593031195466,-0.9132587963461567
-0.09143329760790146,-0.7718572264729658,1.0857909679423714
-0.09143329760790146,1.2792727097747614,-0.8994722462476153
-0.09143329760790146,-0.6644297730773254,1.5269605710957013
-0.09143329760790146,-0.16170961248190885,0.1758786614386275
0.07784312170532003,-1.0461140428161255,3.167560032822149
-0.09143329760790146,1.9100489869011072,-0.8994722462476153
-0.09143329760790146,0.5647577407589183,-0.8029663955578242
-0.09143329760790146,-0.7507605482927228,1.3615219699132026
1.8552455244941457,0.7836447771682661,-1.3268552993024039
0.8819061134431221,-0.47376764399444615,0.5205424139021667
-0.09143329760790146,0.7116784637172322,-0.3893698926015769
-0.09143329760790146,-0.9944883832419472,-0.34801024230595234
-0.09143329760790146,0.9088208011148619,-1.3268552993024039
-0.09143329760790146,-1.1669699278862211,0.8376330661686228
-0.09143329760790146,-1.1373769765821942,0.8376330661686228
2.3419152300196573,0.06880579773668555,0.5343289640007083
0.6872382312329174,-0.7394201837419095,0.2999576123255018
-0.09143329760790146,0.39411225513715703,-0.2790774918132446
-0.09143329760790146,1.8292623899105518,-0.5685950438826175
-0.09143329760790146,0.9330855811378719,-0.7616067452621995
-0.09143329760790146,-0.5809070881316533,-0.9959780969374062
0.1546153267470041,-0.16311365761677143,0.038013160453211646
0.2625083064106526,-0.4786998025451173,0.2999576123255018
0.322753685818066,-0.7004309303814944,0.7824868657744568
3.8019243465961927,1.422341308901529,-1.1752032482184467
-0.09143329760790146,-0.2431802314612434,0.39646346301529245
-0.09143329760790146,-0.6159362141886097,-0.30665059201032757
-0.09143329760790146,0.3164217576747602,-0.30665059201032757
-0.09143329760790146,2.0747542815676807,-1.0511242973315726
0.05128509110925742,-0.9672355071626912,2.133568775431531
-0.09143329760790146,-0.7009349465837528,3.401931384497355
-0.09143329760790146,0.7991252748090588,-0.003346489842413106
-0.09143329760790146,1.4727069279700618,0.1896652115371691
-0.09143329760790146,-0.08131902822169937,-0.43072954289720183
-0.09143329760790146,2.718022960278573,-1.1200570478242806
-0.09143329760790146,-0.28198947903513766,0.865206166365706
-0.09143329760790146,0.1256156239626643,0.038013160453211646
1.8552455244941457,-0.8678003106885763,2.3541535770081956
0.5798352617376321,-0.4159137842066465,0.3826769129167509
-0.09143329760790146,2.9802553900821405,-0.8443260458534491
-0.05326312462550838,0.45949035680152805,-0.5134488434884512
0.12946642688594784,-0.90988566357715,1.25122956912487
-0.09143329760790146,0.790016982011104,-0.3893698926015769
2.936733758995283,2.7884412239655276,-0.9546184466417815
-0.09143329760790146,0.25759586663974804,0.14830556124154431
-0.09143329760790146,0.19722192584065654,-1.0097646470359478
-0.09143329760790146,0.20996633552633237,-0.6513143444738668
-0.09143329760790146,-1.1025638574690626,2.533378728289236
-0.09143329760790146,-0.26161282400097796,0.13451901114300274
0.07078993756726912,-0.47351563589331697,0.10694591094591957
-0.09143329760790146,0.7231988340545663,-0.1963581912219951
-0.09143329760790146,0.2921209764944461,-0.7478201951636579
-0.09143329760790146,-1.3046743545746677,2.2990073766140298
0.7825857653766911,-0.0039165400177359234,0.5756886142963331
-0.09143329760790146,-0.46735943799430407,2.0508494748402812
-0.09143329760790146,-0.6389769548632779,0.35510381271966773
-0.09143329760790146,1.3093336761237426,-0.8718991460505322
0.5759994413985147,0.004183720375702111,0.5756886142963331
-0.09143329760790146,0.30162528202274674,-0.6651008945724086
0.49257034902271263,-0.7478444545510851,0.35510381271966773
-0.05326312462550838,-0.7381601432362637,0.1758786614386275
-0.09143329760790146,3.7718848380435137,-0.9959780969374062
-0.09143329760790146,-0.8659282505087595,-0.3204371421088692
0.2330131727424397,-0.20102287625806145,-0.30665059201032757
1.511713967652608,-0.776789385023637,1.223656468927787
-0.09143329760790146,1.058153601612555,0.024226610354670254
-0.09143329760790146,0.8308422943940318,-0.1963581912219951
1.1380480637197072,-1.1385290136159276,2.2438611762198626
0.8819061134431221,-1.3114425721478515,3.1951331330192314
-0.09143329760790146,0.8891281680694815,-0.8443260458534491
-0.09143329760790146,-0.3383672913734664,0.3826769129167509
-0.09143329760790146,-0.70842318730302,-0.08606579043366243
-0.09143329760790146,0.2291189512121503,-0.11363889063074559
-0.09143329760790146,-1.1418051189306069,2.2852208265154874
-0.09143329760790146,2.143156480445602,-0.3204371421088692
0.07784312170532003,-0.017740984422536837,-0.8167529456563658
-0.09143329760790146,0.2713123075726364,0.12073246104446116
-0.09143329760790146,1.3276222640342603,-0.8443260458534491
0.8070338510545819,-1.2002349972352733,2.5609518284863193
-0.09143329760790146,1.0516013909831963,-0.7064605448680331
-0.09143329760790146,-0.3155425576426232,1.8302646732636159
0.03834529053223501,-0.54486992967018,-0.3755833425030355
1.0765739956533267,-1.0371857558046917,2.629884578979027
-0.09143329760790146,-0.4183978640606342,-0.3204371421088692
-0.09143329760790146,0.9341296146996927,-0.3755833425030355
-0.09143329760790146,1.1403082425806688,-0.5823815939811591
-0.09143329760790146,1.8641475113382917,1.719972272475284
-0.09143329760790146,-0.2989100229680971,-0.22393129141907828
0.46476065156411195,1.967470832801257,-0.7478201951636579
-0.09143329760790146,-0.06976265672706111,-0.07227924033512104
-0.09143329760790146,-0.5548422502434348,0.42403656321237565
0.137587740286457,-0.4306742587013558,-0.5823815939811591
1.2063525837934632,-0.18590239019031046,-0.09985234053220401
-0.09143329760790146,-0.12020027811020194,-0.09985234053220401
-0.09143329760790146,0.3082134938094097,-0.3204371421088692
-0.09143329760790146,-0.27705732048446646,0.0793728107488364
0.31839382283463474,0.6868016640200514,-0.5134488434884512
2.038894469975471,0.0023476613531894903,0.2999576123255018
-0.09143329760790146,-1.2837936833382497,2.795323180161526
-0.09143329760790146,3.76814071768388,-0.7064605448680331
0.6872382312329174,2.1762775451654375,-1.1476301480213638
-0.09143329760790146,1.7234909897509032,-0.5548084937840759
-0.09143329760790146,1.0491173111292087,-1.064910847430114
-0.09143329760790146,-0.40194533517262887,0.713554115281749
0.37483707894348706,2.0966429852086153,-0.9270453464446984
-0.09143329760790146,-0.5178690616920533,0.1758786614386275
-0.09143329760790146,0.46111040888021565,-0.8856856961490736
-0.07061320325386887,1.861699432641608,-1.2579225488096961
-0.09143329760790146,2.7121547716379935,-1.0511242973315726
-0.09143329760790146,0.46409850493646165,-0.5134488434884512
-0.09143329760790146,6.5143089968458945,-1.3406418494009456
-0.09143329760790146,-0.2239916146181213,0.644621364789041
0.46476065156411195,0.8846280234064603,-0.5961681440797006
0.8139987126721204,-0.8580079959018424,0.42403656321237565
-0.09143329760790146,1.0157802394655482,-0.5961681440797006
-0.09143329760790146,0.3162417518882394,-1.064910847430114
-0.09143329760790146,0.21648254499838698,-0.003346489842413106
-0.09143329760790146,-0.3954651268578785,0.1896652115371691
-0.09143329760790146,-1.22593982355045,1.1409371683365372
-0.09143329760790146,1.5431611928143205,-0.21014474132053668
-0.09143329760790146,0.16662094213211284,0.0793728107488364
-0.09143329760790146,0.4841151483975797,-0.3755833425030355
-0.09143329760790146,1.4183091792834621,-0.7616067452621995
-0.09143329760790146,0.9915874617571465,-0.30665059201032757
-0.09143329760790146,-0.4459027482410193,1.5545336712927844
-0.09143329760790146,-0.5171490385459698,1.0582178677452883
0.8819061134431221,-0.9001653511050243,2.8642559306542332
-0.09143329760790146,-0.01090076453474472,1.0857909679423714
0.16812387867237147,-0.6353048368182527,-0.30665059201032757
-0.09143329760790146,0.43461355710434724,0.6584079148875822
-0.09143329760790146,0.18879765503148097,-0.030919590039496084
0.7369406692440335,-0.2460963252028811,-0.292864041911786
-0.09143329760790146,1.6404363198501852,-0.5961681440797006
-0.09143329760790146,-0.006868634916677786,-0.4996622933899096
-0.09143329760790146,2.6891860332779336,-0.5272353935869928
-0.09143329760790146,2.5849626828823644,-0.7616067452621995
-0.09143329760790146,1.1660850712104538,-0.7753932953607411
-0.09143329760790146,1.5743021938824266,-0.8305394957549074
-0.09143329760790146,0.6124952753442465,-0.09985234053220401
-0.09143329760790146,0.49055935555502594,-1.133843597922822
-0.09143329760790146,0.12845971538969367,-0.44451609299574324
-0.09143329760790146,-0.09089533606460834,-0.4720891931928266
-0.09143329760790146,-0.47610771921921713,0.5894751643948742
-0.09143329760790146,1.3568552037652457,-1.1889897983169881
-0.09143329760790146,0.0791021287256779,2.8780424807527756
1.1186643485636414,-1.0426219305576212,2.492019077993611
-0.09143329760790146,-0.4141497274987422,0.13451901114300274
-0.09143329760790146,2.6891860332779336,-0.9132587963461567
-0.09143329760790146,1.219150777076799,-1.2027763484155298
-0.010321680020316172,-0.6679218853358299,1.25122956912487
-0.09143329760790146,-0.4402145653869606,0.5756886142963331
-0.09143329760790146,-0.40532944395922077,0.6170482645919578
-0.09143329760790146,-1.4538991516004485,2.533378728289236
-0.09143329760790146,-0.5221171982539452,1.2098699188292452
-0.09143329760790146,-0.09877958951422136,0.1758786614386275
-0.09143329760790146,-0.16451770275163405,0.4102500131138341
-0.09143329760790146,-0.6259085347618645,2.6850307793731933
-0.09143329760790146,1.0079319871732393,-0.017133039940954692
-0.09143329760790146,0.12323954758058915,-0.5410219436855346
-0.09143329760790146,0.11891940870408886,-0.3617967924044939
-0.09143329760790146,0.34911080850694576,1.4718143707015354
-0.09143329760790146,0.029096521230187092,-0.09985234053220401
-0.09143329760790146,-1.3866489897562606,3.084840732230899
-0.09143329760790146,-0.7168474581121955,1.761331922770908
-0.09143329760790146,-0.08401911501951205,0.6584079148875822
-0.09143329760790146,-0.3169106016201816,0.3826769129167509
-0.09143329760790146,2.2609522671448428,-1.0235511971344895
0.11081904754555799,-0.33649523119364955,0.3413172626211261
-0.09143329760790146,4.444242451856175,-1.1752032482184467
-0.09143329760790146,0.6481004199180697,-0.3204371421088692
-0.09143329760790146,4.14636887632148,0.1896652115371691
0.6872382312329174,-0.40583346016147914,-0.04470614013803767
-0.09143329760790146,4.465915148553284,-1.0511242973315726
-0.09143329760790146,2.4470062480927885,-0.8167529456563658
-0.09143329760790146,1.0899066223548322,-0.30665059201032757
-0.09143329760790146,2.5196205823752975,-0.9270453464446984
-0.09143329760790146,1.6429203997041728,-0.16878509102491193
-0.09143329760790146,-0.3558998549805967,-0.07227924033512104
0.8819061134431221,-0.2855535936082504,-0.09985234053220401
-0.09143329760790146,-0.111055984154943,0.35510381271966773
-0.09143329760790146,2.1311680950633134,-1.161416698119905
-0.09143329760790146,1.323086118213935,-1.4095745998936535
-0.09143329760790146,-0.7036710345388697,0.05179971055175323
0.6572893262775014,-0.5481820361421635,0.5756886142963331
-0.09143329760790146,-1.092411531109287,2.5747383785848608
-0.09143329760790146,-0.3469355668118586,1.113364068139454
-0.09143329760790146,3.188234075828325,-0.7478201951636579
-0.09143329760790146,2.8116259692694126,-0.7891798454592827
0.06430100816026231,-0.7051470819883406,0.13451901114300274
-0.015092951643115304,-0.567874669187544,0.6859810150846658
-0.09143329760790146,-0.4834159541519634,-0.058492690236579443
-0.09143329760790146,1.91490914313717,-1.5887997511746939
-0.09143329760790146,0.15510057179477876,-0.4996622933899096
-0.09143329760790146,-0.7489244892702102,0.49296931370508357
-0.09143329760790146,-0.8592320352501841,2.1473553255300715
0.6164499104292066,0.30155327970813844,-0.4031564427001187
-0.09143329760790146,0.09472663099568726,0.12073246104446116
-0.09143329760790146,-0.08268707219925779,0.13451901114300274
-0.09143329760790146,-0.7083151838311075,0.865206166365706
-0.02128270942404391,-0.2087631250784578,-0.15499854092637036
-0.09143329760790146,-0.6354488414474693,1.761331922770908
-0.09143329760790146,1.4411339130143055,-0.8856856961490736
0.18666367697810526,-0.9010293788803244,2.5471652783877774
-0.015092951643115304,-0.17751412053843907,0.3688903628182097
-0.09143329760790146,0.19416182746980218,-0.21014474132053668
2.244581288914555,0.4971115661843847,0.010440060256128479
-0.09143329760790146,-0.24530429974218937,0.3688903628182097
-0.09143329760790146,-0.8702123882279557,-0.5272353935869928
-0.09143329760790146,0.6610968377048747,0.038013160453211646
-0.09143329760790146,-0.4159137842066465,-0.7202470949665748
-0.09143329760790146,0.6239076422096681,0.14830556124154431
-0.09143329760790146,2.567250113488713,-1.133843597922822
-0.09143329760790146,-0.023897182321549745,0.8376330661686228
-0.09143329760790146,0.337878447428045,0.038013160453211646
-0.09143329760790146,-0.18287829297676025,-0.8581125959519905
-0.09143329760790146,2.3477150562478903,-1.2165628985140715
-0.09143329760790146,4.8893967619222245,-0.9959780969374062
-0.09143329760790146,-0.044021829254580244,0.42403656321237565
-0.05170515838132908,0.6799974452895634,-0.8167529456563658
0.27936266850677416,-0.1268964933687774,-0.11363889063074559
-0.09143329760790146,1.7278471297847078,-0.8994722462476153
-0.09143329760790146,0.8786158301366641,-0.8167529456563658
-0.09143329760790146,5.681098212198206,-1.3130687492038624
0.26611995543125005,0.24873958194292245,0.35510381271966773
1.5478751841622433,-0.6726740380999802,1.3201623196175778
-0.09143329760790146,4.864555963382347,-1.161416698119905
-0.09143329760790146,4.690922381704341,-1.0786973975286558
-0.09143329760790146,-0.5959195707274917,1.9129839738548655
-0.09143329760790146,0.11603931611975533,0.10694591094591957
2.689536448252166,0.5762421099389482,-0.017133039940954692
-0.09143329760790146,-1.1151642625255218,1.0168582174496634
-0.09143329760790146,1.224226940256687,-0.7340336450651164
-0.09143329760790146,-0.9050255073410871,1.1685102685336208
-0.09143329760790146,0.6792054198288717,-0.6375277943753255
-0.09143329760790146,1.0379929535222203,-0.07227924033512104
0.297902466812508,0.5260564966569365,-0.18257164112345334
-0.04785093591904967,0.9566663391721025,-0.7202470949665748
-0.09143329760790146,-1.158437653605133,-1.3957880497951118
-0.038820356470008296,0.34072253885507436,0.49296931370508357
-0.09143329760790146,0.13911605795172768,-1.4647208002878198
-0.09143329760790146,0.5303046332188286,-0.16878509102491193
-0.09143329760790146,0.270376277482728,-0.5685950438826175
-0.09143329760790146,0.14660429867099486,5.538846649771299
-0.09143329760790146,-0.5284174007821748,0.06558626065029481
-0.09143329760790146,-0.8141585863053644,0.6170482645919578
0.297902466812508,-0.34236341983422913,0.024226610354670254
-0.09143329760790146,0.2681082045725654,-0.22393129141907828
-0.09143329760790146,0.6266797313220891,-0.30665059201032757
-0.09143329760790146,1.591402743601907,-0.6375277943753255
-0.09143329760790146,-0.4641193338369288,0.8238465160700816
-0.02863720657235156,1.39523243745149,-0.7891798454592827
-0.028229439747445396,0.06315361603993101,0.05179971055175323
-0.09143329760790146,-0.9077255941388999,-0.23771784151761965
-0.09143329760790146,-1.0554023414006013,2.037062924741739
0.8070338510545819,-1.0339456516473164,2.1197822253329894
-0.09143329760790146,-0.7459363932139641,1.5269605710957013
-0.09143329760790146,1.3785279004623554,0.024226610354670254
0.13318348955771936,-0.8455155943172957,0.961712017055497
0.1079472148978948,0.1465682975136907,-0.21014474132053668
-0.09143329760790146,-0.20098687510075727,1.51317402099716
0.4276810549526444,-0.8481436788005,1.2650161192234115
0.49846937575635525,0.43367752701443885,-0.5685950438826175
-0.09143329760790146,-0.572338812693261,1.6234664217854924
-0.09143329760790146,0.9641185787340656,0.10694591094591957
-0.09143329760790146,-0.4237980376562595,1.2925892194204947
-0.09143329760790146,-0.08740322380610394,-0.9959780969374062
1.3243331184663147,-1.331747224867403,2.505805628092153
-0.09143329760790146,0.28826885266290003,-0.7478201951636579
0.2625083064106526,-0.1176801970989101,-0.3893698926015769
-0.09143329760790146,4.167141544085985,-0.9546184466417815
-0.09143329760790146,2.2691605310101934,-0.5961681440797006
-0.09143329760790146,0.5986708309394455,-0.7616067452621995
-0.09143329760790146,-0.5304694667485124,-0.7753932953607411
-0.045083801843567015,0.002851677555447857,-0.265290941714703
-0.09143329760790146,-0.08081501201944101,0.20345176163571066
-0.09143329760790146,-0.6171242523796473,1.223656468927787
-0.09143329760790146,-0.2134072743706956,-0.09985234053220401
-0.09143329760790146,0.7073583248407319,-0.4858757432913682
-0.09143329760790146,-0.7309239106181257,2.271434276416947
-0.09143329760790146,-0.5606744377267102,0.42403656321237565
-0.09143329760790146,0.3421985863045453,-0.6513143444738668
0.7934207124384836,-0.5580463532435058,-0.09985234053220401
-0.09143329760790146,4.627236334433266,-0.6099546941782422
-0.07920925476895611,0.5943866932202494,-0.5685950438826175
-0.09143329760790146,-0.24940843167486465,-0.5548084937840759
0.5192894701103878,-0.814050582833452,0.8376330661686228
-0.09143329760790146,3.5442135192519486,-1.0097646470359478
-0.09143329760790146,2.1777535926149083,-0.8167529456563658
-0.013566144723819578,-0.8642721972727678,1.196083368730704
-0.09143329760790146,2.53078094113959,-1.106270497725739
-0.09143329760790146,-0.8005861500016928,1.0444313176467461
-0.06863178871065934,0.6934618781213227,-0.7202470949665748
-0.09143329760790146,-0.5040086161299482,-0.4858757432913682
-0.09143329760790146,2.03839311269047,-0.7064605448680331
-0.09143329760790146,0.15625260882851216,1.113364068139454
-0.09143329760790146,-0.01090076453474472,-0.3204371421088692
0.11348026261336665,-0.673070050830326,1.0444313176467461
-0.09143329760790146,0.9329775776659593,-0.5410219436855346
-0.09143329760790146,3.0941990529498353,-0.8581125959519905
-0.09143329760790146,3.89896892332723,-1.037337747233031
-0.09143329760790146,1.1884057887390387,-1.6715190517659433
-0.09143329760790146,1.894676492732227,-0.9132587963461567
-0.09143329760790146,-0.1083918985144345,-1.3682149495980287
-0.09143329760790146,1.0354008701963202,-1.2027763484155298
-0.09143329760790146,-0.21279525469652472,0.5756886142963331
-0.09143329760790146,-0.6508213356163495,0.5205424139021667
-0.09143329760790146,-1.1514534290881242,2.4782325278950696
-0.09143329760790146,-0.015544913826982526,0.13451901114300274
-0.09143329760790146,0.020672250421011534,-0.21014474132053668
-0.09143329760790146,2.0963189747928777,-0.9132587963461567
-0.09143329760790146,-1.3259510385414317,3.3329986340046474
-0.09143329760790146,-0.46541537549987894,1.0444313176467461
-0.09143329760790146,-0.46933950164603333,1.7751184728694496
0.2399162891328725,-0.15137728033561235,1.0306447675482049
-0.09143329760790146,1.114135401220538,-0.9684049967403231
0.868572696853382,-1.6129522645702672,4.8633056949427615
-0.09143329760790146,0.1556045879970371,-0.5272353935869928
0.009692874968828263,0.3757516649120308,-0.8305394957549074
-0.09143329760790146,1.2716404644262775,-1.2717090989082378
-0.09143329760790146,1.8762078990351883,-0.6513143444738668
-0.09143329760790146,1.852699143315566,-0.8994722462476153
-0.09143329760790146,1.3391426343715944,-1.354428399499487
-0.09143329760790146,0.7185546847623285,-0.34801024230595234
-0.09143329760790146,1.5943548385008488,-0.6513143444738668
-0.09143329760790146,0.5591055590621637,0.644621364789041
-0.09143329760790146,0.8363144703042654,0.1758786614386275
-0.09143329760790146,2.031444889330765,-0.6926739947694918
-0.09143329760790146,1.688497864851251,0.05179971055175323
-0.09143329760790146,2.667693342367345,-0.8718991460505322
-0.09143329760790146,-1.380960806902202,5.125250146815052
-0.09143329760790146,-0.3877968803520905,0.3826769129167509
-0.09143329760790146,0.4301134124413261,-0.8029663955578242
0.18666367697810526,-0.2355119849554554,0.5343289640007083
-0.09143329760790146,1.4936596015210881,-0.6651008945724086
-0.09143329760790146,1.1125513502991544,-0.3204371421088692
0.10822606876153926,-0.8261829728449569,0.8238465160700816
0.2442009820648653,0.8746917039905097,-0.4720891931928266
-0.09143329760790146,0.4572222838913654,-0.5685950438826175
0.2147858429474767,-0.8081463930355682,1.582106771489868
0.12121806394336734,-0.11778820057082262,0.6859810150846658
-0.09143329760790146,-0.8771606115876603,1.6648260720811172
-0.09143329760790146,2.7658684983358137,-0.33422369220741094
-0.09143329760790146,1.0571455692080383,-0.9959780969374062
-0.09143329760790146,-1.158437653605133,1.4166681703073687
-0.09143329760790146,6.5143089968458945,-1.3820014996965702
-0.09143329760790146,-0.994020368196993,1.568320221391326
0.297902466812508,-0.8514917864297877,0.16209211134008591
-0.09143329760790146,-0.11890423644725186,-0.04470614013803767
-0.09143329760790146,-0.5959195707274917,-0.9132587963461567
-0.09143329760790146,0.42366920528387986,-0.16878509102491193
-0.038820356470008296,-0.17434601869567218,0.20345176163571066
-0.09143329760790146,0.37560766028281417,-0.6651008945724086
-0.09143329760790146,0.27412039784236164,-0.9270453464446984
-0.09143329760790146,1.055381512500134,-0.9132587963461567
-0.09143329760790146,-0.2292117824272258,3.0159079817381915
0.39523640791761033,-1.079199106378657,-0.21014474132053668
0.12894543696968877,-0.86006006186818,0.6584079148875822
0.5423691095881139,-1.1468452809531906,1.9543436241504901
0.7146448895979152,-0.6159002130313055,0.5894751643948742
-0.09143329760790146,-0.2042269792581325,0.7687003156759149
0.3332966272143633,0.6322959118615394,-0.4720891931928266
-0.09143329760790146,-0.7585727994277275,1.5407471211942432
-0.09143329760790146,-0.33152707148567423,-0.04470614013803767
-0.09143329760790146,3.4610148447220137,-1.161416698119905
-0.09143329760790146,0.5066158717126853,-1.2027763484155298
1.2063525837934632,0.4841151483975797,-0.3204371421088692
-0.09143329760790146,-0.20156289361762397,0.2861710622269598
0.11111131972063523,0.8715236021477427,-0.5685950438826175
-0.01197701915475669,-1.0494621504454134,0.5067558638036251
-0.09143329760790146,0.4574022896778862,-0.7064605448680331
-0.09143329760790146,-0.9064295524759497,0.21723831173425187
-0.09143329760790146,-0.25696867470874013,0.3413172626211261
-0.09143329760790146,-0.25696867470874013,0.3413172626211261
4.061481522876466,-0.5140529390178114,1.6786126221796587
-0.09143329760790146,1.125655771557872,-0.8581125959519905
-0.09143329760790146,6.5143089968458945,-1.0924839476271972
0.297902466812508,3.155005007636577,-1.037337747233031
-0.09143329760790146,0.45297414732947344,-1.230349448612613
-0.09143329760790146,1.4916075355547505,-0.6926739947694918
-0.09143329760790146,-0.8070663583164431,1.0306447675482049
-0.09143329760790146,1.1544926985585116,-1.0235511971344895
-0.09143329760790146,-1.0555823471871222,3.098627282329441
-0.09143329760790146,-0.8804727180596439,1.9129839738548655
0.9467954075131904,0.0861943567145992,-0.4720891931928266
-0.09143329760790146,0.99317151267853,-0.9821915468388647
-0.09143329760790146,0.7574719358081352,-0.4858757432913682
-0.09143329760790146,-0.052554103535668306,-0.04470614013803767
-0.09143329760790146,-0.4834159541519634,0.7687003156759149
-0.09143329760790146,-0.8890409934980361,2.9194021310483995
-0.09143329760790146,-0.13089262182954015,0.6721944649861241
-0.09143329760790146,0.33625839534935736,-0.43072954289720183
-0.09143329760790146,0.8599312294958004,-0.6099546941782422
-0.09143329760790146,1.0691339545903267,-0.8305394957549074
0.10822606876153926,-0.9948483948149889,0.8514196162671643
-0.09143329760790146,1.240211454099738,-1.0786973975286558
-0.09143329760790146,0.16075275349153328,-0.265290941714703
0.020875095974908952,0.12219551401876824,-0.1963581912219951
-0.09143329760790146,0.1164353288501012,0.42403656321237565
-0.09143329760790146,-1.1959508595160773,4.518641942479222
-0.09143329760790146,-0.1844623438981437,0.9479254669569555
-0.09143329760790146,-0.6348368217732985,-0.292864041911786
-0.09143329760790146,6.5143089968458945,-1.0235511971344895
0.2915199132974193,-0.024581204310328956,0.16209211134008591
0.39523640791761033,-0.07091469376079451,0.10694591094591957
-0.09143329760790146,-1.0094288635231774,2.809109730260068
0.14693553775153287,-0.7669250679222946,0.31374416242404335
-0.09143329760790146,5.185686286535535,-1.1200570478242806
-0.09143329760790146,-1.265325089641211,0.9341389168584135
-0.09143329760790146,0.9971316399819886,-0.030919590039496084
-0.09143329760790146,0.29910520101145494,-0.5961681440797006
1.5771485499081388,0.44256981286856856,-0.3893698926015769
-0.09143329760790146,-0.42106194970114263,0.258597962029877
0.6872382312329174,-0.55721832662551,0.8100599659715396
0.28133498747546926,-1.036177723400175,1.223656468927787
-0.09143329760790146,5.016876859936287,-1.4095745998936535
-0.09143329760790146,0.4503820640035733,-0.7478201951636579
-0.09143329760790146,-0.6901706005498063,1.7061857223767418
1.8552455244941457,-0.4457587436118026,0.038013160453211646
-0.09143329760790146,0.0453690443316715,-1.6715190517659433
-0.09143329760790146,-0.0575582644009478,-0.2790774918132446
-0.09143329760790146,-1.7627530801129148,5.2355425476033846
-0.09143329760790146,0.8351264321132279,-1.1889897983169881
0.3257121642711086,-0.5486860523444219,0.258597962029877
5.7486031686982395,3.6102756429050986,-1.3130687492038624
-0.09143329760790146,1.8036295659099835,0.9203523667598723
-0.09143329760790146,-1.1734501362009715,-0.16878509102491193
-0.09143329760790146,0.7301110562569667,-0.3204371421088692
-0.09143329760790146,0.2210906931333206,-0.33422369220741094
0.16812387867237147,-0.019073027242791092,-0.4583026430942848
0.2471195410185415,1.6335240976477847,-0.9546184466417815
-0.09143329760790146,-0.9141338001390419,0.46539621350800037
-0.09143329760790146,0.6022349455125583,-0.12742544072928738
-0.09143329760790146,1.328162281393823,-0.6513143444738668
-0.09143329760790146,-0.23994012730386818,-0.21014474132053668
-0.09143329760790146,0.13936806605285687,-0.11363889063074559
0.045175742539610604,-0.8406554380812329,1.154723718435079
-0.09143329760790146,6.5143089968458945,-1.133843597922822
-0.09143329760790146,0.8591392040351086,-0.5410219436855346
-0.09143329760790146,-0.7984260805634426,2.161141875628614
-0.010321680020316172,-0.6695419374145174,1.3063757695190368
0.46476065156411195,-0.559342394906456,0.20345176163571066
-0.09143329760790146,0.4657185570151493,-0.4996622933899096
0.16812387867237147,0.19160574530120617,0.21723831173425187
0.9703915144477605,1.0386409743536955,-0.7478201951636579
-0.09143329760790146,-0.3169106016201816,0.258597962029877
-0.09143329760790146,-0.48402797382613433,1.154723718435079
-0.09143329760790146,1.820118095955293,-1.0786973975286558
-0.09143329760790146,4.690346363187475,-1.2854956490067793
1.7055009997170651,-0.778301433630412,0.7549137655773737
1.5771485499081388,-0.7076311618423282,0.5619020641977915
6.397496109398923,0.01332801433096105,-0.8029663955578242
-0.09143329760790146,0.4604623880487406,-0.1963581912219951
0.11348026261336665,0.4669065952061869,-0.41694299279866026
-0.09143329760790146,1.9445380955985012,-0.5134488434884512
-0.09143329760790146,0.007603830319598171,-0.5961681440797006
-0.09143329760790146,0.82961825504569,-0.4583026430942848
-0.09143329760790146,0.5525893495901092,-0.22393129141907828
0.6164499104292066,-0.7012589569994904,0.14830556124154431
-0.09143329760790146,0.0003675977014601926,1.2925892194204947
0.15975106653429816,-0.9164738753638129,1.127150618237996
-0.09143329760790146,3.4722112046436107,-0.8718991460505322
0.7877119768897972,-0.5193451091415241,0.9892851172525803
-0.09143329760790146,2.705602561008635,-0.8305394957549074
0.2159370427240007,3.00909231708278,-1.2441359987111547
-0.045083801843567015,0.8263781508883148,-0.9684049967403231
-0.09143329760790146,2.6637332150638864,-0.34801024230595234
-0.09143329760790146,-1.5776711304121815,4.3394167911981825
-0.09143329760790146,1.288345001415412,-0.33422369220741094
-0.09143329760790146,1.4216932880700541,-0.5134488434884512
-0.09143329760790146,4.183702076445903,-1.064910847430114
0.11901846694367121,0.5839823587593446,-0.67888744467095
-0.07389565056193707,-0.6496692985826161,0.865206166365706
-0.09143329760790146,0.3456906985630497,0.14830556124154431
0.46476065156411195,-0.8359392864743868,1.3477354198146607
-0.09143329760790146,2.419177353496666,-1.5474401008790692
0.5075448015004208,-0.004888571264948488,0.2999576123255018
1.7773783716100637,-0.6381849294025862,1.926770523953407
-0.060236521612676355,0.5543534062980134,-0.5272353935869928
-0.09143329760790146,0.10909109276005072,-0.12742544072928738
-0.018780081415289394,-0.39218902154319907,0.865206166365706
-0.09143329760790146,0.31494571022528933,-0.058492690236579443
-0.09143329760790146,0.587690477961674,-0.2790774918132446
-0.09143329760790146,1.452762286823552,-0.6513143444738668
0.7428576261501186,-0.5798630545698323,0.7687003156759149
-0.09143329760790146,5.861788020707831,-1.2717090989082378
-0.09143329760790146,1.9508382981267307,-0.8856856961490736
-0.09143329760790146,1.7961773263480205,-0.5134488434884512
-0.02140887954667675,-0.10821189272791365,0.2999576123255018
-0.09143329760790146,-0.9334304204540765,1.7751184728694496
-0.09143329760790146,1.0296766861849573,-0.8581125959519905
-0.09143329760790146,-0.9044854899815246,1.926770523953407
-0.09143329760790146,-0.9027574344309245,1.3063757695190368
3.023252817755374,1.0369849211177038,-1.2992821991053207
-0.09143329760790146,-1.6646859276163581,8.764899372830028
-0.09143329760790146,0.20766226145886557,1.3753085200117443
2.828584935545169,0.4701106982062579,-0.265290941714703
-0.09143329760790146,0.034100682095466586,-0.8718991460505322
-0.09143329760790146,-0.09010331060391662,-0.7616067452621995
-0.09143329760790146,0.016496116173727926,-0.30665059201032757
-0.09143329760790146,0.7428914670999468,-1.4095745998936535
-0.09143329760790146,1.2841328660108242,-0.7202470949665748
0.6791270694741588,-0.3560078584525092,1.7889050229679913
8.2514759399723,-0.8890049923407319,1.223656468927787
0.16381305144394037,-0.07703489050250326,0.24481141193133543
-0.09143329760790146,0.8923322710695525,-1.6715190517659433
-0.09143329760790146,-0.5846512084912868,0.6859810150846658
-0.09143329760790146,-0.6780382105383013,0.32753071252258453
-0.09143329760790146,-1.0182491470626989,0.14830556124154431
-0.09143329760790146,-0.056766238940256085,0.10694591094591957
-0.09143329760790146,-0.2971459662601928,1.0030716673511215
-0.09143329760790146,3.009812340228863,-0.8718991460505322
0.6795286121354835,-0.08787123885105814,0.3688903628182097
-0.09143329760790146,1.1319559740861016,-0.6237412442767839
0.047615189685101894,-0.8631201602390344,1.1685102685336208
0.023077221339277778,-0.4270381418136347,-0.6375277943753255
-0.09143329760790146,-0.25092048028163977,0.16209211134008591
-0.09143329760790146,-0.2115352141908788,-0.09985234053220401
0.5075448015004208,0.8002413106854881,-0.7478201951636579
-0.09143329760790146,1.0360488910277954,-1.2027763484155298
-0.09143329760790146,-0.010072737916748831,0.6170482645919578
-0.09143329760790146,-0.2069990683705535,0.3688903628182097
-0.09143329760790146,-1.5067848516802727,3.636302736172562
-0.09143329760790146,1.6573208626258404,-0.8305394957549074
-0.09143329760790146,1.5420451569378912,-0.7753932953607411
-0.09143329760790146,0.3992964217889574,-0.2790774918132446
-0.09143329760790146,-1.0139290081861985,1.154723718435079
-0.09143329760790146,-0.004348553905385953,0.3826769129167509
-0.09143329760790146,-1.495948503331718,3.2502793334133986
-0.09143329760790146,1.1681371371767915,-0.94083189654324
-0.09143329760790146,0.5591055590621637,-0.30665059201032757
-0.09143329760790146,3.0463175137352905,-1.230349448612613
-0.09143329760790146,0.2538157451228103,0.8789927164642476
-0.09143329760790146,1.639140278187235,-0.7891798454592827
-0.09143329760790146,-0.8188387367549065,2.3541535770081956
-0.09143329760790146,0.18105740621108463,-0.23771784151761965
-0.09143329760790146,2.9052649794175562,-1.0924839476271972
-0.09143329760790146,-0.9475068729600066,1.0857909679423714
-0.09143329760790146,0.5906065717033117,-0.7340336450651164
-0.09143329760790146,-1.11264418151423,1.0444313176467461
1.2063525837934632,-1.233428064269717,-1.3820014996965702
-0.09143329760790146,-0.18763044574091056,-1.0511242973315726
-0.09143329760790146,0.2184266074928121,-0.94083189654324
-0.09143329760790146,-0.24372024882080592,0.1758786614386275
-0.09143329760790146,-0.8464156232498999,1.7061857223767418
0.0888147414756214,-1.234472097831538,2.7126038795702767
-0.09143329760790146,-0.9291462827348804,0.35510381271966773
-0.09143329760790146,-0.4489628466118737,0.4516096634094588
-0.09143329760790146,0.5041677930160018,-0.7616067452621995
0.8819061134431221,-1.2951700490463671,2.602311478781944
-0.09143329760790146,0.2874408260449042,-0.2790774918132446
-0.09143329760790146,-0.7926658953947755,2.5747383785848608
0.19358556360762522,0.8818199331367351,0.4516096634094588
-0.09143329760790146,3.061041987072696,-0.8856856961490736
-0.09143329760790146,0.2309910113919671,-0.4583026430942848
-0.09143329760790146,0.712074476447578,-0.18257164112345334
-0.09143329760790146,1.5572376453202506,-1.1200570478242806
2.996402075381553,-0.891597075666632,0.49296931370508357
0.8819061134431221,-0.8599160572389634,1.4580278206029933
-0.09143329760790146,0.16802498726697543,-1.106270497725739
-0.09143329760790146,-1.1171803273345553,2.3265804768111122
0.79847702106732,-0.7790214567764955,1.4993874708986186
-0.09143329760790146,1.5974509380290074,-0.9959780969374062
-0.09143329760790146,2.599183140017511,-1.3957880497951118
-0.09143329760790146,0.020240236533361506,0.13451901114300274
-0.09143329760790146,-1.005936751264673,-0.67888744467095
-0.09143329760790146,-0.6755541306843137,1.733758822573825
-0.09143329760790146,-0.2579047047986485,0.5619020641977915
-0.09143329760790146,-0.3330751212497535,0.6859810150846658
-0.09143329760790146,-0.8686643384638764,2.5195921781906945
-0.09143329760790146,1.2279350594590164,-0.4031564427001187
-0.09143329760790146,0.40718067523857043,-0.8443260458534491
-0.09143329760790146,1.493875608464913,-0.7340336450651164
-0.09143329760790146,0.5916146041078284,-0.8167529456563658
0.22254715756984805,-0.047585943827692975,0.010440060256128479
-0.09143329760790146,3.4290458170359117,-1.0786973975286558
-0.09143329760790146,0.9183971089577708,0.2723845121284182
0.22769437814653246,0.23887526484158011,-0.7064605448680331
-0.09143329760790146,0.12820770728856448,-0.21014474132053668
-0.09143329760790146,-0.1720059434709012,-0.16878509102491193
-0.09143329760790146,0.2591079152465231,-0.3893698926015769
-0.09143329760790146,0.32585406088845253,-0.11363889063074559
-0.09143329760790146,1.9616746464752857,-0.3893698926015769
0.297902466812508,-0.035453553816188005,0.10694591094591957
0.28840647255835167,0.3084655019105389,-0.4031564427001187
0.5574596430927808,-0.16570574094267163,-0.5410219436855346
0.8246508539695324,1.114135401220538,-0.8029663955578242
-0.09143329760790146,2.257172145627905,-1.064910847430114
-0.09143329760790146,1.574770208927381,-0.9959780969374062
-0.09143329760790146,-0.605351873941184,1.4718143707015354
1.4659097600737363,-0.9653994481401786,3.3605717342017303
-0.09143329760790146,-1.0145410278603695,1.154723718435079
-0.09143329760790146,0.43482956404817225,0.1896652115371691
0.6031563290576176,-0.07390278981704054,0.14830556124154431
-0.09143329760790146,2.119575722411371,-1.106270497725739
-0.09143329760790146,-0.19418265637026932,0.2723845121284182
-0.09143329760790146,-0.3673482230033224,2.230074626121322
1.6389478775939181,0.5453531169719712,-0.8443260458534491
-0.09143329760790146,1.0077519813867184,-0.5548084937840759
-0.09143329760790146,-0.8659282505087595,2.2990073766140298
-0.09143329760790146,0.9728668599589786,-0.5134488434884512
-0.09143329760790146,0.8825399562828184,-0.7340336450651164
-0.09143329760790146,0.0397888649495253,0.5481155140992499
-0.09143329760790146,-1.245308446180093,3.5535834355813125
-0.09143329760790146,-0.9667314909604329,2.133568775431531
-0.09143329760790146,1.2041382944809607,-0.21014474132053668
-0.09143329760790146,-0.9376785570159685,1.3753085200117443
-0.09143329760790146,0.22980297320092952,-1.133843597922822
-0.09143329760790146,0.8121216925958639,-1.106270497725739
-0.09143329760790146,-0.640921017357703,-0.4996622933899096
-0.09143329760790146,0.274840420988445,-0.21014474132053668
0.052006194546986205,-0.3424354221488375,0.32753071252258453
0.8819061134431221,-0.9935163519947346,0.4102500131138341
-0.09143329760790146,-0.5228732225573327,0.5894751643948742
-0.09143329760790146,-1.1381690020428858,1.6923991722782004
-0.09143329760790146,1.286652947022116,-1.2441359987111547
-0.09143329760790146,-0.46473135351109973,1.0030716673511215
-0.09143329760790146,0.769136310774686,-1.2027763484155298
0.6733333825036171,2.090666793096123,-1.133843597922822
-0.09143329760790146,-0.06713457224385677,0.5481155140992499
-0.09143329760790146,-0.675842139942747,1.0995775180409129
-0.09143329760790146,-0.3647201385201181,0.13451901114300274
-0.09143329760790146,6.5143089968458945,-1.1476301480213638
-0.09143329760790146,0.6892857438740391,0.20345176163571066
-0.09143329760790146,-0.7407162254048596,0.9065658166613307
-0.09143329760790146,-0.6078359537951716,0.7273406653802901
0.03834529053223501,-0.4016213247568914,0.16209211134008591
-0.09143329760790146,0.2561198191902771,-0.34801024230595234
-0.09143329760790146,1.7037263543909145,-0.058492690236579443
1.2063525837934632,-0.5284174007821748,-0.7202470949665748
0.019805492226501225,-0.2284197569665341,-0.2515043916161612
0.18178478268712267,1.0264365820275823,-0.8581125959519905
-0.09143329760790146,-0.7019429789882695,1.8854108736577824
-0.09143329760790146,0.39749636392374893,0.010440060256128479
0.6164499104292066,-0.25570863420309425,-0.5134488434884512
-0.09143329760790146,-0.04841397044568886,-0.6375277943753255
-0.09143329760790146,0.04310097142150885,-0.07227924033512104
-0.09143329760790146,-0.597467620491571,0.6170482645919578
-0.09143329760790146,-0.42549009204955546,0.038013160453211646
-0.09143329760790146,0.17727728469414689,-0.030919590039496084
-0.09143329760790146,0.23487913638081737,0.06558626065029481
0.9703915144477605,0.003823708802660421,-0.292864041911786
1.106522900608743,-0.6276725914697688,1.7751184728694496
0.01102348250273259,-0.8195587599009898,1.3615219699132026
-0.09143329760790146,1.3854041215074517,-0.8994722462476153
-0.09143329760790146,-0.38858890581278216,0.6584079148875822
-0.09143329760790146,-0.4193698953078467,-0.8167529456563658
-0.09143329760790146,-1.3374714088787658,0.7273406653802901
-0.09143329760790146,-0.6676338760773964,0.09315936084737798
-0.09143329760790146,-0.8614641070030425,0.7273406653802901
-0.09143329760790146,-1.3438796148789078,1.3615219699132026
-0.09143329760790146,-0.2325958912138177,-0.3755833425030355
-0.09143329760790146,-0.612804113503147,-0.6237412442767839
-0.09143329760790146,-1.0709188401986982,0.1758786614386275
0.20805575194625964,-0.15256531852664992,-0.7478201951636579
-0.09143329760790146,0.11510328602984694,0.4102500131138341
0.1310442820609039,2.664345234738057,-1.2027763484155298
-0.09143329760790146,0.8216259981241645,-0.9821915468388647
-0.09143329760790146,0.7397233652571799,-0.7340336450651164
-0.09143329760790146,1.1446283814571692,-0.8443260458534491
-0.09143329760790146,-0.4834159541519634,-0.8443260458534491
0.07424149576248552,-0.6885865496284228,2.161141875628614
-0.09143329760790146,-0.28800167230493384,-0.4996622933899096
-0.09143329760790146,0.1691050219861005,-1.2441359987111547
-0.09143329760790146,1.3410506957087154,-0.9270453464446984
-0.09143329760790146,-0.17963818881938504,0.010440060256128479
0.2330131727424397,-0.43258232003847674,1.5269605710957013
-0.09143329760790146,-0.5082927538491443,-0.30665059201032757
-0.09143329760790146,0.9245533068567837,-0.8305394957549074
-0.09143329760790146,-0.36166004014926373,-0.43072954289720183
-0.09143329760790146,-1.0909354836598162,-0.7753932953607411
-0.09143329760790146,-0.5065646982985441,0.42403656321237565
-0.09143329760790146,-0.8308271221371948,0.9479254669569555
-0.09143329760790146,-0.5959195707274917,-0.67888744467095
-0.09143329760790146,1.0441491514212333,-0.8856856961490736
-0.09143329760790146,1.231067160144479,-0.8443260458534491
-0.09143329760790146,0.2613759881566858,-0.8856856961490736
-0.09143329760790146,0.3256380539446275,0.49296931370508357
-0.09143329760790146,-0.2346839583374595,0.0793728107488364
-0.09143329760790146,-0.3821086974980317,0.10694591094591957
-0.09143329760790146,-0.9570471796456114,0.479182763606542
-0.09143329760790146,-0.4859000340059511,-0.017133039940954692
-0.09143329760790146,-0.14590510442537863,-0.4720891931928266
-0.09143329760790146,-1.0942835912891038,1.7889050229679913
-0.09143329760790146,0.010627927533148371,-0.4720891931928266
-0.09143329760790146,0.40538061737336195,-0.34801024230595234
-0.09143329760790146,-0.8096584416423434,-0.33422369220741094
-0.09143329760790146,-0.620040346121285,0.644621364789041
-0.09143329760790146,-0.45609107575809915,-0.11363889063074559
-0.09143329760790146,-0.3018981190243431,-0.003346489842413106
-0.09143329760790146,2.112951509467404,-1.2579225488096961
0.8819061134431221,-0.7761773653494661,1.761331922770908
-0.09143329760790146,0.720786756515187,-0.44451609299574324
-0.09143329760790146,0.8713795975185261,-0.41694299279866026
-0.09143329760790146,-0.814482596721102,1.0857909679423714
-0.09143329760790146,1.2416515003919046,-1.3268552993024039
-0.09143329760790146,1.922757395429479,-1.1752032482184467
-0.09143329760790146,-0.5432138764341883,0.05179971055175323
-0.09143329760790146,0.008287852308377383,-0.3893698926015769
-0.09143329760790146,0.5915066006359159,-0.6099546941782422
-0.09143329760790146,-0.13690481509933639,-0.5548084937840759
-0.09143329760790146,1.068809944174589,-1.0786973975286558
-0.09143329760790146,-0.11796820635734347,-0.9132587963461567
-0.09143329760790146,-0.41983791035280094,-0.265290941714703
2.7204361120950553,-1.169922022785163,1.7061857223767418
-0.09143329760790146,0.24233137594278034,-0.3617967924044939
-0.09143329760790146,-0.28368153342843355,-0.017133039940954692
0.3294702314952439,0.9748829247680121,-0.5823815939811591
-0.09143329760790146,-0.9870721448372884,1.3477354198146607
-0.09143329760790146,-0.9310903452293056,1.8302646732636159
-0.09143329760790146,0.4258652758794341,-0.7064605448680331
-0.09143329760790146,1.3900842719569937,-1.0235511971344895
2.244581288914555,-0.26298086797853637,0.6308348146904991
-0.09143329760790146,-0.9776038404662919,-0.030919590039496084
0.46476065156411195,-0.7833055944956916,0.9754985671540386
-0.09143329760790146,-0.26010077539420284,-0.04470614013803767
-0.09143329760790146,-0.16732579302135922,-0.3204371421088692
-0.09143329760790146,-0.3291149939462949,0.5481155140992499
-0.09143329760790146,-0.5419178347712381,0.8100599659715396
-0.09143329760790146,-0.1979627778872071,0.09315936084737798
-0.09143329760790146,0.3301741997649528,-0.4858757432913682
-0.09143329760790146,-0.6263045474922104,0.8238465160700816
-0.09143329760790146,-0.7432003052588473,1.4028816202088275
-0.09143329760790146,-0.8016301835635137,-0.33422369220741094
-0.09143329760790146,-0.12790452577329411,-0.16878509102491193
-0.09143329760790146,-1.064330628412035,0.9341389168584135
-0.09143329760790146,-0.6051718681546632,-0.34801024230595234
-0.09143329760790146,-0.3821446986553359,-0.5410219436855346
-0.09143329760790146,-0.3508956941153172,0.4378231133109172
-0.09143329760790146,0.8870761021031438,-0.7340336450651164
-0.09143329760790146,0.7953451532921211,-1.064910847430114
-0.09143329760790146,-0.7609128746524985,0.7411272154788318
-0.09143329760790146,-1.0909354836598162,1.3339488697161195
-0.09143329760790146,0.28412871957292063,-0.6375277943753255
-0.09143329760790146,0.26267202981963583,-0.8581125959519905
-0.09143329760790146,-1.1449372196160696,0.06558626065029481
-0.09143329760790146,0.7631241175048897,-0.3893698926015769
-0.09143329760790146,-0.044633848928751114,-0.08606579043366243
1.1198335250333724,-0.526977354490008,0.35510381271966773
-0.09143329760790146,-1.0087448415343983,0.7687003156759149
-0.09143329760790146,-0.6683178980661757,1.4856009208000764
-0.09143329760790146,-0.7159114280222871,-0.9546184466417815
-0.09143329760790146,0.14566826858108647,-0.5961681440797006
-0.09143329760790146,-0.8334192054630949,0.8376330661686228
-0.09143329760790146,-1.1359369302900273,1.9405570740519487
-0.09143329760790146,-0.7871577183272377,-0.6237412442767839
-0.09143329760790146,1.0193443540386609,-0.8994722462476153
-0.09143329760790146,-0.08704321223306224,-0.2515043916161612
-0.09143329760790146,0.9873393251952546,-0.8305394957549074
0.40015226352897915,0.7469235967180137,0.010440060256128479
-0.09143329760790146,-0.350643686014188,-0.3617967924044939
-0.09143329760790146,0.30000522994405915,-0.6651008945724086
-0.09143329760790146,-0.5678026668729357,0.1758786614386275
-0.09143329760790146,0.1735331643345133,-0.7202470949665748
-0.09143329760790146,-0.7478084533937809,2.0094898245446564
-0.09143329760790146,-0.42415804922930117,-0.04470614013803767
-0.09143329760790146,0.20287410753741109,-0.7064605448680331
-0.09143329760790146,-0.5725188184797818,-0.5410219436855346
-0.09143329760790146,-0.755080687169223,1.2374430190263288
-0.09143329760790146,-0.3769245308462314,0.7687003156759149
0.17163140808156438,0.4827471044200212,-0.07227924033512104
-0.09143329760790146,-0.3414633909016249,-0.08606579043366243
-0.09143329760790146,2.2457957799197876,-1.2717090989082378
-0.09143329760790146,-1.32472699919309,0.5205424139021667
-0.09143329760790146,-0.2787493748777624,-0.7202470949665748
-0.09143329760790146,0.1644608726938627,-0.8718991460505322
-0.09143329760790146,-0.3508956941153172,0.49296931370508357
-0.09143329760790146,-0.23684402777570965,-1.3820014996965702
-0.09143329760790146,-1.093923579716062,0.4516096634094588
-0.09143329760790146,-0.03340148784985037,-0.6651008945724086
-0.09143329760790146,0.8139577516183765,-1.161416698119905
-0.09143329760790146,-0.6184202940425974,0.5756886142963331
-0.09143329760790146,-0.7858256755069835,1.223656468927787
-0.09143329760790146,0.033740670522424895,-0.3893698926015769
-0.09143329760790146,-0.33606321730599953,-0.15499854092637036
-0.09143329760790146,-0.10090365779516733,-0.7753932953607411
-0.09143329760790146,0.2479835576395349,-0.7891798454592827
-0.09143329760790146,-1.1996949798757108,2.174928425727155
-0.09143329760790146,-0.8045462773051514,-0.4031564427001187
-0.09143329760790146,-0.17427401638106385,0.23102486183279383
-0.09143329760790146,-1.3909331274754568,0.9341389168584135
-0.09143329760790146,-0.8520678049466545,-0.5823815939811591
1.7055009997170651,-0.43279832698230175,-0.11363889063074559
-0.09143329760790146,0.42305718560970895,-0.4996622933899096
-0.09143329760790146,0.23559915952690075,-0.15499854092637036
-0.09143329760790146,-0.573418847412386,0.3826769129167509
0.16812387867237147,0.4063886497778787,-0.9821915468388647
-0.09143329760790146,-0.20591903365142844,0.2861710622269598
0.22003531392842607,-0.15270932315586658,0.31374416242404335
-0.09143329760790146,-1.1486093376610949,1.0582178677452883
-0.04911419277959609,1.5264206546678818,-1.1476301480213638
-0.09143329760790146,-0.6922586676734481,-0.030919590039496084
-0.09143329760790146,0.019088199499628096,-0.4858757432913682
-0.09143329760790146,1.2436675652009381,-0.6237412442767839
-0.09143329760790146,-0.7121673076626536,-0.9684049967403231
-0.09143329760790146,-0.3018981190243431,-0.8718991460505322
-0.09143329760790146,0.145992278996824,-0.3617967924044939
-0.09143329760790146,-0.8096584416423434,-0.003346489842413106
-0.09143329760790146,-0.9627713636569742,1.4718143707015354
-0.09143329760790146,-0.4609152308368578,0.6721944649861241
-0.09143329760790146,-0.8779166358910478,0.3413172626211261
-0.09143329760790146,-0.9300103105101805,1.2788026693219532
-0.09143329760790146,-1.193790790077827,2.092209125135906
-0.09143329760790146,-0.6549974698636332,0.038013160453211646
-0.09143329760790146,-0.42754215801589307,-0.5272353935869928
-0.09143329760790146,-0.15245731505473742,-0.22393129141907828
1.2063525837934632,-0.20440698504465335,-1.0511242973315726
-0.09143329760790146,0.7664002228195691,-0.2790774918132446
-0.09143329760790146,0.0640896461298394,-0.5548084937840759
-0.09143329760790146,1.1092032426698668,-1.1752032482184467
-0.09143329760790146,0.005119750465610507,-0.6651008945724086
-0.09143329760790146,-0.640921017357703,-0.9132587963461567
-0.09143329760790146,-1.0386978044114668,1.733758822573825
-0.09143329760790146,-0.23742004629257635,1.0720044178438293
-0.09143329760790146,1.2134625942227404,-1.4509342501892781
-0.09143329760790146,-0.2594527545627278,0.010440060256128479
0.27936266850677416,0.009871903229760821,0.038013160453211646
-0.09143329760790146,0.7700003385499861,-0.8305394957549074
-0.09143329760790146,2.2038184305031265,-0.9684049967403231
-0.09143329760790146,1.4010286237774612,-1.037337747233031
-0.09143329760790146,1.1808455457051632,-1.133843597922822
-0.09143329760790146,2.4341898360925045,-1.561226650977611
-0.09143329760790146,1.1674531151880123,-1.1476301480213638
-0.09143329760790146,0.4428578221270019,-0.4031564427001187
-0.09143329760790146,1.704302372907781,-0.6651008945724086
-0.09143329760790146,0.7811246961569743,-0.3755833425030355
1.3101754543055724,0.15600060072738298,0.038013160453211646
0.7737572899930083,0.6446443088168694,-0.1963581912219951
-0.09143329760790146,0.16384885301969182,-0.44451609299574324
-0.09143329760790146,2.143984507063598,-1.0235511971344895
-0.09143329760790146,0.39270821000229444,-0.8443260458534491
-0.09143329760790146,0.4278813406884676,0.2999576123255018
-0.09143329760790146,0.9472340359584103,-0.8994722462476153
-0.09143329760790146,1.114135401220538,-1.2579225488096961
-0.09143329760790146,0.5771061377142483,-0.9684049967403231
-0.09143329760790146,2.290725224235391,-1.1889897983169881
-0.09143329760790146,0.8741156854736429,-0.8581125959519905
-0.09143329760790146,1.0722300541184853,-1.064910847430114
-0.09143329760790146,1.2771126403365112,-0.7478201951636579
-0.09143329760790146,1.3447588149110448,-0.7340336450651164
-0.09143329760790146,1.6175395838047337,-0.9684049967403231
-0.09143329760790146,0.9002165245191655,-0.8167529456563658
-0.09143329760790146,0.9149769990138747,-0.9270453464446984
-0.09143329760790146,0.1997060056946442,-0.21014474132053668
-0.09143329760790146,6.5143089968458945,-1.0097646470359478
-0.09143329760790146,0.3613512019903632,-1.0511242973315726
-0.09143329760790146,-0.16412169002128818,0.13451901114300274
-0.09143329760790146,1.5770022806802393,-1.1752032482184467
-0.09143329760790146,1.0188403378364026,-1.0924839476271972
-0.09143329760790146,1.397428508047044,-0.9959780969374062
0.11901846694367121,-0.5284174007821748,0.5481155140992499
-0.09143329760790146,0.186673586750535,-0.5410219436855346
-0.09143329760790146,1.0776662288714147,-0.8305394957549074
-0.09143329760790146,0.5784381805345026,-0.4031564427001187
-0.09143329760790146,1.0421330866121998,-0.9132587963461567
-0.09143329760790146,3.471095168767181,-0.7891798454592827
-0.09143329760790146,1.4577664476888315,-0.7340336450651164
-0.09143329760790146,0.64180021738984,-0.41694299279866026
-0.09143329760790146,0.812373700696993,-0.9959780969374062
-0.09143329760790146,1.357971239641675,-0.6513143444738668
-0.09143329760790146,0.7522517679990307,-1.0097646470359478
-0.09143329760790146,2.204754460593035,-1.161416698119905
-0.09143329760790146,1.6897579053568967,-1.2165628985140715
-0.09143329760790146,4.010320502869025,-0.9684049967403231
-0.09143329760790146,-0.09103934069382501,-0.6375277943753255
-0.09143329760790146,0.1780693101548386,-0.43072954289720183
-0.09143329760790146,1.6603089586820865,-1.161416698119905
-0.09143329760790146,0.42215715667710474,-0.3893698926015769
-0.09143329760790146,0.8312743082816818,-0.8581125959519905
-0.09143329760790146,1.327298253618523,-1.4509342501892781
-0.09143329760790146,2.26239231343701,-0.9959780969374062
-0.09143329760790146,0.7306510736165293,-1.1752032482184467
-0.09143329760790146,0.060309524612901656,0.1896652115371691
-0.09143329760790146,0.9877713390829046,-1.1889897983169881
-0.09143329760790146,0.9470540301718894,-0.9821915468388647
-0.09143329760790146,0.5078039099037229,-0.8029663955578242
-0.09143329760790146,1.0524294176011921,-0.9270453464446984
-0.09143329760790146,2.589822839118427,-1.3130687492038624
-0.09143329760790146,0.34363863259671207,-0.16878509102491193
-0.09143329760790146,-0.8519598014747419,1.9681301742490318
-0.09143329760790146,2.080766474837477,-0.3893698926015769
-0.09143329760790146,-0.333399131665491,0.20345176163571066
2.071543171394373,-0.9719156576122332,1.1685102685336208
-0.09143329760790146,1.0343928377918035,-1.106270497725739
-0.09143329760790146,2.1219877999507504,-1.230349448612613
-0.09143329760790146,0.5469731690506588,-1.0235511971344895
-0.09143329760790146,0.6425202405359235,-0.9959780969374062
2.004990049271226,-0.7610928804390193,1.154723718435079
-0.09143329760790146,5.253440464581982,-1.3130687492038624
-0.09143329760790146,2.184017793985834,-1.0786973975286558
-0.09143329760790146,1.1197515817599883,-1.5060804505834444
-0.09143329760790146,-0.7228956525392959,1.719972272475284
-0.09143329760790146,-0.6564375161557999,1.6786126221796587
-0.09143329760790146,0.870083555855576,-0.6926739947694918
-0.09143329760790146,0.7654281915723565,-0.5410219436855346
-0.09143329760790146,2.337850739146548,-1.2027763484155298
-0.09143329760790146,0.26386006801067347,-0.08606579043366243
-0.09143329760790146,1.1668050943565373,-1.2854956490067793
-0.09143329760790146,-0.2975059778332345,0.7824868657744568
-0.09143329760790146,1.474470984677966,-0.8718991460505322
-0.09143329760790146,0.5836943495009113,-0.8029663955578242
-0.09143329760790146,0.8057494877530259,-0.33422369220741094
-0.09143329760790146,-0.3334351328227952,-0.21014474132053668
-0.09143329760790146,0.9627505347565071,-1.0786973975286558
-0.09143329760790146,2.1283240036362843,-1.354428399499487
-0.09143329760790146,1.7056704168853396,-1.4095745998936535
-0.09143329760790146,-0.004960573579556826,-0.6099546941782422
-0.09143329760790146,0.11319522469272598,-0.7616067452621995
-0.09143329760790146,0.5579175208711262,-0.5272353935869928
-0.09143329760790146,0.8789398405524016,-0.6375277943753255
-0.09143329760790146,1.367367541698063,-0.9546184466417815
-0.09143329760790146,0.9540382546888982,-1.354428399499487
-0.09143329760790146,-0.07138270880574872,-0.6651008945724086
-0.09143329760790146,2.57128224310678,-1.0924839476271972
-0.09143329760790146,1.8538511803492994,-0.7340336450651164
-0.09143329760790146,2.422561462283258,-1.3406418494009456
-0.09143329760790146,1.7489078068076467,-0.7202470949665748
-0.09143329760790146,1.8463629396300323,-0.8305394957549074
-0.09143329760790146,1.2002501694921104,-1.0235511971344895
-0.09143329760790146,1.5588936985562423,-1.133843597922822
-0.09143329760790146,1.3589432708888876,-1.423361149992195
-0.09143329760790146,1.8116578239888133,-1.2579225488096961
-0.09143329760790146,1.6068832412426997,-1.133843597922822
-0.09143329760790146,0.6363280414796064,-1.0235511971344895
-0.09143329760790146,0.7387153328526631,-0.9821915468388647
-0.09143329760790146,2.7656164902346845,-1.4095745998936535
-0.09143329760790146,1.2629281843586686,-1.1200570478242806
-0.09143329760790146,1.932981724103863,-0.8718991460505322
-0.09143329760790146,2.9474583357780424,-0.94083189654324
0.19696356492573514,2.162201092659507,-0.8167529456563658
-0.09143329760790146,0.6248796734568807,-1.0235511971344895
-0.09143329760790146,1.4364537625647635,-1.0235511971344895
-0.09143329760790146,0.6708891524916086,-1.0786973975286558
-0.09143329760790146,0.7406233941897841,-1.2717090989082378
-0.09143329760790146,0.5302326309042202,-1.0097646470359478
-0.09143329760790146,1.2454316219088424,-0.8443260458534491
-0.09143329760790146,1.9741670480598323,-1.423361149992195
-0.09143329760790146,2.362943545787554,-0.8305394957549074
-0.09143329760790146,1.3711476632150008,-1.3820014996965702
-0.09143329760790146,2.0860226438038856,-0.9959780969374062
-0.09143329760790146,1.292809144921129,-1.0235511971344895
-0.09143329760790146,0.33647440229318243,0.13451901114300274
-0.09143329760790146,0.5987428332540539,-0.7891798454592827
-0.09143329760790146,1.1066111593439667,-0.3755833425030355
-0.09143329760790146,0.6243036549400139,0.6859810150846658
-0.09143329760790146,0.7799726591232409,-0.8029663955578242
-0.09143329760790146,0.6141873297375424,-0.67888744467095
-0.09143329760790146,1.6888938775815967,-1.354428399499487
-0.09143329760790146,0.4305814274862803,-1.064910847430114
-0.09143329760790146,0.4534781635317318,-0.7891798454592827
-0.09143329760790146,1.8744798434845882,-0.6099546941782422
-0.09143329760790146,-0.2130472627976539,0.20345176163571066
-0.09143329760790146,2.511016305779601,-1.064910847430114
-0.09143329760790146,0.7466355874595804,-1.1200570478242806
-0.09143329760790146,-0.017524977478711824,0.010440060256128479
-0.09143329760790146,0.5591055590621637,-0.7340336450651164
-0.09143329760790146,0.7027501767057983,-0.7891798454592827
-0.09143329760790146,-0.7295918677978713,1.3201623196175778
-0.09143329760790146,0.9658106331273615,-0.8029663955578242
-0.09143329760790146,0.44296582559891445,-1.0924839476271972
0.7737572899930083,0.37481563482212243,-1.1476301480213638
-0.09143329760790146,-0.07865494258119086,-0.04470614013803767
-0.09143329760790146,-0.15688545740315019,-1.133843597922822
-0.09143329760790146,4.88676867743902,-1.3682149495980287
-0.09143329760790146,6.042405826902846,-1.230349448612613
-0.09143329760790146,1.1341880458389602,-0.9270453464446984
-0.09143329760790146,0.3347463467425823,0.21723831173425187
-0.09143329760790146,5.061122282263111,-1.3820014996965702
-0.09143329760790146,-0.12657248295303986,-0.09985234053220401
-0.09143329760790146,-0.7029150102354821,1.7475453726723664
-0.09143329760790146,0.9730108645881953,-1.0511242973315726
-0.09143329760790146,0.3825198824852146,-0.6513143444738668
-0.09143329760790146,1.2409674784031255,-1.2854956490067793
-0.09143329760790146,3.6936903243788586,-1.4095745998936535
-0.09143329760790146,0.914364979339704,-1.0097646470359478
-0.09143329760790146,1.6551247920302863,-1.0924839476271972
-0.09143329760790146,0.3002932392024925,-0.4858757432913682
-0.09143329760790146,0.17565723261545926,-0.1963581912219951
-0.09143329760790146,-0.48283993563509675,0.8514196162671643
-0.09143329760790146,-0.009496719399882126,0.16209211134008591
1.7309894294663555,-0.2823854917654835,0.5343289640007083
-0.09143329760790146,-0.45457902715132403,0.0793728107488364
-0.09143329760790146,0.0018436451509311236,-0.18257164112345334
-0.09143329760790146,-0.15929753494252952,-0.14121199082782876
-0.09143329760790146,-0.5728428288955194,0.9341389168584135
-0.09143329760790146,-0.30593024864241003,0.0793728107488364
-0.09143329760790146,0.5005316761282808,-0.41694299279866026
-0.09143329760790146,-0.4348503929486394,0.7273406653802901
-0.09143329760790146,0.20766226145886557,-0.265290941714703
-0.09143329760790146,-0.4763597273203463,0.5894751643948742
0.05014334399952014,0.8654754077206424,-0.4996622933899096
-0.09143329760790146,-0.5666146286818982,1.0995775180409129
-0.09143329760790146,-0.18694642375213136,-0.058492690236579443
-0.09143329760790146,-0.3088823435413519,0.10694591094591957
-0.09143329760790146,-0.7290158492810047,1.0030716673511215
-0.09143329760790146,-0.1951546876174819,-0.21014474132053668
1.6389478775939181,-0.059646331524589605,0.796273415872998
-0.09143329760790146,-1.1144082382221343,0.8376330661686228
-0.09143329760790146,-0.40198133632993305,-0.22393129141907828
-0.09143329760790146,-0.7340200101462842,0.3826769129167509
-0.09143329760790146,0.18022937959308874,-0.34801024230595234
-0.09143329760790146,0.2336550970324756,-0.21014474132053668
0.09396468544943634,-0.3662321871268932,0.42403656321237565
1.8552455244941457,-0.9221620582178716,0.2861710622269598
-0.09143329760790146,-1.0479141006813342,1.8164781231650744
0.8819061134431221,-0.05662223431103941,0.8514196162671643
-0.09143329760790146,-0.4481348199938778,0.32753071252258453
-0.09143329760790146,-0.24292822336011421,-0.14121199082782876
-0.09143329760790146,-0.5894753635700455,0.961712017055497
-0.09143329760790146,-0.950134957443211,1.6648260720811172
-0.09143329760790146,-0.6505333263579162,0.010440060256128479
0.07784312170532003,0.8731076530691262,-1.0924839476271972
-0.09143329760790146,-0.5486860523444219,-0.3204371421088692
-0.09143329760790146,-1.0694787939065313,1.9681301742490318
-0.09143329760790146,-0.9957124225902889,1.9405570740519487
-0.09143329760790146,-1.0875873760305284,1.8991974237563238
-0.09143329760790146,-0.5670826437268524,0.14830556124154431
-0.09143329760790146,-0.7977060574173592,0.5205424139021667
1.0209546007361254,-0.948442903049915,0.23102486183279383
-0.09143329760790146,-0.980807943466363,0.9203523667598723
-0.09143329760790146,-0.2685250462033784,-0.1963581912219951
-0.09143329760790146,-0.9229540836785634,0.8238465160700816
0.08346830733172861,2.337238719472377,-0.8305394957549074
0.5075448015004208,-0.5874232976037078,1.4580278206029933
-0.09143329760790146,-0.3254428759012697,-0.1963581912219951
-0.09143329760790146,-0.209447147067237,-0.017133039940954692
-0.09143329760790146,-0.42098994738653434,0.9892851172525803
-0.09143329760790146,-0.9368865315552768,0.8100599659715396
-0.09143329760790146,-0.9581632155220406,1.154723718435079
-0.09143329760790146,-1.0638266122097768,1.8302646732636159
-0.09143329760790146,-0.6568335288861458,0.3413172626211261
-0.09143329760790146,0.02578441475820354,-0.22393129141907828
-0.09143329760790146,0.14761233107551158,-0.15499854092637036
-0.09143329760790146,0.3042533665059511,-0.34801024230595234
-0.09143329760790146,-0.05986233846841462,-0.15499854092637036
-0.09143329760790146,-0.793205912754338,1.0582178677452883
0.5712658758736465,-0.9827520059607882,0.7824868657744568
-0.09143329760790146,-0.37944461185752326,0.1896652115371691
3.8019243465961927,-0.9050255073410871,1.0306447675482049
-0.09143329760790146,-0.39488910834101176,0.010440060256128479
3.8019243465961927,-0.07937496572727425,0.32753071252258453
-0.09143329760790146,-0.5023525628939564,0.3413172626211261
-0.09143329760790146,-1.046834065962209,1.5958933215884092
-0.09143329760790146,0.29546908412373385,-0.4583026430942848
-0.09143329760790146,2.9012688509567934,-0.8856856961490736
-0.09143329760790146,0.14217615632258207,-0.3617967924044939
-0.09143329760790146,0.7107064324700196,-0.6099546941782422
-0.09143329760790146,-0.3328591143059285,-0.04470614013803767
-0.09143329760790146,-0.20627904522447013,-0.33422369220741094
-0.09143329760790146,-0.7860776836081126,0.42403656321237565
-0.09143329760790146,-0.9176619135548505,0.8376330661686228
-0.09143329760790146,-0.48924814163523883,0.6721944649861241
-0.09143329760790146,-0.44161861052182316,0.10694591094591957
-0.09143329760790146,0.13998008572702775,-0.8167529456563658
-0.09143329760790146,-0.03390550405210874,0.09315936084737798
-0.09143329760790146,-0.9809159469382754,1.4028816202088275
-0.09143329760790146,-0.7204115726853083,0.961712017055497
-0.09143329760790146,-1.0607665138389224,1.8302646732636159
-0.09143329760790146,-1.1992629659880607,2.037062924741739
-0.05210645271695102,0.991479458285234,-0.9132587963461567
-0.09143329760790146,-1.0318575845236746,1.7061857223767418
-0.09143329760790146,-1.2829296555629497,1.7889050229679913
1.7055009997170651,-0.5408378000521131,0.4516096634094588
-0.09143329760790146,-0.40176532938610804,0.14830556124154431
-0.09143329760790146,-0.0247612100968498,-0.22393129141907828
-0.09143329760790146,-0.10111966473899235,-0.11363889063074559
-0.09143329760790146,-1.2455604542812222,1.8578377734606992
-0.09143329760790146,-0.8692763581380473,1.2374430190263288
-0.09143329760790146,-0.7296278689551755,0.8100599659715396
-0.09143329760790146,-1.1103401074467631,0.644621364789041
-0.09143329760790146,0.13616396305278583,-1.2854956490067793
-0.09143329760790146,-1.0542143032095637,1.51317402099716
-0.09143329760790146,0.4312654494750595,-0.4583026430942848
-0.09143329760790146,-0.5303614632765998,0.12073246104446116
-0.09143329760790146,-0.6649337892795838,1.4304547204059106
-0.09143329760790146,-0.763792967236832,0.4516096634094588
-0.09143329760790146,-0.5558502826479516,0.961712017055497
-0.09143329760790146,-1.0611265254119642,1.6786126221796587
-0.09143329760790146,-0.9181659297571089,1.926770523953407
-0.09143329760790146,-0.2670129975966033,0.5343289640007083
-0.09143329760790146,-1.1624697832232,1.761331922770908
-0.09143329760790146,-0.09593549808719201,0.14830556124154431
0.5856723796449844,3.0967551351184315,-1.3268552993024039
-0.09143329760790146,-0.23554798611275957,0.3826769129167509
-0.09143329760790146,-0.2298238021013967,-0.4720891931928266
0.07078993756726912,2.2955853804714534,-1.3957880497951118
0.6621197948186974,0.21893062369507046,-0.8581125959519905
-0.09143329760790146,-1.1208884465368847,1.1409371683365372
-0.09143329760790146,0.7786406163029866,-0.7064605448680331
-0.09143329760790146,0.17230912498617154,-0.003346489842413106
-0.09143329760790146,-0.8994093268016368,1.9405570740519487
-0.09143329760790146,-1.193790790077827,1.8716243235592407
-0.09143329760790146,-0.5284174007821748,0.010440060256128479
-0.09143329760790146,-0.7669250679222946,2.492019077993611
-0.09143329760790146,0.6970979950090437,-0.5410219436855346
-0.09143329760790146,-0.8857288870260526,1.3890950701102858
-0.09143329760790146,-0.9875041587249385,1.6096798716869511
-0.09143329760790146,0.6075271156362712,-0.7202470949665748
-0.09143329760790146,-0.32558688053048634,-0.04470614013803767
-0.09143329760790146,0.5196122894994903,-0.4996622933899096
-0.09143329760790146,-0.5731668393112569,0.20345176163571066
-0.09143329760790146,-0.9881521795564134,1.9405570740519487
-0.09143329760790146,-0.7696251547201074,-0.3204371421088692
-0.09143329760790146,-0.6983068621005485,1.0582178677452883
-0.09143329760790146,0.3087895123262764,-0.33422369220741094
-0.09143329760790146,1.9643747332730983,-0.6651008945724086
-0.09143329760790146,-0.8611040954300009,1.223656468927787
0.65909347717843,-0.656473517313104,0.6032617144934163
-0.09143329760790146,-0.9969004607813265,1.2098699188292452
-0.09143329760790146,-1.0588584525018014,1.444241270504452
-0.09143329760790146,-0.9658314620278287,1.9543436241504901
2.5041384651948277,-0.24130817128142662,0.038013160453211646
-0.09143329760790146,-1.227019858269575,2.9883348815411077
-0.09143329760790146,-0.8713284241043849,1.196083368730704
-0.09143329760790146,-1.0579944247265014,1.7751184728694496
-0.09143329760790146,-0.86049207575583,1.8302646732636159
-0.09143329760790146,0.11614731959166784,-0.6237412442767839
-0.09143329760790146,-1.049390148130805,1.568320221391326
-0.09143329760790146,-0.9422507039935979,1.761331922770908
-0.09143329760790146,-0.7102232451682284,1.5958933215884092
-0.09143329760790146,-0.6927626838757065,-0.07227924033512104
-0.09143329760790146,0.973154869217412,-0.9270453464446984
-0.09143329760790146,-0.3295110066766408,0.3826769129167509
-0.09143329760790146,1.8701237034507838,-0.94083189654324
-0.09143329760790146,-0.6990268852466318,0.9479254669569555
-0.09143329760790146,-0.42462606427425537,0.9892851172525803
-0.09143329760790146,-0.3077663076649227,0.4102500131138341
-0.09143329760790146,-0.573418847412386,0.479182763606542
-0.09143329760790146,-0.6140641540087929,0.06558626065029481
-0.09143329760790146,-0.7679691014841156,0.7411272154788318
-0.09143329760790146,-0.11858022603151433,0.3688903628182097
-0.09143329760790146,-0.6149281817840929,0.7273406653802901
-0.09143329760790146,0.25572380645993126,-0.23771784151761965
-0.09143329760790146,-0.4454347331960651,0.10694591094591957
-0.09143329760790146,0.10408693189477121,0.09315936084737798
-0.09143329760790146,-1.2638850433490443,2.3403670269096546
-0.09143329760790146,-0.5894033612554371,0.258597962029877
-0.09143329760790146,0.4748988521277124,-0.8305394957549074
-0.09143329760790146,-0.5237012491753286,0.3826769129167509
-0.09143329760790146,-0.48305594257892176,1.1409371683365372
-0.09143329760790146,0.15978072224432072,-0.4858757432913682
-0.09143329760790146,0.0453690443316715,-0.2515043916161612
-0.09143329760790146,-0.962699361342366,1.2098699188292452
-0.09143329760790146,0.19286578580685207,-0.3617967924044939
-0.09143329760790146,-0.6023277767276338,0.5619020641977915
-0.09143329760790146,0.49102737059998014,-0.3204371421088692
-0.09143329760790146,-0.9653634469828745,0.8376330661686228
-0.09143329760790146,-1.43975069677991,2.174928425727155
-0.09143329760790146,-0.8194147552717731,1.0168582174496634
-0.09143329760790146,-0.2646729223718323,0.2861710622269598
-0.09143329760790146,-0.5490460639174636,0.05179971055175323
-0.09143329760790146,-1.2635250317760025,3.029694531836733
-0.09143329760790146,0.21176639339154082,-0.30665059201032757
-0.09143329760790146,-0.6524413876950371,0.6859810150846658
-0.09143329760790146,-0.8987973071274659,0.8789927164642476
-0.09143329760790146,-0.2841135473160836,0.49296931370508357
-0.09143329760790146,-0.17546205457210143,-0.003346489842413106
-0.09143329760790146,-1.2920739495182085,2.092209125135906
-0.09143329760790146,-0.619176318345985,1.3753085200117443
-0.09143329760790146,-0.2328478993149469,0.10694591094591957
-0.09143329760790146,-0.7849256465743792,0.1896652115371691
-0.09143329760790146,-0.6599656295716084,0.6584079148875822
-0.09143329760790146,-0.6876865206958186,1.0444313176467461
-0.09143329760790146,-0.6145321690537471,1.4580278206029933
-0.09143329760790146,-0.8800047030146897,1.9543436241504901
-0.09143329760790146,-0.06835861159219851,0.32753071252258453
-0.09143329760790146,-0.7522365957421937,0.6584079148875822
-0.09143329760790146,0.07010183939963563,-0.7753932953607411
-0.09143329760790146,-0.5483620419286844,0.4102500131138341
-0.09143329760790146,-0.6901345993925021,1.0444313176467461
-0.09143329760790146,-0.15429337407725002,0.20345176163571066
-0.09143329760790146,1.3360825360007402,-1.0235511971344895
-0.09143329760790146,-0.3694362901269642,-0.21014474132053668
-0.09143329760790146,0.4025365259463326,-0.8029663955578242
-0.09143329760790146,-0.3091343516424811,0.3413172626211261
-0.09143329760790146,-1.2929739784508127,2.174928425727155
-0.09143329760790146,0.09303457660239131,0.06558626065029481
-0.09143329760790146,-0.6564015149984957,0.796273415872998
-0.09143329760790146,0.25557980183071455,-0.4996622933899096
-0.09143329760790146,-0.7234356698988584,0.8238465160700816
-0.09143329760790146,-0.8678723130031847,0.7411272154788318
-0.09143329760790146,-0.4786638013878131,0.7687003156759149
-0.09143329760790146,-1.3485597653284498,0.9341389168584135
-0.09143329760790146,-0.7344520240339342,0.6584079148875822
-0.09143329760790146,-1.4466269178250062,2.5609518284863193
7.695281990800287,-0.11879623297533935,0.32753071252258453
-0.09143329760790146,-0.1736259955495888,-0.030919590039496084
-0.09143329760790146,-1.0459340370296049,1.733758822573825
-0.09143329760790146,-0.6648257858076713,0.713554115281749
-0.09143329760790146,-0.9319183718473014,0.713554115281749
-0.09143329760790146,-1.0250893669504908,1.7475453726723664
-0.09143329760790146,0.2567678400217521,-1.037337747233031
-0.09143329760790146,-0.6789382394709055,0.1896652115371691
-0.09143329760790146,-1.0812151711876905,1.9681301742490318
-0.09143329760790146,-1.1652058711783169,1.6648260720811172
-0.09143329760790146,-1.0200492049279073,0.644621364789041
-0.09143329760790146,-1.0578144189399805,1.2650161192234115
-0.09143329760790146,-0.6867504906059102,1.0995775180409129
-0.09143329760790146,-1.1793903271561594,2.2852208265154874
-0.09143329760790146,-0.9389745986789185,1.9405570740519487
-0.09143329760790146,-1.0862913343675782,2.4782325278950696
-0.09143329760790146,-0.4024853525321914,0.49296931370508357
-0.09143329760790146,-0.8996613349027659,0.9892851172525803
2.3044790988253876,-0.7465844140454392,0.46539621350800037
-0.09143329760790146,-0.931198348701218,0.865206166365706
-0.09143329760790146,-0.574894894861857,0.2861710622269598
-0.09143329760790146,-1.2100633131793115,2.7539635298659015
-0.09143329760790146,-1.1104481109186757,2.5195921781906945
-0.09143329760790146,-1.196130865302598,2.0784225750373646
-0.09143329760790146,-0.8362632968901242,0.49296931370508357
0.6872382312329174,-1.3212708880918898,3.2227062332163143
-0.09143329760790146,-0.9286782676899262,1.4166681703073687
-0.09143329760790146,-1.2191716059772661,2.6160980288804856
-0.09143329760790146,-0.9425027120947271,1.4718143707015354
-0.09143329760790146,-0.7620649116862318,0.24481141193133543
-0.09143329760790146,0.08151420626505722,-0.04470614013803767
-0.09143329760790146,-1.066850709423327,1.6096798716869511
-0.09143329760790146,-1.1428131513351236,2.105995675234447
-0.09143329760790146,-1.0693347892773146,0.8376330661686228
-0.09143329760790146,-0.8617881174187801,0.9203523667598723
-0.09143329760790146,-1.330955199406711,2.3817266772052785
-0.09143329760790146,-1.5220133412199361,1.4993874708986186
-0.09143329760790146,-0.15566141805480846,-0.017133039940954692
-0.09143329760790146,-0.550630114838847,0.09315936084737798
-0.09143329760790146,-0.9953164098599431,1.9129839738548655
2.427798119230042,0.14397621418779052,-1.2027763484155298
-0.09143329760790146,-1.237460193887784,1.9129839738548655
-0.09143329760790146,-0.5134409193436404,0.8789927164642476
0.05276513365891683,-1.1158842856716051,1.1685102685336208
-0.09143329760790146,-0.7425882855846764,-0.14121199082782876
-0.09143329760790146,-0.42840618579119316,-0.017133039940954692
-0.09143329760790146,0.23660719193141747,-1.1752032482184467
-0.09143329760790146,-0.05201408617610577,-0.09985234053220401
-0.09143329760790146,-0.6247924988854353,0.05179971055175323
-0.09143329760790146,-0.6128761158177554,-0.4720891931928266
-0.09143329760790146,-0.573418847412386,0.7687003156759149
-0.09143329760790146,-0.981455964297838,0.09315936084737798
-0.09143329760790146,-0.8755765606662769,2.1473553255300715
-0.09143329760790146,0.004111718061093774,0.3413172626211261
-0.09143329760790146,-0.3172706131932233,0.1758786614386275
-0.09143329760790146,-0.45040289290404045,0.479182763606542
-0.09143329760790146,0.09706670622045825,-0.30665059201032757
-0.09143329760790146,-0.5159249991976281,0.6170482645919578
0.04282041426120523,-0.6278885984135938,-0.3893698926015769
-0.09143329760790146,-0.6405250046273572,0.7273406653802901
-0.09143329760790146,-0.9061415432175164,0.24481141193133543
-0.09143329760790146,-0.4416906128364315,-0.3755833425030355
-0.09143329760790146,-0.9987725209611433,1.444241270504452
-0.09143329760790146,-0.6979468505275068,0.16209211134008591
-0.09143329760790146,-1.1407250842114818,0.31374416242404335
-0.09143329760790146,-0.6366368796385069,0.09315936084737798
-0.09143329760790146,-0.1456170951669453,-0.3204371421088692
-0.09143329760790146,-0.4159137842066465,0.4516096634094588
-0.09143329760790146,-0.4236180318697387,-0.2515043916161612
-0.09143329760790146,-0.4834159541519634,0.4516096634094588
-0.09143329760790146,-1.1616417566052042,0.8789927164642476
-0.09143329760790146,-0.7547566767534856,-0.9546184466417815
-0.09143329760790146,-0.24555630784331856,-0.5134488434884512
-0.09143329760790146,-0.3844127715654986,-0.23771784151761965
-0.09143329760790146,-0.6634217406728087,0.6721944649861241
-0.09143329760790146,-0.7977420585746634,0.7411272154788318
-0.09143329760790146,-0.5059166774670691,1.154723718435079
-0.09143329760790146,-0.7534246339332313,0.2861710622269598
-0.09143329760790146,0.06714974450069378,-0.7202470949665748
-0.09143329760790146,-0.5163570130852781,0.1758786614386275
-0.09143329760790146,-0.3274589407103031,-0.1963581912219951
-0.09143329760790146,-0.5077887376468859,-0.2790774918132446
-0.09143329760790146,-0.23464795718015533,-0.5134488434884512
-0.09143329760790146,-0.2704331075404994,0.024226610354670254
-0.09143329760790146,-0.06065436392910634,-0.265290941714703
-0.09143329760790146,-0.3565838769693759,-0.23771784151761965
0.058311227169179095,1.0528614314888423,-0.5685950438826175
-0.09143329760790146,-0.9259421797348093,1.6786126221796587
-0.09143329760790146,-0.7049310750445156,0.05179971055175323
-0.09143329760790146,-0.01090076453474472,-1.106270497725739
-0.09143329760790146,-0.22046350120231273,-0.2790774918132446
-0.09143329760790146,-0.7465844140454392,2.0232763746431983
-0.09143329760790146,-0.5234132399168953,0.21723831173425187
-0.09143329760790146,-0.35431580405921326,0.4102500131138341
1.432054476211092,0.19124573372816447,0.0793728107488364
-0.09143329760790146,-0.2441162615511518,0.010440060256128479
-0.09143329760790146,0.025928419387420215,-0.5685950438826175
-0.09143329760790146,-0.22913978011261749,0.3688903628182097
-0.09143329760790146,-0.9649314330952244,0.16209211134008591
-0.09143329760790146,-1.0181051424334822,0.31374416242404335
-0.09143329760790146,-0.30992637710317283,-0.18257164112345334
-0.09143329760790146,0.18634957633479748,-0.08606579043366243
-0.09143329760790146,0.32581805973114836,-1.0511242973315726
-0.09143329760790146,0.29996922878675497,-0.7753932953607411
-0.09143329760790146,0.19257777654841873,-0.7478201951636579
-0.09143329760790146,-0.4022693455883664,0.479182763606542
-0.09143329760790146,-0.23839207753978892,0.3413172626211261
-0.09143329760790146,-0.19799877904451124,-0.23771784151761965
-0.09143329760790146,-0.5743908786595986,1.9543436241504901
-0.09143329760790146,-0.15357335093116664,-0.5961681440797006
-0.09143329760790146,-0.24591631941636025,-0.21014474132053668
3.8019243465961927,0.14030409614276526,-0.22393129141907828
-0.09143329760790146,-0.30492221623789334,-0.058492690236579443
-0.09143329760790146,-0.006400619871723588,-0.7202470949665748
-0.09143329760790146,0.4873192513976507,-0.6651008945724086
-0.09143329760790146,0.08637436250112004,-0.265290941714703
-0.09143329760790146,0.11287121427698846,0.8789927164642476
-0.09143329760790146,-0.45504704219627823,0.7687003156759149
-0.09143329760790146,-0.6033358091321506,0.9892851172525803
-0.09143329760790146,-0.7113752822019619,0.14830556124154431
-0.09143329760790146,-0.94693085444314,1.6648260720811172
-0.09143329760790146,-0.30697428220423095,-0.9821915468388647
-0.09143329760790146,-0.33509118605878696,-0.09985234053220401
-0.09143329760790146,-0.11573613460448498,-0.017133039940954692
-0.09143329760790146,-0.38768887688017795,-0.34801024230595234
-0.09143329760790146,-0.1419809782792242,-0.5272353935869928
-0.09143329760790146,-0.8674763002728388,0.4102500131138341
-0.09143329760790146,-0.1543293752345542,-0.07227924033512104
-0.09143329760790146,-0.6336127824249567,0.1758786614386275
-0.09143329760790146,-0.5730588358393444,0.5619020641977915
-0.09143329760790146,-0.6077999526378675,-0.18257164112345334
-0.09143329760790146,-0.9209380188695299,-1.1476301480213638
-0.09143329760790146,-0.47909581527546313,0.14830556124154431
-0.09143329760790146,-0.14345702572869515,0.024226610354670254
-0.09143329760790146,-0.251820509214244,-0.265290941714703
-0.09143329760790146,-1.0909354836598162,1.3063757695190368
-0.09143329760790146,-0.39791320555456194,-0.003346489842413106
-0.09143329760790146,-0.4225379971506136,-0.6651008945724086
-0.09143329760790146,-0.10090365779516733,-0.30665059201032757
-0.09143329760790146,-0.8132945585300644,-0.017133039940954692
-0.09143329760790146,-0.004384555062690121,-1.2165628985140715
-0.09143329760790146,-0.48806010344420125,0.024226610354670254
-0.09143329760790146,0.4261172839805633,-0.6926739947694918
-0.09143329760790146,-0.12671648758225654,-0.6375277943753255
-0.09143329760790146,-1.0346656747933998,1.113364068139454
-0.09143329760790146,-0.7378001316632219,0.3826769129167509
-0.09143329760790146,-0.3667002021718474,-0.8305394957549074
-0.09143329760790146,-0.13463674218917374,-0.9959780969374062
-0.09143329760790146,0.2442394372799013,-0.5548084937840759
-0.09143329760790146,-1.193790790077827,1.9819167243475735
-0.09143329760790146,-0.4801038476799799,0.20345176163571066
-0.09143329760790146,-0.728439830764138,1.4304547204059106
-0.09143329760790146,-0.8121785226536352,0.35510381271966773
-0.09143329760790146,-0.9657234585559161,0.23102486183279383
-0.09143329760790146,-0.40644547983565005,1.0857909679423714
-0.09143329760790146,-0.32731493608108647,-0.6651008945724086
-0.09143329760790146,0.019088199499628096,-0.9684049967403231
-0.09143329760790146,-0.3303030321373325,-0.21014474132053668
-0.09143329760790146,-0.4559110699715783,-0.07227924033512104
-0.09143329760790146,-0.4978884193882394,-0.7616067452621995
-0.09143329760790146,-0.1149081079864891,-0.6099546941782422
-0.09143329760790146,-0.6150001840987013,0.3413172626211261
-0.09143329760790146,-0.06216641253588144,-0.3617967924044939
-0.09143329760790146,-0.040025700793817474,-0.16878509102491193
-0.09143329760790146,-0.7445683492364057,0.7549137655773737
-0.09143329760790146,0.26548012008936106,-0.4583026430942848
-0.09143329760790146,0.023300334904215875,-0.5272353935869928
-0.09143329760790146,-0.22463963544959634,0.5205424139021667
-0.09143329760790146,-0.5928234711993332,-0.2515043916161612
-0.09143329760790146,-0.22057150467422523,-0.6237412442767839
-0.09143329760790146,-0.6821783436282808,0.8789927164642476
-0.09143329760790146,-0.2037589642131783,0.06558626065029481
-0.09143329760790146,0.6021269420406458,0.024226610354670254
-0.09143329760790146,-0.688406543841902,-0.017133039940954692
-0.09143329760790146,0.5831183309840445,-0.8029663955578242
-0.09143329760790146,0.5869704548155906,-0.7616067452621995
-0.09143329760790146,0.6334479488952729,-0.41694299279866026
-0.09143329760790146,-0.18021420733625174,0.13451901114300274
-0.09143329760790146,-0.9813119596686214,1.4166681703073687
-0.09143329760790146,-0.7489244892702102,1.0582178677452883
-0.09143329760790146,-0.19184258114549835,0.3413172626211261
-0.09143329760790146,-0.46746744146621655,0.09315936084737798
-0.09143329760790146,-0.44935885934221953,0.479182763606542
-0.09143329760790146,2.4431181231039383,-1.0235511971344895
-0.09143329760790146,0.5516173183428966,-0.9270453464446984
-0.09143329760790146,-0.4609152308368578,-0.1963581912219951
-0.09143329760790146,-0.06857461853602353,-1.0235511971344895
2.3044790988253876,-0.5602784249963644,0.2861710622269598
-0.09143329760790146,0.024308367308732606,-0.4858757432913682
-0.09143329760790146,-0.224351626191163,0.24481141193133543
-0.09143329760790146,-0.6700459536167758,0.6308348146904991
-0.09143329760790146,-0.9313063521731305,0.5756886142963331
-0.09143329760790146,1.0605656791519344,-1.133843597922822
-0.09143329760790146,-0.21448730908982067,-0.44451609299574324
-0.09143329760790146,-0.6215523947280601,-0.003346489842413106
-0.09143329760790146,-0.5901953867161288,-0.11363889063074559
-0.09143329760790146,-0.1605935766054796,-0.6651008945724086
-0.09143329760790146,-0.3248308562270988,0.23102486183279383
-0.09143329760790146,-0.5359056415014419,-0.34801024230595234
-0.09143329760790146,-0.13089262182954015,-0.5272353935869928
-0.09143329760790146,-0.01090076453474472,-0.6237412442767839
-0.09143329760790146,-0.0292973559171751,-0.6375277943753255
0.6164499104292066,-0.8900490259025529,1.4304547204059106
-0.09143329760790146,-0.3587799475649302,0.6308348146904991
-0.09143329760790146,-0.4924162434780057,-0.23771784151761965
-0.09143329760790146,-0.5187690906246575,0.6721944649861241
-0.09143329760790146,-0.23590799768580126,0.05179971055175323
-0.09143329760790146,0.03755679319666682,-0.30665059201032757
-0.09143329760790146,-0.38768887688017795,-0.15499854092637036
-0.09143329760790146,-0.8080743907209599,1.182296818632162
-0.09143329760790146,0.13537193759209412,-0.8718991460505322
-0.09143329760790146,-0.5541942294119598,-0.09985234053220401
-0.09143329760790146,-0.2905577544735299,-0.15499854092637036
-0.09143329760790146,-0.8209268038785482,0.5619020641977915
-0.09143329760790146,-0.020441071220349515,-0.8856856961490736
-0.09143329760790146,-0.6775341943360429,0.6721944649861241
-0.09143329760790146,-0.6764181584596137,-0.16878509102491193
-0.09143329760790146,-0.33455116869922447,-0.15499854092637036
-0.09143329760790146,-0.3466835587107294,-0.67888744467095
-0.09143329760790146,-0.2683090392595534,-0.6651008945724086
-0.09143329760790146,0.32286596483220653,-0.7064605448680331
-0.09143329760790146,0.28160863856162877,-0.292864041911786
-0.09143329760790146,-0.7894257912374003,0.39646346301529245
-0.09143329760790146,1.237655371931142,-0.8029663955578242
-0.09143329760790146,0.6472363921427696,0.7687003156759149
-0.09143329760790146,0.8376825142818238,0.21723831173425187
-0.09143329760790146,0.23660719193141747,-0.43072954289720183
-0.09143329760790146,-0.13740883130159476,-0.4996622933899096
-0.09143329760790146,-0.4448587146791984,-0.4031564427001187
-0.09143329760790146,-0.32418283539562376,0.5343289640007083
-0.09143329760790146,-0.2033989526401366,-0.18257164112345334
0.05276513365891683,-0.4530309773872448,0.8789927164642476
-0.09143329760790146,-0.7336959997305467,1.51317402099716
-0.09143329760790146,-0.5579023486142892,0.9341389168584135
-0.09143329760790146,-0.3184226502269567,0.038013160453211646
-0.09143329760790146,0.9341296146996927,-0.7064605448680331
-0.09143329760790146,1.1834016278737591,-0.7340336450651164
-0.09143329760790146,1.690441927345676,-0.4996622933899096
-0.09143329760790146,0.2782965320896452,-1.0786973975286558
-0.09143329760790146,0.08471830926512827,-0.4858757432913682
-0.09143329760790146,0.13285185658080229,-0.7616067452621995
-0.09143329760790146,-0.3810286627789067,0.7411272154788318
-0.09143329760790146,-0.5015965385905689,0.10694591094591957
-0.09143329760790146,1.7617242188079307,-1.1889897983169881
-0.09143329760790146,0.668621079581446,-0.9132587963461567
-0.09143329760790146,0.6448243146033903,-1.0511242973315726
-0.09143329760790146,-0.305282227810935,-0.003346489842413106
-0.09143329760790146,-0.28652562485546296,0.24481141193133543
-0.09143329760790146,-0.4127096812065754,-0.4858757432913682
-0.09143329760790146,-0.8935411381610572,0.35510381271966773
-0.09143329760790146,1.4120449779125368,-1.161416698119905
-0.09143329760790146,-0.5434298833780132,0.3688903628182097
-0.09143329760790146,0.4010244773395575,-0.6513143444738668
-0.09143329760790146,-0.23925610531508898,0.2999576123255018
1.432054476211092,-0.25776070016943187,0.7687003156759149
-0.09143329760790146,0.5931986550292119,-1.4095745998936535
-0.09143329760790146,0.340218522652816,-1.133843597922822
-0.09143329760790146,2.430445715732871,-0.9959780969374062
-0.09143329760790146,1.0022438043191806,-0.94083189654324
-0.09143329760790146,2.2584681872908554,-1.2165628985140715
0.6385712606803662,-0.7066591305951156,1.0582178677452883
-0.09143329760790146,0.5529493611631509,-1.0786973975286558
-0.09143329760790146,-0.4759277134326963,0.1758786614386275
-0.09143329760790146,1.6187996243103797,-1.0097646470359478
-0.09143329760790146,-0.5144489517481572,0.644621364789041
-0.09143329760790146,0.8305182839782942,-1.3268552993024039
-0.09143329760790146,-0.37991262690247746,-0.5685950438826175
-0.09143329760790146,-0.36410811884594724,0.8376330661686228
-0.09143329760790146,-0.19810678251642375,-0.4031564427001187
-0.09143329760790146,-0.034481522568975444,-0.1963581912219951
-0.09143329760790146,-0.6128401146604512,0.6721944649861241
-0.09143329760790146,-0.15915353031331284,-0.08606579043366243
-0.09143329760790146,-0.2329559027868594,0.05179971055175323
-0.09143329760790146,0.11755136472653044,-0.3204371421088692
-0.09143329760790146,-0.247140358764702,-0.4720891931928266
-0.09143329760790146,2.2804648944037025,-1.4095745998936535
-0.09143329760790146,0.18001337264926373,-0.6099546941782422
-0.09143329760790146,-0.8321231638001448,0.9341389168584135
-0.09143329760790146,-0.7441003341914515,0.7411272154788318
-0.09143329760790146,0.16896101735688385,-0.5823815939811591
-0.09143329760790146,-0.3034101676311182,-0.30665059201032757
-0.09143329760790146,0.053073291994763676,0.10694591094591957
-0.09143329760790146,-0.1988628068198113,-0.04470614013803767
-0.09143329760790146,-0.7909378398441754,0.479182763606542
-0.09143329760790146,1.0546254881967465,-0.67888744467095
-0.09143329760790146,-0.0014324601637482597,-0.3755833425030355
0.32149857374707824,-0.03372549826558789,0.038013160453211646
-0.09143329760790146,1.1283558583556847,-1.1476301480213638
-0.09143329760790146,-0.5312254910519,0.865206166365706
-0.09143329760790146,-0.30243813638390565,0.038013160453211646
-0.09143329760790146,-0.2739612209563079,0.23102486183279383
-0.09143329760790146,-0.06040235582797716,-0.003346489842413106
-0.09143329760790146,0.17292114466034242,-0.22393129141907828
-0.09143329760790146,-0.5605664342547977,0.24481141193133543
-0.09143329760790146,-0.47214759191575856,-0.22393129141907828
-0.09143329760790146,-0.7364320876856635,0.10694591094591957
-0.09143329760790146,-0.10155167862664237,-0.22393129141907828
-0.09143329760790146,0.08889444351241188,-1.1752032482184467
-0.09143329760790146,-0.10115566589629651,-0.23771784151761965
1.8552455244941457,0.6423042335920984,-0.5272353935869928
-0.09143329760790146,0.9526702107113398,-0.9546184466417815
-0.09143329760790146,2.011932262071906,-0.9959780969374062
-0.09143329760790146,1.260624110291202,-1.2165628985140715
-0.09143329760790146,-0.7213476027752167,0.3413172626211261
-0.09143329760790146,-0.21412729751677897,-0.003346489842413106
-0.07257926543257896,1.33478649433779,-0.7616067452621995
-0.09143329760790146,-0.13139663803179852,-0.21014474132053668
-0.09143329760790146,2.3555633085401992,-1.2992821991053207
-0.09143329760790146,-0.5924634596262914,1.3201623196175778
-0.09143329760790146,-0.46969951321907505,-0.2790774918132446
-0.09143329760790146,2.816126113932434,-1.0235511971344895
-0.09143329760790146,0.2964771165282506,-0.8581125959519905
2.0130843479078253,0.11665133579392621,0.2999576123255018
-0.09143329760790146,-1.4189420278581002,2.4506594276979863
-0.09143329760790146,-0.541233812782459,0.6584079148875822
-0.09143329760790146,-0.7658450332031697,0.7411272154788318
-0.09143329760790146,-0.059646331524589605,-0.6375277943753255
-0.09143329760790146,-0.18871048046003563,-0.43072954289720183
-0.09143329760790146,-0.3652961570369848,0.5067558638036251
-0.09143329760790146,-0.710763262527791,0.7549137655773737
-0.09143329760790146,-0.9907082617250095,2.037062924741739
-0.09143329760790146,-1.4282663275998801,3.264065883511939
-0.09143329760790146,-1.2057791754601153,2.4782325278950696
1.368575818968634,-0.294625885248901,0.10694591094591957
-0.09143329760790146,-0.2644929165853115,1.1409371683365372
-0.09143329760790146,-0.21869944449440845,-0.4720891931928266
-0.09143329760790146,-0.6269165671663812,0.258597962029877
-0.09143329760790146,0.9019805812270698,-0.7064605448680331
-0.09143329760790146,-0.8490437077331042,0.6032617144934163
-0.09143329760790146,-0.26964108207980764,-0.34801024230595234
-0.09143329760790146,-0.330843049496895,0.1758786614386275
-0.09143329760790146,1.5696220434328847,-1.230349448612613
-0.09143329760790146,1.1119033294676794,-1.230349448612613
-0.09143329760790146,1.2519838325382013,-1.2579225488096961
-0.09143329760790146,-0.46001520190425355,-0.12742544072928738
-0.09143329760790146,1.0933627334560325,-0.9821915468388647
-0.09143329760790146,0.9580343831496609,-1.4785073503863613
-0.09143329760790146,-0.9109296971389709,0.258597962029877
-0.09143329760790146,0.729319030796275,-0.6099546941782422
-0.09143329760790146,-0.9277062364427137,1.4166681703073687
-0.09143329760790146,-0.8098024462715601,1.1685102685336208
-0.09143329760790146,0.043892996882200566,-0.2790774918132446
-0.09143329760790146,-0.3045982058221558,-0.030919590039496084
-0.09143329760790146,-0.45227495308385723,1.154723718435079
-0.09143329760790146,-0.28501357624868784,0.644621364789041
-0.09143329760790146,1.5590737043427632,-1.1752032482184467
-0.09143329760790146,-0.6550694721782414,1.3753085200117443
-0.09143329760790146,-0.2262956886855881,0.7273406653802901
-0.09143329760790146,0.25010762592048086,-0.6513143444738668
0.2865625901789038,3.0392972880609777,-0.9959780969374062
-0.09143329760790146,-0.7012589569994904,1.5958933215884092
-0.09143329760790146,-0.4609152308368578,1.3890950701102858
-0.09143329760790146,-0.3823247044418568,0.20345176163571066
-0.09143329760790146,-0.3660161801830682,-0.017133039940954692
-0.09143329760790146,-0.14010891809940743,-0.5961681440797006
-0.09143329760790146,-0.23299190394416355,0.5067558638036251
-0.09143329760790146,1.7001262386604976,-1.2441359987111547
-0.09143329760790146,0.12338355220980582,-0.7891798454592827
-0.09143329760790146,-0.339987343452154,-0.14121199082782876
-0.09143329760790146,1.1031190470854622,-0.8581125959519905
-0.09143329760790146,0.21893062369507046,-0.94083189654324
-0.09143329760790146,-0.5460939690185218,0.35510381271966773
2.5041384651948277,0.08554633588312416,0.6584079148875822
-0.09143329760790146,-0.43931453645435636,-1.037337747233031
-0.09143329760790146,1.2583560373810392,-1.133843597922822
-0.09143329760790146,-0.39992927036359543,0.06558626065029481
-0.09143329760790146,-0.39737318819499945,0.05179971055175323
0.7934207124384836,-0.7975980539454467,2.105995675234447
-0.09143329760790146,-0.12282836259340628,-1.037337747233031
-0.09143329760790146,0.1486563646373325,0.024226610354670254
-0.09143329760790146,-1.1232285217616558,3.9671799385375595
-0.09143329760790146,-0.46541537549987894,-0.5272353935869928
-0.09143329760790146,-0.0802389935025743,-0.18257164112345334
-0.09143329760790146,0.06488167159053113,-0.6651008945724086
-0.09143329760790146,0.15409253939026202,-0.4996622933899096
-0.09143329760790146,0.16777297916584624,-0.5548084937840759
-0.09143329760790146,-0.7603728572929359,-0.4720891931928266
-0.09143329760790146,1.1494165353786236,-0.8581125959519905
-0.09143329760790146,1.2698764077183733,-0.9684049967403231
-0.09143329760790146,-0.3139225055639356,0.038013160453211646
-0.09143329760790146,-0.9199299864650131,1.5545336712927844
-0.09143329760790146,0.14426422344622386,-0.7340336450651164
-0.09143329760790146,-0.02213312561364546,-0.2790774918132446
-0.09143329760790146,0.943129904025735,-1.106270497725739
-0.09143329760790146,-0.9417106866340353,1.7751184728694496
0.3666087781808155,0.3068094486745471,-0.30665059201032757
-0.09143329760790146,0.6001108772316123,-0.9821915468388647
-0.09143329760790146,0.28160863856162877,-0.5685950438826175
-0.09143329760790146,3.7373597281888156,-1.2717090989082378
-0.09143329760790146,-0.6716660056954634,1.6372529718840338
-0.09143329760790146,-0.400901301610808,0.024226610354670254
-0.09143329760790146,-0.11163200267180971,-0.33422369220741094
-0.09143329760790146,-0.2033989526401366,0.6170482645919578
-0.09143329760790146,0.13976407878320274,-0.3755833425030355
-0.09143329760790146,-0.696722811179165,0.7824868657744568
-0.09143329760790146,1.6256398441981719,-0.5685950438826175
-0.09143329760790146,0.11409525362533021,-0.41694299279866026
-0.08730897806954967,0.6246636665130556,-0.4996622933899096
-0.09143329760790146,-0.46501936276953304,0.5894751643948742
-0.09143329760790146,-0.8268669948337362,2.133568775431531
-0.09143329760790146,-0.4895361508936722,1.4856009208000764
-0.09143329760790146,-0.2658969617201741,0.038013160453211646
-0.09143329760790146,1.453590313441548,-0.94083189654324
-0.09143329760790146,0.8667354482262882,-0.8581125959519905
-0.09143329760790146,1.5274286870723985,-0.7340336450651164
-0.09143329760790146,-0.6943107336397857,-0.3204371421088692
0.8819061134431221,-1.0528462592320051,1.3477354198146607
-0.09143329760790146,-0.054174155614355915,-1.2579225488096961
-0.09143329760790146,-0.2328478993149469,0.258597962029877
-0.09143329760790146,-0.22543166091028807,0.2861710622269598
-0.09143329760790146,-0.20555902207838675,-0.030919590039496084
-0.09143329760790146,-0.7885257623047961,0.9065658166613307
-0.09143329760790146,-0.7853576604620293,0.7549137655773737
-0.09143329760790146,-0.3613360297335262,0.024226610354670254
-0.09143329760790146,0.09487063562490394,-0.6513143444738668
-0.09143329760790146,-0.16523772589771743,-0.04470614013803767
-0.09143329760790146,-0.0489539878052514,0.21723831173425187
-0.09143329760790146,0.6255636954456598,-0.5961681440797006
-0.09143329760790146,-0.3375032635981663,0.1896652115371691
1.0209546007361254,0.4177650154859961,-0.44451609299574324
-0.09143329760790146,-0.07091469376079451,-0.16878509102491193
-0.09143329760790146,0.7676242621679109,-0.21014474132053668
-0.09143329760790146,-0.43002623786988076,-0.9959780969374062
-0.09143329760790146,-0.42869419504962647,0.0793728107488364
0.7428576261501186,0.42492924578952573,-0.34801024230595234
-0.09143329760790146,-0.22719571761819235,0.16209211134008591
-0.09143329760790146,-0.7466564163600475,1.182296818632162
0.5624130243195037,0.3106615725060932,0.1758786614386275
-0.09143329760790146,0.6405401768841942,-0.4996622933899096
-0.09143329760790146,0.13090779408637715,-0.5823815939811591
-0.09143329760790146,-0.8333112019911824,0.13451901114300274
-0.09143329760790146,1.7008102606492768,-0.9270453464446984
-0.09143329760790146,0.40059246345190747,-0.5410219436855346
-0.09143329760790146,2.004336017880726,-1.0511242973315726
-0.09143329760790146,0.3774077181480226,-0.6237412442767839
-0.09143329760790146,-0.007912668478498688,-0.9132587963461567
-0.09143329760790146,0.7574719358081352,-0.5548084937840759
-0.09143329760790146,-0.2828535068104377,0.10694591094591957
-0.09143329760790146,1.7996334374492207,-0.6513143444738668
-0.09143329760790146,0.27365238279740745,-0.8718991460505322
-0.09143329760790146,0.769136310774686,-0.5548084937840759
-0.09143329760790146,0.04702509756766328,-0.7891798454592827
1.3243331184663147,-0.09924760455917556,0.35510381271966773
-0.09143329760790146,0.7663282205049609,-0.07227924033512104
-0.09143329760790146,0.5859264212537697,-0.9132587963461567
-0.09143329760790146,0.5859264212537697,-0.9132587963461567
-0.09143329760790146,0.010627927533148371,-0.003346489842413106
-0.09143329760790146,-0.8836408199024107,1.1409371683365372
-0.09143329760790146,-0.38948893474538643,0.13451901114300274
-0.09143329760790146,1.0884305749053613,-0.6099546941782422
-0.09143329760790146,-0.22089551508996277,-1.0924839476271972
-0.09143329760790146,0.297845160505809,-0.7064605448680331
-0.09143329760790146,-0.16311365761677143,-0.6651008945724086
-0.09143329760790146,-0.513980936703203,0.024226610354670254
-0.09143329760790146,0.9148329943846581,-1.1476301480213638
-0.09143329760790146,-0.5858392466823243,0.12073246104446116
-0.09143329760790146,1.067081888623989,-0.7064605448680331
-0.09143329760790146,0.3564910457543004,-0.8718991460505322
-0.09143329760790146,-0.17528204878558057,-0.5548084937840759
-0.09143329760790146,-0.19346263322418594,-0.3893698926015769
-0.09143329760790146,1.1056391280967541,-1.3820014996965702
-0.09143329760790146,2.3320545528205767,-1.2992821991053207
-0.09143329760790146,0.19588988302040228,-0.7064605448680331
-0.09143329760790146,0.05382931629815123,-0.292864041911786
-0.09143329760790146,0.05771744128700148,-0.5548084937840759
-0.09143329760790146,0.41240084304767494,-0.8581125959519905
-0.09143329760790146,0.16611692592985447,-0.058492690236579443
-0.030599584417212493,-0.8545518848006421,0.8514196162671643
-0.09143329760790146,1.914225121148391,-1.1752032482184467
-0.09143329760790146,-0.5844712027047659,0.35510381271966773
-0.09143329760790146,-0.2303638194609592,-0.8443260458534491
-0.09143329760790146,-0.2873536514734588,0.5619020641977915
-0.09143329760790146,-0.7821175563046541,0.6584079148875822
-0.09143329760790146,0.3115976025960016,-0.5272353935869928
-0.09143329760790146,0.1500604097721951,-0.34801024230595234
-0.09143329760790146,0.2909689394607127,0.31374416242404335
-0.09143329760790146,-0.4909041948712306,-0.22393129141907828
-0.09143329760790146,0.3499388351249416,-1.0235511971344895
-0.09143329760790146,2.152408777872773,-1.2992821991053207
-0.09143329760790146,0.3724035572827431,-1.0097646470359478
-0.09143329760790146,0.10430293883859623,-0.8443260458534491
-0.09143329760790146,1.600979051444816,-1.4371477000907367
-0.09143329760790146,0.23117101717848795,-0.3204371421088692
-0.09143329760790146,0.4442978684191687,-1.2579225488096961
-0.09143329760790146,-0.6263045474922104,0.7549137655773737
-0.09143329760790146,1.638276250411935,-0.9959780969374062
-0.09143329760790146,0.8211579830792103,-0.7202470949665748
-0.09143329760790146,5.116600065668835,-1.3820014996965702
-0.09143329760790146,1.5084200760157973,-0.34801024230595234
-0.09143329760790146,-0.15929753494252952,0.2861710622269598
-0.09143329760790146,0.3920601891708194,-0.8443260458534491
-0.09143329760790146,1.8564072625178953,-0.9821915468388647
-0.09143329760790146,0.10822706498475065,-0.43072954289720183
-0.09143329760790146,-0.10360374459298001,0.6859810150846658
0.1272946599316544,0.2726083492355865,-0.8305394957549074
-0.09143329760790146,0.09598667150133318,-0.003346489842413106
-0.09143329760790146,0.6595847890980996,-0.4583026430942848
-0.09143329760790146,0.27912455870764113,-0.67888744467095
-0.09143329760790146,0.7472116059764471,-0.67888744467095
-0.09143329760790146,1.2652682595834397,-0.94083189654324
-0.09143329760790146,1.3370905684052568,-1.0097646470359478
1.6013308955243133,-0.4525989634995947,0.6584079148875822
-0.09143329760790146,-0.2545205960120567,0.06558626065029481
-0.09143329760790146,-0.08682720528923724,-0.23771784151761965
-0.09143329760790146,-0.4874120826127262,0.479182763606542
-0.09143329760790146,-0.6987748771455027,0.42403656321237565
-0.09143329760790146,0.26839621383099876,-0.6375277943753255
-0.09143329760790146,2.311029876954942,-0.9684049967403231
-0.09143329760790146,-0.47783577476981726,-0.11363889063074559
-0.09143329760790146,-0.540405786164463,-0.5410219436855346
-0.09143329760790146,0.23570716299881325,-0.8856856961490736
-0.09143329760790146,0.17511721525589674,-0.6651008945724086
0.17707412613031193,-0.34826760963211284,-0.15499854092637036
1.368575818968634,0.3721875503389181,-0.7202470949665748
-0.09143329760790146,-0.7811455250574415,0.6308348146904991
-0.09143329760790146,0.2804206003705912,-0.017133039940954692
-0.09143329760790146,-0.34013134808137063,-0.7478201951636579
-0.09143329760790146,-0.171321921482122,0.16209211134008591
0.6007191724728265,-0.4800318453653716,0.6032617144934163
-0.09143329760790146,-0.72163561203365,0.23102486183279383
-0.09143329760790146,1.2114105282564027,-0.8856856961490736
-0.09143329760790146,-1.034917682894529,2.726390429668818
1.2063525837934632,-0.9623753509266284,1.3339488697161195
-0.09143329760790146,0.7786766174602908,-0.7753932953607411
-0.09143329760790146,-0.7548646802253981,-0.003346489842413106
-0.09143329760790146,0.36592334896799267,-0.7478201951636579
-0.0029478966032629563,1.7322032698185121,-0.67888744467095
-0.09143329760790146,2.093798893781586,-1.2579225488096961
-0.09143329760790146,-0.32508286432822797,0.2723845121284182
-0.09143329760790146,-0.5923194549970748,-0.8718991460505322
-0.09143329760790146,0.8841240072042019,-0.67888744467095
-0.09143329760790146,4.941706443485182,-1.133843597922822
-0.09143329760790146,1.8529871525739994,-0.9821915468388647
2.7204361120950553,-1.114768249795176,1.0720044178438293
-0.09143329760790146,1.6744214123453207,-1.1752032482184467
-0.09143329760790146,0.27300436196593236,-0.4031564427001187
-0.09143329760790146,0.7647081684262732,-0.5548084937840759
-0.09143329760790146,0.9217812177443627,-1.037337747233031
0.7737572899930083,-0.7196555483819207,0.05179971055175323
0.9242252182714275,0.5015397085327975,-0.3893698926015769
-0.09143329760790146,-0.3641441200032514,0.3826769129167509
0.07192436578527732,-0.29800999403549283,0.644621364789041
-0.09143329760790146,0.02996054900548715,-0.3617967924044939
-0.09143329760790146,-0.8085784069232183,0.16209211134008591
-0.09143329760790146,-0.4489628466118737,0.16209211134008591
-0.09143329760790146,-0.23871608795552643,-0.21014474132053668
-0.09143329760790146,1.5486693698818583,-1.3682149495980287
-0.09143329760790146,-0.5059166774670691,-0.3893698926015769
-0.09143329760790146,-0.5528621865917055,0.2861710622269598
-0.09143329760790146,-0.376204507700148,0.2723845121284182
-0.09143329760790146,-0.3411393804858874,-0.030919590039496084
-0.09143329760790146,-0.028901343186829243,-0.6237412442767839
-0.09143329760790146,1.0771622126691565,-0.6237412442767839
-0.09143329760790146,-0.45969119148851606,-0.23771784151761965
-0.09143329760790146,-0.5410898081532423,0.796273415872998
-0.09143329760790146,-0.19720675358381953,0.23102486183279383
-0.09143329760790146,-0.5098408036132235,0.42403656321237565
-0.09143329760790146,-0.8769086034865311,1.6096798716869511
-0.09143329760790146,-0.6184202940425974,-0.030919590039496084
-0.09143329760790146,0.4904873532404176,-0.058492690236579443
-0.09143329760790146,-0.09190336846912507,-0.30665059201032757
-0.09143329760790146,6.5143089968458945,-1.1889897983169881
-0.09143329760790146,-1.0327576134562788,1.6372529718840338
-0.09143329760790146,3.217395013244702,-1.1752032482184467
-0.09143329760790146,-0.3889129162285197,-0.7616067452621995
-0.09143329760790146,0.8522989841473165,-0.8029663955578242
-0.09143329760790146,1.160360887199091,-0.9821915468388647
-0.09143329760790146,0.30972554241618483,-0.12742544072928738
-0.09143329760790146,-0.31403050903584806,-0.08606579043366243
-0.09143329760790146,-0.10734786495261359,0.0793728107488364
-0.09143329760790146,0.7009501188405898,-0.5961681440797006
-0.09143329760790146,-0.15090926529065815,-0.5134488434884512
-0.09143329760790146,1.2876609794266327,-0.9821915468388647
-0.09143329760790146,0.3147297032814643,-0.5961681440797006
-0.09143329760790146,0.28160863856162877,-1.161416698119905
-0.09143329760790146,3.2922054181227653,-1.2579225488096961
-0.09143329760790146,4.531149245588439,-1.2579225488096961
-0.09143329760790146,3.99559602953162,-1.2441359987111547
0.6872382312329174,0.5615536377588473,-0.8029663955578242
-0.09143329760790146,1.3061295731236715,-0.9132587963461567
-0.09143329760790146,2.3023175968873333,-1.1889897983169881
0.49257034902271263,0.9035646321484532,1.223656468927787
-0.09143329760790146,-0.7459363932139641,0.5205424139021667
-0.09143329760790146,-0.7610568792817152,1.568320221391326
-0.09143329760790146,-0.3777885586215315,0.1896652115371691
-0.09143329760790146,-0.41828986058872164,0.13451901114300274
-0.09143329760790146,-0.7323279557529883,0.2861710622269598
-0.09143329760790146,0.1608607569634458,-0.9959780969374062
-0.09143329760790146,-0.4020533386445414,-0.5685950438826175
-0.09143329760790146,1.9834193454870037,-1.0097646470359478
-0.09143329760790146,-0.12938057322276506,-0.8167529456563658
-0.09143329760790146,0.49912763099341817,-0.07227924033512104
-0.09143329760790146,0.638812121333594,-0.8443260458534491
-0.09143329760790146,-0.13564477459369045,-0.09985234053220401
-0.09143329760790146,0.3547269890463961,-0.7064605448680331
-0.09143329760790146,3.000848052060125,-1.2441359987111547
-0.09143329760790146,1.9833113420150912,-1.133843597922822
-0.09143329760790146,0.04054488925291285,-0.5548084937840759
-0.09143329760790146,-0.2134072743706956,1.1685102685336208
-0.09143329760790146,0.9538222477450732,-0.7202470949665748
-0.09143329760790146,-0.40619347173452086,-0.08606579043366243
-0.09143329760790146,-0.627924599570898,0.32753071252258453
-0.09143329760790146,-0.39758919513882446,-0.04470614013803767
-0.09143329760790146,1.786277008089374,-1.2441359987111547
-0.09143329760790146,3.8841364465179127,-1.354428399499487
-0.09143329760790146,0.9575303669474026,-0.8581125959519905
-0.09143329760790146,0.9266413739804256,-1.5336535507805278
-0.09143329760790146,0.5975547950630163,-0.9684049967403231
-0.09143329760790146,-0.5038286103434273,0.5343289640007083
-0.09143329760790146,0.6753532959973256,-0.7340336450651164
-0.09143329760790146,0.6616008539071331,-0.8029663955578242
-0.09143329760790146,-0.18089822932503094,0.0793728107488364
-0.09143329760790146,1.0388209801402164,-0.7891798454592827
-0.09143329760790146,-0.009856730972923817,-0.4583026430942848
-0.09143329760790146,1.4871433920490333,-0.9684049967403231
-0.09143329760790146,-0.9852000846574716,1.651039521982576
-0.09143329760790146,-1.5475381617485922,3.1951331330192314
-0.09143329760790146,0.4612904146667365,-0.8994722462476153
-0.09143329760790146,1.3167859156857056,-1.230349448612613
-0.09143329760790146,0.5824703101525694,-0.7064605448680331
-0.09143329760790146,0.0791021287256779,0.3826769129167509
-0.09143329760790146,1.7627682523697517,-1.2027763484155298
-0.09143329760790146,-0.17697410317887652,-0.003346489842413106
0.8819061134431221,0.23894726715618847,-0.6237412442767839
-0.09143329760790146,2.3036136385502832,-1.3268552993024039
-0.09143329760790146,1.7547399942909219,-1.1752032482184467
-0.09143329760790146,0.9360736771941178,-0.23771784151761965
-0.09143329760790146,-0.4558030664996658,0.3826769129167509
-0.09143329760790146,-0.37955261532943574,0.024226610354670254
-0.09143329760790146,-0.45641508617383664,0.13451901114300274
-0.09143329760790146,0.3546909878890919,-0.6651008945724086
-0.09143329760790146,-0.10446777236828007,-0.017133039940954692
-0.09143329760790146,0.3470587425406081,-0.7340336450651164
-0.09143329760790146,-0.6081959653682134,0.4102500131138341
-0.09143329760790146,0.47738293198170006,-0.6651008945724086
-0.09143329760790146,-0.42599410825181383,0.2723845121284182
-0.09143329760790146,-0.0005324312311440335,-0.18257164112345334
-0.09143329760790146,-0.8469916417667667,0.7824868657744568
-0.09143329760790146,-0.272701180450662,0.14830556124154431
-0.09143329760790146,0.18750161336853088,-0.08606579043366243
-0.09143329760790146,-0.23029181714635089,-0.7064605448680331
-0.09143329760790146,0.3259980655176692,-0.6375277943753255
-0.09143329760790146,0.31991386993326465,-0.5685950438826175
-0.09143329760790146,0.6464443666820779,-0.9959780969374062
-0.09143329760790146,-0.11609614617752667,-0.33422369220741094
-0.09143329760790146,-0.1416569678634867,-0.5272353935869928
-0.09143329760790146,-0.11065997142459714,-0.5548084937840759
-0.09143329760790146,-0.6391209594924946,-0.4031564427001187
-0.09143329760790146,0.6452923296483445,-0.7891798454592827
-0.09143329760790146,0.529116595027791,-1.037337747233031
-0.09143329760790146,0.7521437645271182,-1.0511242973315726
-0.09143329760790146,-0.6065399121322216,0.4378231133109172
-0.09143329760790146,2.8640076531469787,-1.3682149495980287
-0.09143329760790146,-0.6360968622789444,0.6721944649861241
-0.09143329760790146,0.6039269999058542,-1.106270497725739
-0.09143329760790146,0.5703739212983687,-1.0097646470359478
-0.09143329760790146,1.1754093709522337,-1.1752032482184467
-0.09143329760790146,1.2644042318081397,-1.1752032482184467
-0.09143329760790146,1.4090568818562907,-1.0235511971344895
-0.09143329760790146,-0.3069022798896226,0.20345176163571066
-0.09143329760790146,-0.6919706584150147,0.16209211134008591
-0.09143329760790146,0.3995844310473907,-0.94083189654324
-0.09143329760790146,0.631971901445802,-0.94083189654324
-0.09143329760790146,0.7745724855276155,-0.4996622933899096
-0.09143329760790146,-0.09787956058161713,-0.8581125959519905
-0.09143329760790146,0.12845971538969367,-0.6926739947694918
-0.09143329760790146,0.15409253939026202,-0.6237412442767839
0.09695497549874825,1.1327479995467933,-1.0924839476271972
-0.09143329760790146,0.6897537589189933,-0.9959780969374062
-0.09143329760790146,1.049837334275292,-0.9821915468388647
-0.09143329760790146,0.45157010219461086,-0.8856856961490736
-0.09143329760790146,-0.2619008332594113,0.024226610354670254
-0.09143329760790146,-1.208911276145578,1.4166681703073687
-0.09143329760790146,-0.6004197153905129,-0.265290941714703
-0.09143329760790146,1.671253310502554,-1.2717090989082378
-0.09143329760790146,-0.16062957776278378,-0.8305394957549074
-0.09143329760790146,-0.3542798029019091,-0.33422369220741094
-0.09143329760790146,-0.908841630015329,1.5545336712927844
-0.09143329760790146,-0.6331087662226983,0.6308348146904991
-0.09143329760790146,0.5595375729498138,-0.6513143444738668
-0.09143329760790146,-0.7450723654386641,0.5205424139021667
-0.09143329760790146,1.138436182400852,-0.6651008945724086
-0.09143329760790146,1.0433211248032375,-0.7340336450651164
-0.09143329760790146,-0.7704891824954074,0.6170482645919578
0.37576961969658984,-0.44781080957814023,0.31374416242404335
-0.09143329760790146,-0.16707378492023003,-1.133843597922822
-0.09143329760790146,-0.08905927704209572,-0.9132587963461567
-0.09143329760790146,-0.5635905314683479,1.154723718435079
-0.09143329760790146,0.08741839606294094,-1.0786973975286558
-0.09143329760790146,1.836534623685994,-1.3957880497951118
-0.09143329760790146,0.5312766644660412,-0.7616067452621995
-0.09143329760790146,0.4841151483975797,-0.1963581912219951
-0.09143329760790146,-0.4940722967139975,-0.017133039940954692
-0.09143329760790146,1.7009182641211893,-1.3268552993024039
-0.09143329760790146,-0.2584087210009069,-0.08606579043366243
-0.09143329760790146,4.386964610585242,-1.2441359987111547
-0.09143329760790146,1.0931467265122075,-0.9132587963461567
-0.09143329760790146,1.0275886190613155,-0.6926739947694918
-0.09143329760790146,-0.2892257116532756,-0.22393129141907828
-0.09143329760790146,0.44318183254273946,-0.4996622933899096
-0.09143329760790146,-0.28090944431601256,0.5205424139021667
0.287789849554835,-0.4762517238484338,0.8789927164642476
-0.09143329760790146,0.41888105136242537,-1.1752032482184467
-0.09143329760790146,0.42910538003680937,-0.7064605448680331
-0.09143329760790146,-0.5768389573562821,1.0582178677452883
-0.09143329760790146,0.1291077362211687,-0.18257164112345334
-0.09143329760790146,-0.24152417822525163,-0.6513143444738668
-0.09143329760790146,2.8939966171813514,-1.064910847430114
-0.09143329760790146,1.8639675055517708,-0.7202470949665748
-0.09143329760790146,-0.5736708555135153,0.2999576123255018
-0.09143329760790146,-0.34362346033987506,-0.8856856961490736
-0.09143329760790146,1.2125625652901362,-1.2165628985140715
-0.09143329760790146,0.06232558942193512,-0.5685950438826175
-0.09143329760790146,-0.1602335650324379,-0.16878509102491193
-0.09143329760790146,1.0450491803538375,-0.7478201951636579
-0.09143329760790146,1.2256309853915495,-0.8718991460505322
-0.09143329760790146,0.51313208118474,-0.94083189654324
-0.09143329760790146,-0.5149169667931114,-0.4996622933899096
-0.09143329760790146,-0.5495860812770261,0.3826769129167509
-0.09143329760790146,-0.36342409685716803,0.2861710622269598
-0.09143329760790146,-0.2680570311584242,-0.5961681440797006
-0.09143329760790146,-0.34841161426132955,0.24481141193133543
-0.09143329760790146,-0.3259108909462239,0.23102486183279383
-0.09143329760790146,1.013404163083473,-0.9821915468388647
-0.09143329760790146,0.9173170742386458,-1.0511242973315726
-0.09143329760790146,0.20892230196451148,-0.5685950438826175
-0.09143329760790146,-0.1366528069982072,-0.44451609299574324
-0.09143329760790146,-0.11735618668317259,-0.3755833425030355
-0.09143329760790146,-0.33577520804756616,-0.15499854092637036
-0.09143329760790146,0.874331692417468,-1.3268552993024039
-0.09143329760790146,0.8835839898446394,-0.8305394957549074
-0.09143329760790146,1.2655562688418729,-1.1476301480213638
-0.09143329760790146,-0.23381993056215944,0.23102486183279383
-0.09143329760790146,-0.10731186379530942,0.06558626065029481
-0.09143329760790146,-0.6920066595723189,0.7824868657744568
-0.09143329760790146,0.7021741581889316,-0.6237412442767839
-0.09143329760790146,-0.3298350170923783,-0.7478201951636579
-0.09143329760790146,0.4367736265425974,0.5343289640007083
-0.09143329760790146,-0.6679218853358299,0.713554115281749
-0.09143329760790146,0.6135393089060673,-0.5685950438826175
-0.09143329760790146,0.6863696501324014,-0.7064605448680331
-0.09143329760790146,-0.5071407168154108,-0.34801024230595234
-0.09143329760790146,0.06084954197246419,-0.11363889063074559
-0.09143329760790146,-0.8698163754976098,0.32753071252258453
-0.09143329760790146,0.1376040093449526,-0.8994722462476153
-0.09143329760790146,-0.5148089633211989,0.6859810150846658
-0.09143329760790146,1.9655267703068318,-1.133843597922822
-0.09143329760790146,-0.333399131665491,-0.292864041911786
-0.09143329760790146,-1.6579537112004785,2.7126038795702767
-0.09143329760790146,0.07705006275934026,-0.4996622933899096
-0.09143329760790146,-0.27126113415849523,0.3413172626211261
-0.09143329760790146,0.1380360232326026,-0.8856856961490736
-0.09143329760790146,0.5751980763771274,-1.133843597922822
-0.09143329760790146,-0.4920202307476598,0.12073246104446116
-0.05023374581738195,0.1863135751774933,-0.2790774918132446
-0.09143329760790146,0.6308558655693727,-0.8856856961490736
0.8246508539695324,-0.7858616766642876,-0.003346489842413106
-0.09143329760790146,-0.6723140265269384,0.20345176163571066
-0.09143329760790146,0.890100199316694,-0.8994722462476153
-0.09143329760790146,-0.45234695539846553,-0.12742544072928738
-0.09143329760790146,0.30130127160700926,-0.6099546941782422
-0.09143329760790146,0.17151709952547983,-0.4720891931928266
-0.09143329760790146,0.11863139944565551,-0.5823815939811591
-0.09143329760790146,-0.5800430603563531,0.35510381271966773
-0.09143329760790146,-0.7514805714388062,0.14830556124154431
-0.09143329760790146,1.6132914472428417,-1.133843597922822
-0.09143329760790146,0.5232484063872114,-0.5685950438826175
-0.09143329760790146,-0.7559087137872189,0.5894751643948742
-0.09143329760790146,-0.35161571726140056,0.7273406653802901
-0.09143329760790146,1.188657796840168,-1.133843597922822
-0.09143329760790146,-1.0803871445696946,1.154723718435079
-0.09143329760790146,1.6553407989741111,-1.2027763484155298
-0.09143329760790146,-0.4974924066578935,0.024226610354670254
-0.09143329760790146,-0.04524586860292199,0.4102500131138341
-0.09143329760790146,-0.5568583150524683,0.4102500131138341
-0.09143329760790146,0.10383492379364204,-0.8443260458534491
-0.09143329760790146,-0.48222791596092585,0.2999576123255018
-0.09143329760790146,-0.7574567635512982,1.2925892194204947
-0.09143329760790146,-0.6845184188530518,0.8927792665627895
-0.09143329760790146,0.04608906747775488,-0.5134488434884512
-0.09143329760790146,1.689829907671505,-0.9684049967403231
-0.09143329760790146,1.3427787512593157,-1.4509342501892781
-0.09143329760790146,2.755752173133342,-0.9821915468388647
-0.09143329760790146,-0.4192978929932384,-0.07227924033512104
-0.09143329760790146,-0.3660161801830682,-0.030919590039496084
-0.09143329760790146,-0.410909623341367,-0.5272353935869928
-0.09143329760790146,-0.16739779533596755,-0.6651008945724086
-0.09143329760790146,0.7957771671797711,-0.9684049967403231
-0.09143329760790146,-0.06699056761464009,-0.22393129141907828
-0.09143329760790146,-0.09661952007597122,-0.4720891931928266
-0.09143329760790146,0.6751372890535006,-0.5410219436855346
-0.09143329760790146,-0.46451534656727467,0.05179971055175323
-0.09143329760790146,0.07424197248961507,-0.4583026430942848
-0.09143329760790146,-0.8271910052494736,1.0857909679423714
-0.09143329760790146,0.30000522994405915,-0.43072954289720183
-0.09143329760790146,-0.9021814159140578,1.0306447675482049
-0.09143329760790146,-0.7874097264283668,0.6170482645919578
-0.09143329760790146,0.08648236597303255,-0.11363889063074559
-0.09143329760790146,-0.2870296410577213,-0.292864041911786
-0.09143329760790146,0.2083102822903406,-0.292864041911786
-0.09143329760790146,-0.4127456823638796,0.6584079148875822
-0.09143329760790146,-0.05881830490659372,0.06558626065029481
-0.09143329760790146,-0.1750300406844514,-0.5272353935869928
-0.09143329760790146,1.0605656791519344,-1.133843597922822
1.2063525837934632,2.0107082227235638,-1.0786973975286558
-0.09143329760790146,0.19030970363825608,-0.9821915468388647
-0.09143329760790146,1.7079384897955021,-1.0786973975286558
-0.09143329760790146,2.1676372674124367,-1.519867000681986
-0.09143329760790146,-0.16869383699891766,-0.2515043916161612
3.1530314058955105,-0.34092337354206237,0.24481141193133543
-0.09143329760790146,0.5156521621960317,-0.8305394957549074
-0.09143329760790146,-0.1891064931903815,-0.5685950438826175
-0.09143329760790146,1.052177409500063,-1.2165628985140715
-0.09143329760790146,0.8697235442825343,-1.2027763484155298
-0.09143329760790146,-0.35028367444114633,0.258597962029877
-0.09143329760790146,-0.5089047735233151,0.024226610354670254
-0.09143329760790146,0.1241035753558892,-1.3406418494009456
-0.09143329760790146,-0.07339877361478218,-1.0511242973315726
-0.09143329760790146,-0.4421586278813857,-0.4858757432913682
-0.09143329760790146,-0.36302808412682214,-0.41694299279866026
-0.09143329760790146,-0.23590799768580126,-0.4996622933899096
-0.09143329760790146,1.3103777096855633,-1.4647208002878198
-0.09143329760790146,-0.8750005421494101,1.733758822573825
-0.09143329760790146,-0.5591623891199351,0.796273415872998
-0.09143329760790146,-0.6024357801995464,1.113364068139454
-0.09143329760790146,0.482279089375067,-1.0235511971344895
-0.09143329760790146,-0.8129705481143269,1.4993874708986186
-0.09143329760790146,-0.6215163935707559,1.0306447675482049
-0.09143329760790146,0.7323791291671294,-1.133843597922822
-0.09143329760790146,-0.1018756890423799,-0.14121199082782876
-0.09143329760790146,2.2241590843799823,-0.265290941714703
-0.09143329760790146,0.9750269293972288,-1.0924839476271972
-0.09143329760790146,0.9706347882061201,-1.2579225488096961
0.06747925929838808,-0.3040941896198974,0.31374416242404335
-0.09143329760790146,-0.059754334996502116,-0.4858757432913682
-0.09143329760790146,-0.3202947104067735,-0.292864041911786
-0.09143329760790146,-0.0015044624783565979,-0.30665059201032757
-0.09143329760790146,-0.16080958354930464,-0.12742544072928738
-0.09143329760790146,0.7038302114249233,-1.106270497725739
-0.09143329760790146,-0.49691638814102684,0.865206166365706
-0.09143329760790146,-0.2948058910354218,0.21723831173425187
-0.09143329760790146,0.31267763731512666,-0.5410219436855346
-0.09143329760790146,-0.7496805135735977,1.51317402099716
-0.09143329760790146,-0.27302519086639954,0.06558626065029481
-0.09143329760790146,0.3327302819335488,-0.5685950438826175
-0.09143329760790146,0.19729392815526486,-0.2790774918132446
-0.09143329760790146,-0.7172074696852372,2.133568775431531
-0.09143329760790146,0.23909127178540512,-1.0511242973315726
-0.09143329760790146,-0.347439583014117,0.10694591094591957
-0.09143329760790146,0.48670723172347985,-0.7616067452621995
-0.09143329760790146,0.5098199747127563,1.2650161192234115
-0.09143329760790146,0.5331487246458579,0.4516096634094588
-0.09143329760790146,-0.33069904486767837,-0.5548084937840759
-0.09143329760790146,0.13872004522138184,-0.22393129141907828
-0.09143329760790146,-0.44885484313996116,-0.5548084937840759
-0.09143329760790146,0.023336336061520045,-0.3755833425030355
-0.09143329760790146,0.6766133365029715,-0.8443260458534491
-0.09143329760790146,0.759127989044127,-1.133843597922822
-0.09143329760790146,0.42060910691302544,0.038013160453211646
-0.09143329760790146,0.05318129546667618,-0.5272353935869928
-0.09143329760790146,-0.4170658212403799,0.5205424139021667
-0.09143329760790146,0.1843695126830682,-0.16878509102491193
-0.09143329760790146,-0.14626511599842032,0.16209211134008591
-0.09143329760790146,0.8603632433834504,-1.2992821991053207
-0.09143329760790146,0.7391113455830091,-0.8029663955578242
-0.09143329760790146,-0.7475564452926518,1.0168582174496634
-0.09143329760790146,-0.8305751140360655,0.9203523667598723
-0.09143329760790146,-0.07195872732261542,-0.292864041911786
-0.09143329760790146,0.416036959935396,-0.07227924033512104
-0.09143329760790146,-0.09607950271640868,0.9892851172525803
-0.09143329760790146,-0.28339352417000024,-0.017133039940954692
0.2399162891328725,-0.9371385396564059,0.7549137655773737
-0.09143329760790146,0.4296453973963719,-1.0235511971344895
-0.09143329760790146,-0.39038896367799064,0.038013160453211646
-0.09143329760790146,-0.09341541707590018,-0.33422369220741094
-0.09143329760790146,0.1691050219861005,-0.23771784151761965
-0.09143329760790146,-0.5502341021085012,0.05179971055175323
1.8552455244941457,-0.4940722967139975,1.0582178677452883
-0.09143329760790146,-0.27054111101241185,-0.7478201951636579
-0.09143329760790146,-0.6420370532341323,-0.09985234053220401
-0.09143329760790146,2.118675693478767,-1.1889897983169881
-0.09143329760790146,-0.7281878226630087,0.9754985671540386
-0.09143329760790146,1.77432462386439,-1.2579225488096961
-0.09143329760790146,-1.2236717506402874,2.2576477263184045
-0.09143329760790146,0.9177130869689917,-0.5823815939811591
-0.09143329760790146,0.9138609631374456,-0.7616067452621995
-0.09143329760790146,0.4436138464303895,-1.2165628985140715
-0.09143329760790146,0.7665442274487858,-1.2441359987111547
-0.09143329760790146,-0.46991552016290006,0.1896652115371691
-0.09143329760790146,-0.3800566315316941,0.1896652115371691
-0.09143329760790146,-0.34841161426132955,-0.41694299279866026
-0.09143329760790146,1.199134133615681,-1.354428399499487
0.5574596430927808,-0.04898998896255557,-0.7340336450651164
-0.09143329760790146,-0.09769955479509629,0.4378231133109172
-0.09143329760790146,-0.4433106649151191,-0.5823815939811591
-0.09143329760790146,-0.43805449594871043,0.1896652115371691
-0.09143329760790146,-0.7057951028198156,1.1685102685336208
-0.09143329760790146,0.07517800257952346,-0.7064605448680331
-0.09143329760790146,-0.9237821102965592,0.9341389168584135
-0.09143329760790146,2.002355954228997,-1.2579225488096961
-0.09143329760790146,0.40282453520476597,-0.4583026430942848
-0.09143329760790146,4.394740860562942,-0.9821915468388647
-0.09143329760790146,0.29161696029218775,-0.3893698926015769
-0.09143329760790146,-0.48287593679240093,0.3688903628182097
-0.09143329760790146,0.048105132286788345,0.1758786614386275
-0.09143329760790146,-0.5419178347712381,-0.5961681440797006
-0.09143329760790146,-0.6108240498514177,-0.16878509102491193
-0.09143329760790146,0.8332543719334111,-1.2992821991053207
-0.09143329760790146,-0.10277571797498412,-0.4996622933899096
-0.09143329760790146,-0.2584087210009069,-0.33422369220741094
-0.09143329760790146,-0.4005412900377663,0.6584079148875822
-0.09143329760790146,-0.7101872440109243,1.2925892194204947
-0.09143329760790146,0.18066139348073879,-0.7616067452621995
-0.09143329760790146,-0.17902616914521416,0.024226610354670254
-0.09143329760790146,0.6651289673229416,-0.9546184466417815
-0.09143329760790146,0.2488835865721391,-0.6513143444738668
-0.09143329760790146,0.5832983367705654,-0.7478201951636579
-0.09143329760790146,0.48811127685834244,-0.7753932953607411
-0.09143329760790146,0.5100719828138855,-0.5823815939811591
-0.09143329760790146,-0.5802590673001782,0.2861710622269598
1.0209546007361254,-0.12790452577329411,-0.8856856961490736
-0.09143329760790146,-0.3391233156768539,-0.003346489842413106
-0.09143329760790146,-0.3177386282381775,-0.30665059201032757
-0.09143329760790146,1.0323047706681616,-1.0511242973315726
-0.09143329760790146,0.09451062405186225,-0.5823815939811591
-0.019334081974492316,-0.43459838484751023,0.39646346301529245
-0.09143329760790146,-0.9954604144891598,1.2925892194204947
-0.08191408576388166,-0.14331302109947847,-0.09985234053220401
0.0001751175498419283,-1.0168451019278362,1.4718143707015354
-0.09143329760790146,0.882215945867081,-1.2027763484155298
-0.09143329760790146,-0.84684763713755,0.6997675651832069
-0.09143329760790146,-1.2351921209776215,-0.12742544072928738
-0.09143329760790146,-0.5413778174116756,0.3826769129167509
0.5624130243195037,-0.005500590939119362,-0.030919590039496084
-0.09143329760790146,-0.1676858045944009,-0.4858757432913682
-0.09143329760790146,0.5443810857247586,-0.7616067452621995
-0.09143329760790146,-0.22773573497775487,0.0793728107488364
-0.09143329760790146,0.9185051124296834,-0.5548084937840759
-0.09143329760790146,-0.8356872783732575,0.3413172626211261
-0.09143329760790146,1.0042958702855183,-0.8994722462476153
-0.09143329760790146,1.034716848207541,-0.07227924033512104
-0.09143329760790146,1.0166442672408482,-1.561226650977611
-0.09143329760790146,-0.3902089578914698,0.479182763606542
-0.09143329760790146,-1.1109521271209342,2.505805628092153
-0.09143329760790146,-0.22881576969687994,-0.08606579043366243
-0.09143329760790146,0.9425538855088683,-0.94083189654324
-0.09143329760790146,0.16298482524439178,-0.8305394957549074
-0.09143329760790146,-0.4287661973642348,-0.67888744467095
-0.09143329760790146,-0.030197384849779327,-0.003346489842413106
-0.09143329760790146,0.3330182911919822,-1.064910847430114
-0.09143329760790146,-0.3171626097213108,-1.037337747233031
1.406011950162904,-0.37454845446415624,-0.43072954289720183
-0.09143329760790146,0.5831903332986529,-1.3130687492038624
1.6518611699461707,0.35771508510264216,-0.030919590039496084
-0.09143329760790146,-0.5135129216582488,0.5481155140992499
-0.09143329760790146,-0.39283704237467415,-0.292864041911786
-0.09143329760790146,-0.6117960810986303,-0.4858757432913682
-0.09143329760790146,-0.4773317585675589,0.8100599659715396
-0.09143329760790146,0.4941594712854428,-0.22393129141907828
-0.09143329760790146,-0.9040174749365704,1.8164781231650744
-0.09143329760790146,0.8711275894173969,-0.9684049967403231
-0.09143329760790146,1.9941476903636461,-1.0235511971344895
-0.09143329760790146,1.1405962518391022,-0.7891798454592827
-0.09143329760790146,0.30886151464088474,-0.2515043916161612
-0.09143329760790146,0.9144369816543123,-1.2027763484155298
-0.09143329760790146,4.543569644858377,-1.3820014996965702
-0.09143329760790146,0.5094599631397146,0.0793728107488364
-0.09143329760790146,1.31052171431478,-0.8305394957549074
-0.09143329760790146,0.3633312656420925,-0.5410219436855346
-0.09143329760790146,-0.800010131484826,0.6032617144934163
-0.09143329760790146,0.6497564731540615,-0.5548084937840759
-0.09143329760790146,-0.428586191577714,0.05179971055175323
-0.09143329760790146,1.826958315843085,-1.2992821991053207
-0.09143329760790146,-0.6880825334261644,1.5407471211942432
-0.09143329760790146,0.025928419387420215,1.4718143707015354
-0.09143329760790146,3.823870509190734,-1.2441359987111547
-0.09143329760790146,0.013760028218611078,-0.41694299279866026
-0.09143329760790146,-0.2819174767205293,0.010440060256128479
-0.09143329760790146,-0.32310280067649866,-0.3204371421088692
-0.09143329760790146,1.4122609848563619,-1.3957880497951118
-0.09143329760790146,0.6961259637618312,-0.9270453464446984
-0.09143329760790146,6.5143089968458945,-1.3820014996965702
-0.09143329760790146,0.5286845811401409,-1.0235511971344895
-0.09143329760790146,0.5591055590621637,-0.7753932953607411
-0.09143329760790146,-0.8903730363182903,2.6436711290775685
-0.09143329760790146,0.40563262547449114,-0.8856856961490736
-0.09143329760790146,-0.7822255597765665,0.6032617144934163
-0.09143329760790146,1.2033102678629646,-1.0235511971344895
-0.09143329760790146,0.46136241698134484,-0.6375277943753255
-0.09143329760790146,-0.5078607399614943,0.5756886142963331
-0.09143329760790146,-0.6459971805375908,0.16209211134008591
-0.09143329760790146,-0.507608731860365,0.713554115281749
1.2063525837934632,-0.38174868592499006,2.1473553255300715
-0.09143329760790146,1.1764534045140547,-1.037337747233031
-0.09143329760790146,-0.2476083738096562,-0.2790774918132446
-0.09143329760790146,0.9685467210824783,-1.064910847430114
-0.09143329760790146,0.08515032315277829,0.31374416242404335
-0.09143329760790146,-0.6175922674246015,0.6308348146904991
0.41639596033176296,-0.5761909365248071,-0.5410219436855346
-0.09143329760790146,-0.40306137104905815,0.5343289640007083
-0.09143329760790146,-0.8089744196535641,0.9479254669569555
-0.09143329760790146,-1.1959508595160773,2.2576477263184045
-0.09143329760790146,-0.4609152308368578,-0.4720891931928266
2.828584935545169,3.2526401462454833,-1.3682149495980287
-0.09143329760790146,-0.3889129162285197,0.3688903628182097
-0.09143329760790146,0.43958171681232255,-0.6099546941782422
-0.09143329760790146,-0.006508623343636095,-1.037337747233031
-0.09143329760790146,-0.2870296410577213,-0.058492690236579443
-0.09143329760790146,0.6565246907272452,-0.9821915468388647
-0.09143329760790146,0.3202378803490022,-0.6651008945724086
3.8019243465961927,0.9033846263619324,-0.6651008945724086
-0.09143329760790146,0.16665694328941702,-0.058492690236579443
-0.09143329760790146,0.04911316469130508,-0.265290941714703
-0.09143329760790146,-0.876260582655056,-0.030919590039496084
-0.09143329760790146,-0.39107298566676985,0.5067558638036251
-0.09143329760790146,-0.863048157924426,0.8376330661686228
-0.09143329760790146,-0.20566702555029925,-0.4858757432913682
-0.09143329760790146,-0.3111144152942104,-0.7202470949665748
-0.09143329760790146,-0.181762257100331,-0.44451609299574324
-0.09143329760790146,-0.44143860473530233,-0.6651008945724086
-0.09143329760790146,0.4372056404302474,-0.8167529456563658
-0.09143329760790146,-0.2260796817417631,-0.34801024230595234
-0.09143329760790146,-0.12189233250349789,-1.0786973975286558
-0.09143329760790146,-0.04736993688386796,-0.4720891931928266
-0.09143329760790146,1.2528478603135014,-1.064910847430114
-0.09143329760790146,-0.16750579880788008,-0.34801024230595234
-0.09143329760790146,-0.3134544905189814,0.8789927164642476
-0.09143329760790146,-1.1078200264354714,1.7751184728694496
0.12791079502331512,-1.382688862452802,2.4782325278950696
-0.09143329760790146,-0.764656995012132,-0.30665059201032757
-0.09143329760790146,-0.429018205465364,-0.6651008945724086
0.7428576261501186,-0.20253492486483654,0.05179971055175323
-0.09143329760790146,0.9195131448342001,-0.9270453464446984
-0.09143329760790146,-0.3835487437901985,-0.44451609299574324
-0.09143329760790146,-0.19846679408946544,-0.43072954289720183
-0.09143329760790146,-0.19213059040393168,-0.8305394957549074
2.1987770813356833,-0.640921017357703,0.31374416242404335
-0.09143329760790146,-0.4016213247568914,-0.017133039940954692
-0.09143329760790146,0.4456659123967271,-0.8029663955578242
-0.09143329760790146,-0.691394639898148,-0.09985234053220401
-0.09143329760790146,0.5741180416580023,-0.9821915468388647
-0.09143329760790146,0.021500277039007424,-0.5410219436855346
-0.09143329760790146,-0.4059054624760875,-0.4996622933899096
-0.09143329760790146,0.7688123003589484,-0.4720891931928266
-0.09143329760790146,-0.7570607508209524,0.024226610354670254
-0.09143329760790146,-0.034481522568975444,-0.4720891931928266
-0.09143329760790146,-0.49623236615224764,0.05179971055175323
-0.09143329760790146,-0.48878012659028464,-0.16878509102491193
-0.09143329760790146,-0.9567591703871781,0.9203523667598723
-0.07879252603581025,1.502371881588697,-1.2165628985140715
-0.09143329760790146,-0.5321615211418084,0.479182763606542
-0.09143329760790146,0.6358600264346522,-0.8718991460505322
-0.09143329760790146,0.29273299616861703,-0.44451609299574324
-0.09143329760790146,-0.21434330446060398,0.4102500131138341
-0.09143329760790146,-0.2108511922020996,-0.8305394957549074
-0.054875948836032036,-0.34823160847480866,0.31374416242404335
-0.09143329760790146,0.5728940023096605,-0.5410219436855346
-0.09143329760790146,2.5756383831405847,-1.106270497725739
-0.09143329760790146,-0.34092337354206237,-0.12742544072928738
0.14452777173780124,-1.1248845749976475,2.161141875628614
-0.09143329760790146,-0.6181682859414682,0.6170482645919578
-0.09143329760790146,-0.6672738645043548,-0.44451609299574324
-0.09143329760790146,-0.357879918632326,-0.5548084937840759
4.914312244940221,-0.6709099813920758,0.8789927164642476
-0.09143329760790146,-0.07840293448006168,-0.5823815939811591
-0.09143329760790146,-0.05590221116495603,0.24481141193133543
-0.09143329760790146,-0.08121102474978686,0.13451901114300274
-0.09143329760790146,0.2604039569094732,-1.064910847430114
-0.09143329760790146,0.023984356892995086,-0.8856856961490736
-0.09143329760790146,-1.0573464038950264,0.39646346301529245
-0.09143329760790146,0.288052845719075,-0.9132587963461567
-0.09143329760790146,-0.7988220932937885,-0.08606579043366243
-0.09143329760790146,-0.5708987664010943,0.2723845121284182
-0.09143329760790146,-0.644125120357774,0.42403656321237565
-0.09143329760790146,0.492071404161801,-0.6513143444738668
-0.09143329760790146,-0.5403337838498548,0.42403656321237565
-0.09143329760790146,0.7342871905042504,-0.8029663955578242
-0.09143329760790146,-0.7542886617085314,0.6721944649861241
-0.09143329760790146,0.018764189083890576,-0.7478201951636579
-0.09143329760790146,-0.6121560926716719,0.5756886142963331
-0.09143329760790146,-0.6879025276396437,0.0793728107488364
-0.09143329760790146,-0.10273971681767996,-0.058492690236579443
-0.09143329760790146,-0.17358999439228465,-0.67888744467095
-0.09143329760790146,0.7227668201669163,-1.492293900484903
-0.09143329760790146,0.6338439616256187,-0.94083189654324
-0.09143329760790146,-0.17207794578550953,-0.4858757432913682
-0.09143329760790146,0.017612152050157166,-0.9959780969374062
-0.09143329760790146,-0.4747756763989629,-0.058492690236579443
-0.09143329760790146,-1.26168897275349,2.6850307793731933
1.2063525837934632,-0.2596687615065528,0.7687003156759149
-0.09143329760790146,-0.332751110834016,-0.11363889063074559
-0.09143329760790146,-0.33008702519350747,-0.058492690236579443
-0.09143329760790146,-0.4449307169938067,-0.1963581912219951
-0.09143329760790146,-0.06706256992924843,-0.7753932953607411
-0.09143329760790146,-0.3026181421704265,-0.11363889063074559
-0.09143329760790146,-0.1807182235385101,-0.43072954289720183
-0.09143329760790146,0.6693411027275294,-0.8029663955578242
-0.09143329760790146,-0.18032221080816424,-0.5272353935869928
-0.09143329760790146,-0.15915353031331284,-0.30665059201032757
-0.09143329760790146,-0.0277853073104,-0.6237412442767839
-0.09143329760790146,-0.754648673281573,1.2374430190263288
-0.09143329760790146,0.7382113166504047,-1.106270497725739
-0.09143329760790146,0.2738323885839283,-0.94083189654324
-0.09143329760790146,-0.37444045099224377,0.16209211134008591
-0.09143329760790146,0.07895812409646122,-0.4858757432913682
-0.09143329760790146,-0.26103680548411123,0.35510381271966773
-0.09143329760790146,-0.7399241999441679,0.8927792665627895
-0.09143329760790146,-0.44453470426346087,-0.22393129141907828
0.07784312170532003,-0.05763026671555614,0.35510381271966773
-0.09143329760790146,-0.3954651268578785,-0.67888744467095
-0.09143329760790146,-0.7253797323932836,0.35510381271966773
-0.09143329760790146,-0.19587471076356527,0.05179971055175323
-0.09143329760790146,0.21428647440283266,-0.7891798454592827
-0.09143329760790146,-0.6492372846949661,0.6170482645919578
-0.09143329760790146,-0.7370801085171386,0.6170482645919578
-0.09143329760790146,-0.8101624578446017,0.6308348146904991
-0.09143329760790146,0.7481836372236597,-0.9821915468388647
-0.09143329760790146,-1.0277894537483037,1.9129839738548655
-0.09143329760790146,-0.1289845604924192,-0.7478201951636579
-0.09143329760790146,-0.08653919603080389,-0.8856856961490736
-0.09143329760790146,-0.3395913307218081,0.20345176163571066
-0.09143329760790146,-0.12268435796418961,-0.21014474132053668
-0.09143329760790146,-0.5340335813216252,0.6997675651832069
-0.09143329760790146,-0.06079836855832302,-0.4858757432913682
-0.09143329760790146,-0.4557670653423616,0.24481141193133543
-0.09143329760790146,-0.8043302703613263,-0.1963581912219951
-0.09143329760790146,-0.791909871091388,0.4378231133109172
-0.09143329760790146,-0.4270381418136347,0.06558626065029481
-0.09143329760790146,-0.06490250049099829,-0.12742544072928738
-0.09143329760790146,-0.4430946579712941,0.46539621350800037
-0.09143329760790146,-0.6079799584243883,0.4102500131138341
-0.09143329760790146,-0.428586191577714,0.4378231133109172
-0.09143329760790146,-0.28407754615877945,0.09315936084737798
-0.09143329760790146,-0.9776398416235961,1.8164781231650744
-0.09143329760790146,-0.1065198383346177,-0.7753932953607411
-0.09143329760790146,-0.07959097267109926,-0.3893698926015769
-0.09143329760790146,-0.5345375975238835,0.6859810150846658
-0.09143329760790146,0.8723876299230429,-1.161416698119905
-0.09143329760790146,-0.02638126217553741,-0.7616067452621995
-0.09143329760790146,0.2291189512121503,-0.67888744467095
-0.09143329760790146,-0.6972988296960317,1.3063757695190368
-0.09143329760790146,-0.5475700164679926,-0.08606579043366243
-0.09143329760790146,-0.5007685119725729,-0.21014474132053668
-0.09143329760790146,0.27865654366268694,-1.2854956490067793
-0.09143329760790146,-0.4609152308368578,-0.3617967924044939
-0.09143329760790146,-0.7816855424170039,-0.11363889063074559
-0.09143329760790146,0.14844035769350747,-0.41694299279866026
-0.09143329760790146,-0.0010724485907065693,-0.4720891931928266
-0.09143329760790146,0.8079815595058844,-1.1752032482184467
-0.09143329760790146,0.002239657881276983,-0.12742544072928738
-0.09143329760790146,-1.187814597965335,2.4782325278950696
-0.09143329760790146,2.7773168663585395,-0.67888744467095
-0.09143329760790146,-0.25279254046145655,-0.2515043916161612
-0.09143329760790146,0.028988517758274584,-0.3617967924044939
-0.09143329760790146,-0.6863904790328685,0.49296931370508357
-0.09143329760790146,0.2687922265613446,-0.7891798454592827
-0.09143329760790146,0.20111005082950678,-0.3204371421088692
-0.09143329760790146,0.2717083203029823,-0.8029663955578242
-0.09143329760790146,0.6765053330310591,-1.037337747233031
-0.09143329760790146,-0.589799373985783,0.024226610354670254
-0.09143329760790146,-0.11386407442466819,-0.5961681440797006
-0.09143329760790146,-0.4401065619150481,0.05179971055175323
-0.09143329760790146,-0.5594863995356726,-0.12742544072928738
-0.09143329760790146,-0.6960387891903859,-0.33422369220741094
-0.09143329760790146,-0.24382825229271846,-0.14121199082782876
-0.09143329760790146,-0.34603553787925434,-0.5823815939811591
-0.09143329760790146,-0.21967147574162102,-0.7478201951636579
-0.09143329760790146,0.0026716717689270115,-0.4031564427001187
-0.09143329760790146,0.027800479567237007,-0.7891798454592827
-0.09143329760790146,0.16348884144665013,-0.058492690236579443
-0.09143329760790146,-0.15620143541437098,-0.9132587963461567
-0.09143329760790146,0.4272693210142967,-0.8029663955578242
-0.09143329760790146,-0.14410504656017017,0.6721944649861241
-0.09143329760790146,1.0287766572523531,-1.3406418494009456
-0.09143329760790146,0.33445833748414894,-1.0511242973315726
-0.09143329760790146,-0.4440306880612025,0.2723845121284182
-0.09143329760790146,-0.7413282450790305,0.13451901114300274
-0.09143329760790146,-0.11202801540215557,-0.5823815939811591
-0.09143329760790146,0.9274694005984214,-1.3268552993024039
-0.09143329760790146,-0.08999530713200411,-0.7202470949665748
-0.09143329760790146,0.04670108715192575,-0.7064605448680331
-0.09143329760790146,-0.18590239019031046,0.31374416242404335
-0.09143329760790146,-0.34373146381178754,0.1758786614386275
-0.09143329760790146,-0.23255989005651354,-0.23771784151761965
-0.09143329760790146,-0.7853936616193334,0.9065658166613307
-0.09143329760790146,0.22508682159408339,-0.67888744467095
-0.09143329760790146,-0.3812446697227317,-0.08606579043366243
-0.09143329760790146,-0.8406194369239287,1.0857909679423714
-0.09143329760790146,-0.42372603534165115,-0.2790774918132446
-0.09143329760790146,-0.37159635956521436,0.1896652115371691
-0.09143329760790146,-0.1550133972233334,0.09315936084737798
-0.09143329760790146,0.16010473266005826,-0.7340336450651164
-0.09143329760790146,0.7378153039200589,-0.9684049967403231
-0.09143329760790146,-0.4759997157473046,0.3688903628182097
-0.09143329760790146,-0.22042750004500858,-0.7616067452621995
-0.09143329760790146,-0.1446810650770369,0.258597962029877
-0.09143329760790146,1.3308983693489398,-0.9821915468388647
-0.09143329760790146,-0.2657529570909574,-0.6099546941782422
-0.09143329760790146,-0.5551302595018682,0.42403656321237565
1.0209546007361254,-0.16775780690900924,-0.9132587963461567
-0.09143329760790146,0.22422279381878332,-0.8167529456563658
-0.09143329760790146,-0.9205060049818798,1.1685102685336208
-0.09143329760790146,-0.21661137737076663,-0.292864041911786
-0.09143329760790146,-0.37062432831800185,-0.030919590039496084
-0.09143329760790146,-0.13352070631274449,-0.04470614013803767
-0.09143329760790146,0.016100103443382065,-0.8305394957549074
-0.09143329760790146,-0.3789405956552649,-0.15499854092637036
-0.09143329760790146,-0.7169194604268039,0.5205424139021667
-0.09143329760790146,-0.10147967631203404,-0.4858757432913682
-0.09143329760790146,-1.2499525954723307,1.7475453726723664
-0.09143329760790146,-0.7570967519782565,0.20345176163571066
-0.09143329760790146,-0.33415515596887857,0.32753071252258453
-0.09143329760790146,-0.6559334999535416,0.32753071252258453
-0.09143329760790146,-0.3863928352172279,0.024226610354670254
-0.09143329760790146,-0.4259221059372055,0.010440060256128479
-0.09143329760790146,0.34349462796749536,-0.8167529456563658
-0.09143329760790146,-0.5359056415014419,1.113364068139454
1.2063525837934632,-0.6774981931787387,-0.18257164112345334
-0.09143329760790146,-0.059070313007722905,-0.3204371421088692
-0.09143329760790146,-0.29858601255235956,-0.34801024230595234
-0.09143329760790146,-0.05752226324364363,0.2861710622269598
-0.09143329760790146,0.22760690260537522,-0.5685950438826175
-0.09143329760790146,0.18793362725618093,-0.5685950438826175
-0.09143329760790146,0.1624808090421334,-0.6513143444738668
-0.09143329760790146,-0.5059166774670691,0.39646346301529245
-0.09143329760790146,0.20334212258236528,-0.5685950438826175
-0.09143329760790146,0.06178557206237258,-0.15499854092637036
-0.09143329760790146,-0.6324247442339191,-0.33422369220741094
-0.09143329760790146,-0.6364208726946818,0.32753071252258453
-0.09143329760790146,-0.5853712316373701,-0.43072954289720183
-0.09143329760790146,0.14361620261474883,-0.7753932953607411
0.4208506029452688,-0.862616144036776,0.7549137655773737
-0.09143329760790146,-0.4400705607577439,-0.5134488434884512
-0.09143329760790146,0.6536805993002158,-1.133843597922822
-0.09143329760790146,-0.43841450752175215,0.3826769129167509
-0.09143329760790146,0.36772340683320115,-1.230349448612613
-0.09143329760790146,-0.3211587381820736,-0.265290941714703
-0.09143329760790146,0.21813859823437876,-1.0097646470359478
-0.09143329760790146,-0.6859224639879143,0.35510381271966773
-0.09143329760790146,-0.5041166196018606,0.1758786614386275
-0.09143329760790146,-0.5023525628939564,0.06558626065029481
-0.09143329760790146,-0.7203395703707,0.21723831173425187
-0.09143329760790146,-0.4183978640606342,0.14830556124154431
-0.09143329760790146,-0.46476735466840385,-0.4720891931928266
-0.09143329760790146,-0.33602721614869535,-0.11363889063074559
-0.09143329760790146,0.67841339436818,-1.106270497725739
-0.09143329760790146,-0.46026721000538273,1.1685102685336208
-0.09143329760790146,-0.13535676533525712,-0.6926739947694918
-0.09143329760790146,-0.6778582047517805,-0.11363889063074559
-0.09143329760790146,-0.08405511617681621,0.24481141193133543
-0.09143329760790146,-0.13485274913299874,-0.21014474132053668
-0.09143329760790146,-0.2332079108879886,0.0793728107488364
-0.09143329760790146,-0.0655865224797775,-0.34801024230595234
-0.09143329760790146,0.37675969731654757,-0.9959780969374062
-0.09143329760790146,-0.2822414871362668,-0.5548084937840759
-0.09143329760790146,-0.4797438361069382,-0.8718991460505322
-0.09143329760790146,-0.27126113415849523,-0.8994722462476153
-0.09143329760790146,0.9575663681047067,-0.5685950438826175
-0.09143329760790146,-0.6216243970426684,-0.5823815939811591
-0.09143329760790146,-0.5326295361867626,0.4102500131138341
-0.09143329760790146,0.027080456421153625,-0.14121199082782876
-0.09143329760790146,-0.6161522211324347,0.3688903628182097
-0.09143329760790146,-0.7380521397643511,1.0582178677452883
-0.09143329760790146,-0.7510845587084602,1.0306447675482049
-0.09143329760790146,-0.7857536731923751,0.038013160453211646
-0.09143329760790146,-0.08196704905317441,-0.017133039940954692
-0.09143329760790146,0.09501464025412061,-0.67888744467095
-0.09143329760790146,-0.42851418926310564,-0.030919590039496084
-0.09143329760790146,0.5961867510854579,-0.8994722462476153
-0.09143329760790146,-0.11742818899778093,-0.15499854092637036
-0.09143329760790146,-0.635808853020511,0.258597962029877
2.6568191571244006,-0.6233524525932685,0.038013160453211646
-0.037731812860258784,-0.6989188817747194,0.4378231133109172
-0.09143329760790146,-1.5634506732770348,3.8293144375521435
-0.09143329760790146,0.04695309525305494,-0.6375277943753255
-0.09143329760790146,-0.08337109418803701,-0.6375277943753255
-0.09143329760790146,-0.42826218116197645,-0.8305394957549074
0.11621244341631691,-0.2728451850798787,0.010440060256128479
-0.09143329760790146,-0.6981268563140276,0.0793728107488364
-0.09143329760790146,1.210186488908061,-0.9132587963461567
-0.09143329760790146,0.5178842339488903,-1.064910847430114
-0.09143329760790146,-0.6485532627061869,1.9819167243475735
-0.09143329760790146,0.017612152050157166,-0.3204371421088692
-0.09143329760790146,-0.5009125166017896,-0.003346489842413106
-0.09143329760790146,0.29140095334836275,-0.5548084937840759
-0.09143329760790146,-0.07775491364858664,0.09315936084737798
-0.09143329760790146,-0.12603246559347733,-0.8581125959519905
-0.09143329760790146,-0.2170073901011125,-0.7478201951636579
-0.09143329760790146,-0.43679445544306456,-0.07227924033512104
-0.09143329760790146,0.002959681027360364,-0.265290941714703
-0.09143329760790146,0.01667612196024877,-0.4720891931928266
-0.09143329760790146,-0.0539581486705309,-0.3755833425030355
-0.09143329760790146,-0.4016933270714997,-0.3617967924044939
-0.09143329760790146,-0.4159137842066465,-0.34801024230595234
-0.09143329760790146,0.20359413068349447,-0.6375277943753255
-0.09143329760790146,0.08727439143372427,-0.7753932953607411
-0.09143329760790146,-0.294841892192726,-0.6651008945724086
0.2330131727424397,-0.28839768503527974,-0.5548084937840759
-0.09143329760790146,0.47216276417259556,-0.8994722462476153
0.19171998560694173,-0.5374536912655212,0.42403656321237565
0.2442009820648653,-0.647941243032016,1.8854108736577824
-0.09143329760790146,0.7278789845041083,0.038013160453211646
-0.09143329760790146,-0.25891273720316527,-0.2515043916161612
-0.09143329760790146,-0.3071542879907518,-0.6651008945724086
-0.09143329760790146,-0.5311534887372916,-0.04470614013803767
-0.09143329760790146,-0.19472267372983187,-0.8856856961490736
-0.09143329760790146,-0.5787110175360989,2.0646360249388227
-0.09143329760790146,-0.18788245384203975,-0.07227924033512104
1.2063525837934632,-1.023433313714499,1.0030716673511215
-0.09143329760790146,0.8925842791706816,-1.0786973975286558
-0.09143329760790146,-0.3364592300363454,-0.3755833425030355
-0.09143329760790146,-0.23734804397796802,-0.7616067452621995
-0.09143329760790146,-0.4176418397572466,-0.3204371421088692
-0.09143329760790146,-0.5330615500744126,0.4378231133109172
-0.09143329760790146,-0.37861658523952735,-0.41694299279866026
-0.09143329760790146,1.0876745506019738,-0.9546184466417815
-0.09143329760790146,-0.035129543400450484,-0.94083189654324
1.106522900608743,-0.3974811916669119,-0.30665059201032757
-0.09143329760790146,-0.40331337915018733,-0.5961681440797006
-0.09143329760790146,-0.23428794560711363,-0.5823815939811591
-0.09143329760790146,0.0901544840180578,-0.67888744467095
-0.09143329760790146,-0.44547073435336926,-0.058492690236579443
-0.09143329760790146,0.6371200669402981,-1.2717090989082378
-0.09143329760790146,0.449482035070969,-0.8718991460505322
-0.09143329760790146,0.4303294193851511,-0.41694299279866026
-0.09143329760790146,-0.44320266144320664,-0.14121199082782876
-0.09143329760790146,1.452762286823552,-1.0511242973315726
-0.09143329760790146,-0.1708539064371678,-0.7340336450651164
-0.09143329760790146,0.23768722665054254,-0.8443260458534491
-0.09143329760790146,-0.347871596901767,-0.43072954289720183
-0.09143329760790146,-0.3990292414309912,0.8927792665627895
-0.09143329760790146,-0.6359168564924236,-0.14121199082782876
-0.09143329760790146,-0.6486972673354036,0.6032617144934163
-0.09143329760790146,-0.30035006926026386,-0.292864041911786
-0.09143329760790146,-0.22690770835975899,0.09315936084737798
-0.09143329760790146,-0.4789158094889423,-0.8167529456563658
-0.09143329760790146,-0.30837832733909354,-1.161416698119905
-0.09143329760790146,-0.6749061098528386,0.1896652115371691
-0.09143329760790146,1.18358163366028,-1.0786973975286558
-0.09143329760790146,-0.3174866201370483,-0.5134488434884512
-0.09143329760790146,0.00990790438706499,0.5894751643948742
11.58863963500438,-1.0761390080078026,2.174928425727155
-0.09143329760790146,0.6962699683910478,-0.7202470949665748
-0.09143329760790146,-0.976775813848296,1.444241270504452
-0.09143329760790146,0.221810716279404,-0.41694299279866026
-0.09143329760790146,0.19732992931256904,-0.6651008945724086
-0.09143329760790146,-0.19605471655008613,0.796273415872998
-0.09143329760790146,-0.5005165038714438,-0.16878509102491193
-0.09143329760790146,-0.0379016325128715,-1.1889897983169881
-0.09143329760790146,-0.515888998040324,0.2723845121284182
-0.09143329760790146,-0.5778109886034947,0.4378231133109172
-0.09143329760790146,-0.7057591016625114,0.713554115281749
-0.09143329760790146,-0.6013917466377254,0.5756886142963331
-0.09143329760790146,-0.5627265036930479,-0.2515043916161612
-0.09143329760790146,-0.5363736565463961,0.010440060256128479
-0.09143329760790146,-0.4054014462738291,0.5481155140992499
-0.09143329760790146,-0.22690770835975899,-0.22393129141907828
-0.09143329760790146,-0.4680074588257791,-0.43072954289720183
-0.09143329760790146,0.5448491007697128,-0.7478201951636579
-0.09143329760790146,-0.20739508110089938,-0.8305394957549074
-0.09143329760790146,-0.7142553747862954,0.8238465160700816
-0.09143329760790146,0.4348655652054764,-0.5685950438826175
-0.09143329760790146,0.21270242348144922,-1.161416698119905
-0.09143329760790146,-0.08329909187342867,-0.6099546941782422
-0.09143329760790146,-0.2800814176980167,0.49296931370508357
-0.09143329760790146,0.9448219584190309,-0.3204371421088692
-0.09143329760790146,-0.5584063648165476,0.05179971055175323
-0.09143329760790146,-0.45274296812881143,0.13451901114300274
-0.09143329760790146,-0.6371408958407653,0.10694591094591957
-0.09143329760790146,0.7653921904150525,-0.5410219436855346
-0.09143329760790146,0.17554922914354676,-0.9684049967403231
-0.09143329760790146,-0.4276141603305014,0.4378231133109172
-0.09143329760790146,0.3082134938094097,-0.5410219436855346
-0.09143329760790146,-0.25214451962998147,-0.43072954289720183
-0.09143329760790146,0.034100682095466586,-0.94083189654324
-0.09143329760790146,-0.6245404907843061,1.4028816202088275
-0.09143329760790146,0.9864392962626504,-1.230349448612613
-0.09143329760790146,-0.40288136526253726,0.4516096634094588
-0.09143329760790146,-0.03091740799586271,0.2999576123255018
-0.09143329760790146,0.327870125697486,-0.43072954289720183
-0.09143329760790146,-0.11134399341337636,-0.292864041911786
-0.09143329760790146,0.1602847384465791,-0.41694299279866026
-0.09143329760790146,-0.5692427131651024,-0.5548084937840759
-0.09143329760790146,0.400916473867645,-0.7202470949665748
-0.09143329760790146,-0.4159137842066465,0.2999576123255018
-0.09143329760790146,1.2181067435149782,-1.2854956490067793
-0.09143329760790146,0.0791021287256779,-0.7340336450651164
0.2625083064106526,-0.35035567675575463,0.1758786614386275
-0.09143329760790146,-0.5909154098622122,-0.3617967924044939
-0.09143329760790146,-0.18745043995438973,-0.23771784151761965
-0.09143329760790146,-0.49936446683771035,-0.14121199082782876
-0.09143329760790146,-0.08963529555896242,-1.133843597922822
-0.09143329760790146,-0.1528173266277791,-0.8443260458534491
-0.09143329760790146,-0.46735943799430407,-0.11363889063074559
-0.09143329760790146,-0.5619704793896603,-0.7340336450651164
-0.09143329760790146,-0.6476532337735826,-0.07227924033512104
-0.09143329760790146,-0.37339641743042284,0.13451901114300274
-0.09143329760790146,-0.5787110175360989,-0.16878509102491193
-0.09143329760790146,-0.7371881119890511,0.39646346301529245
-0.09143329760790146,-0.4829839402643134,-0.5685950438826175
-0.09143329760790146,-0.5073207226019317,0.5343289640007083
-0.09143329760790146,-0.46699942642126235,-0.2790774918132446
-0.09143329760790146,0.30997755051731396,-0.5272353935869928
-0.09143329760790146,-0.45274296812881143,0.5619020641977915
-0.09143329760790146,0.04803312997218001,-0.14121199082782876
-0.09143329760790146,-0.28252949639470015,-0.9270453464446984
-0.09143329760790146,1.2383393939199212,-1.1200570478242806
-0.09143329760790146,-0.644125120357774,0.09315936084737798
-0.09143329760790146,0.17396517822216334,-0.6237412442767839
-0.09143329760790146,0.3818718616537396,-0.6513143444738668
-0.09143329760790146,0.020240236533361506,-0.14121199082782876
-0.09143329760790146,-0.17402200827993466,-0.8167529456563658
-0.09143329760790146,-0.408785555060421,0.06558626065029481
-0.09143329760790146,-0.4484588304096153,-0.2515043916161612
-0.09143329760790146,-0.193894647111836,-0.43072954289720183
-0.09143329760790146,0.26375206453876093,-0.7891798454592827
-0.09143329760790146,-0.12491642971704808,-0.292864041911786
-0.09143329760790146,-0.45400300863445736,-0.41694299279866026
-0.09143329760790146,0.015344079139994516,-0.017133039940954692
-0.09143329760790146,-0.5402617815352464,-0.08606579043366243
-0.09143329760790146,-0.5340335813216252,0.6584079148875822
-0.09143329760790146,-0.31853065369886924,-0.5272353935869928
-0.09143329760790146,-0.6280686042001147,-0.017133039940954692
-0.09143329760790146,0.4409137596325768,-1.0924839476271972
-0.09143329760790146,0.8891281680694815,-1.106270497725739
-0.09143329760790146,-0.3227067879461528,-0.6651008945724086
-0.09143329760790146,0.13205983112011055,-0.7616067452621995
-0.09143329760790146,0.6135033077487632,-1.0097646470359478
-0.09143329760790146,-0.3345151675419203,0.21723831173425187
-0.09143329760790146,0.06966982551198561,-0.4583026430942848
-0.09143329760790146,0.30652143941611376,-0.5548084937840759
-0.09143329760790146,0.6962699683910478,-0.9270453464446984
-0.09143329760790146,-0.2416681828544683,1.0030716673511215
-0.09143329760790146,-0.5666506298392022,-0.4031564427001187
-0.09143329760790146,-0.27640929965299144,-0.4996622933899096
-0.09143329760790146,0.6823015193570302,-0.3617967924044939
-0.09143329760790146,0.43796166473363496,-1.0786973975286558
-0.09143329760790146,-0.6488412719646202,-0.18257164112345334
-0.09143329760790146,0.5273165371625825,-0.4858757432913682
-0.09143329760790146,0.8336863858210611,-0.4858757432913682
-0.09143329760790146,-0.7845656350013375,0.7411272154788318
-0.09143329760790146,0.023588344162649228,-0.44451609299574324
-0.09143329760790146,-0.18158225131381017,-0.8856856961490736
-0.09143329760790146,-0.35337977396930487,-0.41694299279866026
-0.09143329760790146,0.0007276092745018831,-0.8029663955578242
-0.09143329760790146,-0.042041765602850945,-0.7478201951636579
-0.09143329760790146,-0.6715220010662467,1.3890950701102858
-0.09143329760790146,-0.4748476787135712,0.2999576123255018
-0.09143329760790146,1.009804047353056,-1.2579225488096961
-0.09143329760790146,0.08295425255722398,-0.7202470949665748
-0.09143329760790146,-0.4820839113317092,-0.67888744467095
-0.09143329760790146,0.269728256651253,-0.4583026430942848
-0.09143329760790146,-0.27745333321481236,-0.003346489842413106
-0.09143329760790146,0.6367960565245606,-0.7340336450651164
-0.09143329760790146,0.5891305242538407,-0.8856856961490736
-0.09143329760790146,0.5628856805791015,-1.1200570478242806
-0.09143329760790146,0.23048699518970872,-1.0235511971344895
-0.09143329760790146,-0.49464831523086417,0.6859810150846658
-0.09143329760790146,0.24560748125745974,-0.9684049967403231
-0.09143329760790146,-0.4755317007023504,0.0793728107488364
-0.09143329760790146,0.33129023564138205,-0.5548084937840759
-0.09143329760790146,0.09508664256872895,-0.9546184466417815
-0.09143329760790146,0.17018505670522557,-0.8581125959519905
-0.09143329760790146,-0.36544016166620147,-0.33422369220741094
-0.09143329760790146,-0.5882153230643995,0.5894751643948742
-0.09143329760790146,0.27120430410072394,-0.23771784151761965
-0.09143329760790146,-0.26323287607966556,-0.5272353935869928
-0.09143329760790146,-0.3843407692508902,0.24481141193133543
-0.09143329760790146,1.0273366109601865,-1.037337747233031
-0.09143329760790146,-0.44503872046571924,-0.21014474132053668
-0.09143329760790146,0.18883365618878514,-0.8718991460505322
-0.09143329760790146,-0.008992703197623759,-1.064910847430114
0.07078993756726912,1.05577752523048,-0.5823815939811591
-0.09143329760790146,-0.25776070016943187,-0.6513143444738668
-0.09143329760790146,-0.5296054389732123,0.865206166365706
-0.09143329760790146,0.09389860437769137,-0.4720891931928266
-0.09143329760790146,-0.5235932457034161,-0.34801024230595234
-0.09143329760790146,-0.1500092363580539,-1.106270497725739
-0.09143329760790146,-0.13841686370611148,0.6584079148875822
-0.09143329760790146,-0.3913609949252032,-0.04470614013803767
-0.09143329760790146,0.2205506757737581,-1.230349448612613
-0.09143329760790146,-0.17906217030251834,-0.09985234053220401
-0.09143329760790146,-0.5909154098622122,-0.4720891931928266
-0.09143329760790146,-0.3315990738002826,-0.2790774918132446
-0.09143329760790146,0.7398673698863966,-0.43072954289720183
-0.09143329760790146,-0.2931858389567342,0.31374416242404335
-0.09143329760790146,-0.3257668863170072,0.1896652115371691
-0.09143329760790146,-0.1781621413699141,-0.5410219436855346
-0.09143329760790146,0.21695056004334118,-0.07227924033512104
-0.09143329760790146,-0.006364618714419419,-0.8856856961490736
-0.09143329760790146,-0.30661427063118923,-0.08606579043366243
-0.09143329760790146,0.09839874904071251,-0.4996622933899096
-0.09143329760790146,-0.5235932457034161,-0.058492690236579443
-0.09143329760790146,-0.12606846675078148,-0.9546184466417815
-0.09143329760790146,0.3585791128779422,-0.9270453464446984
-0.09143329760790146,-0.8209268038785482,0.7273406653802901
-0.09143329760790146,-0.36155203667735125,-0.6513143444738668
-0.09143329760790146,1.7869970312354575,-1.133843597922822
-0.09143329760790146,0.6486764384349364,-0.9821915468388647
-0.09143329760790146,-0.10954393554816791,0.23102486183279383
-0.09143329760790146,0.23592316994263826,-0.5410219436855346
-0.09143329760790146,-0.27388921864169957,-0.6926739947694918
-0.09143329760790146,0.8510749447989747,-1.1889897983169881
-0.09143329760790146,-0.22604368058445892,-0.3617967924044939
-0.09143329760790146,-0.9892322142755385,0.35510381271966773
-0.09143329760790146,0.17360516664912165,-0.7202470949665748
-0.09143329760790146,-0.10893191587399703,0.12073246104446116
-0.09143329760790146,-0.37678052621701474,0.21723831173425187
-0.09143329760790146,-0.3161185761594899,-1.2165628985140715
-0.09143329760790146,-0.3220227659573736,0.479182763606542
-0.09143329760790146,-0.6728540438865009,0.5205424139021667
-0.09143329760790146,-0.4206659369707968,0.10694591094591957
-0.09143329760790146,-0.3045982058221558,-0.292864041911786
-0.09143329760790146,0.5128800730836107,-1.230349448612613
-0.09143329760790146,-0.3967971696781327,0.46539621350800037
-0.09143329760790146,1.3403666737199362,-1.0924839476271972
-0.09143329760790146,-0.24008413193308487,0.21723831173425187
-0.09143329760790146,-0.45861115676939096,-0.4031564427001187
-0.09143329760790146,-0.5610704504570561,0.9754985671540386
-0.09143329760790146,-0.6499213066837453,0.24481141193133543
-0.09143329760790146,0.7541238281788475,-0.8856856961490736
-0.09143329760790146,-0.3021501271254723,-0.5961681440797006
-0.09143329760790146,0.12511160776040595,-1.2717090989082378
-0.09143329760790146,0.09598667150133318,-0.3755833425030355
-0.09143329760790146,-0.18845847235890645,-0.8443260458534491
-0.09143329760790146,-0.11778820057082262,-0.9959780969374062
-0.09143329760790146,-0.08985130250278743,-0.5548084937840759
-0.09143329760790146,-0.020441071220349515,-0.3755833425030355
-0.09143329760790146,-0.22971579862948419,-0.5134488434884512
-0.09143329760790146,-0.0727867539406113,-0.2790774918132446
-0.09143329760790146,0.977403005779304,-0.292864041911786
-0.09143329760790146,-0.7688331292594156,0.644621364789041
-0.09143329760790146,-0.3068662787323184,-0.1963581912219951
-0.09143329760790146,-0.08902327588479154,0.24481141193133543
-0.09143329760790146,-0.5760829330528946,0.6308348146904991
0.9467954075131904,1.074750135129777,-0.4583026430942848
-0.09143329760790146,-0.6184202940425974,0.12073246104446116
-0.09143329760790146,0.5609776192419805,-0.9132587963461567
-0.09143329760790146,1.3314743878658064,-1.230349448612613
-0.09143329760790146,0.0418769320731671,-0.8718991460505322
-0.09143329760790146,-0.5149169667931114,-0.12742544072928738
-0.09143329760790146,-0.5702507455696192,0.39646346301529245
-0.09143329760790146,-0.04873798086142639,-0.2790774918132446
-0.09143329760790146,0.5636417048824891,-0.8167529456563658
-0.09143329760790146,0.15128444912053685,-0.9959780969374062
-0.09143329760790146,-0.7495725101016852,0.24481141193133543
-0.09143329760790146,-0.1499012328861414,-0.5410219436855346
-0.09143329760790146,0.42773733605925096,-0.3893698926015769
-0.09143329760790146,0.5899945520291409,-1.2854956490067793
-0.09143329760790146,-0.42887420083614736,-0.14121199082782876
-0.09143329760790146,-0.6595696168412626,-0.265290941714703
-0.09143329760790146,-0.8546598882725547,-0.5272353935869928
-0.09143329760790146,-0.025301227456412338,-0.7478201951636579
-0.09143329760790146,-0.26114480895602377,-0.7064605448680331
-0.09143329760790146,0.29766515471928817,-0.94083189654324
-0.09143329760790146,1.2964092606515458,-1.519867000681986
0.02012422801399236,-0.5956675626263626,0.49296931370508357
-0.09143329760790146,-0.6737540728191052,-0.15499854092637036
-0.09143329760790146,0.22101869081871228,-1.1200570478242806
-0.09143329760790146,-0.1424489933241784,-1.1752032482184467
-0.09143329760790146,-0.05590221116495603,0.2861710622269598
-0.09143329760790146,1.0311887347917326,-1.3682149495980287
-0.09143329760790146,0.07265792156823164,1.0168582174496634
-0.09143329760790146,0.49077536249885095,-0.7202470949665748
-0.09143329760790146,-0.5884313300082246,0.09315936084737798
-0.09143329760790146,2.138296324209539,-1.4095745998936535
-0.09143329760790146,-0.3558998549805967,0.961712017055497
-0.09143329760790146,-0.13931689263871572,-0.030919590039496084
-0.09143329760790146,0.26422007958371513,-0.41694299279866026
-0.09143329760790146,-0.4650553639268372,-0.4720891931928266
-0.09143329760790146,0.020600248106403197,-0.6099546941782422
-0.09143329760790146,0.7122184810767948,-1.1200570478242806
-0.09143329760790146,-0.37908460028448154,-0.30665059201032757
-0.09143329760790146,-0.6417130428183947,0.49296931370508357
-0.09143329760790146,1.3027094631797753,-1.0511242973315726
-0.09143329760790146,0.18796962841348508,-0.5548084937840759
-0.09143329760790146,-0.45972719264582024,0.10694591094591957
-0.09143329760790146,-0.33966333303641644,-0.34801024230595234
-0.09143329760790146,0.09598667150133318,-0.7202470949665748
-0.09143329760790146,0.10685902100719223,-0.7340336450651164
-0.09143329760790146,-0.6446651377173366,0.35510381271966773
-0.09143329760790146,-0.27590528345073306,-0.4031564427001187
-0.09143329760790146,-0.10367574690758835,-0.44451609299574324
-0.09143329760790146,0.2722483376625448,-0.7753932953607411
-0.09143329760790146,-0.25545662610196507,-0.08606579043366243
-0.09143329760790146,-0.14172897017809502,-1.161416698119905
-0.09143329760790146,0.17785330321101359,-0.9821915468388647
-0.09143329760790146,0.16777297916584624,-1.0097646470359478
-0.09143329760790146,-0.5839311853452034,0.49296931370508357
-0.02697373396213831,0.2625280251904192,-0.5548084937840759
-0.09143329760790146,0.32466602269741496,-0.8581125959519905
-0.09143329760790146,0.06160556627585174,-0.12742544072928738
-0.09143329760790146,-0.2031829456963116,-0.9270453464446984
-0.09143329760790146,-0.1856143809318771,0.024226610354670254
-0.09143329760790146,-0.3964011569477869,-1.354428399499487
-0.09143329760790146,-0.4813638881856258,-0.6513143444738668
-0.09143329760790146,0.07600602919751935,-0.5685950438826175
-0.09143329760790146,0.11373524205228852,-0.6513143444738668
-0.09143329760790146,0.8699755523836635,-0.9959780969374062
-0.09143329760790146,1.1372841453671187,-1.0924839476271972
-0.09143329760790146,0.19999401495307756,-1.0511242973315726
-0.09143329760790146,-0.31223045117063963,-0.6513143444738668
-0.09143329760790146,0.22310675794235407,-1.0235511971344895
-0.09143329760790146,-0.44212262672408154,0.23102486183279383
-0.09143329760790146,0.3187978340568354,-0.41694299279866026
-0.09143329760790146,-0.04452584545683861,-0.3755833425030355
-0.09143329760790146,-0.5415578231981965,-0.09985234053220401
-0.09143329760790146,-0.851311780643267,-0.21014474132053668
-0.09143329760790146,-0.5354016252991836,0.10694591094591957
-0.09143329760790146,0.0791021287256779,-0.5961681440797006
-0.09143329760790146,-0.27792134825976655,-0.67888744467095
-0.09143329760790146,-0.25009245366364385,-0.3204371421088692
-0.09143329760790146,-0.4609152308368578,-0.08606579043366243
-0.09143329760790146,-0.7999381291702177,-0.3755833425030355
-0.09143329760790146,-0.45447102367941156,-0.4720891931928266
-0.09143329760790146,-0.38016463500360664,-0.11363889063074559
-0.09143329760790146,-0.6292926435484564,-0.43072954289720183
-0.09143329760790146,-0.8530758373511712,0.7273406653802901
-0.09143329760790146,-0.6956067753027358,-0.12742544072928738
-0.09143329760790146,-0.6659058205267964,-0.4996622933899096
-0.09143329760790146,-0.229463790528355,0.4102500131138341
-0.09143329760790146,-0.5423498486588881,0.09315936084737798
-0.09143329760790146,-0.12729250609912324,-0.7340336450651164
-0.09143329760790146,-0.574246874030382,0.7687003156759149
-0.09143329760790146,-0.0639664704010899,-0.4996622933899096
-0.09143329760790146,-0.4820839113317092,-0.7753932953607411
-0.09143329760790146,0.4524341299699109,-0.5961681440797006
-0.09143329760790146,0.09159453031022455,-0.43072954289720183
-0.09143329760790146,-0.640921017357703,0.42403656321237565
-0.09143329760790146,-0.16336566571790062,-0.43072954289720183
-0.09143329760790146,1.6130034379844085,-1.037337747233031
-0.09143329760790146,-0.5399017699622046,0.5619020641977915
-0.09143329760790146,-0.4866200571520345,-0.8443260458534491
-0.09143329760790146,-0.6981268563140276,-0.030919590039496084
-0.09143329760790146,-0.7897138004958337,0.9341389168584135
-0.09143329760790146,-0.40306137104905815,-0.34801024230595234
-0.09143329760790146,-0.703743036853478,0.479182763606542
-0.09143329760790146,-1.0459340370296049,1.6372529718840338
-0.09143329760790146,-0.28036942695645,-0.23771784151761965
-0.09143329760790146,0.3347823478998865,-0.94083189654324
-0.09143329760790146,1.0684139314442433,-0.67888744467095
-0.09143329760790146,-0.662233702481771,-0.12742544072928738
-0.09143329760790146,-0.6859224639879143,0.21723831173425187
-0.09143329760790146,-0.10734786495261359,-0.22393129141907828
0.4276810549526444,-0.019073027242791092,-0.22393129141907828
-0.09143329760790146,-0.5509181240972804,0.24481141193133543
-0.09143329760790146,0.27620846496600343,-0.5410219436855346
-0.09143329760790146,-0.21790741903371674,-0.5961681440797006
-0.09143329760790146,-0.24152417822525163,-1.064910847430114
-0.09143329760790146,-0.26161282400097796,0.6997675651832069
-0.09143329760790146,0.03881683370231273,-0.5548084937840759
-0.09143329760790146,-0.4397465503420064,-0.9132587963461567
-0.09143329760790146,-0.5246732804225411,-0.2790774918132446
-0.09143329760790146,-0.27662530659681644,0.2861710622269598
-0.09143329760790146,-0.24310822914663507,0.3826769129167509
-0.09143329760790146,-0.7039230426399988,0.16209211134008591
2.071543171394373,0.5523733426462841,-0.9959780969374062
-0.09143329760790146,0.1594567118285832,-0.67888744467095
-0.09143329760790146,-1.3099305235410763,2.230074626121322
-0.09143329760790146,-0.0701226683001028,-0.3617967924044939
-0.09143329760790146,-0.599195676042171,0.5619020641977915
-0.09143329760790146,-0.20822310771889527,-0.21014474132053668
-0.09143329760790146,-0.40946957704920023,1.196083368730704
-0.09143329760790146,0.12547161933344764,-0.7616067452621995
-0.09143329760790146,-0.42977422976875157,-0.09985234053220401
-0.09143329760790146,-0.7792734648776246,1.0857909679423714
-0.09143329760790146,-0.9995285452645308,0.3413172626211261
-0.09143329760790146,-0.8409434473396662,0.9892851172525803
-0.09143329760790146,0.18346948375046396,-0.9132587963461567
-0.09143329760790146,-0.27885737834967494,-0.7064605448680331
-0.09143329760790146,-0.5606024354121019,-0.5410219436855346
-0.09143329760790146,0.9794190705883374,-0.94083189654324
-0.09143329760790146,-0.7309239106181257,-0.43072954289720183
-0.09143329760790146,-0.8937211439475781,1.2650161192234115
-0.09143329760790146,-0.020045058490003657,-0.67888744467095
-0.09143329760790146,-0.6979108493702026,-0.8029663955578242
-0.09143329760790146,-0.7636489626076153,0.31374416242404335
-0.09143329760790146,-0.45792713478061176,0.024226610354670254
-0.09143329760790146,0.01743214626363632,-0.9684049967403231
-0.09143329760790146,-0.38538480281271115,-1.423361149992195
-0.09143329760790146,-0.681818332055239,-0.8029663955578242
-0.09143329760790146,-0.4417626151510399,-0.41694299279866026
-0.09143329760790146,-0.6004197153905129,0.16209211134008591
-0.09143329760790146,-0.23590799768580126,-0.7891798454592827
-0.09143329760790146,-0.0438418234680594,0.39646346301529245
-0.09143329760790146,0.008179848836464875,-0.5134488434884512
-0.09143329760790146,1.9515223201155099,-1.1752032482184467
-0.09143329760790146,-0.7039230426399988,-0.6375277943753255
-0.09143329760790146,-0.8347872494406533,-0.16878509102491193
-0.09143329760790146,-0.43503039873516025,0.12073246104446116
-0.09143329760790146,-0.12340438111027299,-0.34801024230595234
-0.09143329760790146,0.48083904308290026,-0.8994722462476153
-0.09143329760790146,-0.35291175892435067,-0.1963581912219951
-0.09143329760790146,-0.7275398018315338,0.3826769129167509
-0.09143329760790146,-0.883928829160844,0.3826769129167509
-0.09143329760790146,-0.9029374402174454,0.3826769129167509
-0.09143329760790146,-0.7527766131017563,0.8100599659715396
-0.09143329760790146,0.21173039223423665,-0.3617967924044939
-0.09143329760790146,-0.5523941715467513,-0.2790774918132446
-0.09143329760790146,-0.7109432683143118,0.6308348146904991
-0.09143329760790146,-0.6169082454358222,-0.34801024230595234
-0.09143329760790146,0.14613628362604067,-0.9270453464446984
-0.09143329760790146,1.2016542146269729,-0.4031564427001187
-0.09143329760790146,-0.8292430712158113,0.6721944649861241
-0.09143329760790146,-0.7704891824954074,0.31374416242404335
-0.09143329760790146,-0.70842318730302,-0.4720891931928266
-0.09143329760790146,-0.3344791663846161,-0.8167529456563658
-0.09143329760790146,-0.5825991425249492,0.46539621350800037
-0.09143329760790146,-0.5644185580863438,-0.7753932953607411
-0.09143329760790146,0.9701307720038618,0.024226610354670254
-0.09143329760790146,-1.1616417566052042,0.479182763606542
-0.09143329760790146,-0.3035181711030307,0.23102486183279383
-0.09143329760790146,0.5458571331742296,-0.9270453464446984
-0.09143329760790146,-0.42415804922930117,-0.12742544072928738
-0.09143329760790146,-0.8625081405648635,-0.22393129141907828
-0.09143329760790146,-0.7746293155853868,-0.07227924033512104
-0.09143329760790146,1.2926651402919123,-1.2027763484155298
-0.09143329760790146,-0.16332966456059647,-0.8994722462476153
-0.09143329760790146,-0.3676362322617558,-0.22393129141907828
0.12093166480323093,0.2604039569094732,-0.04470614013803767
-0.09143329760790146,-0.6820343389990641,0.42403656321237565
-0.09143329760790146,-0.4237980376562595,-0.14121199082782876
-0.09143329760790146,-0.22773573497775487,-1.064910847430114
-0.09143329760790146,-0.08290307914308281,-0.9546184466417815
-0.09143329760790146,-0.3691842820258351,-0.14121199082782876
-0.09143329760790146,-0.9354824864204142,-0.4720891931928266
-0.07298136564484889,0.9010445511371614,-0.6375277943753255
-0.09143329760790146,-0.5830671575699033,-0.6926739947694918
-0.09143329760790146,-0.3034101676311182,-0.8029663955578242
-0.09143329760790146,-0.59469553137915,0.6584079148875822
-0.09143329760790146,-0.19695474548269035,0.010440060256128479
-0.09143329760790146,-0.8884289738238652,-0.7202470949665748
-0.09143329760790146,-0.3671682172168016,0.1896652115371691
-0.09143329760790146,-0.37922860491369825,-0.6651008945724086
-0.09143329760790146,-0.9014253916106703,-0.41694299279866026
-0.09143329760790146,-0.41375371476839634,-0.6237412442767839
-0.09143329760790146,-0.6031918045029339,0.5205424139021667
-0.09143329760790146,0.22411479034687082,-0.7616067452621995
-0.09143329760790146,-0.4625352829155454,0.09315936084737798
-0.09143329760790146,-0.7211315958313916,1.0168582174496634
-0.09143329760790146,-0.7342720182474134,1.4028816202088275
-0.09143329760790146,-0.49842843674780196,0.644621364789041
-0.09143329760790146,0.06963382435468143,-0.5823815939811591
-0.09143329760790146,-0.28746165494537135,0.2861710622269598
-0.09143329760790146,-0.4797798372642424,0.6308348146904991
-0.09143329760790146,-0.6980908551567234,0.2723845121284182
-0.09143329760790146,-0.7847456407878584,0.5481155140992499
-0.09143329760790146,0.06945381856816059,-1.2027763484155298
-0.09143329760790146,-0.1039637561660217,-0.9270453464446984
0.0430522859570068,-0.17600207193166395,0.258597962029877
-0.09143329760790146,-0.673070050830326,0.038013160453211646
-0.09143329760790146,-0.1877024480555189,-0.15499854092637036
-0.09143329760790146,-0.30405818846259325,0.8927792665627895
-0.09143329760790146,-0.6207603692673683,0.7411272154788318
-0.09143329760790146,-0.8308271221371948,1.2374430190263288
-0.09143329760790146,-0.04862997738951388,-0.9959780969374062
-0.09143329760790146,-0.6071519318063925,1.0582178677452883
-0.09143329760790146,-0.6233164514359644,0.21723831173425187
-0.09143329760790146,-0.7003949292241903,-0.4583026430942848
-0.09143329760790146,-0.7009349465837528,0.2861710622269598
-0.09143329760790146,-0.3739004336326812,0.5619020641977915
-0.09143329760790146,-0.8070663583164431,-0.5685950438826175
-0.09143329760790146,-0.06108637781675637,-0.11363889063074559
-0.09143329760790146,-0.4705635409943751,0.5067558638036251
-0.09143329760790146,-0.5995196864579087,0.12073246104446116
-0.09143329760790146,1.1741493304465878,-1.4371477000907367
-0.09143329760790146,-0.6599296284143042,0.21723831173425187
0.002382549240389968,-0.25077647565242306,0.010440060256128479
-0.09143329760790146,-0.4093255724199836,0.21723831173425187
-0.09143329760790146,0.3959843153169738,-0.4583026430942848
-0.09143329760790146,-0.1898985186510732,0.06558626065029481
-0.09143329760790146,-0.4505468975332571,-0.14121199082782876
-0.09143329760790146,-0.7052190843029489,0.024226610354670254
-0.09143329760790146,-0.637284900469982,0.20345176163571066
-0.09143329760790146,-0.6844104153811392,0.024226610354670254
-0.09143329760790146,-0.20779109383124522,-0.9684049967403231
-0.09143329760790146,-0.3964011569477869,1.4993874708986186
-0.09143329760790146,-0.88432484189119,0.21723831173425187
-0.09143329760790146,0.7264749393692457,-0.8581125959519905
-0.09143329760790146,0.05454933944423461,-1.0235511971344895
-0.09143329760790146,-0.30535423012554336,-0.2515043916161612
-0.09143329760790146,-0.7141473713143829,-1.106270497725739
-0.09143329760790146,-0.7806775100124873,-0.04470614013803767
-0.09143329760790146,0.732919146526692,-0.9821915468388647
-0.09143329760790146,-0.483955971511526,1.6234664217854924
-0.09143329760790146,-0.5575063358839434,-0.6513143444738668
-0.09143329760790146,-0.18835046888699394,-0.5823815939811591
-0.09143329760790146,0.45139009640809,0.35510381271966773
-0.09143329760790146,-0.22546766206759222,-0.16878509102491193
-0.09143329760790146,0.20661822789704465,-1.2992821991053207
-0.09143329760790146,-0.49842843674780196,1.3753085200117443
-0.09143329760790146,-0.42235799136409274,0.31374416242404335
-0.09143329760790146,0.2106503575151116,-1.1200570478242806
-0.09143329760790146,-0.5250692931528871,-0.2790774918132446
-0.09143329760790146,-0.4834159541519634,-0.3755833425030355
-0.09143329760790146,-0.42783016727432643,-0.7616067452621995
-0.09143329760790146,-0.34092337354206237,-0.30665059201032757
-0.09143329760790146,0.041012904297867046,-0.11363889063074559
-0.09143329760790146,0.047781121871050825,-1.3957880497951118
-0.09143329760790146,-0.1599095546167004,-0.44451609299574324
-0.09143329760790146,-0.474595670612442,-0.5410219436855346
-0.09143329760790146,-0.4881321057588096,-0.04470614013803767
-0.09143329760790146,0.1558565960981663,-0.2790774918132446
-0.09143329760790146,-0.3269189233507406,-0.3204371421088692
-0.09143329760790146,-0.7402482103599054,-0.08606579043366243
-0.09143329760790146,-0.7109792694716159,-0.9821915468388647
-0.09143329760790146,-0.2683450404168576,-0.265290941714703
-0.09143329760790146,-0.8085424057659141,0.05179971055175323
-0.09143329760790146,1.147760482142632,-0.8856856961490736
-0.09143329760790146,-0.19702674779729867,-0.5410219436855346
-0.09143329760790146,-0.39830921828490784,0.961712017055497
-0.09143329760790146,-0.252684536989544,-0.3893698926015769
-0.09143329760790146,-0.46858347734264577,0.5067558638036251
-0.09143329760790146,-0.011656788838132268,-0.9132587963461567
-0.09143329760790146,-0.6921146630442314,-0.33422369220741094
-0.09143329760790146,-0.09355942170511684,-0.3617967924044939
-0.09143329760790146,-0.8537958604972545,1.0030716673511215
-0.09143329760790146,-0.7148673944604662,-0.12742544072928738
-0.09143329760790146,0.3483907853608624,-0.8718991460505322
-0.09143329760790146,-0.815346624496402,1.25122956912487
-0.09143329760790146,-0.6459611793802866,0.038013160453211646
-0.09143329760790146,0.2135304500994451,-0.030919590039496084
-0.09143329760790146,-0.526977354490008,-0.2515043916161612
-0.09143329760790146,1.266456297774477,-1.230349448612613
-0.09143329760790146,-1.0534942800634803,2.0508494748402812
-0.09143329760790146,-0.04088972856911753,-1.3820014996965702
-0.09143329760790146,-0.7892097842935754,-0.18257164112345334
-0.09143329760790146,-0.22183154517987116,-0.6926739947694918
-0.09143329760790146,-0.4338063593868185,-0.04470614013803767
-0.09143329760790146,-0.0727867539406113,-0.4031564427001187
0.8819061134431221,-0.492056231904964,-0.8029663955578242
-0.09143329760790146,0.0059837782409105636,-1.106270497725739
-0.09143329760790146,-0.3889129162285197,0.2999576123255018
-0.09143329760790146,0.6686930818960544,-0.9821915468388647
-0.09143329760790146,-0.1195522572787269,-0.9684049967403231
-0.09143329760790146,-0.234575954865547,-0.4583026430942848
-0.09143329760790146,-0.3016821120805181,-0.67888744467095
-0.09143329760790146,0.4421738001382227,-0.9821915468388647
-0.09143329760790146,0.9244813045421755,-1.2854956490067793
-0.09143329760790146,-0.7384121513373928,-0.8029663955578242
-0.09143329760790146,-0.6343328055710401,0.6032617144934163
-0.09143329760790146,-0.5617904736031395,-0.04470614013803767
-0.09143329760790146,-0.23439594907902617,-0.6099546941782422
-0.09143329760790146,-0.40306137104905815,-0.4583026430942848
-0.09143329760790146,0.4342535455313055,-0.8856856961490736
-0.09143329760790146,-0.850267747081446,0.8100599659715396
-0.09143329760790146,0.2309910113919671,-0.4720891931928266
-0.09143329760790146,-0.42073793928540515,0.12073246104446116
-0.09143329760790146,0.4354055825650389,-0.8718991460505322
-0.09143329760790146,-0.33491118027226613,-0.5823815939811591
-0.09143329760790146,0.21410646861631183,-0.8856856961490736
-0.09143329760790146,-0.6684259015380881,-0.1963581912219951
-0.09143329760790146,-0.17204194462820538,-0.9132587963461567
-0.09143329760790146,1.6630450466372033,-0.8305394957549074
-0.09143329760790146,-0.8224748536426275,0.21723831173425187
-0.09143329760790146,-0.2642409084841823,-0.16878509102491193
-0.09143329760790146,-0.7330839800563758,0.6032617144934163
-0.09143329760790146,1.9818712957229245,-1.2027763484155298
0.3257121642711086,3.0689982428369174,-1.230349448612613
-0.09143329760790146,-0.612804113503147,-0.7891798454592827
-0.09143329760790146,-0.4167058096673382,-0.058492690236579443
-0.09143329760790146,-0.754000652450098,-0.2515043916161612
-0.09143329760790146,-0.7459363932139641,-0.6513143444738668
-0.09143329760790146,0.6682250668511002,-1.037337747233031
-0.09143329760790146,0.419025055991642,-0.9684049967403231
-0.09143329760790146,-0.09154335689608338,0.4516096634094588
-0.09143329760790146,0.23318708198752142,0.13451901114300274
-0.09143329760790146,-0.5621504851761812,0.13451901114300274
-0.09143329760790146,-0.5111368452761736,0.3688903628182097
-0.09143329760790146,-0.15627343772897934,-0.1963581912219951
-0.09143329760790146,-0.31266246505828965,-0.4720891931928266
-0.09143329760790146,-0.5006245073433563,-0.3755833425030355
-0.09143329760790146,0.20543018970600707,-1.1200570478242806
-0.09143329760790146,-0.15713746550427937,-1.2854956490067793
-0.09143329760790146,0.2759924580221784,-0.6513143444738668
-0.09143329760790146,0.31537772411293935,-0.6099546941782422
-0.09143329760790146,-0.5312254910519,-0.2515043916161612
-0.09143329760790146,0.019088199499628096,-0.265290941714703
-0.09143329760790146,-0.6386529444475404,-0.15499854092637036
-0.09143329760790146,0.26036795575216903,-0.5272353935869928
1.2063525837934632,-0.7772934012258954,0.865206166365706
-0.09143329760790146,-0.052158090805322445,-0.8718991460505322
-0.09143329760790146,-0.6184202940425974,0.5894751643948742
-0.09143329760790146,-0.9334304204540765,-0.12742544072928738
-0.09143329760790146,-0.8064543386422723,0.8376330661686228
-0.09143329760790146,-0.7761053630348578,0.865206166365706
-0.09143329760790146,-0.8254629496988736,0.4102500131138341
-0.09143329760790146,4.64264482975945,-1.2579225488096961
-0.09143329760790146,-0.329979021721595,0.21723831173425187
-0.09143329760790146,-0.7995421164398718,1.3753085200117443
-0.09143329760790146,-0.5888993450531788,0.258597962029877
1.2063525837934632,-1.259132890584894,3.636302736172562
-0.09143329760790146,-0.690962626010498,0.06558626065029481
-0.09143329760790146,-0.6652938008526255,1.0168582174496634
-0.09143329760790146,-0.8164266592155272,1.4304547204059106
-0.09143329760790146,1.5056479869033763,-1.3130687492038624
3.8019243465961927,0.3517748941474543,-1.3406418494009456
-0.09143329760790146,0.0036437030161395757,0.038013160453211646
-0.09143329760790146,-0.8579719947445382,1.4028816202088275
-0.09143329760790146,0.6696651131432669,-0.8167529456563658
-0.09143329760790146,-0.37044432253148096,-0.07227924033512104
-0.09143329760790146,-0.3136704974628064,0.12073246104446116
-0.09143329760790146,-0.23972412036004317,-0.16878509102491193
-0.09143329760790146,-0.15731747129080023,0.9203523667598723
-0.09143329760790146,-1.3120545918220223,2.726390429668818
-0.09143329760790146,-0.6366368796385069,0.9479254669569555
-0.09143329760790146,-0.04178975750172176,-0.265290941714703
-0.09143329760790146,-0.16390568307746317,-0.23771784151761965
-0.09143329760790146,-0.7451443677532724,0.8376330661686228
1.3243331184663147,-0.46336330953354127,0.6170482645919578
-0.09143329760790146,-0.8490437077331042,0.9341389168584135
-0.09143329760790146,-0.0002804231300148502,-0.33422369220741094
-0.09143329760790146,-1.0393098240856378,2.188714975825697
-0.09143329760790146,-0.9600352757018574,1.0444313176467461
-0.09143329760790146,-0.9583432213085615,1.6786126221796587
-0.09143329760790146,-1.1289527057730186,1.761331922770908
-0.09143329760790146,-1.1554855587061912,2.891829030851317
2.179691994844487,-0.575326908749507,0.09315936084737798
-0.09143329760790146,-0.3513277080029672,0.2723845121284182
-0.09143329760790146,-1.2835776763944247,2.9607617813440252
-0.09143329760790146,-1.224427774943675,1.4856009208000764
-0.09143329760790146,-1.3360673637439031,1.8302646732636159
-0.09143329760790146,-0.6779662082236929,1.0582178677452883
-0.09143329760790146,-0.9007773707791952,2.092209125135906
-0.09143329760790146,-0.8659282505087595,0.42403656321237565
-0.09143329760790146,-1.241672329292372,1.761331922770908
-0.09143329760790146,-0.891597075666632,0.8927792665627895
-0.09143329760790146,-0.10824789388521781,-0.16878509102491193
-0.09143329760790146,-1.4359345741056682,1.7061857223767418
-0.09143329760790146,-0.7520565899556728,1.182296818632162
-0.09143329760790146,-1.3017222596757259,1.7061857223767418
-0.09143329760790146,-0.9907442628823137,0.6584079148875822
-0.09143329760790146,-0.8216828281819358,0.6721944649861241
-0.09143329760790146,-1.173558139672884,1.8302646732636159
-0.09143329760790146,-0.9368865315552768,1.4304547204059106
-0.09143329760790146,-0.49832043327588943,0.1758786614386275
-0.09143329760790146,-1.1778422773920803,1.8716243235592407
-0.09143329760790146,-0.6324967465485275,0.7549137655773737
-0.09143329760790146,-0.2709731249000619,0.49296931370508357
0.2399162891328725,0.3154497264275477,-0.8029663955578242
-0.09143329760790146,-1.140977092312611,2.3265804768111122
-0.09143329760790146,-0.9159698591615545,2.037062924741739
-0.09143329760790146,-0.18907049203307733,-0.04470614013803767
-0.09143329760790146,0.7181226708746784,-0.9132587963461567
-0.09143329760790146,-1.3980613566216822,3.098627282329441
-0.09143329760790146,-1.0851752984911491,0.865206166365706
-0.09143329760790146,-0.5067087029277608,0.8238465160700816
-0.09143329760790146,-0.3929810470038908,0.32753071252258453
-0.09143329760790146,-1.151813440661166,2.2990073766140298
-0.09143329760790146,-0.30290615142885985,0.10694591094591957
-0.09143329760790146,-0.5944795244353249,0.2999576123255018
-0.09143329760790146,-1.015729066051407,1.5958933215884092
-0.09143329760790146,-1.2488725607532056,1.3753085200117443
-0.09143329760790146,-0.7169194604268039,0.6308348146904991
-0.09143329760790146,-0.26751701379886167,0.13451901114300274
-0.09143329760790146,-0.2850855785632962,-0.1963581912219951
-0.09143329760790146,-1.639521118660744,4.877092245041303
-0.09143329760790146,-1.3760286483515307,2.767750079964443
-0.09143329760790146,-0.5468859944792135,0.6584079148875822
-0.09143329760790146,-0.8727684703965517,1.1685102685336208
-0.09143329760790146,-0.8259669659011319,2.7401769797673596
-0.09143329760790146,-0.5550582571872599,0.5894751643948742
-0.09143329760790146,-0.5126488938829488,0.5619020641977915
-0.09143329760790146,-0.8183707217099523,1.1409371683365372
-0.09143329760790146,-0.6698659478302549,1.0582178677452883
0.6164499104292066,-0.8917410802958488,1.8302646732636159
-0.09143329760790146,-1.2727773292031739,2.230074626121322
-0.09143329760790146,-0.2720171584618828,0.23102486183279383
-0.09143329760790146,-1.4312184224988218,3.084840732230899
-0.09143329760790146,-0.1388488775937615,0.06558626065029481
-0.09143329760790146,-0.9836880360506965,1.0582178677452883
-0.09143329760790146,0.45387417626207766,-0.7202470949665748
-0.09143329760790146,-1.2049511488421194,2.39551322730382
-0.09143329760790146,-1.4487509861059522,3.0434810819352744
-0.09143329760790146,-0.5579383497715934,0.5481155140992499
-0.09143329760790146,-0.7861856870800251,1.3753085200117443
-0.09143329760790146,-1.1534334927398535,1.926770523953407
-0.09143329760790146,-1.4125338218579582,2.464445977796528
-0.09143329760790146,-1.0500021678049758,2.4506594276979863
-0.09143329760790146,-1.193970795864348,2.5609518284863193
-0.09143329760790146,-1.319470830226681,2.0508494748402812
-0.09143329760790146,-0.8351112598563909,0.9341389168584135
-0.09143329760790146,-0.6470052129421076,0.644621364789041
-0.09143329760790146,-0.3704083213741768,0.5619020641977915
-0.09143329760790146,-0.513152910085207,0.9754985671540386
-0.09143329760790146,-0.4986084425343228,-0.2790774918132446
-0.09143329760790146,-0.45994319958964525,0.479182763606542
-0.09143329760790146,-1.4198060556334002,2.3265804768111122
-0.09143329760790146,-0.7294478631686547,1.0582178677452883
-0.09143329760790146,-0.36230806098073876,-0.058492690236579443
-0.09143329760790146,-1.0161970810963612,1.4166681703073687
-0.09143329760790146,-0.7541086559220105,0.5756886142963331
-0.09143329760790146,-1.1214644650537515,2.4506594276979863
-0.09143329760790146,-0.26838104157416176,-0.21014474132053668
-0.09143329760790146,-1.2641370514501733,2.464445977796528
-0.09143329760790146,-0.43294233161151846,-0.18257164112345334
-0.09143329760790146,-0.16134960090886716,0.24481141193133543
-0.09143329760790146,-0.9266622028808927,1.9681301742490318
-0.09143329760790146,-0.5614304620300977,0.010440060256128479
-0.09143329760790146,-0.9308743382854805,1.25122956912487
-0.09143329760790146,-1.484680141095513,2.7539635298659015
-0.09143329760790146,-1.0699108077941815,1.6786126221796587
-0.09143329760790146,-0.7106552590558785,0.7824868657744568
-0.09143329760790146,-0.9860281112754675,1.4028816202088275
-0.09143329760790146,-0.905637527015258,0.6859810150846658
-0.09143329760790146,0.0272244610503703,-0.8029663955578242
-0.09143329760790146,-0.8712924229470808,1.4993874708986186
-0.09143329760790146,-0.8909130536778529,0.9892851172525803
-0.09143329760790146,-0.7406082219329471,0.46539621350800037
-0.09143329760790146,1.4674867601609571,-1.0924839476271972
-0.09143329760790146,-0.5977196285927001,0.4516096634094588
-0.09143329760790146,-0.9095976543187166,1.7475453726723664
-0.09143329760790146,-1.4297063738920468,2.1473553255300715
0.46476065156411195,0.23430311786395064,-0.8581125959519905
-0.09143329760790146,-0.9888002003878885,0.9754985671540386
-0.09143329760790146,-0.4116296464874504,0.9203523667598723
-0.09143329760790146,-1.0553663402432971,1.0168582174496634
-0.09143329760790146,-1.1569976073129662,1.8026915730665327
-0.09143329760790146,-1.1659258943244002,2.2162880760227797
-0.09143329760790146,-1.5876074498281323,2.3403670269096546
-0.09143329760790146,-1.0641866237828186,0.8927792665627895
-0.09143329760790146,-0.9122617399592251,1.4028816202088275
-0.09143329760790146,-0.3940250805657117,0.5067558638036251
-0.09143329760790146,-0.5479300280410344,1.4856009208000764
-0.09143329760790146,-1.0313175671641122,1.25122956912487
-0.09143329760790146,-0.8414114623846204,1.8302646732636159
-0.09143329760790146,-0.20476699661769504,-0.07227924033512104
-0.09143329760790146,-0.9792958948595879,1.4993874708986186
-0.09143329760790146,-1.2616529715961857,1.7475453726723664
1.4659097600737363,-0.040061701951121645,-0.5823815939811591
-0.09143329760790146,0.14617228478334482,-0.265290941714703
-0.09143329760790146,0.17716928122223438,-0.3755833425030355
-0.09143329760790146,-0.5627985060076562,0.05179971055175323
-0.09143329760790146,-1.5118250137028564,2.3403670269096546
-0.09143329760790146,-1.1082520403231213,2.230074626121322
-0.09143329760790146,0.8611552688441421,-0.7616067452621995
-0.09143329760790146,-0.2553846237873567,-0.4720891931928266
-0.09143329760790146,-0.512288882309907,1.2925892194204947
-0.037358885882844604,-0.3988132344871662,1.0857909679423714
-0.09143329760790146,-0.24940843167486465,0.2999576123255018
-0.0753782145390186,2.177933598401429,-0.9132587963461567
-0.09143329760790146,0.4178730189579086,-0.9132587963461567
-0.09143329760790146,-0.23079583334860926,0.14830556124154431
-0.09143329760790146,-0.3601479915424886,0.21723831173425187
-0.09143329760790146,-1.0014006054443476,1.4304547204059106
-0.09143329760790146,-0.7920898768779089,0.6308348146904991
-0.09143329760790146,-1.0848512880754115,1.4304547204059106
-0.09143329760790146,-1.260644939191669,1.8026915730665327
-0.09143329760790146,-0.5992676783567794,-0.017133039940954692
-0.09143329760790146,1.5564096187022547,-1.161416698119905
-0.09143329760790146,0.133643882041494,-0.6651008945724086
-0.09143329760790146,-0.9606832965333325,1.51317402099716
-0.09143329760790146,0.4000164449350408,-0.7064605448680331
-0.09143329760790146,-0.49554834416346843,0.3826769129167509
-0.09143329760790146,-0.77016517207967,0.8238465160700816
-0.09143329760790146,0.6193354952320386,-0.3204371421088692
-0.09143329760790146,-0.9440147607015023,0.5894751643948742
1.0209546007361254,0.6738052462332463,0.010440060256128479
-0.09143329760790146,-1.1214284638964473,1.9819167243475735
-0.09143329760790146,-0.429234212409189,0.2723845121284182
0.05276513365891683,1.0279486306343573,-1.0235511971344895
0.5771230655382561,0.27847653787616605,-0.003346489842413106
0.15190155515485443,0.1590967002555415,-0.7616067452621995
-0.09143329760790146,-1.126684632862856,2.2025015259242386
0.5233073830559029,0.414128898598275,-0.6651008945724086
1.391750566850801,0.5214123473646988,-0.34801024230595234
-0.09143329760790146,-0.3875088710936571,0.6584079148875822
-0.0023404453377848947,-0.9317743672180847,1.719972272475284
0.7428576261501186,-0.1324406715936194,0.2999576123255018
-0.09143329760790146,-0.9324223880495598,1.4993874708986186
0.2471195410185415,-0.7359280714834051,0.713554115281749
-0.09143329760790146,1.53538494283662,-0.6926739947694918
1.4947494463270998,-0.9152858371727753,2.230074626121322
0.04679241757094212,3.093011014758798,-1.064910847430114
-0.09143329760790146,-0.3449915043174335,0.5894751643948742
-0.09143329760790146,-0.9789358832865462,1.8440512233621575
-0.09143329760790146,-0.16300565414485893,-0.5272353935869928
-0.09143329760790146,-0.9655794539266995,2.3541535770081956
-0.09143329760790146,-1.4212821030828713,2.9607617813440252
-0.09143329760790146,-1.1842864845495265,2.5885249286834022
-0.09143329760790146,-0.8528238292500421,1.2374430190263288
-0.09143329760790146,-1.584187339884236,4.84951914484422
-0.09143329760790146,-0.3934130608915408,0.24481141193133543
-0.09143329760790146,-1.3172027573165186,2.0508494748402812
-0.09143329760790146,-1.1089360623119007,2.0646360249388227
-0.09143329760790146,-0.5858752478396285,0.5619020641977915
-0.09143329760790146,-0.6039118276490172,1.4304547204059106
-0.09143329760790146,-0.5781349990192322,0.9341389168584135
-0.09143329760790146,-0.9992045348487933,1.223656468927787
-0.09143329760790146,-0.8451195815869499,0.6584079148875822
0.2119452201222877,-0.3601479915424886,1.2650161192234115
-0.09143329760790146,-0.20671105911212015,0.644621364789041
-0.09143329760790146,-0.3710203410483477,0.49296931370508357
-0.09143329760790146,-0.6065399121322216,0.6721944649861241
-0.09143329760790146,-1.1014478215926335,2.2438611762198626
-0.09143329760790146,0.08979447244501611,-0.1963581912219951
0.02421098885360628,-0.3528397566097423,0.31374416242404335
0.297902466812508,-0.9778918497247253,0.6721944649861241
-0.09143329760790146,-1.263201021360265,1.9819167243475735
-0.09143329760790146,-0.8445435630700832,1.6096798716869511
-0.09143329760790146,-0.5977916309073085,1.0857909679423714
-0.09143329760790146,0.033020647376341514,0.7411272154788318
-0.09143329760790146,-0.6704059651898174,1.0030716673511215
0.8819061134431221,-1.4509470567015066,1.4718143707015354
-0.09143329760790146,-1.0017606170173894,1.3339488697161195
-0.09143329760790146,-0.9395146160384811,2.271434276416947
-0.09143329760790146,-1.046834065962209,1.3063757695190368
-0.09143329760790146,-0.5945515267499333,1.3201623196175778
-0.09143329760790146,0.10927109854657156,-0.265290941714703
-0.09143329760790146,-1.015081045219932,1.8026915730665327
0.4523317364988156,-1.063862613367081,1.9681301742490318
-0.09143329760790146,-0.2991620310692263,0.3826769129167509
-0.09143329760790146,-1.0074848010287523,1.8991974237563238
-0.09143329760790146,-0.8043302703613263,0.713554115281749
-0.09143329760790146,-0.9344384528585933,1.154723718435079
-0.09143329760790146,0.06959782319737727,-0.058492690236579443
-0.09143329760790146,-0.6621977013244669,1.0995775180409129
-0.09143329760790146,-1.2993101821363466,3.44329103479298
-0.09143329760790146,-0.4000732749928121,0.7824868657744568
-0.09143329760790146,-0.8950171856105281,1.582106771489868
-0.09143329760790146,-0.4574231185783534,0.7411272154788318
-0.09143329760790146,-0.5701787432550108,0.7687003156759149
-0.09143329760790146,-1.006584772096148,1.4580278206029933
-0.09143329760790146,-1.362852224778205,1.995703274446115
-0.09143329760790146,0.12017944920973478,0.3413172626211261
-0.09143329760790146,-0.9721316645560583,1.2925892194204947
-0.09143329760790146,-0.20170689824684065,0.39646346301529245
-0.09143329760790146,-0.9123697434311376,0.865206166365706
-0.09143329760790146,-1.0528462592320051,-0.6099546941782422
-0.09143329760790146,-1.3577400604410128,1.154723718435079
1.7667601234895072,-0.8707524055875182,0.7687003156759149
-0.09143329760790146,0.1691050219861005,-1.4647208002878198
-0.09143329760790146,0.16986104628948806,-0.6513143444738668
-0.09143329760790146,-0.10090365779516733,-1.0786973975286558
-0.09143329760790146,1.7591681366393348,1.0030716673511215
-0.09143329760790146,-0.5959195707274917,1.0168582174496634
-0.09143329760790146,-0.35964397534023024,0.3826769129167509
-0.09143329760790146,-0.7129233319660411,0.479182763606542
-0.09143329760790146,-0.6175202651099931,-0.003346489842413106
-0.09143329760790146,-0.7326519661687257,-1.5887997511746939
-0.09143329760790146,0.004111718061093774,-0.3617967924044939
-0.09143329760790146,0.184117504581939,1.2098699188292452
-0.09143329760790146,-0.3108984083503854,-0.44451609299574324
-0.09143329760790146,-0.8164266592155272,0.7687003156759149
-0.09143329760790146,-0.49144421223079315,-0.14121199082782876
-0.09143329760790146,-1.0301655301303787,0.9892851172525803
-0.09143329760790146,-1.0209492338605115,1.3339488697161195
-0.09143329760790146,-0.6984508667297652,0.5481155140992499
-0.09143329760790146,0.10250288097338778,-0.2790774918132446
-0.09143329760790146,-0.6859224639879143,2.3265804768111122
-0.09143329760790146,-0.5509181240972804,-0.18257164112345334
-0.09143329760790146,0.28160863856162877,-1.519867000681986
0.41523653280222034,1.1414602796144022,-0.8167529456563658
-0.09143329760790146,-0.5575423370412476,-0.33422369220741094
-0.09143329760790146,-0.43391436285873103,-0.8305394957549074
-0.09143329760790146,-0.28090944431601256,-1.064910847430114
-0.09143329760790146,0.19160574530120617,-0.34801024230595234
-0.09143329760790146,-0.6638177534031545,0.46539621350800037
-0.09143329760790146,0.10909109276005072,-0.4031564427001187
-0.09143329760790146,-0.5350416137261419,-0.41694299279866026
-0.09143329760790146,1.8388026965961566,-0.9546184466417815
-0.09143329760790146,-0.05633422505260605,-0.5410219436855346
-0.09143329760790146,-1.0816111839180362,0.9065658166613307
1.2063525837934632,-0.5741028694011653,0.4102500131138341
-0.09143329760790146,-0.5073927249165401,-1.3268552993024039
-0.09143329760790146,-1.1809383769202386,1.196083368730704
-0.09143329760790146,-1.1047959292219212,1.6648260720811172
-0.09143329760790146,-0.5846512084912868,1.0582178677452883
-0.09143329760790146,-0.6499213066837453,-0.6926739947694918
-0.09143329760790146,-0.49464831523086417,-1.4509342501892781
-0.09143329760790146,-0.37091233757643516,-1.6715190517659433
-0.09143329760790146,-1.0009325903993935,-0.6099546941782422
-0.09143329760790146,-0.6487332684927077,0.7687003156759149
0.30788543513098,-0.7647289973267404,0.8789927164642476
-0.09143329760790146,-1.8859490404077812,5.221755997504843
-0.09143329760790146,0.6551206455923826,-0.8994722462476153
-0.09143329760790146,-0.35550384225025083,0.49296931370508357
-0.09143329760790146,0.03910484296074609,-1.6715190517659433
-0.09143329760790146,-1.1744941697627924,1.0720044178438293
-0.09143329760790146,-1.014433024388457,0.4516096634094588
-0.09143329760790146,-0.9068255652062955,-0.1963581912219951
-0.09143329760790146,-1.0684347603447104,0.42403656321237565
0.16812387867237147,-0.4799598430507632,0.5619020641977915
-0.09143329760790146,0.18242545018864306,-0.292864041911786
-0.09143329760790146,-0.3968691719927411,-0.5134488434884512
-0.09143329760790146,0.18955367933486852,-0.6099546941782422
-0.09143329760790146,-1.0121649514782942,-0.1963581912219951
-0.09143329760790146,-0.12776052114407743,-0.7753932953607411
-0.09143329760790146,0.770180344336507,-0.9546184466417815
-0.09143329760790146,-0.1684058277404843,-1.423361149992195
-0.09143329760790146,-0.13463674218917374,-0.12742544072928738
-0.09143329760790146,-0.656473517313104,-0.265290941714703
-0.09143329760790146,-0.9750837594550001,-0.6375277943753255
-0.09143329760790146,-0.2344679513936345,-0.030919590039496084
-0.09143329760790146,-1.3246189957211774,0.5481155140992499
-0.09143329760790146,0.5007476830721057,-1.161416698119905
-0.09143329760790146,-1.1139762243344842,2.602311478781944
-0.09143329760790146,0.18847364461574345,-0.94083189654324
-0.09143329760790146,-0.044633848928751114,0.46539621350800037
-0.09143329760790146,-0.07959097267109926,-0.8718991460505322
-0.09143329760790146,-0.7694811500908907,1.0168582174496634
-0.09143329760790146,-0.9109296971389709,0.8376330661686228
0.5442169300172567,-1.0578864212545889,1.25122956912487
-0.09143329760790146,-1.150949412885866,0.14830556124154431
-0.09143329760790146,0.17472120252555087,-1.1200570478242806
-0.09143329760790146,-0.7554406987422647,0.5756886142963331
-0.09143329760790146,-0.8209268038785482,-0.7478201951636579
-0.09143329760790146,0.08255823982687813,-0.8856856961490736
-0.09143329760790146,-0.04452584545683861,-0.7202470949665748
-0.09143329760790146,-1.6390531036157898,2.9745483314425667
-0.09143329760790146,-1.5350817613213497,0.7273406653802901
-0.09143329760790146,-0.9632753798592326,0.31374416242404335
-0.09143329760790146,-0.6229204387056185,0.2999576123255018
-0.09143329760790146,-0.13690481509933639,-1.106270497725739
-0.09143329760790146,-0.4823359194328384,-0.9270453464446984
-0.09143329760790146,-1.235732138337184,1.6923991722782004
-0.09143329760790146,-0.45900716949973686,-0.21014474132053668
-0.09143329760790146,-1.0187531632649571,0.7549137655773737
-0.09143329760790146,-0.6334327766384359,0.5481155140992499
-0.09143329760790146,0.1241035753558892,-0.8856856961490736
2.3044790988253876,-0.5750388994910737,0.6859810150846658
-0.09143329760790146,-0.8209268038785482,0.5067558638036251
-0.09143329760790146,0.3693794600691929,-1.106270497725739
-0.09143329760790146,0.38388792646277303,-0.7616067452621995
-0.09143329760790146,0.9266413739804256,1.4166681703073687
-0.09143329760790146,0.21327844199831594,-0.9959780969374062
-0.09143329760790146,0.745699557369672,-0.43072954289720183
-0.09143329760790146,-0.5059166774670691,1.0720044178438293
-0.09143329760790146,-0.7939259359004215,-0.003346489842413106
-0.09143329760790146,-0.019325035343920275,-0.4858757432913682
-0.09143329760790146,-1.0009325903993935,-0.30665059201032757
-0.09143329760790146,-0.10597982097505516,0.0793728107488364
-0.09143329760790146,-0.7136073539548203,1.113364068139454
-0.09143329760790146,-1.6984550131676688,1.154723718435079
-0.09143329760790146,-0.22463963544959634,-0.9132587963461567
-0.09143329760790146,-0.7009349465837528,0.5205424139021667
-0.09143329760790146,-0.1217483278742812,-0.3617967924044939
-0.09143329760790146,1.3287022987533854,-1.161416698119905
-0.09143329760790146,-1.6159403606265133,0.6997675651832069
-0.09143329760790146,-0.22885177085418412,-0.41694299279866026
-0.09143329760790146,-0.7399241999441679,-0.09985234053220401
2.90345719793371,3.5229008341278805,-0.8029663955578242
-0.09143329760790146,-1.0424059236137961,0.9479254669569555
-0.09143329760790146,0.7278069821894999,-1.0786973975286558
0.20805575194625964,0.44415386378995203,0.5481155140992499
-0.09143329760790146,-0.6773541885495221,0.2999576123255018
-0.09143329760790146,-0.8760445757112311,-0.7753932953607411
-0.09143329760790146,0.3016612831800509,-0.4858757432913682
-0.09143329760790146,-1.3367873868899864,2.2576477263184045
-0.09143329760790146,-0.5659306066931189,-0.1963581912219951
0.11348026261336665,-0.9540590835893654,1.3615219699132026
-0.09143329760790146,-0.741004234663293,1.3063757695190368
-0.09143329760790146,-1.0173131169727905,1.1685102685336208
-0.09143329760790146,-0.6591376029536126,-0.33422369220741094
-0.09143329760790146,-0.9612233138928951,0.8514196162671643
-0.09143329760790146,-0.4628592933312829,0.12073246104446116
-0.09143329760790146,0.6653449742667666,-1.2027763484155298
-0.09143329760790146,-0.7499685228320311,0.9754985671540386
-0.09143329760790146,-0.5121448776806904,0.4378231133109172
-0.09143329760790146,-0.4098295886222419,0.09315936084737798
-0.09143329760790146,-0.7733332739224368,0.7824868657744568
-0.09143329760790146,-0.4890321346914138,-0.14121199082782876
-0.09143329760790146,-1.0249453623212743,0.8238465160700816
-0.09143329760790146,-0.9013893904533661,-0.18257164112345334
-0.09143329760790146,-0.8969252469476491,1.127150618237996
-0.09143329760790146,0.2817166420335413,-0.9546184466417815
-0.09143329760790146,0.30410936187673443,-0.7753932953607411
0.020875095974908952,-0.1089679170313012,0.05179971055175323
-0.09143329760790146,0.17472120252555087,-0.33422369220741094
1.0765739956533267,-0.07912295762614506,0.06558626065029481
-0.09143329760790146,-0.15299733241429994,1.2788026693219532
-0.09143329760790146,-0.5779189920754072,0.23102486183279383
-0.09143329760790146,-0.09031931754774164,-0.5685950438826175
-0.09143329760790146,0.1744691944244217,-0.8443260458534491
-0.09143329760790146,-0.3439114695983084,-0.41694299279866026
-0.09143329760790146,-0.032213449658812794,-0.5961681440797006
-0.09143329760790146,-1.4284463333864008,3.843100987650686
-0.09143329760790146,0.012571990027573499,-0.7616067452621995
-0.09143329760790146,-0.33235509810367014,-0.44451609299574324
-0.09143329760790146,-1.9684636929489365,-1.2027763484155298
-0.09143329760790146,-0.7534246339332313,-0.4858757432913682
-0.09143329760790146,-0.06439848428873993,-0.67888744467095
-0.09143329760790146,-0.17963818881938504,-0.7202470949665748
0.3627917608825762,0.4657905593297576,-0.08606579043366243
-0.09143329760790146,-1.0011125961859144,1.51317402099716
-0.05898865057286735,-0.8320871626428407,1.5958933215884092
-0.09143329760790146,-0.5409098023667214,-0.4031564427001187
-0.09143329760790146,0.6677210506488418,-1.037337747233031
-0.09143329760790146,0.08216222709653226,-0.2515043916161612
-0.09143329760790146,-0.9109296971389709,-1.1476301480213638
-0.09143329760790146,-0.7579247785962524,0.3413172626211261
-0.09143329760790146,-1.0459340370296049,2.629884578979027
-0.09143329760790146,-0.5334215616474542,-0.4996622933899096
-0.09143329760790146,-0.34142738974432074,-0.058492690236579443
-0.09143329760790146,-0.4623552771290246,-0.2515043916161612
-0.09143329760790146,-0.5909154098622122,0.12073246104446116
0.11747857598353774,-0.6652577996953213,0.5894751643948742
-0.09143329760790146,1.1628089658957745,-1.037337747233031
-0.09143329760790146,0.3441426487989704,-0.43072954289720183
-0.09143329760790146,-0.44748679916240275,0.024226610354670254
-0.09143329760790146,-0.21812342597754175,-0.292864041911786
0.7282209432771709,-0.713103337752562,0.7687003156759149
-0.09143329760790146,-1.0459340370296049,0.24481141193133543
-0.09143329760790146,-0.5660026090077273,0.06558626065029481
-0.09143329760790146,-0.19090655105558996,-0.67888744467095
-0.09143329760790146,-0.40644547983565005,-0.4031564427001187
-0.09143329760790146,0.20391814109923198,-0.8029663955578242
-0.09143329760790146,-0.8135465666311936,0.0793728107488364
-0.09143329760790146,-0.8903730363182903,1.3890950701102858
-0.09143329760790146,-0.5852632281654577,0.6721944649861241
-0.09143329760790146,-0.7350640437081051,1.2374430190263288
-0.04911419277959609,3.8894646177989296,-0.8718991460505322
-0.09143329760790146,0.5273525383198867,-0.9132587963461567
-0.09143329760790146,-0.7884177588328836,0.35510381271966773
-0.09143329760790146,-0.7997941245410011,0.038013160453211646
-0.09143329760790146,-0.4801038476799799,-0.34801024230595234
-0.09143329760790146,-0.8138345758896269,0.8927792665627895
1.0209546007361254,0.27340037469627826,-0.265290941714703
-0.09143329760790146,-0.5284174007821748,0.7824868657744568
-0.09143329760790146,0.13159181607515635,-0.017133039940954692
-0.09143329760790146,0.6855056223571013,-0.9270453464446984
-0.09143329760790146,0.09458262636647058,-0.6099546941782422
-0.09143329760790146,-0.34985166055349626,0.12073246104446116
-0.09143329760790146,-0.6415330370318739,2.174928425727155
-0.09143329760790146,0.2234307683580916,-0.7753932953607411
0.5856723796449844,-0.6957147787746483,0.9065658166613307
-0.09143329760790146,-0.794033939372334,0.7549137655773737
-0.09143329760790146,-0.08797924232297065,-0.43072954289720183
-0.09143329760790146,-0.47833979097207563,-0.21014474132053668
-0.09143329760790146,-0.5446179215690509,0.23102486183279383
-0.09143329760790146,0.21677055425682032,-0.7202470949665748
-0.09143329760790146,0.6233316236928014,-0.9959780969374062
-0.09143329760790146,-0.4582511451963493,0.14830556124154431
-0.09143329760790146,-0.3656201674527223,-0.5685950438826175
-0.09143329760790146,0.5895265369841867,-0.94083189654324
-0.09143329760790146,-0.8953411960262657,0.21723831173425187
-0.09143329760790146,-0.7220676259213,-0.30665059201032757
-0.09143329760790146,-0.6070079271771758,-0.292864041911786
-0.09143329760790146,-0.4474147968477944,-1.1476301480213638
-0.09143329760790146,-0.4088575573750293,0.35510381271966773
-0.09143329760790146,-0.7694811500908907,0.1758786614386275
-0.09143329760790146,-0.8479276718566751,5.042530846223803
-0.09143329760790146,-1.2568648176747312,2.0784225750373646
-0.09143329760790146,-1.0759230010639775,2.0232763746431983
-0.09143329760790146,-1.4850401526685546,1.761331922770908
-0.09143329760790146,-0.23752804976448885,-0.30665059201032757
-0.09143329760790146,-0.4086415504312043,0.42403656321237565
-0.09143329760790146,-0.9867121332642467,0.6859810150846658
-0.09143329760790146,-0.07959097267109926,-0.7340336450651164
-0.09143329760790146,-0.7309239106181257,-1.1752032482184467
-0.09143329760790146,-0.5346816021531001,0.038013160453211646
-0.09143329760790146,-1.186950570190035,1.3615219699132026
-0.09143329760790146,0.30410936187673443,0.20345176163571066
-0.09143329760790146,-0.43258232003847674,-0.16878509102491193
-0.09143329760790146,-0.992292312646393,2.3403670269096546
-0.09143329760790146,-1.158437653605133,0.23102486183279383
-0.09143329760790146,-0.9784318670842879,0.479182763606542
-0.01607798836524157,0.8552870802035625,-0.4031564427001187
0.25464293743246247,-0.2909537672038757,-0.15499854092637036
0.754948798958206,-0.3475115853287253,0.8376330661686228
-0.09143329760790146,1.8447788887086487,-1.0786973975286558
-0.09143329760790146,-0.21693538778650417,0.06558626065029481
-0.09143329760790146,1.2836288498085657,-0.9821915468388647
-0.09143329760790146,0.4595263579588322,-0.292864041911786
0.45279949136686437,-0.32875498237325324,1.0444313176467461
-0.09143329760790146,-0.48244392290475085,0.39646346301529245
-0.09143329760790146,-0.3975171928242161,-0.41694299279866026
-0.09143329760790146,1.0599536594777637,-0.7340336450651164
-0.09143329760790146,-0.16566973978536745,-0.18257164112345334
0.22003531392842607,-0.335523199946437,0.5205424139021667
-0.09143329760790146,1.0996269348269578,-0.67888744467095
-0.09143329760790146,-0.7341280136181967,1.1409371683365372
-0.09143329760790146,1.2170627099531572,-0.5685950438826175
-0.09143329760790146,0.370675501732143,-0.5548084937840759
-0.09143329760790146,-0.061338385917885554,0.13451901114300274
-0.09143329760790146,-0.1959467130781736,0.2999576123255018
-0.09143329760790146,0.07953414261332792,-0.41694299279866026
-0.09143329760790146,0.8054974796518968,-0.16878509102491193
-0.09143329760790146,0.007567829162294002,-0.7202470949665748
-0.09143329760790146,1.0206043945443068,-0.8443260458534491
-0.09143329760790146,0.5805622488154485,-1.106270497725739
-0.09143329760790146,1.629311962243197,-0.7478201951636579
-0.09143329760790146,3.4903557879249116,-0.9546184466417815
0.17818980794639872,-0.5233052364449827,0.3413172626211261
-0.09143329760790146,1.0411610553649873,-1.133843597922822
-0.09143329760790146,1.300909405314567,-0.9546184466417815
-0.09143329760790146,0.5054998358362561,-0.8994722462476153
0.19344653001678835,-0.6921146630442314,1.733758822573825
0.15190155515485443,1.948786232160393,-1.3268552993024039
-0.09143329760790146,1.5877306255568817,-0.8443260458534491
0.3666087781808155,-0.4975284078151977,0.8376330661686228
-0.09143329760790146,0.33514235947292814,-0.9132587963461567
-0.09143329760790146,-0.48780809534307207,-0.14121199082782876
-0.09143329760790146,0.34439465690009957,-0.7064605448680331
-0.09143329760790146,0.6617088573790456,-0.8718991460505322
-0.09143329760790146,-0.8809407331045981,0.1758786614386275
-0.09143329760790146,1.2878409852131536,-1.064910847430114
-0.09143329760790146,1.6886778706377719,-0.9959780969374062
-0.09143329760790146,-0.3021501271254723,-0.1963581912219951
-0.09143329760790146,0.4526861380710401,-0.41694299279866026
-0.09143329760790146,0.9003965303056863,-1.133843597922822
-0.09143329760790146,2.1204757513439754,-1.0924839476271972
-0.09143329760790146,0.4954915141056971,-0.5823815939811591
-0.09143329760790146,2.5774744421630973,-1.1200570478242806
-0.09143329760790146,1.1540606846708614,-0.6926739947694918
-0.09143329760790146,1.4396578655648344,-1.064910847430114
-0.09143329760790146,2.968267004699852,-0.9959780969374062
-0.09143329760790146,1.492795573745788,-1.3820014996965702
-0.09143329760790146,-0.1065198383346177,-0.5272353935869928
-0.09143329760790146,1.7769887095048984,-1.0924839476271972
-0.09143329760790146,1.90385678784479,-1.106270497725739
-0.09143329760790146,0.6826975320873762,-1.0786973975286558
-0.09143329760790146,0.47039870746469126,-0.8856856961490736
-0.09143329760790146,4.275505027571534,-1.561226650977611
-0.09143329760790146,1.6511286635695235,-1.0924839476271972
-0.09143329760790146,0.6860816408739681,-0.67888744467095
-0.09143329760790146,1.2663842954598687,-0.67888744467095
-0.09143329760790146,0.5679978449162936,-0.7064605448680331
-0.09143329760790146,-0.035489554973492175,-0.08606579043366243
-0.09143329760790146,0.22595084936938342,-1.037337747233031
-0.09143329760790146,1.9189772739125412,-0.265290941714703
-0.09143329760790146,2.0053440502852427,-0.9821915468388647
0.6872382312329174,0.13998008572702775,-0.5272353935869928
-0.09143329760790146,1.7914611747411744,-1.2717090989082378
-0.09143329760790146,5.290269648504147,-1.2441359987111547
-0.09143329760790146,-0.26071279506837375,-0.4996622933899096
-0.09143329760790146,0.11517528834445528,-0.5823815939811591
-0.09143329760790146,1.9648427483180526,-1.064910847430114
-0.09143329760790146,-0.1537533567176875,1.4304547204059106
-0.09143329760790146,-0.45159093109507803,0.3413172626211261
-0.09143329760790146,-0.06339045188422318,-0.94083189654324
-0.09143329760790146,0.5718859699051438,-0.9821915468388647
1.1380480637197072,-0.3445954915870876,-0.3755833425030355
1.8552455244941457,-1.016629094984011,0.2999576123255018
-0.09143329760790146,3.8111260995050578,-1.2992821991053207
-0.09143329760790146,0.4830351136784546,-1.354428399499487
-0.09143329760790146,1.3176859446183098,-0.8718991460505322
-0.09143329760790146,0.948674082250577,-0.9270453464446984
-0.09143329760790146,1.4038367140471864,-1.037337747233031
-0.09143329760790146,0.7770925665389073,-0.7616067452621995
-0.09143329760790146,0.09929877797331672,-0.6237412442767839
-0.09143329760790146,1.3535790984505662,-1.037337747233031
-0.09143329760790146,2.3831761961924967,-1.1200570478242806
-0.09143329760790146,6.5143089968458945,-1.519867000681986
-0.09143329760790146,6.5143089968458945,-1.423361149992195
0.2330131727424397,-0.9909602698261386,1.5545336712927844
-0.09143329760790146,0.9300254827670175,-1.0097646470359478
-0.09143329760790146,2.203530421244693,-1.161416698119905
-0.09143329760790146,1.5044599487123387,-0.7202470949665748
-0.09143329760790146,0.9430579017111267,-1.0786973975286558
-0.09143329760790146,0.2810326200447621,-0.7340336450651164
-0.09143329760790146,0.5889505184673199,-0.4858757432913682
-0.09143329760790146,-0.21437930561790816,-0.67888744467095
-0.09143329760790146,1.55032542311785,-0.9684049967403231
-0.09143329760790146,0.9177490881262959,-0.5685950438826175
-0.09143329760790146,-0.09841957794117967,-0.5823815939811591
-0.09143329760790146,0.08846242962476185,0.09315936084737798
-0.09143329760790146,0.37366359778838903,-0.7616067452621995
1.2063525837934632,-0.2930778354848217,0.1896652115371691
-0.09143329760790146,0.35393496358570437,-0.5548084937840759
0.8819061134431221,0.3655273362376468,-0.14121199082782876
-0.09143329760790146,0.14811634727776996,-0.6651008945724086
-0.09143329760790146,0.948890089194402,-1.133843597922822
-0.09143329760790146,0.7770925665389073,-0.22393129141907828
-0.09143329760790146,2.108055352074037,-0.9132587963461567
-0.09143329760790146,1.5246205968026734,-1.0097646470359478
-0.09143329760790146,0.24539147431363473,-0.5410219436855346
-0.09143329760790146,-0.5861992582553661,0.2723845121284182
-0.09143329760790146,0.3544749809452669,-0.5961681440797006
-0.09143329760790146,2.163677140108978,-1.161416698119905
-0.09143329760790146,-0.06328244841231068,-0.4858757432913682
0.5574596430927808,-0.5036486045569064,1.1409371683365372
-0.09143329760790146,0.034100682095466586,-0.5823815939811591
-0.09143329760790146,1.3746757766308093,-0.6651008945724086
-0.09143329760790146,1.359699295192275,-0.9959780969374062
-0.09143329760790146,-0.6063239051883965,0.14830556124154431
-0.09143329760790146,3.6540890513442723,-1.230349448612613
-0.09143329760790146,1.1666250885700165,-1.161416698119905
-0.09143329760790146,1.0516373921405004,-1.1752032482184467
-0.09143329760790146,2.1327161448273926,-0.7891798454592827
-0.09143329760790146,1.6659251392215368,-1.2027763484155298
-0.09143329760790146,0.9805711076220708,-1.161416698119905
-0.09143329760790146,0.184117504581939,-0.2790774918132446
-0.09143329760790146,2.879920164675421,-1.0097646470359478
-0.09143329760790146,3.5403613954204025,-1.230349448612613
-0.09143329760790146,0.27487642214574914,-0.9132587963461567
0.5956298160751741,-0.45342699011759063,0.39646346301529245
-0.09143329760790146,-0.5009125166017896,0.644621364789041
0.07784312170532003,1.0086520103193226,-1.4785073503863613
-0.09143329760790146,0.7455915538977594,-0.7064605448680331
-0.09143329760790146,0.4841151483975797,-0.5961681440797006
-0.09143329760790146,2.638712410737489,-1.2579225488096961
3.8019243465961927,-0.3934130608915408,0.024226610354670254
-0.09143329760790146,1.5929507933659863,-0.8443260458534491
-0.09143329760790146,3.965139050452293,-1.133843597922822
-0.09143329760790146,0.9050046784406199,-0.8856856961490736
-0.09143329760790146,1.730475214267912,-1.0924839476271972
0.14100596473264146,1.9640147217000565,-1.133843597922822
-0.09143329760790146,2.142076445726477,-1.0511242973315726
-0.09143329760790146,1.2561599667854848,-1.2441359987111547
-0.09143329760790146,0.28711681562916663,-1.064910847430114
-0.09143329760790146,0.5026557444092267,-1.064910847430114
-0.09143329760790146,0.07431397480422341,-0.8443260458534491
-0.09143329760790146,0.017000132375986292,-0.5823815939811591
-0.09143329760790146,1.0129001468812147,-0.4031564427001187
-0.09143329760790146,4.816926432268932,-1.230349448612613
-0.09143329760790146,2.764176443942518,-0.8305394957549074
-0.09143329760790146,4.851163532865197,-1.2579225488096961
-0.09143329760790146,2.57257828476973,-0.8029663955578242
-0.09143329760790146,2.186249865738692,-1.2992821991053207
-0.09143329760790146,-0.164301695807809,0.7411272154788318
-0.09143329760790146,0.12637164826605185,-0.5548084937840759
-0.09143329760790146,1.1575167957720616,-0.5410219436855346
-0.09143329760790146,-0.18471435199927286,0.3826769129167509
-0.09143329760790146,2.8147220687975714,-1.2165628985140715
-0.09143329760790146,0.290392920943846,0.35510381271966773
-0.09143329760790146,1.9160251790135994,-1.2165628985140715
0.8819061134431221,-0.30661427063118923,0.8238465160700816
-0.09143329760790146,1.3234101286296727,-1.3682149495980287
-0.09143329760790146,0.6183994651421302,-0.5272353935869928
-0.09143329760790146,1.4684227902508655,-0.6375277943753255
3.1789871235235374,-0.04027770889494666,-0.23771784151761965
-0.09143329760790146,3.423789648069503,-1.2441359987111547
-0.09143329760790146,0.5223843786119113,-0.8581125959519905
-0.09143329760790146,1.1676691221318374,-1.3820014996965702
-0.09143329760790146,1.5617017888259674,-0.9132587963461567
-0.09143329760790146,4.599767451410185,-1.2992821991053207
-0.09143329760790146,1.3968524895301775,-0.6237412442767839
-0.09143329760790146,2.8154420919436545,-0.8994722462476153
-0.09143329760790146,2.0224085988474187,-1.2027763484155298
-0.09143329760790146,2.367443690450575,-1.2854956490067793
-0.09143329760790146,0.6510525148170115,-0.33422369220741094
-0.09143329760790146,0.45923834870039887,-0.4996622933899096
-0.09143329760790146,3.111551610770445,-1.161416698119905
-0.09143329760790146,0.7300750550996625,-0.34801024230595234
-0.09143329760790146,0.9943235497122633,-0.9684049967403231
-0.09143329760790146,2.2351394373577538,-1.2579225488096961
-0.09143329760790146,3.0571538620838457,-0.9132587963461567
-0.09143329760790146,0.07398996438848589,-0.2790774918132446
-0.09143329760790146,0.11708334968157624,-0.030919590039496084
-0.09143329760790146,0.5060398531958186,-0.6926739947694918
-0.09143329760790146,1.09455077164707,-1.1200570478242806
-0.09143329760790146,1.710710578907923,-0.8443260458534491
-0.09143329760790146,0.8767797711141514,-1.064910847430114
-0.09143329760790146,2.579706513915956,-1.230349448612613
-0.09143329760790146,1.9390659196882676,-1.0786973975286558
-0.09143329760790146,4.095499241050689,-1.354428399499487
0.022241378135283766,2.8552593719220654,-0.9270453464446984
-0.09143329760790146,-0.05385014519861839,-0.058492690236579443
-0.09143329760790146,0.41942106872198787,-0.9132587963461567
-0.09143329760790146,3.4400621711709873,-1.0924839476271972
-0.09143329760790146,3.5723304231065045,-1.4647208002878198
-0.09143329760790146,-0.7372241131463552,0.2861710622269598
-0.09143329760790146,1.868503651372096,-0.67888744467095
-0.09143329760790146,1.0409450484211622,-0.9959780969374062
-0.09143329760790146,0.2973771454608548,-1.064910847430114
-0.09143329760790146,1.354371123911258,-0.9132587963461567
-0.09143329760790146,1.9714309601047155,-1.2717090989082378
-0.09143329760790146,0.13083579177176882,-0.09985234053220401
-0.09143329760790146,2.842550963393694,-1.0786973975286558
-0.09143329760790146,3.22463124586284,-1.106270497725739
-0.09143329760790146,1.0135481677126896,-0.7064605448680331
-0.09143329760790146,1.4516462509471229,-0.8718991460505322
-0.09143329760790146,3.707010752581401,-1.4371477000907367
-0.09143329760790146,0.9850352511277878,-0.6375277943753255
-0.09143329760790146,0.17266913655921323,-0.5548084937840759
-0.09143329760790146,1.3337784619332733,-1.3957880497951118
-0.09143329760790146,-0.5617904736031395,0.5481155140992499
-0.09143329760790146,0.36711138715903024,-0.22393129141907828
-0.09143329760790146,0.908856802272166,-1.3130687492038624
-0.09143329760790146,0.037340786252841804,-0.34801024230595234
-0.09143329760790146,0.5226363867130406,-0.5548084937840759
-0.09143329760790146,1.0391449905559538,-0.43072954289720183
-0.09143329760790146,2.194710137705172,-1.1889897983169881
-0.09143329760790146,1.8049616087302378,-0.9821915468388647
-0.09143329760790146,0.30410936187673443,-1.0511242973315726
-0.09143329760790146,0.36131520083305907,-0.7616067452621995
-0.09143329760790146,-0.3431194441376167,0.0793728107488364
-0.09143329760790146,1.0036838506113472,-0.5548084937840759
-0.09143329760790146,1.0405490356908165,-0.8994722462476153
-0.09143329760790146,1.7656843461113894,-0.5272353935869928
-0.09143329760790146,0.1386480429067735,-0.030919590039496084
5.261933463172728,0.633699956996402,-0.5272353935869928
-0.09143329760790146,-0.33185108190141177,0.2723845121284182
-0.09143329760790146,0.6774053619636633,-0.30665059201032757
-0.09143329760790146,2.754060118740046,-1.2579225488096961
-0.09143329760790146,0.14358020145744466,0.12073246104446116
-0.09143329760790146,0.911628891384587,-0.5685950438826175
-0.09143329760790146,1.5006438260380968,-1.423361149992195
-0.09143329760790146,0.7654641927296607,-0.5823815939811591
-0.09143329760790146,0.6956939498741811,-0.7616067452621995
-0.09143329760790146,0.04054488925291285,0.1758786614386275
-0.09143329760790146,1.5321088375219405,-0.9546184466417815
-0.09143329760790146,0.8886601530245273,-0.5961681440797006
-0.09143329760790146,-0.640921017357703,-0.003346489842413106
-0.09143329760790146,2.1629211158055908,-1.3682149495980287
-0.09143329760790146,1.1156114486700088,-1.161416698119905
-0.09143329760790146,3.1996104415364424,-1.492293900484903
-0.09143329760790146,5.394889011630062,-1.2854956490067793
-0.09143329760790146,1.7588801273809014,-1.1200570478242806
-0.09143329760790146,0.6223235912882846,-0.9546184466417815
-0.09143329760790146,1.2035622759640938,-1.133843597922822
-0.09143329760790146,1.0049438911169932,-1.037337747233031
-0.09143329760790146,1.4344016965984259,-0.23771784151761965
-0.09143329760790146,0.47612289147605413,-0.6513143444738668
-0.09143329760790146,1.4813472057230623,-1.2854956490067793
-0.09143329760790146,3.642244670591201,-1.1476301480213638
-0.09143329760790146,-0.6710179848639883,1.113364068139454
-0.09143329760790146,0.4698586901051287,-0.7340336450651164
-0.09143329760790146,-0.9268422086674136,1.9543436241504901
-0.09143329760790146,1.3136178138429386,-0.9132587963461567
-0.09143329760790146,0.9277574098568548,-0.8029663955578242
-0.09143329760790146,0.9671426759476157,-1.106270497725739
-0.09143329760790146,5.356763786044947,-1.423361149992195
-0.09143329760790146,-0.37091233757643516,0.23102486183279383
-0.09143329760790146,1.9909075862062708,-1.2717090989082378
-0.09143329760790146,1.6212477030070631,-0.9821915468388647
-0.09143329760790146,1.175445372109538,-1.0924839476271972
-0.09143329760790146,0.6645169476487708,-0.9684049967403231
-0.09143329760790146,-0.08157103632282856,0.1896652115371691
-0.09143329760790146,1.535204937050099,-1.2165628985140715
-0.09143329760790146,3.1016872936691025,-0.9270453464446984
-0.09143329760790146,0.5378288750953999,-0.8856856961490736
-0.09143329760790146,1.564149867522651,-0.9821915468388647
-0.09143329760790146,2.264156370144914,-1.2992821991053207
0.297902466812508,0.1188834075467847,-0.5272353935869928
-0.09143329760790146,1.686193790783784,-1.161416698119905
-0.09143329760790146,2.1139595418719206,-1.2441359987111547
-0.09143329760790146,1.4875394047793793,-0.9684049967403231
-0.09143329760790146,0.6228636086478472,-1.0924839476271972
-0.09143329760790146,2.5117363289256844,-0.9959780969374062
-0.09143329760790146,1.2400674494705213,-0.4583026430942848
-0.09143329760790146,-0.35049968138497134,-0.08606579043366243
-0.09143329760790146,-0.028037315411529186,-0.3893698926015769
-0.09143329760790146,0.13695598851347754,-0.33422369220741094
-0.09143329760790146,1.164609023760983,-0.67888744467095
-0.09143329760790146,4.8506595166629385,-1.161416698119905
-0.09143329760790146,-0.17092590875177613,-0.09985234053220401
-0.09143329760790146,5.659281510871879,-0.9959780969374062
-0.09143329760790146,0.7616120688981146,-0.09985234053220401
-0.09143329760790146,0.8182058881802684,-0.5272353935869928
-0.09143329760790146,1.5448532472076164,-1.0924839476271972
-0.09143329760790146,-0.32508286432822797,-0.33422369220741094
-0.09143329760790146,-0.47214759191575856,-0.4996622933899096
-0.09143329760790146,1.7688164467968521,-1.0097646470359478
-0.09143329760790146,0.1670169548624587,-0.7202470949665748
-0.09143329760790146,3.3129420847299667,-1.3957880497951118
-0.09143329760790146,0.8135977400453348,-1.2717090989082378
-0.09143329760790146,5.463615220923721,-0.8718991460505322
-0.09143329760790146,0.5748020636467814,-0.8581125959519905
-0.09143329760790146,3.6727736519851364,-1.354428399499487
-0.09143329760790146,0.8114376706070846,-0.8443260458534491
-0.09143329760790146,0.7013101304136315,-0.7202470949665748
-0.09143329760790146,1.1657970619520206,-1.1476301480213638
-0.09143329760790146,0.8778958069905807,-0.8443260458534491
-0.09143329760790146,2.7791889265383563,-1.3682149495980287
-0.09143329760790146,0.5424370232303335,-0.09985234053220401
-0.09143329760790146,4.168617591535456,-1.2717090989082378
-0.09143329760790146,0.6382001016594232,-0.5272353935869928
-0.09143329760790146,0.9407538276436599,-0.7891798454592827
-0.09143329760790146,0.6109472255801672,-1.037337747233031
-0.09143329760790146,2.813426027134621,-1.133843597922822
-0.09143329760790146,0.70267817439119,-1.1476301480213638
-0.09143329760790146,-1.074770964030244,1.9129839738548655
0.12486434929232598,-0.9259421797348093,1.8302646732636159
0.6164499104292066,0.040292881151783665,-0.6926739947694918
-0.09143329760790146,-0.9944883832419472,-1.354428399499487
-0.09143329760790146,-0.697154825066815,0.7824868657744568
-0.09143329760790146,-0.4498988767017821,0.9892851172525803
-0.09143329760790146,-1.0147930359614985,0.8100599659715396
-0.09143329760790146,-0.54443791578253,0.6584079148875822
-0.09143329760790146,-0.3470435702837711,0.9479254669569555
-0.09143329760790146,-0.7121313065053494,0.06558626065029481
0.8070338510545819,0.8456747712033494,-0.16878509102491193
-0.09143329760790146,-0.5472820072095593,-0.5961681440797006
-0.09143329760790146,-0.3558998549805967,-0.6651008945724086
-0.09143329760790146,-0.13391671904309035,-0.4583026430942848
1.5307990541438046,-0.8153826256537062,0.8376330661686228
0.6872382312329174,-0.7638649695514403,0.2861710622269598
-0.09143329760790146,-0.4389905260386188,0.010440060256128479
-0.09143329760790146,0.07679805465821107,-0.4858757432913682
-0.09143329760790146,-0.6224524236606643,0.961712017055497
-0.09143329760790146,-0.1365448035262947,0.258597962029877
-0.09143329760790146,-0.690746619066673,-0.11363889063074559
-0.09143329760790146,-0.2676610184280784,-0.5548084937840759
0.754948798958206,-0.8054103050804514,1.2788026693219532
-0.09143329760790146,-0.14151296323427,-0.1963581912219951
-0.09143329760790146,-0.4039253988243582,0.14830556124154431
-0.09143329760790146,-0.4005052888804621,0.5343289640007083
-0.09143329760790146,0.02531639971324934,1.5407471211942432
-0.09143329760790146,-0.7253437312359794,0.9479254669569555
-0.09143329760790146,0.47900298406038766,-0.5548084937840759
-0.09143329760790146,-0.8305391128787614,0.31374416242404335
-0.09143329760790146,-0.5572903289401183,0.8376330661686228
1.0209546007361254,-0.23180386575312598,-0.4996622933899096
0.0655569299809733,-0.6972988296960317,1.1685102685336208
-0.09143329760790146,-0.5959195707274917,-0.6237412442767839
-0.09143329760790146,-0.707163146797374,0.6170482645919578
-0.09143329760790146,-0.2968939581590636,-0.3204371421088692
-0.09143329760790146,-0.916509876521117,0.024226610354670254
-0.09143329760790146,-0.8779886382056562,0.9203523667598723
2.5041384651948277,-0.11890423644725186,-0.12742544072928738
-0.09143329760790146,-0.17704610549348487,0.6308348146904991
-0.09143329760790146,0.7865248697525996,-0.7478201951636579
-0.09143329760790146,-1.2176595573704911,1.568320221391326
-0.09143329760790146,-0.4932082689386974,0.7824868657744568
-0.09143329760790146,-0.8601680653400925,0.7824868657744568
-0.09143329760790146,-0.2899097336420548,2.9883348815411077
-0.09143329760790146,-0.9907802640396178,0.5067558638036251
-0.09143329760790146,-0.49533233721964337,-0.5410219436855346
-0.09143329760790146,-0.16196162058303804,-0.2790774918132446
-0.09143329760790146,-0.6273845822113354,0.5481155140992499
-0.09143329760790146,-0.07678288240137407,-0.3617967924044939
-0.09143329760790146,-0.36792424152018915,-0.23771784151761965
-0.09143329760790146,-0.06713457224385677,-0.8443260458534491
-0.09143329760790146,-0.7383761501800886,0.6859810150846658
-0.09143329760790146,0.1853055427729766,-0.33422369220741094
1.2063525837934632,-0.12812053271711912,0.46539621350800037
-0.09143329760790146,-0.10558380824470931,-0.09985234053220401
-0.09143329760790146,-0.30222212944008064,-0.41694299279866026
-0.09143329760790146,-0.14590510442537863,-0.1963581912219951
-0.09143329760790146,-1.290669904383346,2.230074626121322
-0.09143329760790146,-0.3152545483841898,-0.058492690236579443
-0.09143329760790146,-1.307698451788218,3.071054182132357
-0.09143329760790146,-0.14691313682989537,-0.16878509102491193
-0.09143329760790146,1.0017757892742263,-0.8581125959519905
-0.09143329760790146,-0.33491118027226613,0.39646346301529245
-0.09143329760790146,-0.3907849764083365,0.7273406653802901
-0.09143329760790146,-0.7677530945402906,-0.16878509102491193
-0.09143329760790146,-0.9434747433419397,2.188714975825697
-0.09143329760790146,-0.07995098424414095,-0.7891798454592827
-0.09143329760790146,2.729507329458603,-1.106270497725739
-0.09143329760790146,-0.184102332325102,-0.8029663955578242
-0.09143329760790146,2.7500999914365876,-1.064910847430114
-0.09143329760790146,-0.9465708428700982,1.6786126221796587
-0.09143329760790146,0.004111718061093774,-1.6715190517659433
-0.09143329760790146,-0.1659577490438008,-0.8443260458534491
-0.09143329760790146,-0.28371753458573773,-0.2515043916161612
-0.09143329760790146,0.8767437699568472,-0.9270453464446984
-0.09143329760790146,-0.1765420892912265,-0.7891798454592827
-0.09143329760790146,-0.3558998549805967,0.713554115281749
-0.09143329760790146,-0.45051089637595293,0.05179971055175323
-0.09143329760790146,-0.9845520638259966,0.8238465160700816
-0.09143329760790146,0.461614425082474,-0.7753932953607411
-0.09143329760790146,1.163961002929508,-1.0924839476271972
0.8170168193730539,-0.9564351599714406,0.796273415872998
-0.09143329760790146,-0.4479908153646611,0.35510381271966773
-0.09143329760790146,0.10207086708573775,-0.8443260458534491
0.8139987126721204,0.44303782791352275,0.14830556124154431
-0.09143329760790146,0.058257458646564016,0.3826769129167509
-0.09143329760790146,-0.3667002021718474,-0.7753932953607411
-0.09143329760790146,-0.212003229235833,-0.3893698926015769
-0.09143329760790146,0.20597020706556962,-0.292864041911786
-0.09143329760790146,-0.45313898085915727,-0.34801024230595234
-0.09143329760790146,-0.9819239793427922,-0.9821915468388647
-0.09143329760790146,0.3252060400569775,-1.2717090989082378
-0.09143329760790146,0.6206315368949887,-1.064910847430114
-0.09143329760790146,0.990003410835763,-1.1889897983169881
-0.09143329760790146,-0.8419154785868788,0.4516096634094588
-0.09143329760790146,-0.7568807450344315,1.4718143707015354
-0.09143329760790146,0.4603543845768281,-0.7478201951636579
-0.09143329760790146,-0.7640809764952653,1.0030716673511215
-0.09143329760790146,-0.6296526551214982,-0.5823815939811591
-0.09143329760790146,-0.5730588358393444,0.8376330661686228
-0.09143329760790146,-1.12412855069426,4.049899239128809
-0.09143329760790146,-0.5852992293227618,0.06558626065029481
-0.09143329760790146,-0.6184202940425974,-0.33422369220741094
-0.09143329760790146,-0.5746068856034237,0.038013160453211646
1.1892764537750244,-0.7744133086415619,0.9754985671540386
-0.09143329760790146,0.12125948392885985,-0.6237412442767839
-0.09143329760790146,-0.6902786040217188,0.0793728107488364
-0.09143329760790146,-0.5682706819178899,-0.09985234053220401
-0.09143329760790146,-0.559990415737931,0.1758786614386275
-0.09143329760790146,-0.3337951443958369,-0.67888744467095
-0.09143329760790146,-0.2603887846526362,-0.04470614013803767
-0.09143329760790146,0.10981111590613409,-0.4858757432913682
-0.09143329760790146,0.0388528348596169,-0.5410219436855346
-0.09143329760790146,-0.6421810578633489,-0.22393129141907828
-0.09143329760790146,0.6551206455923826,-1.106270497725739
-0.09143329760790146,-1.0581744305130223,1.4580278206029933
-0.09143329760790146,-0.51974112187187,0.20345176163571066
0.11621244341631691,-1.1332728446495188,1.9405570740519487
-0.09143329760790146,-0.5516381472433638,0.5756886142963331
-0.09143329760790146,-0.22679970488784648,0.010440060256128479
-0.09143329760790146,1.0931467265122075,-0.9821915468388647
-0.09143329760790146,0.19815795593056493,-0.6513143444738668
-0.09143329760790146,-0.06555052132247333,-0.9270453464446984
-0.09143329760790146,0.36772340683320115,-1.0511242973315726
-0.09143329760790146,-0.3841607634643694,0.8376330661686228
-0.09143329760790146,-0.34574752862082103,-0.15499854092637036
-0.09143329760790146,-0.528489403096783,0.024226610354670254
-0.09143329760790146,-0.602579784828763,0.5894751643948742
-0.09143329760790146,-0.6859224639879143,1.0444313176467461
-0.09143329760790146,-0.3601839926997928,0.14830556124154431
-0.09143329760790146,-0.5138729332312905,0.5067558638036251
-0.09143329760790146,-0.8257869601146111,0.21723831173425187
0.8819061134431221,-1.5814512519291193,1.3477354198146607
-0.09143329760790146,-0.33213909115984513,-0.7064605448680331
-0.09143329760790146,-0.13488875029030292,-0.3755833425030355
-0.09143329760790146,-0.04870197970412222,-0.6513143444738668
-0.09143329760790146,0.3780917401368018,-1.037337747233031
-0.09143329760790146,-0.47466767292705037,-0.33422369220741094
-0.09143329760790146,-1.3102185327995097,1.8302646732636159
-0.09143329760790146,-0.5475700164679926,0.49296931370508357
-0.09143329760790146,-0.553402203951268,0.31374416242404335
-0.09143329760790146,-0.9109296971389709,0.42403656321237565
-0.09143329760790146,0.3676514045185928,-1.1889897983169881
-0.09143329760790146,-0.37976862227326075,-0.15499854092637036
-0.09143329760790146,1.0880705633323196,-1.4095745998936535
-0.09143329760790146,-0.5450499354567009,0.6721944649861241
-0.09143329760790146,-1.004856716545548,2.6160980288804856
-0.09143329760790146,-0.5627985060076562,0.06558626065029481
-0.09143329760790146,-0.5910594144914288,0.5067558638036251
-0.09143329760790146,0.19135373720007698,-0.5961681440797006
-0.09143329760790146,-0.6746541017517094,0.09315936084737798
-0.09143329760790146,1.9086089406089404,-1.2717090989082378
-0.09143329760790146,-0.6832223771901016,1.0030716673511215
-0.09143329760790146,0.5492772431181256,-1.0786973975286558
-0.09143329760790146,0.11499528255793444,-0.8443260458534491
-0.09143329760790146,-0.55765034051316,-0.18257164112345334
-0.09143329760790146,0.14826035190698664,-0.8029663955578242
-0.09143329760790146,-0.7757453514618161,0.9754985671540386
-0.09143329760790146,2.804893752853533,-1.4371477000907367
-0.09143329760790146,-0.7709211963830574,0.7824868657744568
-0.09143329760790146,-0.33530719300261197,-0.44451609299574324
-0.09143329760790146,-0.9766678103763835,3.1124138324279826
-0.09143329760790146,-0.4178578467010716,-1.2717090989082378
-0.09143329760790146,0.13652397462582752,-0.9132587963461567
-0.09143329760790146,-0.5869192814014494,0.6584079148875822
-0.09143329760790146,-0.9993125383207059,2.0232763746431983
-0.09143329760790146,-0.6782902186394305,1.0444313176467461
-0.09143329760790146,0.15042042134523678,-0.34801024230595234
-0.09143329760790146,0.3991164160024365,-0.8443260458534491
-0.09143329760790146,-0.5034325976130815,-0.23771784151761965
-0.09143329760790146,-0.09471145873885026,-1.3682149495980287
-0.09143329760790146,0.05660140541057224,-0.94083189654324
-0.09143329760790146,-0.8164266592155272,0.13451901114300274
-0.09143329760790146,-0.43189829804969754,0.5067558638036251
-0.09143329760790146,-0.8598800560816592,0.6308348146904991
-0.09143329760790146,-1.158437653605133,1.761331922770908
-0.09143329760790146,0.9183611078004666,-0.9546184466417815
-0.09143329760790146,-0.8480716764858917,1.651039521982576
-0.09143329760790146,-0.18881848393194814,0.32753071252258453
-0.09143329760790146,0.4406977526887518,-0.6237412442767839
-0.09143329760790146,0.46982268894782453,-0.44451609299574324
-0.09143329760790146,-0.7665290551919488,1.3890950701102858
-0.06322056105569789,-1.0066207732534522,1.5407471211942432
-0.09143329760790146,0.07809409632116117,-0.09985234053220401
-0.09143329760790146,-0.23590799768580126,0.39646346301529245
-0.09143329760790146,1.5746982066127726,-1.2579225488096961
-0.09143329760790146,-0.43002623786988076,0.3688903628182097
-0.09143329760790146,0.08158620857966556,-1.0097646470359478
-0.09143329760790146,0.2534197323924644,-0.9270453464446984
-0.09143329760790146,0.4232371913962298,-1.133843597922822
-0.09143329760790146,-0.28090944431601256,0.12073246104446116
-0.09143329760790146,-0.34149939205892904,-0.30665059201032757
-0.09143329760790146,0.355555015664392,-0.7753932953607411
-0.09143329760790146,-0.39737318819499945,0.42403656321237565
-0.09143329760790146,-0.17485003489793055,-0.5961681440797006
-0.09143329760790146,-0.27370921285517874,-0.1963581912219951
-0.09143329760790146,-0.2584087210009069,0.16209211134008591
-0.09143329760790146,0.05098522487112187,-0.30665059201032757
-0.09143329760790146,-0.3684642588797517,-0.14121199082782876
-0.09143329760790146,-0.985920107803555,0.31374416242404335
1.432054476211092,1.1998541567617644,-1.1752032482184467
-0.09143329760790146,-0.8659282505087595,0.5481155140992499
-0.09143329760790146,-0.7191875333369665,0.2999576123255018
-0.09143329760790146,0.19776194320021906,-0.5823815939811591
-0.09143329760790146,-0.3387633041038122,0.10694591094591957
-0.09143329760790146,-0.7220676259213,0.1758786614386275
-0.09143329760790146,0.0589774817926474,-0.5823815939811591
-0.09143329760790146,-0.2118952257639205,-0.18257164112345334
-0.09143329760790146,-0.7076311618423282,0.8514196162671643
-0.09143329760790146,-0.511856868422257,0.09315936084737798
-0.09143329760790146,1.1806295387613381,-0.7753932953607411
-0.09143329760790146,0.15081643407558262,-0.7616067452621995
-0.09143329760790146,0.15535257989590792,-0.6513143444738668
-0.09143329760790146,0.47633889841987914,-1.0511242973315726
0.157078892447679,-1.242932369798018,3.098627282329441
-0.09143329760790146,0.21781458781864124,-0.8443260458534491
-0.09143329760790146,-0.31287847200211466,0.20345176163571066
-0.09143329760790146,-0.28090944431601256,-0.5410219436855346
-0.09143329760790146,0.5246164503647698,-1.2441359987111547
-0.09143329760790146,-0.46447934540997055,-0.14121199082782876
-0.09143329760790146,1.6053351914786205,-1.1752032482184467
-0.09143329760790146,0.537216855421229,-0.9270453464446984
-0.09143329760790146,0.15524457642399542,-0.7340336450651164
-0.09143329760790146,-1.0030926598376437,0.16209211134008591
-0.09143329760790146,0.3769037019457642,-0.9684049967403231
-0.09143329760790146,-1.2774214784954117,4.270484040705474
-0.09143329760790146,-0.5556342757041266,0.23102486183279383
-0.09143329760790146,0.36955946585571375,-0.8581125959519905
-0.09143329760790146,0.057249426242047284,-0.67888744467095
-0.09143329760790146,0.14264417136753627,-0.8581125959519905
-0.09143329760790146,-0.7214196050898251,1.9129839738548655
-0.09143329760790146,-1.1386730182451443,1.9129839738548655
-0.09143329760790146,-0.5562462953782974,0.1758786614386275
0.41639596033176296,-0.7590408144726817,1.0030716673511215
-0.09143329760790146,1.0885025772199697,-1.037337747233031
-0.09143329760790146,0.18217344208751388,-0.94083189654324
-0.09143329760790146,-0.287821666518413,-0.4858757432913682
-0.09143329760790146,-0.49666438003989766,0.6308348146904991
-0.09143329760790146,0.22199072206592485,-0.6926739947694918
-0.09143329760790146,-0.7727932565628742,0.42403656321237565
-0.09143329760790146,-1.0255933831527493,0.6032617144934163
-0.09143329760790146,-0.5784950105922739,0.4102500131138341
-0.09143329760790146,-0.09719553859283792,-0.265290941714703
-0.09143329760790146,0.25813588399931053,-0.017133039940954692
-0.09143329760790146,0.31897783984335626,-0.43072954289720183
-0.09143329760790146,-0.2662209721359116,-0.04470614013803767
0.6164499104292066,-0.8535078512388212,0.6997675651832069
-0.05697880518131656,0.4146329148005334,-0.8167529456563658
-0.09143329760790146,-0.8649922204188512,0.8100599659715396
-0.09143329760790146,0.42780933837385926,-1.0511242973315726
-0.09143329760790146,-0.5530061912209222,-0.44451609299574324
-0.09143329760790146,0.947810054475277,-0.7340336450651164
-0.09143329760790146,0.5979508077933622,-0.7616067452621995
-0.09143329760790146,0.9949355693864342,-0.8305394957549074
-0.09143329760790146,0.7300030527850543,-1.2717090989082378
-0.09143329760790146,-0.1053678013008843,0.1758786614386275
-0.09143329760790146,-0.3561158619244217,0.10694591094591957
-0.09143329760790146,-0.4120616603751004,0.2999576123255018
-0.09143329760790146,-0.2134072743706956,-0.14121199082782876
-0.09143329760790146,-0.6823583494148016,-0.43072954289720183
-0.09143329760790146,-1.078587086704486,0.09315936084737798
-0.09143329760790146,-0.6742580890213635,0.23102486183279383
-0.09143329760790146,-0.39200901575667824,0.35510381271966773
-0.09143329760790146,-0.02965736749021679,0.10694591094591957
-0.09143329760790146,0.22670687367277098,-0.8718991460505322
-0.09143329760790146,-0.5513861391422346,-0.1963581912219951
-0.09143329760790146,-0.5244572734787162,0.5343289640007083
0.137587740286457,0.410492781710554,-0.8581125959519905
-0.09143329760790146,-0.6060718970872674,0.479182763606542
-0.09143329760790146,-0.7011149523702737,0.49296931370508357
-0.09143329760790146,-0.27698531816985816,0.3688903628182097
-0.09143329760790146,-0.537417690108217,0.16209211134008591
-0.09143329760790146,-0.19461467025791937,-0.5823815939811591
-0.09143329760790146,0.2266708725154668,-0.7064605448680331
-0.09143329760790146,-0.1583975060099253,-0.6237412442767839
-0.09143329760790146,-0.6103920359637677,0.1758786614386275
-0.09143329760790146,0.5048878161620852,-0.15499854092637036
-0.09143329760790146,-0.6829703690889725,0.1896652115371691
-0.09143329760790146,1.0756861652196854,-0.8994722462476153
-0.09143329760790146,-0.9369225327125809,0.24481141193133543
-0.09143329760790146,1.188477791053647,-1.1476301480213638
-0.09143329760790146,0.5556854491182677,-0.8305394957549074
-0.09143329760790146,-0.12340438111027299,0.23102486183279383
-0.09143329760790146,-0.10482778394132176,-0.8029663955578242
-0.09143329760790146,-0.4124216719481421,0.14830556124154431
-0.09143329760790146,-0.22082351277535442,-0.3893698926015769
-0.09143329760790146,0.07877811830994037,-0.5823815939811591
0.46476065156411195,-0.3291509951035991,0.024226610354670254
0.01671552584221226,1.8990686339233356,-0.7202470949665748
-0.09143329760790146,-0.05136606534463073,-0.21014474132053668
-0.09143329760790146,-0.41846986637524247,0.10694591094591957
-0.09143329760790146,-0.24991244787712302,-0.3755833425030355
-0.09143329760790146,0.32131791506812724,-1.0235511971344895
-0.09143329760790146,-0.42714614528554723,-0.058492690236579443
-0.09143329760790146,0.30767347644984716,-0.3617967924044939
-0.09143329760790146,0.645184326176432,-0.7478201951636579
-0.09143329760790146,-0.6933387023925731,1.2098699188292452
-0.09143329760790146,0.6180034524117843,-0.94083189654324
-0.09143329760790146,-0.7560527184164356,0.5894751643948742
-0.09143329760790146,-0.5127568973548612,0.06558626065029481
-0.09143329760790146,0.36232323323757576,-0.8443260458534491
-0.09143329760790146,0.18444151499767653,-0.4720891931928266
-0.09143329760790146,0.7308310794030501,-0.9959780969374062
0.44558154986852533,-1.143749181425032,1.568320221391326
-0.09143329760790146,-0.30791031229413934,1.926770523953407
-0.09143329760790146,-0.5509181240972804,0.3413172626211261
-0.09143329760790146,-0.5245652769506287,-0.14121199082782876
-0.09143329760790146,-0.7146153863593371,0.5205424139021667
-0.09143329760790146,-0.570214744412315,0.21723831173425187
-0.09143329760790146,0.708222352616032,-1.1476301480213638
-0.09143329760790146,-0.5145929563773738,-0.43072954289720183
-0.09143329760790146,-0.5300014517035582,0.5756886142963331
-0.09143329760790146,-0.7479164568656934,-0.23771784151761965
-0.09143329760790146,-0.4619232632413745,0.5343289640007083
-0.09143329760790146,-0.28090944431601256,0.16209211134008591
-0.09143329760790146,-0.9041254784084829,1.0720044178438293
-0.09143329760790146,0.28366070452796643,-0.44451609299574324
-0.09143329760790146,-0.7276478053034463,1.223656468927787
-0.09143329760790146,-0.3846287785093236,0.2723845121284182
-0.09143329760790146,-0.15958554420096288,-0.15499854092637036
-0.09143329760790146,-0.16286164951564225,-0.5961681440797006
-0.09143329760790146,0.3708195063613597,-0.8167529456563658
-0.09143329760790146,-0.28371753458573773,0.35510381271966773
-0.09143329760790146,-0.5029285814108231,0.4516096634094588
-0.09143329760790146,0.9186851182162042,-0.6651008945724086
-0.09143329760790146,1.2739445384937444,-0.6375277943753255
-0.09143329760790146,-0.21682738431459167,0.09315936084737798
-0.09143329760790146,-0.42340202492591367,-0.3893698926015769
-0.09143329760790146,-0.8179027066649981,1.568320221391326
-0.09143329760790146,0.5001716645552391,-0.5961681440797006
-0.09143329760790146,-0.22924778358453,-0.2790774918132446
-0.09143329760790146,-0.6189243102448557,-0.017133039940954692
-0.09143329760790146,-0.04873798086142639,-0.11363889063074559
-0.09143329760790146,-0.2617928297874988,0.13451901114300274
-0.09143329760790146,-0.7515165725961104,0.7273406653802901
-0.09143329760790146,-0.32011470462025265,-0.8994722462476153
-0.09143329760790146,-0.013780857119078243,-0.34801024230595234
-0.09143329760790146,-0.5684146865471066,0.24481141193133543
-0.09143329760790146,0.6521685506934408,-0.8029663955578242
-0.09143329760790146,-0.43593042766776446,-0.030919590039496084
-0.09143329760790146,-0.8497997320364918,0.010440060256128479
-0.09143329760790146,0.03788080361240434,-0.9270453464446984
-0.09143329760790146,-0.3707683329472185,0.24481141193133543
-0.09143329760790146,-0.0907153302780875,-0.18257164112345334
-0.09143329760790146,-0.4483508269377028,0.9341389168584135
-0.09143329760790146,-0.13690481509933639,-0.6237412442767839
-0.09143329760790146,-0.6750141133247511,0.038013160453211646
-0.09143329760790146,-0.5909154098622122,0.6721944649861241
-0.09143329760790146,0.07564601762447767,-0.5685950438826175
-0.09143329760790146,-0.7702731755515824,1.2374430190263288
-0.09143329760790146,-0.9909962709834428,1.2925892194204947
-0.09143329760790146,-0.9486229088364359,2.5195921781906945
-0.09143329760790146,-0.8490437077331042,-0.003346489842413106
-0.09143329760790146,-1.119628406031239,1.4718143707015354
-0.09143329760790146,-0.04351781305232187,-0.4583026430942848
-0.09143329760790146,-0.186658414493698,-0.34801024230595234
-0.09143329760790146,-0.11570013344718082,-0.3204371421088692
-0.09143329760790146,0.04983318783738846,0.3826769129167509
-0.09143329760790146,0.18710560063818504,-0.4996622933899096
-0.09143329760790146,-0.4843159830845677,0.5067558638036251
-0.09143329760790146,-0.6859224639879143,0.5619020641977915
-0.09143329760790146,0.09274656734395796,-0.7891798454592827
-0.09143329760790146,-0.7155874176065496,1.0857909679423714
-0.09143329760790146,-0.5610704504570561,-0.07227924033512104
-0.09143329760790146,-0.05791827597398949,-0.4858757432913682
-0.09143329760790146,1.6519206890302152,-0.9546184466417815
-0.09143329760790146,-0.7594368272030275,0.09315936084737798
-0.09143329760790146,0.8535590246529624,-0.8029663955578242
-0.09143329760790146,0.1891216654472185,-0.5685950438826175
-0.09143329760790146,0.14858436232272415,-0.6099546941782422
0.2330131727424397,-0.8473516533398083,-0.07227924033512104
-0.09143329760790146,-0.20156289361762397,-0.16878509102491193
-0.09143329760790146,-0.4159137842066465,-0.8718991460505322
-0.09143329760790146,0.4428578221270019,-0.9132587963461567
-0.09143329760790146,1.5542855504213087,-1.2992821991053207
-0.09143329760790146,-0.6310206990990566,0.14830556124154431
-0.09143329760790146,-0.43827050289253544,-0.5134488434884512
-0.09143329760790146,0.6228636086478472,0.1758786614386275
-0.09143329760790146,-0.06259842642353147,-0.5548084937840759
-0.09143329760790146,-0.679046242942818,0.6859810150846658
-0.09143329760790146,0.36412329110278424,-1.6715190517659433
-0.09143329760790146,-0.3472235760702919,-0.7202470949665748
-0.09143329760790146,-0.02519322398449983,-1.106270497725739
-0.09143329760790146,-0.8048702877208889,0.13451901114300274
-0.09143329760790146,-0.7771133954393745,0.7549137655773737
-0.09143329760790146,-0.5414498197262839,-0.21014474132053668
-0.09143329760790146,-0.9492709296679109,0.5205424139021667
-0.09143329760790146,-0.09780755826700879,-0.6375277943753255
-0.09143329760790146,-0.21027517368523288,0.13451901114300274
-0.09143329760790146,-0.3377552716992955,0.5894751643948742
-0.09143329760790146,-0.6776421978079554,0.05179971055175323
0.31839382283463474,-0.19702674779729867,0.5756886142963331
-0.09143329760790146,-0.08916728051400823,0.09315936084737798
-0.09143329760790146,0.1195674295355639,-0.43072954289720183
-0.09143329760790146,-0.6133441308627096,-0.7891798454592827
-0.09143329760790146,-0.5290294204563456,-0.6375277943753255
-0.09143329760790146,-0.22964379631487583,-0.6099546941782422
-0.09143329760790146,0.16978904397487973,-0.33422369220741094
-0.09143329760790146,-0.011872795781957282,-0.8856856961490736
-0.09143329760790146,0.5816062823772694,-1.1752032482184467
-0.09143329760790146,-0.23216387732616767,-0.6099546941782422
-0.09143329760790146,0.7897289727526707,-0.6926739947694918
-0.09143329760790146,-0.2598127661357695,-0.4858757432913682
-0.09143329760790146,-0.5700347386257941,0.5756886142963331
-0.09143329760790146,-0.6189243102448557,0.09315936084737798
-0.09143329760790146,0.34806677494512483,-0.9132587963461567
-0.09143329760790146,1.2801727387073656,-0.9821915468388647
-0.09143329760790146,1.9111650227775365,-1.6439459515688601
-0.09143329760790146,-0.5667226321538106,0.6308348146904991
-0.09143329760790146,-1.0812511723449947,2.367940127106737
-0.09143329760790146,0.29302100542705034,-0.7202470949665748
-0.09143329760790146,0.29618910726981723,-1.064910847430114
-0.09143329760790146,-0.7227516479100793,0.9065658166613307
-0.09143329760790146,-0.25614064809074427,-0.07227924033512104
-0.09143329760790146,-0.9896642281631886,0.4378231133109172
-0.09143329760790146,-0.33955532956450396,-0.3893698926015769
-0.09143329760790146,-0.313166481260548,0.1896652115371691
-0.09143329760790146,-0.2584087210009069,-0.4858757432913682
-0.09143329760790146,-0.27572527766421223,-0.34801024230595234
-0.09143329760790146,-0.640921017357703,1.154723718435079
1.0066932174240226,0.41549694257583347,-0.15499854092637036
-0.09143329760790146,-0.5966755950308793,-0.058492690236579443
-0.09143329760790146,-0.19940282417937386,-0.41694299279866026
-0.09143329760790146,0.0868783787033784,-0.8581125959519905
-0.09143329760790146,-0.7694811500908907,0.5481155140992499
-0.09143329760790146,0.19765393972830655,-0.18257164112345334
-0.09143329760790146,-1.6489534218744364,4.697867093760263
-0.09143329760790146,-0.22733972224740903,-0.21014474132053668
-0.09143329760790146,-0.22031949657309605,-0.5823815939811591
-0.09143329760790146,1.6217877203666258,-1.133843597922822
-0.09143329760790146,1.167381112873404,-1.1200570478242806
-0.09143329760790146,-0.6591736041109167,0.0793728107488364
-0.09143329760790146,0.8855280523390645,-0.8994722462476153
-0.09143329760790146,-0.35571984919407584,0.7411272154788318
0.6242574458119688,-0.5658946055358147,0.6721944649861241
-0.09143329760790146,0.645832347007907,-0.8029663955578242
-0.09143329760790146,-0.566146613636944,1.761331922770908
-0.09143329760790146,-1.2363081568540506,2.9331886811469414
-0.09143329760790146,-0.37562848918328134,-0.12742544072928738
-0.09143329760790146,-0.05986233846841462,-1.106270497725739
0.15190155515485443,0.3369424173381366,-0.15499854092637036
1.3243331184663147,-0.19151857072976083,0.6584079148875822
-0.09143329760790146,-0.6160442176605222,0.3413172626211261
-0.09143329760790146,0.2247268100210417,-0.8029663955578242
-0.09143329760790146,0.6479204141315488,-1.1200570478242806
-0.09143329760790146,-0.5901953867161288,0.713554115281749
-0.09143329760790146,0.9214572073286252,-1.0924839476271972
-0.09143329760790146,-0.390676972936424,-0.12742544072928738
-0.09143329760790146,-0.36252406792456376,0.038013160453211646
-0.09143329760790146,-0.3902089578914698,1.995703274446115
-0.09143329760790146,-0.23169586228121347,-0.3617967924044939
-0.09143329760790146,1.0982948920067035,-1.064910847430114
-0.09143329760790146,-0.12545644707661063,-0.4031564427001187
-0.09143329760790146,-0.49281225620835156,0.6859810150846658
-0.09143329760790146,-0.31385050324932723,-0.16878509102491193
-0.09143329760790146,0.2658401316624027,-0.8029663955578242
-0.09143329760790146,0.5978788054787538,-1.106270497725739
-0.09143329760790146,-0.14414104771747435,-0.11363889063074559
-0.09143329760790146,-0.22449563082037965,0.16209211134008591
-0.09143329760790146,-0.016372940444978414,-0.6099546941782422
-0.09143329760790146,0.030752574466178868,-0.4583026430942848
-0.09143329760790146,0.4719827583860747,-1.0097646470359478
-0.09143329760790146,-0.6139201493795763,-0.2790774918132446
-0.09143329760790146,-0.8122505249682435,0.4378231133109172
-0.09143329760790146,-0.6834023829766225,0.09315936084737798
-0.09143329760790146,-0.002476493725569162,-1.0235511971344895
-0.09143329760790146,-0.6425770705936948,-0.44451609299574324
0.5075448015004208,-0.44071858158921895,0.12073246104446116
-0.09143329760790146,-0.5691347096931899,0.6584079148875822
-0.09143329760790146,0.31807781091075205,-0.4996622933899096
-0.09143329760790146,0.36711138715903024,-0.8581125959519905
-0.09143329760790146,0.15344451855878696,-0.15499854092637036
-0.09143329760790146,-0.11339605937971399,-0.5685950438826175
-0.09143329760790146,-0.6921506642015356,-0.030919590039496084
-0.09143329760790146,-0.523125230658462,0.5619020641977915
-0.09143329760790146,-0.04798195655803884,-0.8718991460505322
-0.09143329760790146,-0.5252132977821037,0.8927792665627895
-0.09143329760790146,0.37956778758627274,-0.6513143444738668
1.6782747224848686,0.2658761328197069,-0.7891798454592827
1.106522900608743,0.08090218659088635,-0.6099546941782422
-0.09143329760790146,-0.18791845499934393,-0.3755833425030355
1.8552455244941457,-1.196742884976769,0.5756886142963331
0.5574596430927808,0.7582279601115228,-1.2579225488096961
-0.09143329760790146,-0.4552990502974074,0.16209211134008591
3.315254641070681,0.18487352888532654,0.31374416242404335
-0.09143329760790146,0.42464123653109237,-0.6926739947694918
-0.09143329760790146,-0.10237970524463827,-0.34801024230595234
0.5365276127475976,-0.5872072906598828,0.865206166365706
-0.09143329760790146,-0.832159164957449,0.5894751643948742
-0.09143329760790146,-0.9526190372971987,1.4718143707015354
-0.09143329760790146,-0.5708267640864859,0.2723845121284182
-0.09143329760790146,-0.6371768969980695,-1.4785073503863613
-0.09143329760790146,-0.5667586333111148,0.9341389168584135
-0.09143329760790146,0.20550219202061543,-0.8443260458534491
-0.09143329760790146,-0.8889689911834278,0.24481141193133543
-0.09143329760790146,-0.6373209016272862,0.8376330661686228
-0.09143329760790146,-0.8909130536778529,1.733758822573825
-0.09143329760790146,0.46478252692524086,-0.7478201951636579
-0.09143329760790146,-0.19691874432538617,-0.030919590039496084
-0.09143329760790146,-0.13442073524534873,-0.23771784151761965
-0.09143329760790146,-0.03919767417582159,-0.44451609299574324
-0.09143329760790146,-0.7566287369333023,0.5756886142963331
-0.09143329760790146,-0.6661218274706213,0.6308348146904991
-0.09143329760790146,-0.32648690946309056,-0.22393129141907828
-0.09143329760790146,0.2529877185048144,-0.7891798454592827
-0.09143329760790146,0.1038709249509462,0.5205424139021667
-0.09143329760790146,-0.6578055601333583,-0.7202470949665748
-0.09143329760790146,1.634640133524214,-1.0924839476271972
-0.09143329760790146,-0.7896777993385296,0.258597962029877
-0.09143329760790146,0.1840095011100265,-0.7340336450651164
-0.09143329760790146,0.07492599447839429,-0.7478201951636579
-0.09143329760790146,-0.917553910082938,1.4718143707015354
-0.09143329760790146,-0.8586920178906216,0.7273406653802901
-0.09143329760790146,-0.5082567526918401,0.16209211134008591
-0.09143329760790146,-0.5115328580065195,1.3339488697161195
-0.09143329760790146,0.5419690081853793,-0.8443260458534491
-0.09143329760790146,0.09447462289455807,-0.34801024230595234
-0.09143329760790146,0.05814945517465151,-0.7478201951636579
-0.09143329760790146,-1.1220404835706181,1.8440512233621575
-0.09143329760790146,1.227251037470237,-1.133843597922822
-0.09143329760790146,-0.9525830361398945,0.3826769129167509
0.9198284281593957,-0.5733108439404736,0.796273415872998
-0.09143329760790146,-0.36662819985723905,0.5343289640007083
-0.09143329760790146,-0.3267749187215239,-0.11363889063074559
-0.09143329760790146,-0.22035549773040022,0.4378231133109172
0.46476065156411195,-0.054462164872789265,-0.6651008945724086
0.5574596430927808,-0.1293085709081567,0.12073246104446116
-0.09143329760790146,-0.36641219291341404,-0.5272353935869928
-0.09143329760790146,-0.5456979562881759,0.12073246104446116
-0.09143329760790146,0.11567930454671364,-0.7478201951636579
-0.09143329760790146,0.007855838420727354,-0.265290941714703
-0.09143329760790146,-0.26942507513598263,-0.030919590039496084
-0.09143329760790146,0.42035709881189626,-0.8305394957549074
-0.09143329760790146,0.9860432835323045,-0.8581125959519905
-0.09143329760790146,-0.03721761052409229,-0.5823815939811591
-0.09143329760790146,-0.6882985403699895,0.5343289640007083
-0.09143329760790146,-0.36590817671115566,-0.7064605448680331
-0.09143329760790146,-0.2301478125171342,-0.003346489842413106
-0.09143329760790146,0.353214940439621,-0.5961681440797006
-0.09143329760790146,0.022544310600828326,-0.5272353935869928
-0.09143329760790146,-0.06591053289551502,-0.7891798454592827
-0.09143329760790146,-0.257148680495261,-0.4996622933899096
-0.09143329760790146,-0.2534405612929316,-0.030919590039496084
-0.09143329760790146,-0.13773284171733227,-0.3204371421088692
-0.09143329760790146,-0.23590799768580126,-0.265290941714703
-0.09143329760790146,-0.07375878518782387,-0.4996622933899096
-0.09143329760790146,-0.43024224481370577,0.1758786614386275
-0.09143329760790146,-0.3832967356890693,-0.5548084937840759
-0.09143329760790146,-0.20966315401106203,-0.41694299279866026
-0.09143329760790146,-0.11544812534605163,-0.2790774918132446
-0.09143329760790146,-0.28090944431601256,-0.9132587963461567
-0.09143329760790146,-0.4148337494875214,0.16209211134008591
-0.09143329760790146,-0.4050414347007874,0.1758786614386275
-0.09143329760790146,-0.17452602448219304,-0.5134488434884512
-0.09143329760790146,0.3266100851918401,-0.6375277943753255
-0.09143329760790146,-0.558910381018806,0.1896652115371691
-0.09143329760790146,-0.5565343046367308,0.06558626065029481
-0.09143329760790146,0.21410646861631183,-0.9132587963461567
-0.09143329760790146,-0.057450260929035296,-0.9959780969374062
-0.09143329760790146,-0.4922002365341807,-0.09985234053220401
-0.09143329760790146,-0.43431037558907687,-0.292864041911786
-0.09143329760790146,-0.11476410335727241,-0.7891798454592827
-0.09143329760790146,-0.3098543747885645,0.6859810150846658
-0.09143329760790146,0.3999804437777366,-0.9959780969374062
-0.09143329760790146,-0.1243044100428772,-0.18257164112345334
-0.09143329760790146,-0.3378992763285122,-0.23771784151761965
-0.09143329760790146,-0.4279741719035431,0.20345176163571066
-0.09143329760790146,-0.2556006307311817,-0.1963581912219951
-0.09143329760790146,0.2131704385264034,-0.6651008945724086
-0.09143329760790146,-0.041681754029809254,-0.6099546941782422
-0.09143329760790146,-0.24930042820295215,-0.30665059201032757
-0.09143329760790146,-0.4138617182403089,-0.43072954289720183
0.8918615912902215,-0.0013244566918357526,0.6032617144934163
-0.09143329760790146,0.18634957633479748,-0.6099546941782422
-0.09143329760790146,0.17511721525589674,-0.265290941714703
1.0209546007361254,-0.01612093234384923,0.3413172626211261
-0.09143329760790146,0.05454933944423461,0.14830556124154431
-0.09143329760790146,0.007099814117339804,-0.9270453464446984
-0.09143329760790146,-0.5480380315129468,0.7824868657744568
3.8019243465961927,1.5776503015117145,-0.5272353935869928
-0.09143329760790146,0.5355608021852373,-0.7202470949665748
-0.09143329760790146,0.3953362944854988,-0.9684049967403231
-0.09143329760790146,-0.212003229235833,-0.3755833425030355
-0.09143329760790146,-0.5811590962327824,-0.22393129141907828
-0.09143329760790146,-0.49576435110729344,0.024226610354670254
-0.09143329760790146,0.5883744999504532,-1.0786973975286558
-0.09143329760790146,-0.45954718685929935,-0.08606579043366243
-0.09143329760790146,0.16381285186238767,-1.106270497725739
-0.09143329760790146,0.04274095984846716,-0.5548084937840759
-0.09143329760790146,0.3899001197325693,-0.6513143444738668
-0.09143329760790146,0.8093496034834429,-0.94083189654324
-0.09143329760790146,-0.01090076453474472,-0.7891798454592827
-0.09143329760790146,-0.45493903872436575,0.35510381271966773
-0.09143329760790146,-0.43279832698230175,0.10694591094591957
-0.09143329760790146,-0.47376764399444615,0.0793728107488364
-0.09143329760790146,0.2478755541676224,-0.8581125959519905
-0.09143329760790146,0.12543561817614346,-0.8305394957549074
-0.09143329760790146,-0.02850533045648338,-0.9959780969374062
-0.09143329760790146,0.9926314953189674,-1.1889897983169881
-0.09143329760790146,0.8262341462590981,-1.2854956490067793
-0.09143329760790146,-0.294409878305076,0.32753071252258453
-0.09143329760790146,-0.43369835591490596,-0.3893698926015769
-0.09143329760790146,-0.6114000683682844,-0.292864041911786
-0.09143329760790146,1.202302235458448,-1.3957880497951118
-0.09143329760790146,-0.25599664346152756,-0.292864041911786
-0.09143329760790146,-0.7534246339332313,0.1758786614386275
-0.09143329760790146,0.26933224392090716,-0.4720891931928266
0.0633027113284151,3.1597571604007273,-1.2165628985140715
-0.09143329760790146,-0.19018652790950658,-0.04470614013803767
-0.09143329760790146,-0.27464524294508713,-0.22393129141907828
-0.09143329760790146,-0.5025325686804772,0.39646346301529245
-0.09143329760790146,-0.14986523172883723,-0.12742544072928738
-0.09143329760790146,-0.5941555140195874,1.4580278206029933
-0.09143329760790146,-0.7928099000239922,0.06558626065029481
-0.09143329760790146,0.7154945863914741,-0.7616067452621995
-0.09143329760790146,0.4301854147559344,-0.4996622933899096
-0.09143329760790146,-0.33941132493528725,-0.08606579043366243
-0.09143329760790146,1.3080016333034883,-1.0097646470359478
-0.09143329760790146,-0.32803495922716985,-0.6375277943753255
-0.09143329760790146,0.3468427355967831,-0.41694299279866026
-0.09143329760790146,-0.12020027811020194,-0.3755833425030355
-0.09143329760790146,-0.3580599244188468,-0.44451609299574324
-0.09143329760790146,0.29723314083163815,-0.6926739947694918
-0.09143329760790146,0.07589802572560685,-0.33422369220741094
-0.09143329760790146,-0.5499100916927637,1.926770523953407
-0.09143329760790146,0.9801390937344208,-1.161416698119905
-0.09143329760790146,1.5018678653864386,-1.1889897983169881
-0.09143329760790146,0.4323094830368804,-0.9270453464446984
-0.09143329760790146,2.0291768164206028,-1.3130687492038624
-0.09143329760790146,-0.573418847412386,0.5343289640007083
-0.09143329760790146,0.10160285204078355,-0.7753932953607411
-0.09143329760790146,0.6731212242444672,-1.1889897983169881
-0.09143329760790146,-0.3882288942397405,0.2999576123255018
-0.09143329760790146,-0.44046657348808976,0.23102486183279383
-0.09143329760790146,0.5162641818702026,-0.7064605448680331
-0.09143329760790146,-0.4232220191393928,-0.3204371421088692
0.028362322213762982,0.06916580930972724,-0.18257164112345334
-0.09143329760790146,-0.4459027482410193,-0.6926739947694918
-0.09143329760790146,-0.02375317769233307,-0.7478201951636579
-0.09143329760790146,-0.5865592698284078,0.20345176163571066
-0.09143329760790146,-0.49072418908470977,-0.030919590039496084
-0.09143329760790146,0.2172745704590787,-0.8718991460505322
-0.09143329760790146,-0.05309412089523084,-0.5410219436855346
-0.09143329760790146,-0.2752932637765622,-0.11363889063074559
-0.09143329760790146,1.105855135040579,-1.2165628985140715
-0.09143329760790146,-0.17686609970696401,-0.292864041911786
-0.09143329760790146,0.2383352474820176,-0.8443260458534491
-0.09143329760790146,0.35483499251830863,-0.94083189654324
-0.09143329760790146,-0.2794333968665416,0.5619020641977915
-0.09143329760790146,-0.7784454382596288,0.20345176163571066
-0.09143329760790146,0.07265792156823164,-0.12742544072928738
-0.09143329760790146,0.25349173470707276,-0.8581125959519905
-0.09143329760790146,-0.23216387732616767,-1.2579225488096961
0.46476065156411195,-0.4648393569830122,-0.058492690236579443
-0.09143329760790146,1.3206380395172517,-1.2165628985140715
-0.09143329760790146,-0.3309150518115034,-1.161416698119905
-0.09143329760790146,-0.6098520186042051,0.010440060256128479
-0.09143329760790146,2.3926805017207973,-1.1476301480213638
-0.09143329760790146,1.374819781260026,-1.2717090989082378
-0.09143329760790146,-0.028901343186829243,-0.058492690236579443
-0.09143329760790146,1.219150777076799,-1.0235511971344895
-0.09143329760790146,-0.6531974119984246,0.024226610354670254
-0.09143329760790146,0.4963555418809971,-0.8443260458534491
-0.09143329760790146,0.8216980004387728,-1.0786973975286558
-0.09143329760790146,-0.6240364745820477,0.12073246104446116
-0.09143329760790146,-0.24235220484324752,-0.1963581912219951
-0.09143329760790146,-0.15029724561648727,-0.18257164112345334
-0.09143329760790146,0.07010183939963563,-0.8443260458534491
-0.09143329760790146,-0.35906795682336357,-0.22393129141907828
-0.09143329760790146,0.6721491929972546,-0.4720891931928266
-0.09143329760790146,-0.41965790456628005,-0.5134488434884512
-0.09143329760790146,0.2279669141784169,-0.6237412442767839
-0.09143329760790146,-0.14428505234669103,-0.41694299279866026
-0.09143329760790146,-0.06490250049099829,-0.6237412442767839
-0.09143329760790146,-0.36886027161009755,-0.15499854092637036
-0.09143329760790146,0.0791021287256779,-0.09985234053220401
-0.09143329760790146,0.8155778036970641,-0.9959780969374062
-0.09143329760790146,0.6859736374020555,-0.9546184466417815
-0.09143329760790146,0.11024312979378412,-0.7753932953607411
-0.09143329760790146,-0.8059143212827098,-0.04470614013803767
-0.09143329760790146,-0.37091233757643516,-0.41694299279866026
-0.09143329760790146,0.09411461132151638,-0.8167529456563658
-0.09143329760790146,0.5535613808373218,-1.0235511971344895
-0.09143329760790146,0.22623885862781679,-0.6926739947694918
-0.09143329760790146,-0.6779662082236929,-0.07227924033512104
-0.09143329760790146,-0.6280686042001147,0.10694591094591957
-0.09143329760790146,0.16600892245794197,-0.5410219436855346
-0.09143329760790146,-0.5661106124796398,0.2999576123255018
-0.09143329760790146,0.5220243670388697,-1.2165628985140715
-0.09143329760790146,1.8408907637197984,-0.9684049967403231
-0.09143329760790146,0.5242204376344239,-0.7340336450651164
-0.09143329760790146,-0.34841161426132955,-0.3204371421088692
-0.09143329760790146,-0.10479178278401759,-0.5961681440797006
-0.09143329760790146,-0.5418098312993256,-0.058492690236579443
-0.09143329760790146,0.4349375675200847,-0.7478201951636579
-0.09143329760790146,-0.6965068042353401,-0.18257164112345334
-0.09143329760790146,-0.37991262690247746,-0.4996622933899096
-0.09143329760790146,1.1830776174580218,-0.15499854092637036
-0.09143329760790146,0.7791086313479408,-0.08606579043366243
-0.09143329760790146,0.975926958329833,-1.2854956490067793
-0.09143329760790146,0.019088199499628096,-0.030919590039496084
-0.09143329760790146,0.21471848829048268,-0.18257164112345334
-0.09143329760790146,-0.4295222216676224,0.23102486183279383
-0.09143329760790146,0.5447050961404961,-0.8581125959519905
-0.09143329760790146,0.1609687604353583,-1.0097646470359478
-0.09143329760790146,-0.4480628176792694,-0.34801024230595234
-0.09143329760790146,0.12269953022102661,-0.9132587963461567
-0.09143329760790146,-0.4051854393300041,0.1896652115371691
0.39523640791761033,-1.210603330538874,3.746595136960894
-0.09143329760790146,-0.33152707148567423,-0.94083189654324
0.9242252182714275,-0.4938562897701725,0.2999576123255018
0.6935178403364723,-0.5413778174116756,0.7549137655773737
-0.09143329760790146,-0.2552046180008359,-0.6926739947694918
-0.09143329760790146,0.24125134122365527,-0.265290941714703
-0.09143329760790146,0.5445970926685837,-0.43072954289720183
-0.09143329760790146,-0.19090655105558996,-0.6651008945724086
-0.09143329760790146,-0.533997580164321,-0.058492690236579443
-0.09143329760790146,-0.5059166774670691,-0.16878509102491193
-0.09143329760790146,-0.06745858265959429,-0.33422369220741094
-0.09143329760790146,-0.4646593511964914,0.6584079148875822
-0.09143329760790146,0.1508524352328868,-0.5410219436855346
-0.09143329760790146,-0.24627633098940194,0.024226610354670254
-0.09143329760790146,-0.11440409178423072,-0.6926739947694918
-0.09143329760790146,-0.8905890432621153,1.7751184728694496
-0.09143329760790146,1.9365818398342798,-1.1200570478242806
-0.09143329760790146,-0.1654897339988466,0.6308348146904991
-0.09143329760790146,0.3438186383832329,-0.67888744467095
-0.09143329760790146,-0.02591324713058321,-0.9270453464446984
-0.09143329760790146,-0.37840057829570234,0.39646346301529245
-0.09143329760790146,-0.33753926475547047,-0.33422369220741094
-0.09143329760790146,-0.6567975277288416,0.16209211134008591
-0.09143329760790146,0.42820535110420516,-0.6926739947694918
-0.09143329760790146,-0.09719553859283792,-0.9132587963461567
-0.09143329760790146,-0.33671123813747456,-0.058492690236579443
-0.09143329760790146,-0.04024170773764249,-0.3755833425030355
-0.09143329760790146,-0.054102153299747574,-0.6237412442767839
2.133342499080152,-0.26254885409088635,0.5894751643948742
-0.09143329760790146,-0.08916728051400823,-1.0786973975286558
-0.09143329760790146,-0.36457613389090143,0.010440060256128479
-0.09143329760790146,0.5913985971640034,-0.7340336450651164
-0.09143329760790146,-0.14532908590851193,0.6997675651832069
-0.09143329760790146,-0.1364368000543822,1.7061857223767418
-0.09143329760790146,-0.2961019326983719,-0.3617967924044939
-0.09143329760790146,1.064489805298089,-0.5548084937840759
0.11713943333160358,-0.1836343172801478,-0.34801024230595234
-0.09143329760790146,-0.38538480281271115,0.2723845121284182
-0.09143329760790146,-0.4268221348698097,0.258597962029877
-0.09143329760790146,0.011131943735406737,-1.0235511971344895
-0.09143329760790146,0.6224675959175013,-1.161416698119905
-0.09143329760790146,1.4614025645765525,-1.2165628985140715
-0.09143329760790146,-0.054714172973918444,-0.6926739947694918
-0.09143329760790146,-0.14334902225678264,-0.34801024230595234
-0.09143329760790146,-0.07091469376079451,-1.1752032482184467
-0.09143329760790146,0.49376345855509696,-0.7616067452621995
-0.09143329760790146,0.8434426994504909,-0.7478201951636579
-0.09143329760790146,0.35443897978796274,-0.6237412442767839
-0.09143329760790146,0.5339047489492454,-0.8167529456563658
-0.09143329760790146,0.6625008828397373,-1.0097646470359478
0.19431772215019721,-0.3433354510814417,1.6372529718840338
-0.09143329760790146,-0.5530781935355306,0.5343289640007083
-0.09143329760790146,2.498595906509663,-0.9270453464446984
-0.09143329760790146,-0.31853065369886924,-0.7616067452621995
-0.09143329760790146,-0.8987973071274659,-0.1963581912219951
-0.09143329760790146,0.18199343630099302,-0.4996622933899096
-0.09143329760790146,-0.2737452140124829,0.12073246104446116
-0.09143329760790146,0.041012904297867046,-0.3893698926015769
-0.09143329760790146,0.03100458256730805,-0.8994722462476153
-0.09143329760790146,0.07679805465821107,-0.2515043916161612
-0.09143329760790146,-0.09100333953652084,-0.8029663955578242
-0.09143329760790146,-0.0737227840305197,-0.5134488434884512
-0.09143329760790146,-0.058998310693114564,-0.4720891931928266
-0.09143329760790146,0.02765647493802033,-0.4031564427001187
-0.09143329760790146,0.2837687079998789,-0.8856856961490736
-0.09143329760790146,-0.20188690403336151,-0.5410219436855346
-0.09143329760790146,0.7822407320334035,-1.2165628985140715
-0.09143329760790146,-1.1659258943244002,3.9533933884390176
-0.09143329760790146,-0.65686953004345,-0.12742544072928738
-0.09143329760790146,0.5761341064670358,-0.7753932953607411
-0.09143329760790146,1.643820428636777,-1.3406418494009456
-0.09143329760790146,0.3194098537310063,-0.9684049967403231
-0.09143329760790146,1.1795855051995172,-1.2027763484155298
-0.09143329760790146,-0.3589239521941469,-0.4996622933899096
-0.09143329760790146,-0.15749747707732106,-0.1963581912219951
0.08160481991228051,-0.6356648483912943,0.23102486183279383
-0.09143329760790146,-0.7097912312805784,0.09315936084737798
-0.09143329760790146,0.08900244698432438,-0.5823815939811591
-0.09143329760790146,0.191569744143902,-0.44451609299574324
5.7486031686982395,0.33744643354039494,-0.5272353935869928
-0.09143329760790146,1.2307431497287415,-0.9959780969374062
-0.09143329760790146,0.021248268937878238,-0.8581125959519905
0.08083916452502306,-0.009784728658315478,0.6859810150846658
-0.09143329760790146,0.3483547842035582,-0.5134488434884512
-0.09143329760790146,0.4166129784522627,-0.9959780969374062
-0.09143329760790146,0.22375477877382913,-0.3893698926015769
-0.09143329760790146,-0.02864933508570006,-0.18257164112345334
-0.09143329760790146,-0.23486396412398036,-0.3755833425030355
-0.09143329760790146,0.48037102803794607,-1.0511242973315726
-0.09143329760790146,-0.10425176542445505,-0.23771784151761965
-0.09143329760790146,-0.07289475741252381,-0.7064605448680331
-0.09143329760790146,-0.6571575393018833,0.12073246104446116
-0.09143329760790146,1.088142565646928,-0.9132587963461567
-0.09143329760790146,-0.2502004571355564,-0.4858757432913682
-0.09143329760790146,0.10250288097338778,-0.22393129141907828
-0.09143329760790146,-0.46501936276953304,-0.5134488434884512
-0.09143329760790146,0.48811127685834244,-0.6513143444738668
-0.09143329760790146,-0.33329112819357853,-0.7340336450651164
-0.09143329760790146,0.5797342221974526,-1.106270497725739
-0.09143329760790146,0.7648881742127941,-0.5548084937840759
-0.09143329760790146,0.8441267214392701,-1.0511242973315726
-0.09143329760790146,-0.325514878215878,0.961712017055497
-0.09143329760790146,1.181025551491684,-1.161416698119905
-0.09143329760790146,-0.45090690910629877,0.5343289640007083
-0.09143329760790146,-1.3175627688895601,1.3890950701102858
-0.09143329760790146,0.6671810332892792,-0.7616067452621995
-0.09143329760790146,1.5878746301860984,-1.2854956490067793
-0.09143329760790146,1.3660354988778087,-1.106270497725739
-0.09143329760790146,-0.06634254678316505,0.2861710622269598
-0.09143329760790146,-0.48780809534307207,0.10694591094591957
-0.09143329760790146,0.6025949570856,-0.8581125959519905
-0.09143329760790146,1.4303335658230547,-1.0786973975286558
-0.09143329760790146,0.09411461132151638,-0.8581125959519905
-0.09143329760790146,-0.13485274913299874,-0.3204371421088692
-0.09143329760790146,1.2589320558979058,-1.2165628985140715
-0.09143329760790146,0.26962025317934046,-0.4996622933899096
-0.09143329760790146,-0.2161073611685083,-0.4858757432913682
-0.09143329760790146,0.013148008544440204,-0.6651008945724086
-0.09143329760790146,-0.5372376843216962,-0.33422369220741094
-0.09143329760790146,0.30209329706770094,-0.8167529456563658
-0.09143329760790146,0.07654604655708189,-1.064910847430114
-0.09143329760790146,-0.2031829456963116,-0.5548084937840759
-0.09143329760790146,-0.06958265094054027,-0.7478201951636579
-0.09143329760790146,-0.23245188658460103,-0.5685950438826175
-0.09143329760790146,1.3289183056972105,-1.2165628985140715
-0.09143329760790146,-0.3433714522387459,-0.11363889063074559
-0.09143329760790146,-0.15843350716722948,-0.5134488434884512
-0.09143329760790146,1.10560312693945,-0.7478201951636579
-0.09143329760790146,-0.5846512084912868,1.6234664217854924
-0.09143329760790146,2.415829245867378,-1.2992821991053207
-0.09143329760790146,0.3168537715624103,-0.4858757432913682
-0.09143329760790146,-0.6327487546496566,-0.5410219436855346
-0.09143329760790146,0.7528997888305058,-1.0235511971344895
-0.09143329760790146,-0.29606593154106775,0.32753071252258453
-0.09143329760790146,-0.04913399359177224,-0.6099546941782422
-0.09143329760790146,-0.29592192691185104,-0.34801024230595234
-0.09143329760790146,-0.5206771519617784,0.42403656321237565
-0.09143329760790146,-0.5054126612648108,0.16209211134008591
-0.09143329760790146,0.21209040380727834,-0.9684049967403231
-0.09143329760790146,0.38676801904710656,-0.6375277943753255
-0.09143329760790146,0.2951090725506922,-0.8167529456563658
-0.09143329760790146,-0.5678026668729357,0.1758786614386275
-0.09143329760790146,-0.12387239615522719,-0.5823815939811591
-0.09143329760790146,-0.45090690910629877,-0.09985234053220401
-0.09143329760790146,-0.4186138710044592,0.038013160453211646
-0.09143329760790146,0.05940949568029743,-0.7891798454592827
-0.09143329760790146,-1.5387178782090707,3.2364927833148567
-0.09143329760790146,-1.51556913406249,4.794372944450053
-0.09143329760790146,-1.3120545918220223,2.6436711290775685
-0.09143329760790146,-1.0065487709388439,2.1473553255300715
-0.09143329760790146,-1.20297108519039,1.5269605710957013
-0.09143329760790146,-1.5874634451989156,3.7328085868623533
-0.09143329760790146,-1.1934307785047853,1.8440512233621575
-0.09143329760790146,-1.3993933994419365,2.6850307793731933
0.5574596430927808,0.24211536899895533,-0.5823815939811591
0.5075448015004208,0.10790305456901313,0.5481155140992499
-0.09143329760790146,-0.7248757161910252,0.1896652115371691
-0.09143329760790146,-1.356732028036496,2.5747383785848608
-0.09143329760790146,-0.6369608900542444,1.1409371683365372
-0.09143329760790146,-1.0015446100735643,1.4304547204059106
-0.09143329760790146,-0.7801734938102289,0.16209211134008591
-0.09143329760790146,-0.4236180318697387,0.9341389168584135
-0.09143329760790146,-1.0707388344121773,0.32753071252258453
0.3294702314952439,-0.43391436285873103,0.8376330661686228
-0.09143329760790146,-1.0772190427269277,2.2162880760227797
-0.09143329760790146,-1.231051987887642,2.795323180161526
-0.09143329760790146,-1.0320015891528913,1.4028816202088275
0.6872382312329174,0.32315397409063984,-0.16878509102491193
-0.09143329760790146,-1.025737387781966,2.2025015259242386
-0.09143329760790146,-0.8246349230808777,0.5343289640007083
-0.09143329760790146,-1.1230125148178307,0.865206166365706
-0.09143329760790146,-1.3589640997893546,3.126200382526523
-0.09143329760790146,-1.3803487872280311,4.0636857892273515
-0.09143329760790146,-0.10669984412113855,-0.5272353935869928
-0.09143329760790146,-1.3291911426988068,2.188714975825697
-0.09143329760790146,-1.215931501819891,1.444241270504452
-0.09143329760790146,-1.4482829710609981,1.7475453726723664
-0.09143329760790146,-1.0053607327478062,1.8164781231650744
-0.09143329760790146,-0.687758523010427,1.0582178677452883
0.9703915144477605,1.183761639446801,-0.8994722462476153
-0.09143329760790146,-1.0375457673777333,1.4580278206029933
-0.09143329760790146,0.1586646863678915,-0.34801024230595234
-0.09143329760790146,-1.2232397367526373,2.2576477263184045
-0.09143329760790146,-1.2633090248321774,2.9194021310483995
-0.09143329760790146,-0.6290406354473272,-0.11363889063074559
-0.09143329760790146,-0.8345712424968283,1.3339488697161195
-0.09143329760790146,-0.6759141422573554,1.113364068139454
0.18967555756928944,-0.14720114608832874,-0.23771784151761965
-0.09143329760790146,-1.0286894826809079,1.4856009208000764
-0.09143329760790146,-0.7800654903383164,1.2374430190263288
-0.09143329760790146,-0.7010069488983611,0.4378231133109172
-0.09143329760790146,-1.3971253265317738,2.9331886811469414
0.08553750440137556,0.28909687928089595,-0.8029663955578242
1.106522900608743,0.37161153182205137,-0.1963581912219951
-0.09143329760790146,-0.36839225656514335,0.2723845121284182
-0.09143329760790146,-0.4966283788825935,0.5205424139021667
-0.09143329760790146,-1.169526010054817,2.602311478781944
-0.09143329760790146,-0.940558649600302,1.9681301742490318
1.8552455244941457,1.2178187342565447,-1.3268552993024039
0.5574596430927808,3.0599619523535706,-1.2854956490067793
-0.09143329760790146,-0.6679938876504381,0.9479254669569555
-0.09143329760790146,-1.394173231632832,3.208919683117773
-0.09143329760790146,-0.5595584018502809,-0.30665059201032757
0.6872382312329174,-0.040385712366859165,-0.5410219436855346
0.2625083064106526,-0.3934130608915408,0.3413172626211261
-0.09143329760790146,-1.4345665301281096,2.4782325278950696
-0.09143329760790146,-1.2341840885731048,1.3339488697161195
-0.09143329760790146,-0.763360953349182,0.7411272154788318
-0.09143329760790146,-1.1299247370202312,1.8164781231650744
-0.09143329760790146,-1.34139553502492,2.2576477263184045
-0.09143329760790146,-0.4829479391070092,0.5343289640007083
-0.09143329760790146,-0.14410504656017017,0.713554115281749
-0.09143329760790146,-0.45364299706141564,0.7273406653802901
-0.09143329760790146,-1.3143586658894892,3.0572676320338155
-0.09143329760790146,-1.065986681648027,1.223656468927787
0.6621197948186974,-1.2452004427081804,1.8578377734606992
-0.09143329760790146,-0.29181779497917576,0.21723831173425187
-0.09143329760790146,-0.8651002238907637,1.0168582174496634
-0.09143329760790146,-0.5085447619502734,0.7687003156759149
-0.09143329760790146,-0.11681616932361005,-0.15499854092637036
-0.09143329760790146,-1.0558343552882512,1.8302646732636159
-0.09143329760790146,-0.20710707184246602,0.1758786614386275
-0.09143329760790146,0.5588175498037304,-0.8167529456563658
-0.09143329760790146,-1.171182063290809,1.6648260720811172
-0.09143329760790146,-0.9981245001296682,1.2650161192234115
-0.09143329760790146,-1.233356061955109,2.8504693805556918
-0.09143329760790146,-1.3628162236209007,2.5195921781906945
-0.09143329760790146,-0.7006829384826236,-0.14121199082782876
-0.09143329760790146,-0.9193539679481464,0.865206166365706
-0.09143329760790146,-1.2669811428772026,2.367940127106737
-0.09143329760790146,-0.8365873073058618,1.6786126221796587
-0.09143329760790146,-0.5754709133787237,0.16209211134008591
-0.09143329760790146,-0.9291462827348804,0.2999576123255018
-0.09143329760790146,-0.754432666337748,1.4304547204059106
-0.09143329760790146,-1.1111321329074548,1.8440512233621575
-0.09143329760790146,-1.3874410152169523,2.464445977796528
-0.09143329760790146,-0.8812287423630314,2.767750079964443
-0.09143329760790146,-1.0871913633001824,0.7273406653802901
-0.09143329760790146,-1.081971195491078,2.188714975825697
-0.09143329760790146,-0.17996219923512255,-0.5961681440797006
-0.09143329760790146,-1.083051230210203,0.8376330661686228
-0.09143329760790146,-0.5354736276137919,1.51317402099716
-0.09143329760790146,-0.7824055655630874,1.2098699188292452
-0.09143329760790146,-0.5028205779389106,-0.2790774918132446
-0.09143329760790146,-0.5197771230291742,-0.265290941714703
-0.09143329760790146,-0.2263316898428923,0.12073246104446116
-0.09143329760790146,0.16338083797473762,-0.11363889063074559
-0.09143329760790146,-0.6229564398629227,0.8789927164642476
-0.09143329760790146,-1.0452860161981297,2.464445977796528
0.5574596430927808,-0.3259108909462239,0.16209211134008591
0.43469611377103023,-0.5625824990638312,0.14830556124154431
-0.09143329760790146,-0.6864264801901727,0.7273406653802901
-0.09143329760790146,-0.5771989689293238,0.49296931370508357
-0.09143329760790146,-0.5877473080194453,-0.030919590039496084
-0.09143329760790146,-1.347083717878979,1.582106771489868
-0.09143329760790146,-1.557762490422976,3.126200382526523
-0.09143329760790146,0.31084157829261405,-0.3617967924044939
-0.09143329760790146,-1.327103075575165,2.2576477263184045
-0.09143329760790146,-1.0042806980286811,1.5269605710957013
-0.09143329760790146,-0.2433962384050684,0.2861710622269598
-0.09143329760790146,-1.2130874103928617,1.9405570740519487
-0.09143329760790146,-0.9076175906669873,0.9754985671540386
-0.09143329760790146,-0.6214083900988434,0.479182763606542
-0.09143329760790146,-0.7091792116064075,0.8376330661686228
-0.09143329760790146,-1.3628162236209007,2.39551322730382
-0.09143329760790146,-0.9149618267570377,1.3753085200117443
-0.09143329760790146,-0.65686953004345,0.8789927164642476
0.15975106653429816,0.3023453051688301,-0.5961681440797006
-0.09143329760790146,-1.0317495810517623,1.196083368730704
-0.09143329760790146,-1.003596676039902,2.795323180161526
-0.09143329760790146,-0.3360992184633037,0.258597962029877
-0.09143329760790146,-0.47304762084836277,-0.12742544072928738
-0.09143329760790146,-0.8674042979582305,2.0508494748402812
-0.09143329760790146,-1.2401602806855967,1.8578377734606992
0.5365276127475976,-1.1599857033692123,1.8302646732636159
-0.09143329760790146,-0.7691571396751532,1.2788026693219532
-0.09143329760790146,-1.2343640943596255,0.8100599659715396
-0.09143329760790146,-0.5648505719739938,0.6032617144934163
-0.09143329760790146,-0.8890409934980361,-0.003346489842413106
-0.09143329760790146,-1.5289255634223367,1.51317402099716
-0.09143329760790146,-0.8858728916552692,1.9405570740519487
-0.09143329760790146,-1.3551119759578085,1.2788026693219532
-0.09143329760790146,-1.4026335035993116,3.7190220367638114
-0.09143329760790146,-0.9741837305223959,1.4718143707015354
-0.09143329760790146,-0.8318711556990156,0.46539621350800037
3.8019243465961927,-0.4344543802182935,0.31374416242404335
1.4659097600737363,-0.5359056415014419,0.2999576123255018
-0.09143329760790146,-1.0879473876035701,1.7751184728694496
0.46476065156411195,0.08821042152363266,-0.5134488434884512
-0.09143329760790146,-0.33732325781164546,0.8927792665627895
-0.09143329760790146,-0.44521872625224007,0.1896652115371691
-0.09143329760790146,-0.6149641829413971,0.39646346301529245
0.7737572899930083,-0.6727820415718926,0.5756886142963331
-0.09143329760790146,-0.8642001949581595,0.4378231133109172
-0.09143329760790146,-0.46840347155612494,-0.5548084937840759
-0.09143329760790146,-0.33372314208122855,-0.3204371421088692
-0.09143329760790146,-1.2016030412128318,1.3063757695190368
-0.09143329760790146,-0.9983765082307975,0.10694591094591957
-0.09143329760790146,-0.7785894428888455,1.0030716673511215
-0.09143329760790146,-0.007696661534673674,-1.037337747233031
-0.09143329760790146,-0.5744988821315111,-0.9270453464446984
-0.09143329760790146,-0.6788302359989931,0.1896652115371691
-0.09143329760790146,-0.94822689610609,1.0582178677452883
-0.09143329760790146,-0.8426355017329622,1.3615219699132026
-0.09143329760790146,1.8851721872039264,-0.8029663955578242
-0.09143329760790146,0.14210415400797372,-0.9959780969374062
-0.09143329760790146,-1.0000685626240935,0.865206166365706
-0.09143329760790146,0.23048699518970872,-0.6237412442767839
-0.09143329760790146,-0.26049678812454874,-0.4858757432913682
2.5041384651948277,-0.9446627815329772,0.8514196162671643
-0.09143329760790146,-0.9349424690608517,1.8854108736577824
-0.09143329760790146,0.06192957669158926,-0.5961681440797006
-0.09143329760790146,-0.39838122059951614,-0.292864041911786
-0.09143329760790146,-0.9498109470274735,1.0030716673511215
-0.09143329760790146,-0.7052190843029489,0.20345176163571066
-0.09143329760790146,-0.4571711104772242,-0.7478201951636579
-0.09143329760790146,-1.0459340370296049,1.0582178677452883
-0.09143329760790146,-0.3359192126767829,0.9341389168584135
-0.09143329760790146,-0.9093456462175874,0.9203523667598723
-0.09143329760790146,-0.7028070067635697,0.42403656321237565
-0.09143329760790146,0.3982523882271365,-0.9546184466417815
-0.09143329760790146,-0.8313311383394532,0.5894751643948742
-0.09143329760790146,-0.24555630784331856,-1.037337747233031
-0.09143329760790146,-0.7438843272476265,0.8927792665627895
-0.09143329760790146,-0.5509181240972804,0.09315936084737798
-0.09143329760790146,0.19160574530120617,-1.3268552993024039
-0.09143329760790146,-0.7979580655184884,0.49296931370508357
-0.09143329760790146,-0.46991552016290006,1.3477354198146607
-0.09143329760790146,-0.2742492302147413,-0.23771784151761965
-0.09143329760790146,-0.6022917755703296,0.4378231133109172
-0.09143329760790146,-0.28090944431601256,-1.133843597922822
-0.09143329760790146,-0.2790373841361958,-0.41694299279866026
-0.09143329760790146,-0.8970692515768658,0.7273406653802901
-0.09143329760790146,0.6004348876473499,-0.9546184466417815
-0.09143329760790146,-0.538065710939692,-0.15499854092637036
-0.09143329760790146,-0.6384369375037153,0.6584079148875822
-0.09143329760790146,-0.3259108909462239,0.32753071252258453
-0.09143329760790146,-1.0999357729858583,0.4378231133109172
-0.09143329760790146,-0.3995332576332496,-0.21014474132053668
-0.09143329760790146,-0.9617633312524576,1.0720044178438293
-0.09143329760790146,-0.30931435742900193,0.05179971055175323
-0.09143329760790146,-0.7507605482927228,0.6584079148875822
-0.09143329760790146,-0.9863881228485092,1.154723718435079
-0.09143329760790146,-1.180146351459547,1.25122956912487
-0.09143329760790146,-0.7909378398441754,-0.058492690236579443
-0.09143329760790146,-0.4609152308368578,1.223656468927787
-0.09143329760790146,-0.19090655105558996,-0.3893698926015769
-0.09143329760790146,-1.1531094823241161,-0.1963581912219951
-0.09143329760790146,-0.4803198546238049,0.1758786614386275
-0.09143329760790146,-0.3437674649690917,0.14830556124154431
1.8552455244941457,-0.7759253572483369,1.1685102685336208
-0.09143329760790146,-0.8546598882725547,0.7824868657744568
-0.09143329760790146,-0.7400682045733846,1.3201623196175778
-0.09143329760790146,-0.3205107173505985,0.6997675651832069
-0.09143329760790146,-0.018569011040532726,-0.5134488434884512
0.6872382312329174,-0.6058918913007465,-0.04470614013803767
-0.09143329760790146,-0.786797706754196,1.9129839738548655
-0.09143329760790146,-1.3240429772043107,1.9405570740519487
1.0209546007361254,-0.1502612444591831,-0.7478201951636579
-0.09143329760790146,-0.3776085528350106,-0.23771784151761965
-0.09143329760790146,-0.15713746550427937,-1.0924839476271972
-0.09143329760790146,-1.2398002691125551,0.5894751643948742
-0.09143329760790146,0.810897653247522,-1.037337747233031
-0.09143329760790146,-0.2173674016741542,-0.7340336450651164
-0.09143329760790146,-0.7777254151135454,1.5958933215884092
-0.09143329760790146,-0.8951611902397448,-0.8029663955578242
-0.09143329760790146,-0.5409098023667214,0.49296931370508357
-0.09143329760790146,-0.12912856512163587,0.5756886142963331
-0.09143329760790146,-0.5496580835916345,-0.11363889063074559
-0.09143329760790146,-0.10540380245818846,-0.07227924033512104
-0.09143329760790146,-1.053422277748872,3.002121431639649
-0.09143329760790146,-1.1125361780423175,1.926770523953407
-0.09143329760790146,1.6324800640859638,-0.6513143444738668
-0.09143329760790146,-1.1694180065829045,2.39551322730382
-0.09143329760790146,0.26191600551624833,-0.9270453464446984
-0.09143329760790146,-0.8787806636663479,0.8927792665627895
-0.09143329760790146,-0.8075343733613973,0.3826769129167509
-0.09143329760790146,-0.8362632968901242,0.7687003156759149
-0.09143329760790146,1.1854536938400968,-1.2717090989082378
-0.09143329760790146,-0.9964324457363724,0.32753071252258453
-0.09143329760790146,-0.8992653221724201,0.2861710622269598
-0.09143329760790146,-0.9173739042964171,0.7273406653802901
-0.09143329760790146,-1.214671461314245,0.7411272154788318
-0.09143329760790146,-0.5284174007821748,0.49296931370508357
-0.09143329760790146,-0.6940947266959607,-0.7202470949665748
-0.09143329760790146,-0.662233702481771,0.6170482645919578
-0.09143329760790146,-0.2894057174397965,-0.7064605448680331
-0.09143329760790146,-0.5059166774670691,0.5619020641977915
-0.09143329760790146,-0.19666673622425698,-0.5272353935869928
-0.09143329760790146,-0.7667090609784697,0.9754985671540386
-0.09143329760790146,-0.5181930721077908,-1.3682149495980287
-0.09143329760790146,0.052101260747551115,0.46539621350800037
-0.09143329760790146,-0.49122820528696814,-0.265290941714703
-0.09143329760790146,-0.9653994481401786,0.1896652115371691
-0.09143329760790146,-0.13773284171733227,-0.4996622933899096
-0.09143329760790146,-0.698198858628636,-0.4996622933899096
-0.09143329760790146,-0.7796694776079706,0.644621364789041
-0.09143329760790146,-0.25149649879850644,0.7549137655773737
-0.09143329760790146,-0.7582847901692941,0.4102500131138341
-0.09143329760790146,-0.222227557910217,-0.23771784151761965
-0.09143329760790146,-0.6921506642015356,0.3413172626211261
-0.09143329760790146,-1.2244637761009791,1.3339488697161195
-0.09143329760790146,-1.293441993495767,2.0508494748402812
-0.09143329760790146,-0.8184427240245605,-0.003346489842413106
-0.09143329760790146,-0.7666010575065572,1.154723718435079
-0.09143329760790146,-0.3741164405765062,-0.15499854092637036
-0.09143329760790146,-0.34841161426132955,-0.3617967924044939
-0.09143329760790146,0.10160285204078355,0.4102500131138341
-0.09143329760790146,-1.1563855876387954,0.9341389168584135
-0.09143329760790146,-0.11980426537985608,-0.15499854092637036
1.6782747224848686,0.8955723752269277,-0.14121199082782876
2.3419152300196573,-0.012340810826911481,-0.3893698926015769
-0.09143329760790146,-1.0150450440626277,1.154723718435079
-0.09143329760790146,-0.3274589407103031,0.5756886142963331
-0.09143329760790146,-0.9109296971389709,2.6850307793731933
-0.09143329760790146,-0.06688256414272759,-0.18257164112345334
-0.09143329760790146,-0.8569279611827173,-0.08606579043366243
-0.09143329760790146,0.08929045624275773,-0.4031564427001187
-0.09143329760790146,-0.6663738355717506,0.13451901114300274
-0.09143329760790146,-0.023177159175466363,0.14830556124154431
0.8819061134431221,-0.5709707687157025,0.4516096634094588
-0.09143329760790146,-0.5684146865471066,0.10694591094591957
-0.09143329760790146,-0.7420122670678096,0.9065658166613307
-0.09143329760790146,-0.43690245891497703,0.1896652115371691
-0.09143329760790146,0.39411225513715703,-0.8443260458534491
-0.09143329760790146,-0.7639369718660487,-0.003346489842413106
-0.09143329760790146,-0.20170689824684065,-0.08606579043366243
-0.09143329760790146,-0.5690987085358857,0.0793728107488364
-0.09143329760790146,-0.9324223880495598,0.6859810150846658
-0.09143329760790146,0.08205422362461975,-0.22393129141907828
-0.09143329760790146,0.2049261735037487,-0.6651008945724086
-0.09143329760790146,0.13227583806393559,-0.8305394957549074
-0.09143329760790146,-0.07840293448006168,-0.23771784151761965
-0.09143329760790146,-0.22690770835975899,-1.0235511971344895
-0.09143329760790146,-0.6278885984135938,-0.3893698926015769
-0.09143329760790146,-0.4498628755444779,-0.09985234053220401
-0.09143329760790146,-1.4343145220269804,1.0306447675482049
-0.09143329760790146,-0.8220788409122817,1.8854108736577824
-0.09143329760790146,-0.5402617815352464,0.5481155140992499
-0.09143329760790146,-0.7286558377079629,0.6584079148875822
-0.09143329760790146,-0.9027574344309245,-0.7616067452621995
0.03834529053223501,-1.4013734630936658,2.312793926712571
-0.09143329760790146,-1.1134362069749217,-0.3204371421088692
-0.09143329760790146,-0.87284047271116,0.4378231133109172
-0.09143329760790146,-0.19339063090957762,-1.106270497725739
-0.09143329760790146,-0.9439427583868939,0.7687003156759149
-0.09143329760790146,0.5132400846566524,-0.8581125959519905
-0.09143329760790146,-0.4874840849273345,0.010440060256128479
-0.09143329760790146,0.055053355646492975,-0.8856856961490736
-0.09143329760790146,-0.9234220987235175,0.10694591094591957
-0.09143329760790146,-0.9559311437691822,0.2999576123255018
2.936733758995283,-0.3314550691710659,0.796273415872998
-0.09143329760790146,-1.106667989401738,1.2925892194204947
-0.09143329760790146,-0.9294702931506179,1.4166681703073687
-0.09143329760790146,0.1691050219861005,-1.1200570478242806
-0.09143329760790146,-0.6742940901786677,-0.8029663955578242
-0.09143329760790146,-0.790001809754267,1.9819167243475735
-0.09143329760790146,-0.23086783566321759,0.2861710622269598
-0.09143329760790146,-0.3137785009347189,0.3688903628182097
0.03834529053223501,0.21507849986352437,0.644621364789041
-0.09143329760790146,-0.5666506298392022,0.8514196162671643
-0.09143329760790146,-0.2419201909555975,0.010440060256128479
-0.09143329760790146,0.5955387302539829,-0.6375277943753255
-0.09143329760790146,-0.36572817092463483,-0.4720891931928266
-0.09143329760790146,-1.0263134062988326,1.1409371683365372
-0.09143329760790146,-1.6190004589973677,4.435922641887973
-0.09143329760790146,-0.3012140970355639,0.09315936084737798
-0.09143329760790146,-0.05658623315373524,-0.12742544072928738
-0.09143329760790146,-0.4210259485438385,0.1896652115371691
-0.09143329760790146,-1.3135306392714934,0.7687003156759149
-0.09143329760790146,-1.012776971152465,1.196083368730704
-0.09143329760790146,-0.8622921336210385,1.0995775180409129
-0.09143329760790146,-0.36342409685716803,-0.14121199082782876
-0.09143329760790146,-0.015544913826982526,0.038013160453211646
-0.09143329760790146,0.25687584349366466,-0.4031564427001187
0.7282209432771709,-0.22103951971917943,0.5343289640007083
-0.09143329760790146,-0.10979594364929708,-0.41694299279866026
-0.09143329760790146,-0.7759253572483369,-0.292864041911786
-0.09143329760790146,-0.5718347964910027,-0.43072954289720183
-0.09143329760790146,-0.9872881517811134,1.25122956912487
-0.09143329760790146,-0.4671074298931749,-0.058492690236579443
-0.09143329760790146,-0.5809070881316533,-0.5272353935869928
-0.09143329760790146,-0.5659306066931189,1.7751184728694496
-0.09143329760790146,-0.13463674218917374,0.3413172626211261
-0.09143329760790146,-0.45864715792669514,-0.6926739947694918
-0.09143329760790146,-0.6828263644597558,1.2925892194204947
-0.09143329760790146,-0.47376764399444615,1.0582178677452883
-0.09143329760790146,0.3876680479797108,-0.2790774918132446
-0.09143329760790146,-0.762532926731186,-0.43072954289720183
-0.09143329760790146,-0.518661087152745,0.8927792665627895
-0.09143329760790146,-0.6270965729529021,0.4516096634094588
-0.09143329760790146,-0.8688443442503972,1.2650161192234115
-0.09143329760790146,0.0018796463082352925,-0.67888744467095
-0.09143329760790146,-0.887096931003611,0.6170482645919578
-0.09143329760790146,0.28639679248308325,-0.6651008945724086
-0.09143329760790146,-0.01651694507419509,-0.14121199082782876
-0.09143329760790146,-0.19681074085347366,-0.23771784151761965
-0.09143329760790146,0.034100682095466586,1.444241270504452
-0.09143329760790146,0.27930456449416197,-1.0511242973315726
-0.09143329760790146,-1.4449348634317103,2.8780424807527756
-0.09143329760790146,-0.78467363847325,0.713554115281749
0.11621244341631691,-0.9490549227240859,0.5894751643948742
-0.09143329760790146,-0.715875426864983,1.3339488697161195
-0.09143329760790146,0.9265693716658172,-1.2717090989082378
-0.09143329760790146,-0.1780541378980016,-0.6926739947694918
-0.019334081974492316,0.3700994832152763,-0.22393129141907828
-0.09143329760790146,-0.37091233757643516,0.9341389168584135
-0.09143329760790146,-0.43841450752175215,-0.11363889063074559
-0.09143329760790146,-0.8884289738238652,0.796273415872998
-0.09143329760790146,-0.23590799768580126,-0.8718991460505322
-0.09143329760790146,-0.8222948478561066,0.46539621350800037
-0.09143329760790146,-0.8441835514970415,1.733758822573825
-0.09143329760790146,1.7655043403248685,-1.0235511971344895
2.133342499080152,-1.0060807558938896,1.8854108736577824
-0.09143329760790146,-0.8209268038785482,1.5269605710957013
-0.09143329760790146,-0.49691638814102684,0.4102500131138341
-0.09143329760790146,-0.8234108837325359,0.0793728107488364
-0.09143329760790146,-0.6664098367290547,0.8927792665627895
-0.09143329760790146,2.6101274918379787,-1.230349448612613
0.2625083064106526,-0.15778548633575443,-0.2515043916161612
-0.09143329760790146,-0.262908865663928,-0.8856856961490736
-0.09143329760790146,-0.8029262252264637,0.4378231133109172
-0.09143329760790146,-0.06713457224385677,0.06558626065029481
-0.09143329760790146,0.38925209890109425,-1.0924839476271972
-0.09143329760790146,-1.0009325903993935,1.9405570740519487
-0.09143329760790146,-0.8056263120242764,0.5481155140992499
-0.09143329760790146,1.0528974326461464,-1.0786973975286558
-0.09143329760790146,-0.3259108909462239,-1.133843597922822
-0.09143329760790146,-0.27928939223732496,-0.15499854092637036
-0.09143329760790146,0.5355608021852373,-1.3957880497951118
-0.09143329760790146,-1.3575960558117963,-0.3617967924044939
0.07158906680458522,-0.7677170933829864,1.3890950701102858
-0.09143329760790146,0.4126528511488041,-0.18257164112345334
-0.09143329760790146,-0.8117465087659851,0.9754985671540386
-0.09143329760790146,1.0029278263079597,-1.0511242973315726
-0.09143329760790146,-1.1441811953126821,0.42403656321237565
-0.09143329760790146,-0.6278165960989854,0.5343289640007083
-0.09143329760790146,0.6190114848163011,-1.0235511971344895
-0.09143329760790146,-0.3807406535204733,0.12073246104446116
-0.09143329760790146,-0.9607552988479409,1.3477354198146607
-0.09143329760790146,0.052389270005984465,-0.4996622933899096
-0.09143329760790146,-0.39791320555456194,0.5894751643948742
-0.09143329760790146,0.7830687586513995,-0.9132587963461567
-0.09143329760790146,-0.8645602065312011,1.2650161192234115
-0.09143329760790146,-0.8209268038785482,1.3063757695190368
-0.09143329760790146,-0.4834159541519634,-0.5961681440797006
-0.09143329760790146,-0.6866064859766935,-0.3204371421088692
1.8552455244941457,-0.4812558847137133,0.06558626065029481
-0.09143329760790146,-1.1554855587061912,1.2788026693219532
-0.09143329760790146,-0.36274007486838883,0.10694591094591957
-0.09143329760790146,-1.2051671557859445,0.23102486183279383
-0.09143329760790146,-1.0403178564901545,1.651039521982576
-0.09143329760790146,-0.24321623261854758,-0.3893698926015769
-0.09143329760790146,-0.418577869847155,0.39646346301529245
-0.09143329760790146,-0.5466339863780842,0.6308348146904991
-0.09143329760790146,0.09598667150133318,0.3413172626211261
-0.09143329760790146,-0.5140889401751154,-0.23771784151761965
-0.09143329760790146,-0.7063711213366823,1.1409371683365372
-0.09143329760790146,-0.952475032667982,2.0232763746431983
-0.09143329760790146,-0.7648009996413487,0.1896652115371691
-0.09143329760790146,-0.24300022567472257,-0.058492690236579443
-0.09143329760790146,-0.8769806058011395,1.6648260720811172
-0.09143329760790146,-0.0988515918288297,-0.3617967924044939
-0.09143329760790146,-0.9516470060499861,0.644621364789041
-0.09143329760790146,-0.19465067141522352,-1.230349448612613
-0.09143329760790146,0.16068075117692496,-0.7616067452621995
0.49257034902271263,0.481847075487417,-0.6375277943753255
-0.09143329760790146,-0.8259309647438278,-0.5961681440797006
-0.09143329760790146,-0.8226908605864526,0.5067558638036251
-0.09143329760790146,-0.019073027242791092,-0.07227924033512104
-0.09143329760790146,0.06110155007359337,0.038013160453211646
-0.09143329760790146,-0.7346680309777592,3.8982471880448513
-0.09143329760790146,-0.7862216882373293,0.7411272154788318
-0.09143329760790146,-0.36569216976733065,0.5205424139021667
-0.09143329760790146,-0.14590510442537863,-0.8305394957549074
-0.09143329760790146,-0.4496468686006529,-1.106270497725739
-0.09143329760790146,-0.8590160283063591,0.9892851172525803
-0.09143329760790146,-0.8459476082049457,0.32753071252258453
-0.09143329760790146,-0.4159137842066465,-1.3130687492038624
-0.09143329760790146,-0.7138593620559495,2.0508494748402812
2.244581288914555,5.280873346447758,-1.064910847430114
-0.09143329760790146,-0.35964397534023024,0.16209211134008591
-0.09143329760790146,-0.6040918334355381,0.1758786614386275
-0.09143329760790146,-0.5571823254682058,-1.1200570478242806
-0.09143329760790146,-1.011660935276036,0.6859810150846658
-0.09143329760790146,-0.8443635572835623,1.8026915730665327
-0.09143329760790146,-0.5753629099068112,-0.23771784151761965
-0.09143329760790146,-0.5612864574008811,-0.030919590039496084
-0.09143329760790146,-0.5409098023667214,-0.14121199082782876
-0.09143329760790146,-1.0009325903993935,0.8238465160700816
0.46476065156411195,-0.5276973776360914,2.0094898245446564
-0.09143329760790146,-0.5907354040756914,0.7411272154788318
-0.09143329760790146,-0.7005389338534069,0.39646346301529245
-0.09143329760790146,0.1691050219861005,-0.6237412442767839
-0.09143329760790146,-0.7727212542482659,0.2861710622269598
-0.09143329760790146,-0.2921418053949133,-0.16878509102491193
0.0984865874752251,3.6342164125123713,-0.9959780969374062
-0.09143329760790146,-0.19090655105558996,0.39646346301529245
-0.09143329760790146,-0.3452075112612585,0.038013160453211646
0.3294702314952439,-0.8015221800916011,1.3477354198146607
-0.09143329760790146,-0.6312727072001857,0.5205424139021667
-0.09143329760790146,-0.00820067773693204,-0.6513143444738668
-0.09143329760790146,-0.4159137842066465,0.10694591094591957
-0.09143329760790146,-0.3554318399356425,0.4102500131138341
-0.08480066107603758,-0.2621528413605405,0.20345176163571066
-0.09143329760790146,-0.29966604727148466,-0.2515043916161612
-0.09143329760790146,-0.21383928825834564,-0.08606579043366243
-0.09143329760790146,-0.6392649641217112,1.6372529718840338
-0.09143329760790146,-0.07037467640123198,-0.21014474132053668
-0.09143329760790146,0.33222626573129044,-0.5685950438826175
1.8552455244941457,3.446722385272259,-0.7616067452621995
-0.09143329760790146,0.07863411368072369,-0.23771784151761965
-0.09143329760790146,-0.1135040628516265,-0.7478201951636579
-0.09143329760790146,-0.8623281347783427,0.8514196162671643
-0.09143329760790146,-0.7052190843029489,1.0168582174496634
-0.09143329760790146,0.337878447428045,-0.21014474132053668
-0.09143329760790146,-0.5302174586473832,-0.18257164112345334
-0.09143329760790146,0.184117504581939,-1.2165628985140715
-0.09143329760790146,0.21281042695336172,-0.5134488434884512
-0.09143329760790146,-0.41897388257750084,0.5481155140992499
-0.09143329760790146,0.7727364265051029,-0.7064605448680331
-0.09143329760790146,-0.7212756004606083,0.6997675651832069
-0.09143329760790146,-0.21877144680901678,-0.14121199082782876
-0.09143329760790146,0.24978361550474334,-1.037337747233031
-0.09143329760790146,-1.0789470982775278,0.49296931370508357
-0.09143329760790146,-0.8466316301937249,1.0306447675482049
-0.09143329760790146,-0.41645380156620904,-0.23771784151761965
-0.09143329760790146,-1.1809383769202386,2.7815366300629836
-0.09143329760790146,-1.2203236430109996,1.3615219699132026
-0.09143329760790146,0.04047288693830451,-0.12742544072928738
-0.09143329760790146,-0.26485292815835315,-0.18257164112345334
-0.09143329760790146,-0.21675538199998332,-0.07227924033512104
-0.030599584417212493,-0.1322246646497944,-0.16878509102491193
0.36254963665097145,-0.4045734196558332,0.49296931370508357
-0.09143329760790146,1.2320031902343873,-1.037337747233031
-0.09143329760790146,-0.5743548775022944,-0.8581125959519905
-0.09143329760790146,-0.1130360478066723,-0.4583026430942848
-0.09143329760790146,0.6721131918399504,-0.8029663955578242
-0.09143329760790146,-0.9159338580042503,2.0094898245446564
-0.09143329760790146,0.17472120252555087,-0.16878509102491193
-0.09143329760790146,-0.4482428234657903,-0.3755833425030355
-0.09143329760790146,-0.3878688826666988,0.49296931370508357
-0.09143329760790146,-0.9314863579596514,1.0030716673511215
-0.09143329760790146,-0.6239284711101353,0.6721944649861241
-0.09143329760790146,-0.4882401092307221,0.1758786614386275
-0.09143329760790146,-0.3045982058221558,-0.33422369220741094
-0.09143329760790146,-0.3387633041038122,1.3477354198146607
-0.09143329760790146,0.2733643735389741,-0.7064605448680331
-0.09143329760790146,-0.151521284964829,-0.41694299279866026
-0.09143329760790146,0.6191194882882136,-0.4583026430942848
-0.09143329760790146,-0.1379128475038531,-1.0097646470359478
-0.09143329760790146,-0.6521533784366038,0.42403656321237565
-0.09143329760790146,-0.87240845882351,1.2925892194204947
-0.09143329760790146,-0.4954403406915559,-0.09985234053220401
-0.09143329760790146,0.016100103443382065,0.5205424139021667
-0.09143329760790146,-0.8414834646992287,2.767750079964443
-0.09143329760790146,-0.8225468559572359,-0.003346489842413106
-0.09143329760790146,-0.6544214513467664,0.258597962029877
0.44558154986852533,-0.18975451402185653,-0.3204371421088692
-0.09143329760790146,-0.8494397204634502,0.46539621350800037
-0.09143329760790146,-0.4673954391516082,-0.2515043916161612
-0.09143329760790146,-0.49889645179275616,0.16209211134008591
-0.09143329760790146,-0.5918154387948165,0.05179971055175323
-0.09143329760790146,-0.2583007175289944,-0.3893698926015769
-0.09143329760790146,-0.8659282505087595,1.0720044178438293
-0.09143329760790146,-1.0176011262312237,0.479182763606542
-0.09143329760790146,-0.6134161331773179,1.7475453726723664
-0.09143329760790146,-0.9392986090946561,0.8514196162671643
-0.09143329760790146,-0.33080704833959085,0.479182763606542
-0.09143329760790146,-1.0073767975568397,1.926770523953407
-0.09143329760790146,-1.1359369302900273,-0.030919590039496084
-0.09143329760790146,-1.6084521199072461,3.1124138324279826
-0.09143329760790146,-0.23590799768580126,-0.43072954289720183
-0.030599584417212493,0.8105016405171762,-0.8029663955578242
-0.09143329760790146,-0.6289326319754147,-0.3617967924044939
-0.09143329760790146,1.8557592416864204,-1.161416698119905
-0.09143329760790146,-0.8261109705303485,0.9203523667598723
-0.09143329760790146,-0.9409186611733437,0.31374416242404335
-0.09143329760790146,0.22253073942548737,-1.4095745998936535
-0.09143329760790146,-0.6344408090429526,0.644621364789041
-0.09143329760790146,-1.2626610040007025,0.9892851172525803
-0.09143329760790146,-0.43467038716211853,-0.5961681440797006
-0.09143329760790146,-0.02591324713058321,-0.09985234053220401
-0.09143329760790146,-0.9792238925449795,1.4166681703073687
-0.09143329760790146,-0.29638994195680524,-0.67888744467095
-0.09143329760790146,-0.70842318730302,0.713554115281749
-0.09143329760790146,-0.39398907940840755,0.06558626065029481
5.099710227997558,-0.20591903365142844,0.7687003156759149
-0.09143329760790146,-0.6806662950215057,0.4378231133109172
-0.09143329760790146,-0.8659282505087595,1.2925892194204947
-0.09143329760790146,-0.33509118605878696,0.713554115281749
-0.09143329760790146,-0.7048590727299072,1.6786126221796587
-0.09143329760790146,0.0992267756587084,-0.5685950438826175
-0.09143329760790146,-0.9007053684645868,0.6032617144934163
-0.09143329760790146,-0.6666258436728797,-0.30665059201032757
-0.09143329760790146,-0.9671635048480829,1.4993874708986186
-0.09143329760790146,-0.8397914103059329,-0.16878509102491193
-0.09143329760790146,-0.8192347494852523,1.0168582174496634
1.5771485499081388,0.06786976764677716,-0.6237412442767839
-0.09143329760790146,-1.0841312649293282,1.0030716673511215
-0.09143329760790146,-0.4646593511964914,1.196083368730704
-0.09143329760790146,0.6787374047839175,-0.9959780969374062
2.133342499080152,2.873043943630325,-0.8167529456563658
-0.09143329760790146,-0.9446627815329772,1.8854108736577824
-0.09143329760790146,-0.30661427063118923,-0.7478201951636579
-0.09143329760790146,-1.2132314150220784,2.2025015259242386
-0.09143329760790146,0.5668818090398643,-1.2441359987111547
-0.09143329760790146,-0.7714252125853158,0.6721944649861241
-0.09143329760790146,-1.4652755173085659,2.6988173294717352
-0.09143329760790146,-0.2846535646756461,-0.3755833425030355
-0.09143329760790146,-1.0194731864110405,2.161141875628614
-0.09143329760790146,-0.0852431543678538,0.1758786614386275
-0.09143329760790146,-1.0109409121299524,1.0030716673511215
-0.09143329760790146,0.08522232546738663,-0.5410219436855346
-0.09143329760790146,-0.8259309647438278,0.7273406653802901
-0.09143329760790146,-0.08459513353637875,-0.7753932953607411
-0.09143329760790146,1.021108410746565,-1.1200570478242806
-0.09143329760790146,-0.5802590673001782,0.5756886142963331
-0.09143329760790146,-0.004780567793035981,-0.5272353935869928
-0.09143329760790146,-0.8196667633729023,0.39646346301529245
-0.09143329760790146,-0.5022445594220438,1.1685102685336208
0.13218519272587215,-0.8544798824860338,1.651039521982576
-0.09143329760790146,-0.3259108909462239,0.644621364789041
-0.09143329760790146,-0.33037503445194083,-0.11363889063074559
-0.09143329760790146,-0.9263021913078511,-0.058492690236579443
-0.09143329760790146,-0.13204465886327355,0.10694591094591957
-0.09143329760790146,-0.7683291130571572,0.13451901114300274
-0.09143329760790146,-0.8819847666664189,1.444241270504452
-0.09143329760790146,-0.12790452577329411,-0.4583026430942848
-0.09143329760790146,0.15078043291827847,1.8302646732636159
-0.09143329760790146,-0.31532655069879817,1.0306447675482049
-0.09143329760790146,-1.4182940070266252,0.8514196162671643
-0.09143329760790146,-0.6241444780539602,0.39646346301529245
-0.09143329760790146,-1.630556830492006,1.4166681703073687
-0.09143329760790146,-0.5928594723566374,-0.41694299279866026
-0.09143329760790146,0.022868321016565846,-0.7202470949665748
-0.09143329760790146,-0.5059166774670691,-0.3617967924044939
-0.09143329760790146,-1.0309215544337662,0.05179971055175323
-0.09143329760790146,-0.45274296812881143,0.20345176163571066
-0.09143329760790146,-1.2004870053364025,2.9194021310483995
-0.09143329760790146,-0.44291465218477327,0.4378231133109172
-0.09143329760790146,-0.7609128746524985,-0.4720891931928266
-0.09143329760790146,-0.7706331871246241,0.5343289640007083
-0.09143329760790146,-0.2391121006858723,-0.18257164112345334
-0.09143329760790146,-0.6890185635160728,0.49296931370508357
-0.09143329760790146,0.3340623247538031,-0.3204371421088692
-0.09143329760790146,-0.47214759191575856,0.14830556124154431
-0.09143329760790146,-0.7298438758990006,1.127150618237996
-0.09143329760790146,-0.05662223431103941,-0.7064605448680331
-0.09143329760790146,-0.3863568340599237,-0.5823815939811591
-0.09143329760790146,-0.10003963001986728,0.24481141193133543
-0.09143329760790146,-0.4551190445108866,0.5067558638036251
-0.09143329760790146,-0.9305863290270472,1.7061857223767418
0.3352360332637801,-0.4214939635887927,-0.003346489842413106
-0.09143329760790146,-0.8059143212827098,0.5067558638036251
-0.09143329760790146,-0.7440643330341473,3.264065883511939
-0.09143329760790146,-0.7349560402361925,0.7824868657744568
-0.09143329760790146,-0.40241335021758307,0.2999576123255018
-0.09143329760790146,-0.54400590189488,1.0720044178438293
-0.09143329760790146,-0.640921017357703,-0.4583026430942848
-0.09143329760790146,-0.4143657344425672,0.5205424139021667
-0.09143329760790146,-0.2887216954510172,0.31374416242404335
-0.09143329760790146,-0.9091296392737624,0.6997675651832069
-0.09143329760790146,0.517200211960111,-1.106270497725739
-0.016561035219361187,0.037664796668579324,0.6721944649861241
-0.09143329760790146,-1.0853193031203656,0.8514196162671643
-0.09143329760790146,-0.21898745375284182,0.35510381271966773
-0.09143329760790146,-1.0636106052659517,0.9065658166613307
-0.09143329760790146,-0.2981899998220137,0.49296931370508357
-0.09143329760790146,1.0478572706235627,-1.2579225488096961
-0.09143329760790146,-0.21135520840435795,0.05179971055175323
-0.09143329760790146,-0.6467172036836742,0.12073246104446116
-0.09143329760790146,1.1382201754570271,-1.037337747233031
-0.09143329760790146,-1.022101270894245,2.6436711290775685
-0.09143329760790146,0.37704770657498093,-1.106270497725739
-0.09143329760790146,0.5066158717126853,-0.3617967924044939
-0.09143329760790146,0.22724689103233353,-1.1200570478242806
-0.09143329760790146,-0.3116904338110771,0.1758786614386275
-0.09143329760790146,-0.49914845989388534,-0.2790774918132446
-0.09143329760790146,-1.336463376474249,1.2788026693219532
-0.09143329760790146,-0.5611064516143602,1.113364068139454
-0.09143329760790146,-0.14450105929051604,-0.5548084937840759
-0.09143329760790146,-1.1955548467857313,1.3890950701102858
-0.09143329760790146,0.32210994052881897,-0.6375277943753255
-0.09143329760790146,-0.8900490259025529,2.492019077993611
-0.09143329760790146,0.19430583209901883,0.258597962029877
-0.09143329760790146,-1.272561322259349,0.6170482645919578
-0.09143329760790146,-0.24490828701184353,0.010440060256128479
-0.09143329760790146,0.4721267630152914,-0.7340336450651164
-0.09143329760790146,-0.7178554905167123,0.12073246104446116
-0.09143329760790146,-0.229463790528355,0.12073246104446116
-0.09143329760790146,-0.7894257912374003,1.0168582174496634
-0.09143329760790146,-0.08880726894096654,-0.5548084937840759
-0.09143329760790146,-0.2748972510462163,-0.030919590039496084
-0.09143329760790146,-1.4509470567015066,1.568320221391326
-0.09143329760790146,-0.9872881517811134,1.5269605710957013
0.3535218617297093,-0.5093367874109651,0.9892851172525803
-0.09143329760790146,-0.7759253572483369,1.8164781231650744
-0.09143329760790146,-0.5696747270527525,0.7687003156759149
-0.09143329760790146,-0.985920107803555,3.167560032822149
-0.09143329760790146,-0.37091233757643516,-1.037337747233031
-0.09143329760790146,-0.4609152308368578,-1.0235511971344895
-0.09143329760790146,-0.6598576260996959,0.6721944649861241
-0.09143329760790146,-1.321558897350323,2.436872877599445
-0.09143329760790146,-0.7794894718214497,1.1685102685336208
-0.09143329760790146,-0.44183461746564817,-0.6099546941782422
1.6782747224848686,-0.39676116852082854,0.10694591094591957
-0.09143329760790146,-0.21535133686512073,0.5619020641977915
-0.09143329760790146,-0.229463790528355,0.713554115281749
-0.09143329760790146,-0.022421134872078814,-1.3406418494009456
-0.09143329760790146,-0.015508912669678356,-1.230349448612613
0.754948798958206,-0.8661442574525846,1.444241270504452
-0.09143329760790146,-0.9334304204540765,-0.5410219436855346
-0.09143329760790146,0.5066158717126853,-1.1889897983169881
-0.09143329760790146,-0.877736630104527,1.51317402099716
-0.09143329760790146,-0.8769086034865311,1.4856009208000764
0.005900643497200897,0.5353447952414122,-0.6237412442767839
-0.09143329760790146,-0.44179861630834405,1.2650161192234115
-0.09143329760790146,-0.44179861630834405,1.2650161192234115
-0.09143329760790146,0.4685266472848745,0.20345176163571066
-0.09143329760790146,-1.2109273409546115,1.5407471211942432
-0.09143329760790146,-1.1434251710092946,1.3890950701102858
-0.09143329760790146,-0.10090365779516733,-0.6651008945724086
-0.09143329760790146,0.3896121104741359,0.5619020641977915
-0.09143329760790146,-0.9044854899815246,-0.2790774918132446
-0.09143329760790146,-0.7463324059443099,0.5343289640007083
-0.09143329760790146,-0.24040814234882238,-1.0924839476271972
-0.09143329760790146,-0.6443051261442949,0.6170482645919578
-0.09143329760790146,-0.19090655105558996,-0.5685950438826175
-0.09143329760790146,0.33399032243919474,-0.41694299279866026
-0.09143329760790146,0.3307142171245154,-0.41694299279866026
-0.09143329760790146,-0.3139225055639356,-0.3893698926015769
-0.09143329760790146,-0.03606557349035888,-0.4031564427001187
-0.09143329760790146,-0.6229204387056185,0.3413172626211261
-0.09143329760790146,-0.6480132453466243,-0.4031564427001187
-0.09143329760790146,-0.39946125531864124,-1.0511242973315726
1.2990515753221321,-0.49691638814102684,-0.3617967924044939
-0.09143329760790146,0.24351941413381792,-0.9132587963461567
-0.09143329760790146,-0.1871264295386522,-0.11363889063074559
-0.09143329760790146,-0.14522108243659942,-0.18257164112345334
-0.09143329760790146,-0.6259085347618645,0.31374416242404335
-0.09143329760790146,-0.23590799768580126,1.9405570740519487
-0.09143329760790146,-0.01090076453474472,-1.064910847430114
-0.09143329760790146,0.9583583935653985,0.05179971055175323
-0.09143329760790146,-0.19205858808932336,0.35510381271966773
-0.09143329760790146,-0.5229092237146369,-0.4996622933899096
-0.09143329760790146,-0.8209268038785482,1.6648260720811172
-0.09143329760790146,-0.777869419742762,1.2098699188292452
0.1886643746369974,-0.45313898085915727,0.9892851172525803
-0.09143329760790146,0.20838228460494893,-0.04470614013803767
-0.09143329760790146,-0.9649314330952244,0.20345176163571066
-0.09143329760790146,-0.5009125166017896,0.5756886142963331
-0.09143329760790146,-0.8059143212827098,0.46539621350800037
-0.09143329760790146,-0.7954379845071966,0.39646346301529245
-0.09143329760790146,-0.49011216941053887,-0.6099546941782422
-0.09143329760790146,-1.6309528432223517,5.525060099672758
-0.09143329760790146,-1.6309528432223517,5.525060099672758
-0.09143329760790146,-0.43841450752175215,0.5067558638036251
-0.09143329760790146,-1.254236733191527,2.795323180161526
-0.09143329760790146,-1.2297559462246919,2.7401769797673596
-0.09143329760790146,-0.7563047265175649,0.6170482645919578
-0.09143329760790146,-0.6736820705044968,0.5343289640007083
-0.09143329760790146,-0.9919323010733512,-0.08606579043366243
-0.09143329760790146,0.9852512580716127,-0.8718991460505322
-0.09143329760790146,-0.4909041948712306,-0.9821915468388647
-0.09143329760790146,-0.9938403624104721,0.42403656321237565
-0.09143329760790146,0.34911080850694576,-0.4858757432913682
-0.09143329760790146,-0.9309463406000889,-0.08606579043366243
-0.09143329760790146,-0.16091758702121714,-0.003346489842413106
-0.09143329760790146,-0.13946089726793237,-0.265290941714703
-0.09143329760790146,0.10160285204078355,-0.7202470949665748
-0.09143329760790146,-1.3503598231936582,2.0232763746431983
-0.09143329760790146,-0.453714999376024,1.2650161192234115
-0.09143329760790146,-0.6651497962234088,-0.5410219436855346
-0.09143329760790146,-0.7925938930801673,0.12073246104446116
-0.09143329760790146,-0.5779189920754072,0.12073246104446116
-0.09143329760790146,-0.5000124876691854,0.038013160453211646
-0.09143329760790146,-0.3889129162285197,0.7549137655773737
-0.09143329760790146,-0.3507516894861005,0.644621364789041
-0.09143329760790146,0.11765936819844294,-0.8718991460505322
-0.09143329760790146,-0.20476699661769504,-1.1889897983169881
-0.09143329760790146,0.6968459869079145,-1.1200570478242806
0.2330131727424397,-0.5216131820516868,0.49296931370508357
-0.09143329760790146,-1.0009325903993935,1.8164781231650744
-0.09143329760790146,0.4402297376437976,-0.5961681440797006
-0.09143329760790146,0.4402297376437976,-0.5961681440797006
-0.09143329760790146,-0.44712678758936103,-0.1963581912219951
-0.09143329760790146,-0.4540390097917615,-0.15499854092637036
-0.09143329760790146,0.39411225513715703,-0.7753932953607411
-0.09143329760790146,0.39411225513715703,-0.7753932953607411
-0.09143329760790146,-0.4961243626803351,0.4378231133109172
-0.09143329760790146,-0.45504704219627823,0.31374416242404335
-0.09143329760790146,-0.060582361614498,-0.030919590039496084
-0.09143329760790146,0.7991252748090588,-0.7202470949665748
-0.09143329760790146,0.0868783787033784,-1.4647208002878198
-0.09143329760790146,0.6085351480407879,-0.11363889063074559
-0.09143329760790146,0.6058710624002793,-0.15499854092637036
-0.09143329760790146,-0.49058018445549306,0.024226610354670254
-0.09143329760790146,0.529116595027791,-0.5961681440797006
-0.09143329760790146,-0.12340438111027299,-1.2992821991053207
-0.09143329760790146,-0.08290307914308281,0.2999576123255018
-0.09143329760790146,-0.7894257912374003,1.0168582174496634
-0.09143329760790146,-0.5858032455250202,-0.08606579043366243
-0.09143329760790146,-0.28090944431601256,0.14830556124154431
-0.09143329760790146,-0.49306426430948075,-0.4031564427001187
-0.09143329760790146,-0.35964397534023024,-0.292864041911786
-0.09143329760790146,0.04911316469130508,0.39646346301529245
-0.09143329760790146,-0.7673570818099447,0.1896652115371691
-0.09143329760790146,0.5810302638604027,-1.1889897983169881
-0.09143329760790146,-0.42491407353268873,-0.6099546941782422
-0.09143329760790146,-0.43391436285873103,-0.5961681440797006
-0.09143329760790146,-0.5434298833780132,1.6923991722782004
-0.09143329760790146,-0.7176034824155831,0.9203523667598723
-0.09143329760790146,-0.2899097336420548,0.6584079148875822
1.2928716425535542,-0.6234244549078769,1.6923991722782004
-0.09143329760790146,-1.143929187211553,0.09315936084737798
-0.09143329760790146,-0.677750201279868,-0.7616067452621995
-0.09143329760790146,-0.6902066017071105,-0.7753932953607411
-0.09143329760790146,-0.5959195707274917,0.16209211134008591
-0.09143329760790146,-0.5959195707274917,1.51317402099716
-0.09143329760790146,-0.9886561957586718,0.5067558638036251
-0.09143329760790146,0.24503146274059304,-1.230349448612613
-0.09143329760790146,-0.1684058277404843,-1.0786973975286558
-0.09143329760790146,-0.5434298833780132,0.010440060256128479
-0.09143329760790146,-0.7807495123270956,-0.5134488434884512
-0.09143329760790146,-1.0874793725586158,1.3339488697161195
-0.09143329760790146,-0.013384844388732383,-0.058492690236579443
-0.09143329760790146,0.2244748019199125,-0.7202470949665748
-0.09143329760790146,-0.21729539935954587,-0.8581125959519905
-0.09143329760790146,0.24524746968441805,-0.7616067452621995
-0.09143329760790146,-0.6117600799413261,0.3413172626211261
-0.09143329760790146,-0.3259108909462239,-1.3406418494009456
-0.09143329760790146,-0.49842843674780196,0.1758786614386275
-0.09143329760790146,-0.29930603569844294,-0.292864041911786
-0.09143329760790146,-0.5359056415014419,-0.41694299279866026
3.3101318020651496,-0.1972427547411237,0.5067558638036251
-0.09143329760790146,-0.6570495358299707,-0.30665059201032757
-0.09143329760790146,-0.646861208312891,-0.265290941714703
-0.09143329760790146,-0.4352104045216811,-0.7478201951636579
-0.09143329760790146,-0.3990292414309912,-0.7340336450651164
-0.09143329760790146,0.06725774797260628,-1.133843597922822
-0.09143329760790146,-1.3159427168108726,2.4782325278950696
-0.09143329760790146,-1.023433313714499,2.1197822253329894
-0.09143329760790146,0.5951067163663328,-1.064910847430114
-0.09143329760790146,-0.4129256881504004,-1.3820014996965702
-0.09143329760790146,-0.4039253988243582,-0.8718991460505322
-0.09143329760790146,0.04608906747775488,-0.11363889063074559
-0.09143329760790146,-0.5809070881316533,0.6584079148875822
-0.09143329760790146,-0.5959195707274917,-1.3406418494009456
-0.09143329760790146,0.404120576867716,-1.0097646470359478
-0.09143329760790146,-0.716523447696458,-0.8305394957549074
-0.09143329760790146,-0.6814223193248932,-0.8718991460505322
-0.09143329760790146,-0.5059166774670691,-0.5272353935869928
-0.09143329760790146,0.8947443486089318,-0.9270453464446984
-0.09143329760790146,-0.70842318730302,-0.44451609299574324
-0.09143329760790146,0.019088199499628096,-0.41694299279866026
-0.09143329760790146,-1.5259374673660906,0.16209211134008591
-0.09143329760790146,-0.49176822264653064,-0.18257164112345334
-0.09143329760790146,-0.5108488360177402,-0.44451609299574324
-0.09143329760790146,-0.8398634126205412,0.5343289640007083
-0.09143329760790146,-0.062346418322402286,-0.5823815939811591
-0.09143329760790146,-0.5252132977821037,-0.6651008945724086
-0.09143329760790146,-0.5155649876245864,-0.5272353935869928
-0.09143329760790146,-0.49148021338809733,0.1758786614386275
-0.09143329760790146,-0.49670038119720183,0.1758786614386275
-0.09143329760790146,0.19160574530120617,-0.94083189654324
-0.09143329760790146,0.1241035753558892,-0.5685950438826175
-0.09143329760790146,-0.7984260805634426,-0.8718991460505322
-0.09143329760790146,-0.7249117173483294,2.39551322730382
-0.09143329760790146,-0.684374414223835,2.037062924741739
-0.09143329760790146,-0.8125025330693727,2.7815366300629836
-0.09143329760790146,-0.673934078605626,2.7126038795702767
-0.09143329760790146,-0.6514333552905204,2.6574576791761104
-0.09143329760790146,-1.047266079849859,1.3339488697161195
-0.09143329760790146,-0.3169106016201816,-0.5823815939811591
0.47487326882178493,0.4578343035655363,-0.08606579043366243
-0.09143329760790146,-0.34416347769943756,0.12073246104446116
-0.09143329760790146,-0.9896642281631886,3.3743582843002717
-0.09143329760790146,0.48494317501557554,-0.9546184466417815
-0.09143329760790146,-0.06738658034498596,-0.5548084937840759
-0.09143329760790146,-0.29545391186689685,-0.14121199082782876
-0.09143329760790146,-0.03408550983862958,-1.4647208002878198
-0.09143329760790146,-0.24490828701184353,-1.0786973975286558
-0.09143329760790146,-0.10090365779516733,-1.4371477000907367
-0.09143329760790146,-1.05003816896228,0.7549137655773737
-0.09143329760790146,-0.9784318670842879,0.6584079148875822
-0.09143329760790146,-0.9649314330952244,-0.2790774918132446
-0.09143329760790146,-1.509196929219652,1.733758822573825
-0.09143329760790146,-0.21412729751677897,0.038013160453211646
-0.09143329760790146,-0.49464831523086417,-0.3617967924044939
-0.09143329760790146,1.0703939950959727,-1.4785073503863613
-0.09143329760790146,0.8482308533719454,-0.67888744467095
-0.09143329760790146,0.6161313922319676,-1.0511242973315726
-0.09143329760790146,0.2668121629096153,-0.07227924033512104
-0.09143329760790146,0.40761268912622045,-0.3755833425030355
-0.09143329760790146,-0.5790350279518365,-1.0786973975286558
-0.09143329760790146,-1.3699444527671263,1.4028816202088275
-0.09143329760790146,-1.5184492266468235,1.9405570740519487
-0.09143329760790146,-0.22485564239342135,-0.3204371421088692
-0.09143329760790146,-0.2763012961810789,-0.33422369220741094
-0.09143329760790146,-0.11213601887406807,-1.0924839476271972
-0.09143329760790146,-0.17196994231359702,0.024226610354670254
-0.09143329760790146,0.3191218444725729,-0.15499854092637036
-0.09143329760790146,0.5741180416580023,-0.8718991460505322
-0.09143329760790146,-1.150949412885866,-1.0924839476271972
-0.09143329760790146,-0.2391121006858723,-0.09985234053220401
-0.09143329760790146,-0.16520172474041325,0.8376330661686228
-0.09143329760790146,-0.028901343186829243,-0.8029663955578242
-0.09143329760790146,-0.0379016325128715,-0.12742544072928738
-0.09143329760790146,-0.9074735860377706,3.6914489365667285
-0.09143329760790146,0.7091223815486362,-0.41694299279866026
-0.09143329760790146,0.3266100851918401,-0.5548084937840759
-0.09143329760790146,0.26580413050509855,-0.4996622933899096
-0.09143329760790146,-0.4159137842066465,-0.94083189654324
-0.09143329760790146,-0.6454211620207242,0.3688903628182097
-0.09143329760790146,-0.9939123647250805,0.32753071252258453
-0.09143329760790146,-0.7209155888875667,0.3826769129167509
-0.09143329760790146,-0.8729844773403767,0.7273406653802901
-0.09143329760790146,-1.0472300786925548,-0.5823815939811591
-0.055216017196700586,-0.645169153919595,1.127150618237996
-0.09143329760790146,-0.30589424748510585,1.5407471211942432
-0.09143329760790146,-0.43593042766776446,2.0784225750373646
-0.09143329760790146,-0.18471435199927286,-0.4858757432913682
0.8011367389677206,1.73857547466135,-0.7064605448680331
-0.09143329760790146,-0.8059143212827098,0.9203523667598723
-0.09143329760790146,0.21410646861631183,-1.2165628985140715
-0.09143329760790146,-1.0879473876035701,0.32753071252258453
-0.09143329760790146,-0.06490250049099829,0.5205424139021667
-0.09143329760790146,-0.4084255434873793,-0.9684049967403231
-0.09143329760790146,0.312749639629735,-1.064910847430114
-0.09143329760790146,0.32488202964123997,-1.106270497725739
-0.09143329760790146,-0.4528869727580281,-0.030919590039496084
-0.09143329760790146,-0.3034101676311182,0.24481141193133543
-0.09143329760790146,-0.35291175892435067,0.4378231133109172
-0.09143329760790146,0.0791021287256779,0.20345176163571066
-0.09143329760790146,-1.2034391002353444,-0.003346489842413106
-0.09143329760790146,-1.2184515828311828,-0.5410219436855346
-0.09143329760790146,-0.5171490385459698,-1.5060804505834444
-0.09143329760790146,-0.6059638936153549,0.20345176163571066
-0.09143329760790146,-0.33534319415991615,0.14830556124154431
-0.09143329760790146,-0.4082095365435543,0.3826769129167509
-0.09143329760790146,0.5561174630059178,-0.3893698926015769
-0.09143329760790146,1.699154207413285,-1.4647208002878198
-0.09143329760790146,-0.8096584416423434,0.9479254669569555
-0.09143329760790146,-0.7759253572483369,0.796273415872998
-0.09143329760790146,-0.14590510442537863,1.0306447675482049
-0.09143329760790146,-0.1786301564148683,-0.5823815939811591
-0.09143329760790146,0.20287410753741109,-0.33422369220741094
-0.09143329760790146,-0.7046790669433864,0.9479254669569555
-0.09143329760790146,0.7091223815486362,-0.6513143444738668
-0.09143329760790146,0.07161388800641073,0.24481141193133543
-0.09143329760790146,0.43911370176736836,-1.5474401008790692
-0.09143329760790146,0.33964250413594926,-1.4371477000907367
-0.09143329760790146,0.33964250413594926,-1.4371477000907367
-0.09143329760790146,-0.3472235760702919,0.09315936084737798
-0.09143329760790146,-0.7534246339332313,0.5067558638036251
-0.09143329760790146,0.30410936187673443,-1.0235511971344895
-0.09143329760790146,0.21410646861631183,-0.9684049967403231
-0.09143329760790146,1.6935380268738345,-1.037337747233031
0.08965310444810291,-0.3019341201816473,1.7475453726723664
-0.09143329760790146,0.5066158717126853,3.870674087847769
-0.09143329760790146,-0.378112569037269,-0.4583026430942848
-0.09143329760790146,1.0691339545903267,-1.2027763484155298
-0.09143329760790146,-0.4834159541519634,-1.037337747233031
-0.09143329760790146,-0.43071025985865996,0.10694591094591957
-0.09143329760790146,-0.4131416950942255,0.09315936084737798
-0.09143329760790146,-1.4209580926671337,3.0434810819352744
-0.09143329760790146,-1.0965516641992665,4.049899239128809
-0.09143329760790146,-1.1482133249307491,4.201551290212766
-0.09143329760790146,-0.02965736749021679,-0.33422369220741094
-0.09143329760790146,-0.5729148312101277,-0.058492690236579443
-0.09143329760790146,-1.0346656747933998,1.5407471211942432
-0.09143329760790146,-0.5809070881316533,0.4516096634094588
-0.09143329760790146,-0.6184202940425974,0.49296931370508357
-0.09143329760790146,-0.8125025330693727,2.7815366300629836
-0.09143329760790146,0.8171258534611433,-0.9546184466417815
-0.09143329760790146,-0.28090944431601256,0.2999576123255018
-0.09143329760790146,-0.18190626172954769,0.06558626065029481
-0.09143329760790146,0.0791021287256779,-0.44451609299574324
-0.09143329760790146,-0.6393369664363195,-0.5961681440797006
-0.09143329760790146,-0.5846512084912868,-0.7340336450651164
-0.09143329760790146,-0.4440306880612025,0.9065658166613307
-0.09143329760790146,-0.4440306880612025,1.0030716673511215
-0.09143329760790146,-0.70842318730302,-1.133843597922822
-0.09143329760790146,-0.01090076453474472,-0.8581125959519905
-0.09143329760790146,-0.03660559084992142,-0.9270453464446984
-0.09143329760790146,0.37161153182205137,0.2999576123255018
-0.09143329760790146,-1.243004372112626,2.891829030851317
-0.09143329760790146,-1.0687947719177522,2.5885249286834022
-0.09143329760790146,-1.0687947719177522,2.5885249286834022
-0.09143329760790146,0.4091247377329955,0.5343289640007083
-0.09143329760790146,-0.619212319503289,0.1896652115371691
-0.09143329760790146,-0.6305886852114065,0.1896652115371691
-0.09143329760790146,-0.4496468686006529,0.6859810150846658
-0.09143329760790146,-1.2184515828311828,1.7889050229679913
-0.09143329760790146,-0.6521533784366038,1.113364068139454
-0.09143329760790146,-0.6949227533139566,1.223656468927787
-0.09143329760790146,0.04364098878107139,-0.3893698926015769
-0.09143329760790146,0.03957285800570028,-0.4031564427001187
-0.09143329760790146,-0.5159249991976281,-0.22393129141907828
-0.09143329760790146,-0.7984260805634426,-1.0511242973315726
-0.09143329760790146,-0.7483124695960393,-0.5685950438826175
-0.09143329760790146,-0.7366840957867927,-0.6651008945724086
-0.09143329760790146,-0.3286829800586449,0.24481141193133543
-0.09143329760790146,-0.15429337407725002,-0.030919590039496084
-0.09143329760790146,-0.09949961266030474,-0.8994722462476153
-0.09143329760790146,-0.26452891774261567,-0.7340336450651164
-0.09143329760790146,-0.3646481362055098,-0.7478201951636579
-0.09143329760790146,-0.3420394094184916,-0.67888744467095
-0.09143329760790146,-0.03340148784985037,0.20345176163571066
-0.09143329760790146,-0.3934130608915408,0.0793728107488364
-0.09143329760790146,2.824190373168568,-1.6715190517659433
-0.02312877753414543,-0.17855815410025996,0.5756886142963331
-0.09143329760790146,0.7490836661562639,-1.1200570478242806
-0.09143329760790146,-0.3310950575980242,0.010440060256128479
-0.09143329760790146,-0.08247106525543278,-0.4031564427001187
-0.09143329760790146,0.31696177503432277,-1.2717090989082378
-0.09143329760790146,0.323405982191769,-1.2717090989082378
-0.09143329760790146,0.0791021287256779,-0.3204371421088692
-0.09143329760790146,0.04659308368001325,1.4166681703073687
-0.09143329760790146,-0.7396361906857345,0.2999576123255018
-0.09143329760790146,-0.03588556770383804,-0.6099546941782422
-0.09143329760790146,-0.49533233721964337,-0.4858757432913682
-0.09143329760790146,-0.3401673492386748,-0.9546184466417815
-0.09143329760790146,0.11765936819844294,-1.2579225488096961
-0.09143329760790146,-0.883928829160844,0.6032617144934163
-0.09143329760790146,-0.6247564977281311,0.0793728107488364
2.8858401950187584,2.048401434421029,-1.0097646470359478
-0.09143329760790146,0.17889733677283448,-1.0235511971344895
-0.09143329760790146,0.1740011793794675,-1.0235511971344895
-0.09143329760790146,-0.6034078114467589,-1.4785073503863613
-0.09143329760790146,-0.948442903049915,-0.7616067452621995
-0.09143329760790146,0.6327999280637978,-0.7340336450651164
-0.09143329760790146,-1.134568886312469,0.9479254669569555
-0.09143329760790146,-1.1114921444804966,1.1409371683365372
-0.09143329760790146,-0.8209268038785482,-0.5548084937840759
-0.09143329760790146,-0.8209268038785482,-0.5548084937840759
-0.09143329760790146,-0.20653105332559932,-0.9270453464446984
-0.09143329760790146,0.05660140541057224,-1.1752032482184467
-0.09143329760790146,-0.6602176376727377,1.2650161192234115
-0.09143329760790146,-0.6602176376727377,1.0444313176467461
-0.09143329760790146,-0.4609152308368578,0.21723831173425187
-0.09143329760790146,-0.46404733152232047,-0.3204371421088692
-0.09143329760790146,-0.764656995012132,-1.6577325016674018
-0.09143329760790146,-0.15238531274012906,-0.5134488434884512
-0.09143329760790146,-0.42919821125188484,-0.43072954289720183
-0.09143329760790146,-0.32245477984502363,-0.265290941714703
-0.09143329760790146,0.0408328985113462,-0.7753932953607411
-0.09143329760790146,-0.007336649961631983,-0.8029663955578242
-0.09143329760790146,-0.45447102367941156,-0.6099546941782422
-0.09143329760790146,-0.4575311220502659,-0.67888744467095
-0.09143329760790146,-0.5509181240972804,0.23102486183279383
-0.09143329760790146,-0.7219236212920833,0.06558626065029481
-0.09143329760790146,-0.35964397534023024,-0.4996622933899096
-0.09143329760790146,-0.3671682172168016,-0.4858757432913682
-0.09143329760790146,-0.483955971511526,0.9203523667598723
-0.09143329760790146,-0.5284174007821748,-0.6099546941782422
-0.09143329760790146,-0.602363777884938,-1.2579225488096961
-0.09143329760790146,-0.2388960937420473,-0.21014474132053668
-0.09143329760790146,-0.8507717632837044,3.0434810819352744
-0.09143329760790146,-0.8374513350811619,2.7815366300629836
-0.09143329760790146,0.25349173470707276,-0.7340336450651164
-0.09143329760790146,-0.6243964861550895,0.1896652115371691
-0.09143329760790146,-0.9728156865448374,2.9883348815411077
-0.09143329760790146,-0.6184202940425974,1.6786126221796587
-0.09143329760790146,-0.1330526912677903,0.1758786614386275
-0.09143329760790146,-1.243004372112626,2.891829030851317
-0.09143329760790146,-0.4389905260386188,-0.4858757432913682
-0.09143329760790146,0.5526973530620217,-0.5134488434884512
-0.09143329760790146,-0.2529725462479774,-0.4996622933899096
-0.09143329760790146,-0.25390857633788577,-0.8581125959519905
-0.09143329760790146,-0.24210019674211833,-1.0097646470359478
-0.09143329760790146,-0.1196602607506394,-0.43072954289720183
-0.09143329760790146,-0.45025888827482374,0.6170482645919578
-0.09143329760790146,-0.35683588507050507,-0.5410219436855346
-0.09143329760790146,-0.03858565450165072,-1.037337747233031
-0.09143329760790146,-0.357879918632326,0.06558626065029481
-0.09143329760790146,-0.7478084533937809,0.06558626065029481
-0.09143329760790146,0.9018725777551573,-1.230349448612613
-0.09143329760790146,-0.37091233757643516,0.05179971055175323
-0.09143329760790146,0.11510328602984694,-1.2717090989082378
-0.09143329760790146,0.5441290776236295,-1.0097646470359478
-0.09143329760790146,-0.5321615211418084,0.6859810150846658
-0.09143329760790146,-0.4342743744317727,-0.8994722462476153
-0.09143329760790146,0.3982163870698323,-0.6513143444738668
-0.09143329760790146,0.11485127792871776,-1.0924839476271972
-0.09143329760790146,-0.7240116884157252,1.127150618237996
-0.09143329760790146,-0.3452075112612585,-0.4583026430942848
-0.09143329760790146,-0.10090365779516733,-1.3268552993024039
-0.09143329760790146,0.18195743514368887,-1.423361149992195
-0.09143329760790146,-0.14590510442537863,0.20345176163571066
-0.09143329760790146,-0.16091758702121714,-0.30665059201032757
-0.09143329760790146,-0.13089262182954015,-1.2992821991053207
-0.09143329760790146,-0.02375317769233307,-0.7753932953607411
-0.09143329760790146,-0.779129460248408,0.2999576123255018
-0.09143329760790146,-0.42282600640904694,-0.41694299279866026
-0.09143329760790146,-0.19090655105558996,-0.12742544072928738
-0.09143329760790146,-0.46908749354490414,-0.8167529456563658
-0.09143329760790146,1.1092752449844752,-1.2441359987111547
-0.09143329760790146,-0.08452313122177042,-1.2441359987111547
-0.09143329760790146,-0.49464831523086417,-0.8581125959519905
-0.09143329760790146,-0.5121808788379945,0.2999576123255018
-0.09143329760790146,-0.41958590225167175,0.3413172626211261
-0.09143329760790146,0.05660140541057224,-0.7340336450651164
-0.09143329760790146,-0.5942635174915,-0.34801024230595234
-0.09143329760790146,-0.16091758702121714,-0.3204371421088692
-0.09143329760790146,0.2591079152465231,-0.43072954289720183
-0.09143329760790146,-0.7497885170455102,-0.4858757432913682
-0.09143329760790146,-0.6323527419193108,-0.21014474132053668
-0.09143329760790146,-0.5301454563327749,-0.5410219436855346
-0.09143329760790146,-0.14028892388592826,-0.8581125959519905
-0.09143329760790146,0.25601181571836457,-0.7202470949665748
-0.09143329760790146,-0.07962697382840343,-0.4583026430942848
-0.09143329760790146,0.26645215133657363,-0.33422369220741094
-0.09143329760790146,0.7406233941897841,-1.1752032482184467
-0.09143329760790146,-0.06339045188422318,-0.5823815939811591
-0.09143329760790146,0.021248268937878238,-0.7202470949665748
-0.09143329760790146,-0.7136073539548203,-0.2515043916161612
-0.09143329760790146,0.5197922952860112,-1.037337747233031
-0.09143329760790146,0.02002422958953649,-0.7202470949665748
-0.09143329760790146,-0.31608257500218573,0.06558626065029481
-0.09143329760790146,-0.17128592032481782,-1.1200570478242806
-0.09143329760790146,-0.33235509810367014,-1.1752032482184467
-0.09143329760790146,-0.3279989580698657,-0.4858757432913682
-0.09143329760790146,0.09955078607444591,-0.8305394957549074
-0.09143329760790146,-0.6314527129867066,-0.07227924033512104
-0.09143329760790146,-0.22305558452821292,-1.0511242973315726
-0.09143329760790146,-0.2584087210009069,-0.3893698926015769
-0.09143329760790146,-0.7031310171793071,0.0793728107488364
-0.09143329760790146,-0.17160993074055533,-0.058492690236579443
-0.09143329760790146,-0.396221151161266,-0.5548084937840759
-0.09143329760790146,-0.3619120482503929,-0.7891798454592827
-0.09143329760790146,0.4299694078121094,-0.9132587963461567
-0.09143329760790146,-0.8135825677884978,0.35510381271966773
-0.09143329760790146,-0.23745604744988053,-0.33422369220741094
-0.09143329760790146,-0.645601167807245,-0.3893698926015769
-0.09143329760790146,-0.5059166774670691,0.4102500131138341
-0.09143329760790146,-0.6099240209188135,-0.21014474132053668
-0.09143329760790146,-0.17999820039242673,-0.8581125959519905
-0.09143329760790146,-0.602363777884938,-0.292864041911786
-0.09143329760790146,-0.8209268038785482,0.479182763606542
-0.09143329760790146,-0.5423498486588881,-0.23771784151761965
1.5823466241994661,0.08972247013040777,0.258597962029877
-0.09143329760790146,0.6834175552334595,-1.106270497725739
-0.09143329760790146,1.0532574442191882,-1.2165628985140715
-0.09143329760790146,-0.9040174749365704,-0.67888744467095
-0.09143329760790146,-0.02256513950129549,-0.94083189654324
-0.09143329760790146,-0.3649001443066389,0.05179971055175323
-0.09143329760790146,-0.21092319451670793,-0.017133039940954692
-0.09143329760790146,-0.3259108909462239,-1.037337747233031
-0.09143329760790146,-0.3191426733730401,-0.44451609299574324
-0.09143329760790146,-0.07840293448006168,-0.9270453464446984
-0.09143329760790146,0.4503820640035733,-1.133843597922822
-0.09143329760790146,-0.333399131665491,-0.23771784151761965
-0.09143329760790146,-0.5914194260644706,0.39646346301529245
-0.09143329760790146,0.025100392769424325,-1.3682149495980287
-0.09143329760790146,0.13637996999661084,-0.9132587963461567
-0.09143329760790146,-0.3084143284963977,-0.1963581912219951
-0.09143329760790146,0.36955946585571375,-0.5685950438826175
-0.09143329760790146,-0.6563295126838874,0.7687003156759149
-0.09143329760790146,0.2724643446063698,-0.8167529456563658
-0.09143329760790146,1.7418155788187253,-1.230349448612613
-0.09143329760790146,0.17554922914354676,-0.1963581912219951
-0.09143329760790146,0.5505372836237715,-0.4583026430942848
-0.09143329760790146,-0.3968691719927411,-0.4720891931928266
-0.09143329760790146,-0.29253781812525914,-0.7753932953607411
-0.09143329760790146,-0.12340438111027299,-0.23771784151761965
-0.09143329760790146,-0.3740084371045937,-0.23771784151761965
-0.09143329760790146,0.053397302410501196,-0.3893698926015769
-0.09143329760790146,-0.11778820057082262,-0.33422369220741094
0.16812387867237147,-1.1203484291773222,2.0094898245446564
-0.09143329760790146,-0.6250085058292603,0.24481141193133543
-0.09143329760790146,-0.9109296971389709,-0.8305394957549074
-0.09143329760790146,-0.13463674218917374,-0.34801024230595234
-0.09143329760790146,-0.28090944431601256,-0.8305394957549074
-0.09143329760790146,-0.2835735299565211,-0.6099546941782422
-0.09143329760790146,-0.5546262432996099,0.10694591094591957
-0.09143329760790146,-0.49842843674780196,0.5067558638036251
-0.09143329760790146,-0.45771112783678675,-0.14121199082782876
-0.09143329760790146,0.11611131843436368,-1.0235511971344895
-0.09143329760790146,-0.07091469376079451,-0.16878509102491193
-0.09143329760790146,-0.1684058277404843,-0.5823815939811591
-0.09143329760790146,-0.5554182687603015,-0.12742544072928738
0.18666367697810526,1.5721061232868725,-1.423361149992195
-0.09143329760790146,-0.3844127715654986,-0.8029663955578242
-0.09143329760790146,-0.14590510442537863,-0.265290941714703
-0.09143329760790146,-0.4609152308368578,-0.43072954289720183
-0.09143329760790146,-0.151305278021004,-1.0786973975286558
-0.09143329760790146,1.9296696176318793,-1.2854956490067793
-0.09143329760790146,0.02765647493802033,-0.7753932953607411
-0.09143329760790146,-0.06389446808648155,-1.2854956490067793
-0.09143329760790146,-0.6952467637296941,-0.09985234053220401
-0.09143329760790146,-0.9132337712064377,-0.12742544072928738
-0.09143329760790146,0.8718116114061761,-1.2717090989082378
-0.09143329760790146,-0.3510036975872297,-0.08606579043366243
-0.09143329760790146,-0.9117217225996626,-0.7064605448680331
-0.09143329760790146,-0.052158090805322445,-0.8443260458534491
-0.09143329760790146,0.04374899225298389,-0.7340336450651164
-0.09143329760790146,-0.012520816613432326,-0.8167529456563658
-0.09143329760790146,1.8700877022934796,-1.354428399499487
-0.09143329760790146,-0.13089262182954015,-1.2579225488096961
-0.09143329760790146,0.13094379524368133,-0.9959780969374062
-0.09143329760790146,-0.14590510442537863,0.31374416242404335
-0.09143329760790146,-0.6353408379755568,0.6032617144934163
0.2625083064106526,-0.9815639677697505,-0.04470614013803767
-0.09143329760790146,-0.2727371816079662,0.1758786614386275
-0.09143329760790146,-0.31493053796845233,0.23102486183279383
-0.09143329760790146,0.3872000329347566,-1.0511242973315726
-0.09143329760790146,0.28909687928089595,-1.1889897983169881
-0.09143329760790146,-0.2989100229680971,-0.3893698926015769
-0.09143329760790146,-0.10471978046940925,0.258597962029877
-0.09143329760790146,-0.12020027811020194,-1.0511242973315726
-0.09143329760790146,-0.5321615211418084,-0.8305394957549074
-0.09143329760790146,-0.49436030597243086,-0.030919590039496084
-0.09143329760790146,0.3061254266857679,-1.0924839476271972
-0.09143329760790146,-0.3558998549805967,0.0793728107488364
-0.09143329760790146,-0.4131416950942255,0.4102500131138341
0.5075448015004208,-0.1773341147519182,0.39646346301529245
-0.09143329760790146,-0.3644681304189889,0.024226610354670254
-0.09143329760790146,-0.11375607095275568,-1.2579225488096961
-0.09143329760790146,0.9815071377119792,-1.0235511971344895
-0.09143329760790146,-0.609600010503076,-0.2515043916161612
-0.09143329760790146,-0.7809295181136164,-0.8443260458534491
-0.09143329760790146,-0.8858008893406608,0.6170482645919578
-0.09143329760790146,-0.37897659681256907,-0.4996622933899096
-0.09143329760790146,0.6827335332446803,-1.3682149495980287
-0.09143329760790146,-0.4102976036671961,-0.23771784151761965
-0.09143329760790146,-0.5719067988056109,-0.265290941714703
1.4659097600737363,-0.1844623438981437,-0.04470614013803767
-0.09143329760790146,-0.5637705372548688,-0.43072954289720183
-0.09143329760790146,-0.14028892388592826,-0.7478201951636579
-0.09143329760790146,-0.44291465218477327,0.20345176163571066
-0.09143329760790146,-0.3259108909462239,-0.7753932953607411
-0.09143329760790146,0.1931897962225896,-0.8167529456563658
-0.09143329760790146,1.0188403378364026,-1.133843597922822
-0.09143329760790146,-0.8317991533844074,0.6997675651832069
-0.09143329760790146,-0.2542685879109275,-0.07227924033512104
-0.09143329760790146,-0.48103987776988827,-0.22393129141907828
-0.09143329760790146,-0.6619096920660336,-0.4031564427001187
-0.09143329760790146,-0.2401561342476932,0.5756886142963331
-0.09143329760790146,0.7586239728418687,-1.037337747233031
-0.09143329760790146,-0.5573623312547267,-0.4720891931928266
-0.09143329760790146,-0.5187690906246575,-0.4858757432913682
-0.09143329760790146,-0.7534246339332313,-0.43072954289720183
-0.09143329760790146,-0.5237012491753286,0.010440060256128479
-0.09143329760790146,0.017036133533290462,-0.4031564427001187
-0.09143329760790146,-0.08401911501951205,0.038013160453211646
-0.09143329760790146,-0.5475700164679926,0.2723845121284182
1.7881186685595925,-0.3425074244634458,0.4516096634094588
-0.09143329760790146,-0.2977939870916678,-0.5823815939811591
-0.09143329760790146,-0.45342699011759063,-0.4996622933899096
-0.09143329760790146,-0.07321876782826134,-0.2790774918132446
-0.09143329760790146,-0.26503293394487404,0.49296931370508357
-0.09143329760790146,0.5812102696469236,-0.6099546941782422
-0.09143329760790146,0.5546054143991427,-1.1752032482184467
-0.09143329760790146,0.758911982100302,-1.0097646470359478
-0.09143329760790146,-0.585335230480066,0.961712017055497
-0.09143329760790146,-0.12902056164972336,-0.6926739947694918
-0.09143329760790146,-0.0727867539406113,-0.8718991460505322
-0.09143329760790146,0.052101260747551115,-0.8581125959519905
-0.09143329760790146,-0.48201190901710084,0.24481141193133543
-0.09143329760790146,0.9177130869689917,-1.4095745998936535
-0.09143329760790146,-0.11786020288543095,-0.6099546941782422
-0.09143329760790146,0.19160574530120617,-1.106270497725739
-0.09143329760790146,-0.37091233757643516,-0.003346489842413106
-0.09143329760790146,-0.262908865663928,-0.6375277943753255
-0.09143329760790146,-0.5739228636146444,-0.058492690236579443
-0.09143329760790146,-0.15202530116708737,-0.6375277943753255
-0.09143329760790146,-0.4578191313086993,-0.07227924033512104
-0.09143329760790146,-0.573418847412386,-0.04470614013803767
-0.09143329760790146,-0.5012725281748313,-0.30665059201032757
-0.09143329760790146,-0.6959307857184733,-0.8994722462476153
-0.09143329760790146,-0.9221620582178716,2.7126038795702767
-0.09143329760790146,-0.6340087951553025,0.713554115281749
-0.09143329760790146,0.053109293152067846,-0.21014474132053668
-0.09143329760790146,-0.5606744377267102,0.1896652115371691
-0.09143329760790146,0.1691050219861005,-0.7478201951636579
-0.09143329760790146,0.37611167648507254,-0.9821915468388647
-0.09143329760790146,-0.23590799768580126,-1.133843597922822
-0.09143329760790146,-0.5171490385459698,0.35510381271966773
-0.09143329760790146,-0.6319207280316608,-0.04470614013803767
-0.09143329760790146,-0.8001541361140427,0.1896652115371691
-0.09143329760790146,-0.32357081572145285,0.038013160453211646
-0.09143329760790146,-0.5706107571426609,-0.7753932953607411
-0.09143329760790146,-0.23216387732616767,-0.5961681440797006
0.2330131727424397,0.1084070707712715,0.24481141193133543
-0.09143329760790146,-0.18809846078586476,-1.1476301480213638
-0.09143329760790146,-0.26758901611347,-0.8305394957549074
-0.09143329760790146,0.053397302410501196,-0.8305394957549074
-0.09143329760790146,0.09764272473732495,-0.8305394957549074
-0.09143329760790146,-0.30020606463104715,-0.8029663955578242
-0.09143329760790146,-0.48154389397214664,-0.5823815939811591
-0.09143329760790146,-0.8434275271936539,0.4378231133109172
-0.09143329760790146,0.07010183939963563,-0.7478201951636579
-0.09143329760790146,-0.33282311314862434,-1.3268552993024039
-0.09143329760790146,-0.9379305651170976,-0.8443260458534491
-0.09143329760790146,-0.5959195707274917,0.9065658166613307
-0.09143329760790146,0.2550037833138479,-1.2854956490067793
-0.09143329760790146,-0.33444316522731193,0.6721944649861241
-0.09143329760790146,0.10909109276005072,-0.8029663955578242
-0.09143329760790146,0.3832759067886022,-0.7202470949665748
-0.09143329760790146,-0.5846512084912868,0.010440060256128479
-0.09143329760790146,0.21194639917806168,-0.9546184466417815
-0.09143329760790146,0.4868872375100007,-1.354428399499487
-0.09143329760790146,-0.3490596350928046,-0.41694299279866026
-0.09143329760790146,-0.11728418436856425,-0.030919590039496084
-0.09143329760790146,0.007099814117339804,-1.064910847430114
-0.09143329760790146,-0.24573631362983941,-0.5685950438826175
-0.09143329760790146,0.6416202116033193,-1.1889897983169881
-0.09143329760790146,-0.2619728355740196,-0.292864041911786
0.04282041426120523,0.6041070056923751,-1.2027763484155298
0.2330131727424397,-0.9091656404310666,0.258597962029877
-0.09143329760790146,-1.3459316808452455,0.1758786614386275
-0.09143329760790146,-0.026849277220491605,0.8514196162671643
-0.09143329760790146,0.04544104664627984,0.1758786614386275
1.2990515753221321,-0.5426018567600174,1.4718143707015354
-0.09143329760790146,-0.24800438654000206,-0.8994722462476153
-0.024880175484754546,-0.2020309086625782,-0.07227924033512104
-0.09143329760790146,-0.9376065547013601,1.0306447675482049
-0.09143329760790146,-0.5933994897161998,0.479182763606542
3.8019243465961927,-0.04452584545683861,-0.5410219436855346
-0.09143329760790146,-0.22363160304507962,-0.41694299279866026
-0.09143329760790146,-0.08423512196333706,-0.017133039940954692
0.8819061134431221,-0.6321727361327899,0.7411272154788318
-0.09143329760790146,-0.19666673622425698,-0.14121199082782876
-0.09143329760790146,0.9200531621937627,-0.6651008945724086
-0.09143329760790146,1.2795247178758906,-0.9546184466417815
-0.09143329760790146,-0.25938075224811946,-1.2165628985140715
-0.09143329760790146,0.7281669937625416,-1.0786973975286558
-0.09143329760790146,0.40268053057554926,-0.8718991460505322
-0.09143329760790146,-0.22089551508996277,-0.6513143444738668
-0.09143329760790146,0.023660346477257566,-0.34801024230595234
-0.09143329760790146,1.171881257536425,-0.9546184466417815
-0.09143329760790146,2.6054473413884365,-1.0786973975286558
-0.09143329760790146,0.46910266580174115,0.5894751643948742
-0.09143329760790146,-0.7396001895284303,1.6923991722782004
-0.09143329760790146,2.098047030343478,-1.5887997511746939
-0.09143329760790146,0.2896008954831543,-1.230349448612613
-0.09143329760790146,1.2045703083686106,-0.9270453464446984
-0.09143329760790146,-0.624720496570827,-0.9270453464446984
-0.09143329760790146,-0.2966419500579344,-0.6651008945724086
-0.09143329760790146,2.666469303019003,-1.2579225488096961
-0.09143329760790146,-0.3619120482503929,-0.017133039940954692
-0.09143329760790146,-1.0646906399850768,0.24481141193133543
-0.09143329760790146,-0.00445655737729846,-0.4996622933899096
-0.09143329760790146,2.2940373307073743,-1.4509342501892781
-0.09143329760790146,2.8523072770231237,-1.4095745998936535
-0.09143329760790146,2.9463422999016133,-1.6439459515688601
-0.09143329760790146,0.17580123724467595,-0.94083189654324
-0.09143329760790146,1.352679069517962,-1.3820014996965702
-0.09143329760790146,0.10480695504085459,-0.23771784151761965
-0.09143329760790146,2.2530320125379255,-1.2854956490067793
-0.09143329760790146,0.6329799338503187,-0.7753932953607411
-0.09143329760790146,1.4846233110377416,-1.2854956490067793
-0.09143329760790146,-0.8150226140806646,0.6308348146904991
-0.09143329760790146,-0.1251324366608731,-0.5823815939811591
-0.09143329760790146,-0.7561967230456523,-0.04470614013803767
-0.09143329760790146,-0.7684371165290698,0.258597962029877
0.7428576261501186,1.4451660426323722,-0.5823815939811591
-0.09143329760790146,0.6313958829289352,-0.8581125959519905
-0.09143329760790146,-0.38455677619471523,0.1758786614386275
-0.09143329760790146,-1.1734501362009715,1.4166681703073687
-0.09143329760790146,0.3542949751587461,-0.9546184466417815
-0.09143329760790146,0.6191194882882136,0.06558626065029481
-0.09143329760790146,1.579666366320748,-0.8856856961490736
1.406011950162904,0.6089671619284379,-1.0511242973315726
-0.09143329760790146,0.4800470176222086,-0.5685950438826175
-0.09143329760790146,2.7773168663585395,-0.67888744467095
-0.09143329760790146,-0.10090365779516733,0.010440060256128479
-0.09143329760790146,2.4299056983733083,-1.3820014996965702
-0.09143329760790146,0.979131061329904,0.42403656321237565
-0.09143329760790146,-0.01090076453474472,-0.7616067452621995
-0.09143329760790146,0.7062782901216068,-0.7616067452621995
-0.09143329760790146,0.9919834744874924,-1.106270497725739
-0.09143329760790146,-0.17088990759447195,-1.2027763484155298
-0.09143329760790146,0.29683712810129226,-0.8029663955578242
-0.09143329760790146,-0.2480763888546104,-0.11363889063074559
-0.09143329760790146,-0.3161545773167941,-0.07227924033512104
-0.09143329760790146,-0.26600496519208655,-1.0097646470359478
-0.09143329760790146,0.06560169473661451,-0.3893698926015769
-0.09143329760790146,1.7241390105823782,-1.1752032482184467
-0.09143329760790146,1.1990261301437686,-1.0235511971344895
-0.09143329760790146,0.7846528095727828,-0.4031564427001187
-0.09143329760790146,1.0391449905559538,-0.6926739947694918
-0.09143329760790146,0.734827207863813,-1.3268552993024039
-0.09143329760790146,1.2518038267516804,-1.2165628985140715
-0.09143329760790146,0.529116595027791,-0.292864041911786
-0.09143329760790146,0.5484132153428256,-0.9270453464446984
-0.09143329760790146,0.2591079152465231,-0.6375277943753255
-0.09143329760790146,-0.4352104045216811,-0.41694299279866026
-0.09143329760790146,0.0453690443316715,-0.5134488434884512
-0.09143329760790146,2.817458156752688,-1.6715190517659433
-0.09143329760790146,2.0031839808469925,-1.037337747233031
-0.09143329760790146,1.2188627678183657,-1.2027763484155298
-0.09143329760790146,0.6611688400194831,-1.0511242973315726
-0.09143329760790146,2.5766824167024054,-1.106270497725739
0.19696356492573514,1.1977660896381226,-0.9132587963461567
-0.09143329760790146,0.6085351480407879,-1.1476301480213638
-0.09143329760790146,-0.5504861102096303,-0.8581125959519905
0.10323458460230325,0.008575861566810734,-0.11363889063074559
-0.09143329760790146,0.4503820640035733,-0.9270453464446984
-0.09143329760790146,0.6379840947155981,-0.6375277943753255
-0.09143329760790146,-0.11274803854823895,0.10694591094591957
-0.09143329760790146,0.34911080850694576,-0.5410219436855346
-0.09143329760790146,2.716690917458319,-1.492293900484903
-0.09143329760790146,2.827286472696726,-1.5474401008790692
-0.09143329760790146,0.6906897890089017,-1.1476301480213638
-0.09143329760790146,1.1380761708278104,-0.8581125959519905
0.03834529053223501,1.0246725253196778,-0.6237412442767839
-0.09143329760790146,0.22872293848180444,-0.5410219436855346
-0.09143329760790146,0.04637707673618823,0.14830556124154431
-0.09143329760790146,0.23747121970671753,-0.7064605448680331
-0.09143329760790146,0.857519151956421,-1.1476301480213638
-0.09143329760790146,-0.2002668519546739,-0.07227924033512104
-0.09143329760790146,1.6766534840981793,-1.4647208002878198
-0.09143329760790146,-0.19231059619045254,-0.2515043916161612
-0.09143329760790146,0.772124406830932,-0.7478201951636579
-0.09143329760790146,-0.1684058277404843,0.644621364789041
-0.09143329760790146,0.4163969715084377,-0.5961681440797006
-0.09143329760790146,-0.3092423551143936,-1.0511242973315726
0.066833273294704,2.29184126011182,-1.0786973975286558
0.31839382283463474,-0.2586607291020361,0.21723831173425187
-0.09143329760790146,-0.8608520873288718,0.961712017055497
-0.09143329760790146,1.700450249076235,-1.3682149495980287
-0.09143329760790146,2.0197805143642147,-1.3406418494009456
-0.09143329760790146,0.6559486722103786,-1.3268552993024039
-0.09143329760790146,-0.07645887198563656,0.05179971055175323
-0.09143329760790146,0.216914558886037,0.31374416242404335
-0.09143329760790146,0.7745724855276155,0.10694591094591957
-0.09143329760790146,0.36664337211407605,-0.94083189654324
-0.09143329760790146,0.4571142804194529,-0.16878509102491193
-0.09143329760790146,1.6446844564120773,-1.133843597922822
-0.09143329760790146,0.15438054864869538,-0.5410219436855346
-0.09143329760790146,0.5001716645552391,-0.43072954289720183
-0.09143329760790146,-0.08452313122177042,-0.7064605448680331
-0.09143329760790146,0.5017557154766225,-0.9821915468388647
-0.09143329760790146,-0.06094237318753969,-0.6237412442767839
-0.09143329760790146,0.18037338422230542,-1.161416698119905
-0.09143329760790146,2.3537272495176866,-1.3268552993024039
-0.09143329760790146,0.34014652033820764,-0.5685950438826175
-0.09143329760790146,0.6491084523225864,-0.4996622933899096
-0.09143329760790146,2.01844847154396,-1.0924839476271972
-0.09143329760790146,2.945694279070138,-1.230349448612613
-0.09143329760790146,3.779805092650431,-1.561226650977611
-0.09143329760790146,0.08792241226519931,-0.33422369220741094
-0.09143329760790146,2.76972062216736,-1.0786973975286558
-0.09143329760790146,0.504635808060956,-0.9132587963461567
-0.09143329760790146,-0.13024460099806512,1.0030716673511215
-0.09143329760790146,1.8632474824056875,-1.133843597922822
-0.09143329760790146,-0.6709099813920758,-0.09985234053220401
-0.09143329760790146,1.2816487861568366,-0.7616067452621995
-0.09143329760790146,0.9417978612054807,-0.9684049967403231
-0.09143329760790146,0.9875193309817755,0.24481141193133543
-0.09143329760790146,1.5221365169486858,-1.3682149495980287
-0.09143329760790146,0.23660719193141747,-1.133843597922822
-0.09143329760790146,-0.7309239106181257,-0.67888744467095
-0.09143329760790146,-0.3966171638916119,-0.3893698926015769
-0.09143329760790146,1.2961932537077208,-0.94083189654324
-0.09143329760790146,-0.06069036508641051,0.14830556124154431
-0.09143329760790146,0.8230660444163312,-0.8443260458534491
-0.09143329760790146,0.23811924053819258,-0.6099546941782422
-0.09143329760790146,0.4848711727009672,-0.5961681440797006
-0.09143329760790146,0.055053355646492975,-0.3893698926015769
-0.09143329760790146,0.1951698598743189,-0.7753932953607411
0.754948798958206,-0.04589388943439703,-0.6237412442767839
-0.09143329760790146,1.702106302312227,-1.0097646470359478
-0.09143329760790146,0.8000613048989672,-1.0235511971344895
-0.09143329760790146,1.3616433576867002,-1.0097646470359478
-0.09143329760790146,0.36433929804660925,-0.6926739947694918
-0.09143329760790146,0.36275524712522583,-0.3755833425030355
-0.09143329760790146,-0.010468750647094691,-0.16878509102491193
-0.09143329760790146,2.5900748472195563,-1.1200570478242806
-0.09143329760790146,2.7004543955141385,-1.2854956490067793
-0.09143329760790146,-0.7759253572483369,0.49296931370508357
-0.09143329760790146,-0.8556319195197672,0.21723831173425187
-0.09143329760790146,0.5403849572639958,-1.0924839476271972
-0.09143329760790146,1.8504670715627074,-0.6375277943753255
-0.09143329760790146,-0.8620041243626051,2.464445977796528
-0.09143329760790146,2.2273991885373574,-1.133843597922822
-0.09143329760790146,0.8535590246529624,0.2861710622269598
-0.09143329760790146,-0.4447147100499817,-0.7891798454592827
-0.09143329760790146,0.14113212276076118,-0.9546184466417815
-0.09143329760790146,1.2676083348082106,-0.8305394957549074
-0.09143329760790146,-0.09841957794117967,-0.3204371421088692
-0.09143329760790146,0.7091223815486362,-1.0511242973315726
-0.09143329760790146,-0.7714252125853158,-0.4031564427001187
-0.09143329760790146,0.3416225677876786,-1.161416698119905
-0.09143329760790146,0.5122320522521356,-1.6715190517659433
-0.09143329760790146,1.1779654531208297,-1.230349448612613
-0.09143329760790146,0.37161153182205137,-0.058492690236579443
-0.09143329760790146,0.979131061329904,-0.8305394957549074
-0.09143329760790146,-0.3241468342383196,-0.41694299279866026
-0.09143329760790146,0.5970867800180621,-1.1200570478242806
-0.09143329760790146,-0.5160330026695406,0.9065658166613307
-0.09143329760790146,3.5492896824318363,-1.3820014996965702
-0.09143329760790146,0.6791334175142634,-0.07227924033512104
-0.09143329760790146,0.7765165480220406,-0.9684049967403231
-0.09143329760790146,-0.17013388329108442,-0.7478201951636579
-0.09143329760790146,-0.002512494882873331,-0.16878509102491193
-0.09143329760790146,4.9705073693285176,-1.4509342501892781
-0.09143329760790146,0.9959076006336468,-0.8718991460505322
-0.09143329760790146,3.6189159206580994,-1.133843597922822
0.7344304451020579,0.9102968485643328,-0.4031564427001187
-0.09143329760790146,-0.13892087990836985,-0.2790774918132446
-0.09143329760790146,2.181317707188021,-0.9546184466417815
-0.09143329760790146,1.6129314356698001,-1.1200570478242806
-0.09143329760790146,3.4757753192167233,-1.2441359987111547
0.9331345034984391,-0.38563681091384033,-0.11363889063074559
-0.09143329760790146,0.5598975845228555,-1.161416698119905
-0.09143329760790146,1.5191484208924397,-0.292864041911786
-0.09143329760790146,0.9128169295756247,-1.1200570478242806
-0.09143329760790146,0.22735489450424604,-1.0235511971344895
-0.09143329760790146,4.6017475150619145,-0.8443260458534491
-0.09143329760790146,1.277940666954507,-1.0097646470359478
-0.09143329760790146,-0.5175810524336198,1.154723718435079
-0.09143329760790146,-1.4141178727793415,3.4295044846944385
-0.09143329760790146,1.4698268353857282,-0.8029663955578242
-0.09143329760790146,0.697566010053998,-1.3130687492038624
-0.09143329760790146,2.624887966332688,-0.9821915468388647
-0.09143329760790146,0.9622465185542488,-0.3617967924044939
-0.09143329760790146,0.15578459378355797,-0.5685950438826175
-0.09143329760790146,0.9423018774077391,-0.44451609299574324
-0.09143329760790146,1.4347617081714674,-1.2165628985140715
-0.09143329760790146,0.1363079676820025,-0.14121199082782876
-0.09143329760790146,0.7416314265943008,-0.44451609299574324
-0.09143329760790146,1.7815608564825278,-0.7202470949665748
0.12486434929232598,-1.031677578737154,1.0720044178438293
-0.09143329760790146,-0.08589117519932885,-0.18257164112345334
-0.09143329760790146,0.7707203616960694,-0.4583026430942848
-0.09143329760790146,0.7105984289981071,-0.4996622933899096
-0.09143329760790146,1.5407851164322452,-0.8718991460505322
1.2063525837934632,3.8941087670911676,-1.5060804505834444
-0.09143329760790146,-0.3763485123293647,-0.5548084937840759
-0.09143329760790146,1.2449636068638883,-1.3682149495980287
-0.09143329760790146,0.5584215370733846,-1.1200570478242806
-0.09143329760790146,3.284501170459673,-1.1889897983169881
-0.09143329760790146,2.558285825319975,-1.161416698119905
0.032165357763657074,-0.04844997160299303,0.05179971055175323
-0.09143329760790146,0.5270645290614533,-0.6513143444738668
-0.09143329760790146,1.7357673843916248,-1.0786973975286558
-0.09143329760790146,1.7011342710650144,-0.43072954289720183
-0.09143329760790146,0.3517748941474543,-0.9270453464446984
-0.09143329760790146,0.6082471387823545,-0.6099546941782422
-0.09143329760790146,2.9681950023852437,-1.4371477000907367
-0.09143329760790146,0.9777990185096498,-1.2717090989082378
-0.09143329760790146,0.015776093027644544,-0.5685950438826175
-0.09143329760790146,0.7669762413364358,-0.6237412442767839
-0.09143329760790146,3.195470308446463,-1.423361149992195
-0.060035252090126515,-0.24087615739377657,0.20345176163571066
-0.09143329760790146,2.363159552731379,-1.1200570478242806
-0.09143329760790146,3.1299482021528755,-1.6301594014703187
-0.09143329760790146,0.45999437300378637,-0.4031564427001187
-0.09143329760790146,-0.6059278924580507,-0.5823815939811591
-0.09143329760790146,0.034100682095466586,-0.8856856961490736
-0.09143329760790146,0.14372420608666134,0.3413172626211261
0.2625083064106526,-0.2841495484733878,0.10694591094591957
-0.09143329760790146,0.8088455872811845,-0.3755833425030355
-0.09143329760790146,1.2227868939645201,-0.7202470949665748
-0.09143329760790146,1.7232749828070781,-1.3682149495980287
-0.09143329760790146,2.006496087318976,-1.064910847430114
-0.09143329760790146,1.1623409508508202,-0.292864041911786
-0.09143329760790146,0.10160285204078355,-0.9684049967403231
-0.09143329760790146,0.28978090126967515,0.9065658166613307
-0.09143329760790146,1.4193892140025872,-0.6513143444738668
-0.09143329760790146,0.8016093546630465,-0.7753932953607411
-0.09143329760790146,0.19909398602047332,-0.4858757432913682
-0.09143329760790146,2.5434173473533535,-1.2441359987111547
-0.09143329760790146,0.2585678978869606,-0.21014474132053668
-0.09143329760790146,-0.3514717126321839,-0.41694299279866026
-0.09143329760790146,1.3784198969904429,-0.7616067452621995
-0.09143329760790146,0.25266370808907684,-0.22393129141907828
-0.09143329760790146,3.9090132462150935,-1.2441359987111547
-0.09143329760790146,3.260128386964751,-1.3682149495980287
-0.09143329760790146,1.8069776735392713,-1.1889897983169881
-0.09143329760790146,1.6232277666587924,-1.2165628985140715
-0.09143329760790146,0.998067670071897,-0.4031564427001187
-0.09143329760790146,1.8713117416418212,-1.161416698119905
-0.09143329760790146,-0.4016933270714997,-0.2790774918132446
-0.09143329760790146,0.7320551187513918,-0.22393129141907828
-0.09143329760790146,1.4232773389914375,-1.2441359987111547
-0.09143329760790146,2.822318312988751,-1.230349448612613
-0.09143329760790146,3.494711927958716,-0.5272353935869928
-0.09143329760790146,0.18987768975060604,-0.04470614013803767
-0.09143329760790146,4.001716226273329,-1.1889897983169881
-0.09143329760790146,-0.8126105365412852,0.42403656321237565
-0.09143329760790146,0.3179698074388395,0.5481155140992499
-0.09143329760790146,3.685878073243854,-1.2992821991053207
-0.09143329760790146,2.532364992060973,-1.2854956490067793
-0.09143329760790146,3.1127396489614827,-1.2854956490067793
-0.09143329760790146,0.01480406178043198,-0.4720891931928266
-0.09143329760790146,-0.04589388943439703,1.0030716673511215
-0.09143329760790146,0.0791021287256779,-1.2441359987111547
-0.09143329760790146,-0.08322708955882033,-0.7340336450651164
-0.09143329760790146,2.5424093149488365,-1.0235511971344895
-0.09143329760790146,1.900004664013244,-1.2027763484155298
-0.09143329760790146,0.913536952721708,-0.9684049967403231
-0.09143329760790146,4.402697116327164,-1.3406418494009456
-0.09143329760790146,0.9151930059576998,-0.8856856961490736
-0.09143329760790146,0.5692218842646353,-0.44451609299574324
-0.09143329760790146,-0.492272238848789,0.5481155140992499
-0.09143329760790146,1.4141330450361786,-0.9132587963461567
-0.09143329760790146,0.4490140200260148,0.2861710622269598
-0.09143329760790146,0.7091223815486362,-0.9959780969374062
-0.09143329760790146,1.5401370956007703,-1.2717090989082378
-0.09143329760790146,1.7964293344491498,-1.2027763484155298
-0.09143329760790146,2.170013343794512,-1.354428399499487
-0.09143329760790146,-0.32418283539562376,1.1409371683365372
-0.09143329760790146,-0.5231972329730702,0.8100599659715396
-0.09143329760790146,0.6314318840862394,-0.8581125959519905
-0.09143329760790146,0.960590465318257,-0.5548084937840759
-0.09143329760790146,1.2131025826496986,-0.8856856961490736
-0.09143329760790146,0.522312376297303,-0.5410219436855346
-0.09143329760790146,2.067554050106847,-0.7753932953607411
-0.09143329760790146,0.02045624347718652,0.8927792665627895
-0.09143329760790146,1.5064040112067638,-0.8718991460505322
-0.09143329760790146,-0.7786614452034538,0.8100599659715396
-0.09143329760790146,0.64007216183924,-0.3617967924044939
-0.09143329760790146,2.045665346465912,-0.7478201951636579
-0.09143329760790146,0.2173825739309912,-0.3204371421088692
-0.09143329760790146,0.31537772411293935,-0.6651008945724086
-0.09143329760790146,2.3884323651589057,-1.2165628985140715
-0.09143329760790146,0.7960291752809002,-0.017133039940954692
-0.09143329760790146,4.421741728541069,-1.3406418494009456
-0.09143329760790146,6.5143089968458945,-1.519867000681986
-0.09143329760790146,1.2002141683348062,-1.3682149495980287
-0.09143329760790146,1.3716876805745633,-1.230349448612613
-0.09143329760790146,0.3304622090233862,-0.017133039940954692
-0.09143329760790146,4.444242451856175,-1.2441359987111547
-0.09143329760790146,2.309697834134688,-0.8718991460505322
-0.09143329760790146,1.4417459326884763,-1.037337747233031
-0.09143329760790146,-0.4349943975778561,-0.15499854092637036
-0.09143329760790146,-0.5093727885682693,0.3826769129167509
-0.09143329760790146,0.5741180416580023,-1.0924839476271972
-0.09143329760790146,1.9352857981713296,-1.1752032482184467
-0.09143329760790146,0.8804158880018725,-0.7616067452621995
-0.09143329760790146,2.3388227703937607,-0.94083189654324
-0.09143329760790146,1.3447588149110448,-0.5410219436855346
-0.09143329760790146,0.8425426705178867,-0.3755833425030355
-0.09143329760790146,1.1889098049412972,-1.2579225488096961
-0.09143329760790146,4.292029558774148,-1.3682149495980287
-0.09143329760790146,0.2763524695952201,-0.8718991460505322
-0.09143329760790146,0.6372640715695148,-0.7478201951636579
-0.09143329760790146,3.2411917782227575,-1.492293900484903
-0.09143329760790146,1.0878905575457987,-0.7891798454592827
-0.09143329760790146,1.3366585545176068,-1.0924839476271972
-0.09143329760790146,3.010208352959209,-0.9270453464446984
-0.09143329760790146,-0.21999548615735853,0.7549137655773737
-0.09143329760790146,2.161301063726903,-1.037337747233031
-0.09143329760790146,2.218830913098965,-1.1889897983169881
-0.09143329760790146,1.46086254721699,-1.1752032482184467
-0.09143329760790146,0.9521301933517773,-0.6099546941782422
-0.09143329760790146,0.3705314971029263,-0.5823815939811591
-0.09143329760790146,0.8614432781025755,-1.133843597922822
-0.09143329760790146,0.5168402003870693,-0.5134488434884512
-0.09143329760790146,0.9341296146996927,-1.1476301480213638
-0.09143329760790146,0.09199054304057042,1.0995775180409129
-0.09143329760790146,6.294665936133159,-1.492293900484903
-0.09143329760790146,4.076742638095217,-1.4647208002878198
-0.09143329760790146,-0.3285749765867324,-0.12742544072928738
-0.09143329760790146,0.7072863225261236,-0.7478201951636579
-0.09143329760790146,0.23293507388639223,-0.4031564427001187
-0.09143329760790146,2.7587402691895884,-1.0924839476271972
-0.09143329760790146,3.853103448921719,-0.8994722462476153
-0.09143329760790146,0.7147385620880866,-1.0511242973315726
-0.09143329760790146,0.5099999804992772,-0.6651008945724086
-0.09143329760790146,2.854683353405199,-1.4095745998936535
-0.09143329760790146,-0.12675248873956071,0.3688903628182097
-0.09143329760790146,0.16788098263775877,0.038013160453211646
-0.09143329760790146,0.38046781651887696,-0.5134488434884512
-0.09143329760790146,1.284924891471516,-1.133843597922822
-0.09143329760790146,1.1649330341767206,-0.8581125959519905
-0.09143329760790146,1.6368362041197684,-1.0924839476271972
-0.09143329760790146,0.3925642053730778,-0.94083189654324
-0.09143329760790146,0.2951090725506922,-0.4720891931928266
-0.09143329760790146,0.5627416759498849,-0.6926739947694918
-0.09143329760790146,0.2790525563930328,-0.1963581912219951
-0.09143329760790146,0.17554922914354676,-0.04470614013803767
-0.09143329760790146,0.8645033764734298,-0.6926739947694918
-0.09143329760790146,2.273948684931648,-1.2441359987111547
-0.09143329760790146,2.2864410865161946,-1.3957880497951118
-0.09143329760790146,3.1932022355363006,-0.9546184466417815
-0.09143329760790146,1.4768110599027369,-0.8856856961490736
-0.09143329760790146,0.4894073185212925,-0.5685950438826175
-0.09143329760790146,2.588670802084694,-0.1963581912219951
-0.09143329760790146,-0.020117060804611994,0.6997675651832069
-0.09143329760790146,3.268732663560447,-1.3820014996965702
-0.09143329760790146,1.1955700190425684,-0.5134488434884512
-0.09143329760790146,4.603799581028252,-1.3682149495980287
-0.09143329760790146,1.3811199837882555,-1.0786973975286558
-0.09143329760790146,1.2639002156058812,-0.8443260458534491
-0.09143329760790146,-0.3958971407455285,-0.5685950438826175
-0.09143329760790146,1.2470516739875301,-0.030919590039496084
-0.09143329760790146,0.8956083763842319,-0.6513143444738668
-0.09143329760790146,0.5975907962203205,-0.4996622933899096
-0.09143329760790146,0.4825310974761962,-0.8856856961490736
-0.09143329760790146,2.7335034579193658,-1.2992821991053207
-0.09143329760790146,3.488915741632745,-1.1476301480213638
-0.09143329760790146,0.49671555345403884,-0.44451609299574324
-0.09143329760790146,6.316050623571836,-1.6715190517659433
-0.09143329760790146,3.306245869471391,-0.7340336450651164
-0.09143329760790146,1.905980856125736,-1.4095745998936535
-0.09143329760790146,3.124620030871858,-1.1889897983169881
-0.09143329760790146,1.0845064487592069,-1.064910847430114
-0.09143329760790146,1.0421330866121998,-0.8856856961490736
-0.09143329760790146,0.5955027290966787,-0.8718991460505322
-0.09143329760790146,2.8097179079322916,-1.2717090989082378
-0.09143329760790146,1.804349589056067,-0.9959780969374062
-0.09143329760790146,2.0417412203197576,-1.2165628985140715
-0.09143329760790146,2.666685309962828,-1.2717090989082378
-0.09143329760790146,-0.6852024408418309,0.8514196162671643
-0.09143329760790146,1.0781342439163688,-1.5750132010761524
-0.09143329760790146,0.8621273000913546,-0.8305394957549074
-0.09143329760790146,1.5350249312635782,-0.8856856961490736
-0.09143329760790146,0.25374374280820194,1.4580278206029933
-0.09143329760790146,1.3775198680578387,-0.5272353935869928
-0.09143329760790146,-0.10900391818860537,-0.41694299279866026
-0.09143329760790146,1.8082017128876129,-1.0097646470359478
-0.09143329760790146,2.1441645128501183,-1.4785073503863613
-0.09143329760790146,3.404205018496035,-1.4647208002878198
-0.09143329760790146,1.2630361878305811,-0.8029663955578242
-0.09143329760790146,0.8719916171926969,-1.3957880497951118
-0.09143329760790146,0.7138745343127865,-1.106270497725739
-0.09143329760790146,1.4021446596538902,-0.5272353935869928
-0.09143329760790146,-0.16635376177414665,-0.1963581912219951
-0.09143329760790146,1.6439284321086896,-1.161416698119905
-0.09143329760790146,1.0691339545903267,-0.7202470949665748
-0.09143329760790146,1.057901593511426,-1.2992821991053207
-0.09143329760790146,0.05940949568029743,-0.4720891931928266
-0.09143329760790146,0.34911080850694576,-0.12742544072928738
-0.09143329760790146,1.619699653242984,-1.0511242973315726
-0.09143329760790146,1.053473451163013,-1.3268552993024039
-0.09143329760790146,2.0557456705110795,-1.0924839476271972
-0.09143329760790146,1.3888602326086519,-1.1752032482184467
-0.09143329760790146,1.200178167177502,-1.1200570478242806
-0.09143329760790146,1.3049055337753297,-1.4647208002878198
-0.09143329760790146,0.40131248659799085,-0.6099546941782422
-0.09143329760790146,-0.7415802531801596,0.6032617144934163
-0.09143329760790146,1.7907771527523952,-1.3406418494009456
-0.09143329760790146,0.9566303380147984,-0.8167529456563658
-0.09143329760790146,0.26486810041519016,-0.5410219436855346
-0.09143329760790146,1.4252214014858626,-1.1476301480213638
-0.09143329760790146,0.2993572091125841,-0.8994722462476153
-0.09143329760790146,5.148749099141458,-1.4785073503863613
-0.09143329760790146,3.885900503225817,-1.2992821991053207
-0.09143329760790146,0.06365763224218937,-0.18257164112345334
-0.09143329760790146,1.6357561694006433,-0.6237412442767839
-0.09143329760790146,1.0049798922742974,-0.8443260458534491
-0.09143329760790146,-0.13262067738014027,1.2788026693219532
-0.09143329760790146,0.7336751708300795,-0.09985234053220401
-0.09143329760790146,0.07265792156823164,-0.9546184466417815
-0.09143329760790146,-0.020009057332699486,-0.12742544072928738
-0.09143329760790146,0.03550472723032918,-0.15499854092637036
-0.09143329760790146,-0.03595757001844638,0.024226610354670254
-0.09143329760790146,1.4354097290029426,-0.7891798454592827
-0.09143329760790146,0.8033374102136466,-0.8029663955578242
-0.09143329760790146,2.9986519814645707,-1.2165628985140715
-0.09143329760790146,0.9036366344630615,-0.7891798454592827
-0.09143329760790146,-0.06810660349106933,-0.7478201951636579
-0.09143329760790146,1.5128482183642102,-1.2027763484155298
-0.09143329760790146,0.46089440193639064,-0.7340336450651164
-0.09143329760790146,2.408989025979586,-1.1476301480213638
-0.09143329760790146,2.287629124707232,-1.354428399499487
-0.09143329760790146,-0.6470052129421076,-0.5548084937840759
-0.09143329760790146,1.4536983169134603,-0.7753932953607411
-0.09143329760790146,1.014484197802598,-1.3957880497951118
-0.09143329760790146,0.7048742449867442,-0.8167529456563658
-0.09143329760790146,1.5405691094884204,-1.161416698119905
-0.09143329760790146,1.3137978196294595,-0.9684049967403231
-0.09143329760790146,0.3856879843279815,-0.3893698926015769
-0.09143329760790146,-0.09085933490730418,-0.2790774918132446
-0.09143329760790146,1.3320504063826732,-0.94083189654324
-0.09143329760790146,3.3651077616637077,-1.2992821991053207
-0.09143329760790146,1.5798823732645728,-1.0786973975286558
-0.09143329760790146,-0.28839768503527974,0.23102486183279383
-0.09143329760790146,1.1080872067934375,-1.0097646470359478
-0.09143329760790146,2.2252751202564114,-1.5887997511746939
-0.09143329760790146,2.6593050727154735,-1.2579225488096961
-0.09143329760790146,3.9777754566660564,-1.4509342501892781
-0.09143329760790146,5.403133276652717,-1.3406418494009456
-0.09143329760790146,0.23455512596507982,0.6032617144934163
-0.09143329760790146,2.6231239096247836,-1.2027763484155298
-0.09143329760790146,0.3363303976639657,-0.5685950438826175
-0.09143329760790146,0.7599560156621229,-0.6099546941782422
-0.09143329760790146,2.068850091769797,-1.133843597922822
-0.09143329760790146,2.163497134322457,-1.4647208002878198
-0.09143329760790146,0.5741180416580023,-1.2579225488096961
-0.09143329760790146,6.5143089968458945,-1.2441359987111547
-0.09143329760790146,4.24990820472827,-1.1476301480213638
-0.09143329760790146,1.3463428658324283,-1.5750132010761524
-0.09143329760790146,-0.24991244787712302,0.14830556124154431
-0.09143329760790146,1.1259077796590011,-0.7753932953607411
-0.09143329760790146,2.2391715669758208,-1.3268552993024039
-0.09143329760790146,0.6865496559189223,-0.4720891931928266
-0.09143329760790146,0.7883969299324164,-0.7753932953607411
-0.09143329760790146,1.1044870910630207,-1.2027763484155298
-0.09143329760790146,0.785120824617737,-1.0235511971344895
-0.09143329760790146,2.9135452455975153,-0.8443260458534491
-0.09143329760790146,4.52070890997023,-1.106270497725739
-0.09143329760790146,3.3883285081248964,-1.2027763484155298
-0.09143329760790146,2.950302427205072,-1.2027763484155298
-0.09143329760790146,0.5066158717126853,-1.133843597922822
-0.09143329760790146,2.8961926877769057,-1.133843597922822
-0.09143329760790146,1.9882795017230666,-0.9132587963461567
-0.09143329760790146,2.256488123639126,-1.4371477000907367
-0.09143329760790146,2.502844043071555,-0.5961681440797006
-0.09143329760790146,0.7467435909314929,-1.2441359987111547
-0.09143329760790146,0.5012516992743641,0.2861710622269598
-0.09143329760790146,0.2197226491557622,-0.22393129141907828
-0.09143329760790146,1.2365033348974086,-1.1476301480213638
-0.09143329760790146,1.1753013674803212,-0.8029663955578242
-0.09143329760790146,6.5143089968458945,-1.423361149992195
-0.09143329760790146,2.315314014674138,-1.354428399499487
-0.09143329760790146,0.4186650444186003,0.13451901114300274
-0.09143329760790146,0.2328630715717839,-0.6099546941782422
-0.09143329760790146,-0.14806517386362877,0.10694591094591957
-0.09143329760790146,0.6014429200518666,-0.3893698926015769
-0.09143329760790146,0.1978699466721316,-0.11363889063074559
-0.09143329760790146,-0.7097552301232742,3.1951331330192314
-0.09143329760790146,0.19722192584065654,-0.8856856961490736
-0.09143329760790146,1.0778462346579356,-0.9959780969374062
-0.09143329760790146,3.107519481152378,-1.5336535507805278
-0.09143329760790146,1.2159826752340321,-1.2717090989082378
-0.09143329760790146,0.0019516486228436307,-0.41694299279866026
-0.09143329760790146,0.8985604712831737,-0.265290941714703
-0.09143329760790146,0.06772576301756048,0.024226610354670254
-0.09143329760790146,1.2348112805041127,-0.43072954289720183
-0.09143329760790146,3.721303212031156,-1.6301594014703187
-0.09143329760790146,1.3751437916757636,-1.133843597922822
-0.09143329760790146,0.4374576485313766,-0.017133039940954692
-0.09143329760790146,2.022840612735069,-1.106270497725739
-0.09143329760790146,0.2628880367634609,-0.017133039940954692
-0.09143329760790146,0.1241035753558892,-0.41694299279866026
-0.09143329760790146,1.590574716983911,-1.106270497725739
-0.09143329760790146,4.28306527060541,-1.1752032482184467
-0.09143329760790146,3.102587322601707,-0.9821915468388647
-0.09143329760790146,0.6904737820650766,-1.064910847430114
-0.09143329760790146,1.4862793642737333,-1.1889897983169881
-0.09143329760790146,2.712226773952602,-1.2579225488096961
-0.09143329760790146,1.294141187741383,-0.9959780969374062
-0.09143329760790146,2.9963839085544084,-1.423361149992195
-0.09143329760790146,0.34911080850694576,-0.9132587963461567
-0.09143329760790146,0.6970259926944354,-0.4583026430942848
-0.09143329760790146,-0.3476195888006378,-0.8718991460505322
-0.09143329760790146,1.2120945502451819,-0.9270453464446984
-0.09143329760790146,0.8229940421017229,-1.0924839476271972
-0.09143329760790146,1.48383128557705,-1.2165628985140715
-0.09143329760790146,0.8441267214392701,-0.8718991460505322
-0.09143329760790146,4.014676642902829,-1.3406418494009456
-0.09143329760790146,1.2210228372566159,-0.16878509102491193
-0.09143329760790146,3.801369785875628,-0.94083189654324
-0.09143329760790146,3.135420378063109,-1.1476301480213638
-0.09143329760790146,-0.7372241131463552,1.3063757695190368
-0.09143329760790146,0.4571142804194529,-0.8029663955578242
-0.09143329760790146,0.26079996963981905,-0.030919590039496084
-0.09143329760790146,0.3486067923046874,-0.5272353935869928
-0.09143329760790146,2.210226636503269,-1.0097646470359478
-0.09143329760790146,3.5718984092188544,-1.423361149992195
-0.09143329760790146,1.2299511242680499,-1.064910847430114
-0.09143329760790146,3.764972615841113,-1.2027763484155298
-0.09143329760790146,-0.7062271167074656,1.8164781231650744
-0.09143329760790146,1.0894746084671822,-0.7340336450651164
-0.09143329760790146,0.7238828560433455,-0.44451609299574324
-0.09143329760790146,2.6861979372216878,-0.9821915468388647
-0.09143329760790146,-0.7384841536520012,1.7889050229679913
-0.09143329760790146,-0.8324831753731865,-0.30665059201032757
-0.09143329760790146,0.05894148063534323,-0.30665059201032757
-0.09143329760790146,-0.5766229504124571,1.2925892194204947
-0.09143329760790146,0.13497592486174825,0.4102500131138341
-0.09143329760790146,1.4922195552289212,-1.0235511971344895
-0.09143329760790146,-0.5509181240972804,1.196083368730704
-0.09143329760790146,-0.42340202492591367,0.6170482645919578
-0.09143329760790146,-0.18579438671839793,0.10694591094591957
-0.09143329760790146,0.2690082335051696,-0.6651008945724086
-0.09143329760790146,1.5768222748937186,-0.8305394957549074
-0.09143329760790146,0.5490252350169964,-1.0786973975286558
-0.09143329760790146,0.17572923493006762,-0.7064605448680331
-0.09143329760790146,-0.19090655105558996,0.6859810150846658
0.27936266850677416,-0.9016413985544952,1.7061857223767418
-0.09143329760790146,0.7754365133029156,-0.4583026430942848
-0.09143329760790146,1.1510365874573112,-0.7753932953607411
-0.09143329760790146,1.1912858813233722,-1.2165628985140715
3.8019243465961927,1.4680627786778238,-0.18257164112345334
-0.09143329760790146,1.1467524497381152,-0.4996622933899096
-0.09143329760790146,2.212170698997694,-1.3682149495980287
-0.09143329760790146,3.459574798429847,-0.8581125959519905
-0.09143329760790146,-0.6276725914697688,0.796273415872998
-0.09143329760790146,0.2016860693463735,-0.8856856961490736
-0.09143329760790146,0.4433618383292603,-0.4996622933899096
-0.09143329760790146,3.522576823712143,-1.4095745998936535
-0.09143329760790146,3.1472287576588767,-1.4785073503863613
-0.09143329760790146,1.1074751871192667,-0.7753932953607411
-0.09143329760790146,3.240975771278933,-0.9270453464446984
-0.09143329760790146,1.4379298100142344,-1.161416698119905
-0.09143329760790146,0.4222291589917131,0.1758786614386275
-0.09143329760790146,1.6074952609168707,-0.5548084937840759
-0.09143329760790146,0.8637473521700423,-1.0786973975286558
-0.09143329760790146,0.6281917799288642,-0.2515043916161612
-0.09143329760790146,4.507460484082295,-1.3130687492038624
-0.09143329760790146,2.2241590843799823,-1.4095745998936535
-0.09143329760790146,2.63388825565873,-1.2717090989082378
-0.09143329760790146,3.944222378058571,-1.2027763484155298
-0.09143329760790146,1.15802081197432,-0.8029663955578242
-0.09143329760790146,-0.3324991027328868,0.5067558638036251
-0.09143329760790146,1.590754722770432,-1.2992821991053207
-0.09143329760790146,1.1749413559072794,-0.94083189654324
-0.09143329760790146,0.7558518837294477,-0.9959780969374062
-0.09143329760790146,2.2414396398859835,-1.1200570478242806
-0.09143329760790146,4.768252867593696,-0.18257164112345334
-0.09143329760790146,1.1109312982204669,-1.2992821991053207
-0.09143329760790146,2.769972630268489,-1.4785073503863613
-0.09143329760790146,-0.024617205467633126,-0.5410219436855346
-0.09143329760790146,0.5894905358268825,-0.7891798454592827
-0.09143329760790146,1.584166510983769,-0.8443260458534491
-0.09143329760790146,6.125064484073219,-1.1752032482184467
-0.09143329760790146,5.423041916641922,-1.2027763484155298
-0.09143329760790146,0.4049846046430161,-0.5410219436855346
-0.09143329760790146,1.7787887673701068,-1.0924839476271972
-0.09143329760790146,1.6087193002652123,-1.037337747233031
-0.09143329760790146,6.5143089968458945,-1.2027763484155298
-0.09143329760790146,-1.5259374673660906,3.53979688548277
-0.09143329760790146,0.8637473521700423,-1.106270497725739
-0.09143329760790146,0.7397233652571799,-0.94083189654324
-0.09143329760790146,3.430161852912341,-1.3268552993024039
-0.09143329760790146,3.800253749999199,-1.4785073503863613
-0.09143329760790146,0.623043614434368,-0.7753932953607411
-0.09143329760790146,-1.1536494996836786,3.663875836369645
-0.09143329760790146,0.36711138715903024,-0.6513143444738668
-0.09143329760790146,2.0230206185215898,-0.8856856961490736
-0.09143329760790146,1.5218845088475565,-1.3820014996965702
-0.09143329760790146,1.6034271301414995,-0.9821915468388647
-0.09143329760790146,2.906705025709723,-1.4509342501892781
-0.09143329760790146,0.279520571437987,0.2861710622269598
-0.09143329760790146,-0.22352359957316711,-0.058492690236579443
-0.09143329760790146,0.8619472943048337,-1.064910847430114
-0.09143329760790146,0.8930522942156358,-0.7064605448680331
-0.09143329760790146,0.247371537965364,-0.3617967924044939
-0.09143329760790146,0.5376128681515748,-0.8856856961490736
-0.09143329760790146,2.225383123728324,-1.2027763484155298
-0.09143329760790146,0.7509197251787765,-0.4031564427001187
-0.09143329760790146,1.9991518512289257,-0.9132587963461567
-0.09143329760790146,3.212750863952464,-1.0511242973315726
-0.09143329760790146,1.628699942569026,-1.2165628985140715
-0.09143329760790146,0.46723060562192437,0.038013160453211646
-0.09143329760790146,0.13648797346852334,-0.8856856961490736
-0.09143329760790146,0.9351736482615136,-1.0235511971344895
-0.09143329760790146,2.734187479908145,-1.133843597922822
-0.09143329760790146,0.9551902917226316,-1.2854956490067793
-0.09143329760790146,1.8218821526631972,-1.106270497725739
-0.09143329760790146,0.927793411014159,-1.3268552993024039
-0.09143329760790146,2.4602186728234186,-1.0511242973315726
-0.09143329760790146,2.0860586449611898,-0.9821915468388647
-0.09143329760790146,0.9146889897554414,-1.0786973975286558
-0.09143329760790146,1.1772814311320505,-1.5474401008790692
-0.09143329760790146,1.4341496884972966,-0.7202470949665748
-0.09143329760790146,1.8341585473039188,-0.94083189654324
-0.09143329760790146,0.430941439059322,-0.6513143444738668
-0.09143329760790146,0.4412737712056185,-0.2515043916161612
-0.09143329760790146,0.47378281625128316,-0.3755833425030355
-0.09143329760790146,1.8136018864832384,-0.8856856961490736
-0.09143329760790146,1.0611056965114969,-1.2027763484155298
-0.09143329760790146,3.9882157922842656,-1.106270497725739
-0.09143329760790146,3.2378076694361657,-1.6715190517659433
-0.09143329760790146,0.844954748057266,-0.43072954289720183
-0.09143329760790146,1.237223358043492,-1.0924839476271972
-0.09143329760790146,0.10354691453520867,-1.2992821991053207
-0.09143329760790146,1.6191596358834213,-1.2854956490067793
-0.09143329760790146,1.4428259674076014,-0.8167529456563658
0.07784312170532003,0.4538021739474693,-0.5961681440797006
-0.09143329760790146,1.2425515293245089,-1.0097646470359478
-0.09143329760790146,-0.1194442538068144,-0.04470614013803767
-0.09143329760790146,2.6357603158385468,-1.161416698119905
-0.09143329760790146,0.539340923702175,-0.5410219436855346
-0.09143329760790146,5.436722356417507,-1.106270497725739
-0.09143329760790146,0.922897253620792,-1.2165628985140715
-0.09143329760790146,-0.08171504095204524,-0.08606579043366243
-0.09143329760790146,1.2630361878305811,-1.133843597922822
-0.09143329760790146,2.5916228969836355,-1.1476301480213638
-0.09143329760790146,-0.3252628701147488,0.06558626065029481
-0.09143329760790146,1.2079544171552026,-0.7478201951636579
-0.09143329760790146,2.277512799504761,-1.1752032482184467
-0.09143329760790146,0.6132152984903299,-0.8856856961490736
-0.09143329760790146,0.22886694311102113,-0.4031564427001187
-0.09143329760790146,1.2213108465150493,-0.8994722462476153
-0.09143329760790146,0.6075631167935753,-0.7891798454592827
-0.09143329760790146,3.9396502310809414,-1.2027763484155298
-0.09143329760790146,-0.2113192072470538,-0.43072954289720183
-0.09143329760790146,0.22638286325703347,-1.1200570478242806
-0.09143329760790146,1.4168331318339913,-1.133843597922822
-0.09143329760790146,3.1186798399166706,-1.4647208002878198
-0.09143329760790146,3.1323962808495587,-1.2579225488096961
-0.09143329760790146,1.276896633392686,-1.037337747233031
-0.09143329760790146,2.6941901941432134,-1.2579225488096961
-0.09143329760790146,3.183301917277654,-1.161416698119905
-0.09143329760790146,0.8371064957649571,-0.4583026430942848
-0.09143329760790146,2.452226415901893,-1.2854956490067793
-0.09143329760790146,1.7171547860653695,-1.6025863012732353
-0.09143329760790146,0.430941439059322,-1.4785073503863613
-0.09143329760790146,0.3951202875416738,-0.7616067452621995
-0.09143329760790146,2.773572745998906,-1.3820014996965702
-0.09143329760790146,1.3682675706306673,-0.5823815939811591
-0.09143329760790146,1.379067917821918,-1.2165628985140715
-0.09143329760790146,3.6381045375012215,-1.2992821991053207
-0.09143329760790146,-0.1130360478066723,1.0720044178438293
-0.09143329760790146,1.7738926099767398,-0.67888744467095
-0.09143329760790146,0.5643617280285724,-0.07227924033512104
-0.09143329760790146,-0.44046657348808976,-1.2992821991053207
-0.09143329760790146,2.626004002209117,-1.0511242973315726
-0.09143329760790146,1.5046399544988596,-1.2579225488096961
-0.09143329760790146,4.185718141254937,-1.3957880497951118
-0.09143329760790146,-0.4143657344425672,0.24481141193133543
-0.09143329760790146,2.4611907040706313,-1.1752032482184467
-0.09143329760790146,-0.27860537024854576,-0.265290941714703
-0.09143329760790146,0.7201387356837119,0.31374416242404335
-0.09143329760790146,-0.7911898479453047,-0.5823815939811591
-0.09143329760790146,-0.8847928569361442,1.154723718435079
-0.09143329760790146,-0.3639281130594264,-0.5823815939811591
-0.09143329760790146,0.5137441008589108,-0.4996622933899096
-0.09143329760790146,-0.34938364550854206,-0.8029663955578242
-0.09143329760790146,0.4345055536324347,-0.11363889063074559
-0.09143329760790146,-1.333943295462957,2.3541535770081956
-0.09143329760790146,1.0452291861403584,-0.8581125959519905
-0.09143329760790146,-0.17214994810011788,0.3688903628182097
-0.09143329760790146,0.9684027164532617,-0.6926739947694918
-0.09143329760790146,5.077070794948858,-1.3130687492038624
-0.09143329760790146,2.0231646231508065,1.3201623196175778
-0.09143329760790146,-0.1528173266277791,0.35510381271966773
-0.09143329760790146,1.948786232160393,-0.7340336450651164
-0.09143329760790146,1.5720341209722641,-0.9270453464446984
-0.09143329760790146,3.539461366487798,-1.4509342501892781
-0.09143329760790146,-1.0459340370296049,1.8164781231650744
-0.09143329760790146,0.050733216769992685,-0.67888744467095
-0.09143329760790146,-0.7565207334613898,0.6032617144934163
-0.09143329760790146,-0.5059166774670691,-1.0511242973315726
-0.09143329760790146,-0.28612961212511706,0.6859810150846658
-0.09143329760790146,-0.901173383509541,1.2925892194204947
-0.09143329760790146,-0.7999381291702177,0.8789927164642476
-0.09143329760790146,-0.3404553584971082,0.5894751643948742
-0.09143329760790146,-0.8031062310129846,1.8026915730665327
-0.09143329760790146,-0.2972899708894095,-0.6513143444738668
-0.09143329760790146,0.08327826297296151,0.21723831173425187
-0.09143329760790146,-1.1764382322572176,2.3817266772052785
-0.09143329760790146,-1.1530374800095078,2.271434276416947
-0.09143329760790146,-0.7403922149891221,1.3063757695190368
-0.09143329760790146,-0.7889937773497503,-0.11363889063074559
-0.09143329760790146,-1.3260590420133442,1.182296818632162
-0.09143329760790146,-0.38988494747573227,1.4304547204059106
-0.09143329760790146,-0.6636377476166336,1.0995775180409129
-0.09143329760790146,-1.166105900110921,1.5407471211942432
-0.09143329760790146,-0.151521284964829,-1.4509342501892781
-0.09143329760790146,-1.7082113267970986,5.276902197899009
-0.09143329760790146,-1.2650370803827775,1.9543436241504901
-0.09143329760790146,-0.474163656724792,-0.5134488434884512
-0.09143329760790146,-0.8059143212827098,1.154723718435079
-0.09143329760790146,-0.6146761736829638,0.6308348146904991
-0.09143329760790146,-0.6049198600535339,-0.6375277943753255
-0.09143329760790146,-0.7505085401915936,0.8100599659715396
-0.09143329760790146,-1.1665019128412668,1.0995775180409129
-0.09143329760790146,0.07161388800641073,-0.41694299279866026
-0.09143329760790146,-0.5431778752768841,1.223656468927787
-0.09143329760790146,-0.6296526551214982,-0.4858757432913682
-0.09143329760790146,-1.3069424274848305,0.7687003156759149
-0.09143329760790146,-1.1159562879862135,2.3403670269096546
-0.09143329760790146,-1.0590384582883223,3.098627282329441
-0.09143329760790146,-0.32429083886753624,-1.037337747233031
-0.09143329760790146,-0.7502205309331602,2.1197822253329894
-0.09143329760790146,-0.4977444147590227,1.7475453726723664
-0.09143329760790146,-1.4553391978926151,4.036112689030268
-0.09143329760790146,-0.31511054375497316,0.6308348146904991
-0.09143329760790146,-1.002336635534256,-0.6237412442767839
-0.09143329760790146,-0.7709211963830574,0.4378231133109172
-0.09143329760790146,-0.44683877833092767,1.0168582174496634
-0.09143329760790146,-1.283433671765208,2.6988173294717352
-0.09143329760790146,-0.15263732084125825,0.3826769129167509
-0.09143329760790146,-1.1746381743920091,1.568320221391326
-0.09143329760790146,-1.1278366698965894,2.2162880760227797
-0.09143329760790146,-1.3527719007330377,2.2990073766140298
-0.09143329760790146,-1.0493181458161966,2.105995675234447
-0.09143329760790146,1.9665348027113485,-1.0924839476271972
-0.09143329760790146,-0.3948531071837076,0.5619020641977915
-0.09143329760790146,-0.5091927827817485,-0.41694299279866026
-0.09143329760790146,-0.12923656859354837,0.8376330661686228
-0.09143329760790146,-1.5650707253557223,5.552633199869841
-0.09143329760790146,-0.9334304204540765,-0.6237412442767839
-0.09143329760790146,-0.6589215960097875,0.49296931370508357
-0.09143329760790146,-1.3384434401259784,1.3201623196175778
-0.09143329760790146,-0.19256260429158173,0.4102500131138341
-0.09143329760790146,-1.1809383769202386,0.8789927164642476
-0.09143329760790146,-0.7587888063715524,0.961712017055497
-0.09143329760790146,-1.6801304240998467,5.580206300066924
-0.09143329760790146,-0.9003453568915452,0.5481155140992499
-0.09143329760790146,-0.5930754793004623,0.46539621350800037
-0.09143329760790146,-0.8026022148107262,1.651039521982576
-0.09143329760790146,-1.280661582652787,1.733758822573825
-0.09143329760790146,-0.14918120974005802,-0.1963581912219951
-0.09143329760790146,-1.1670059290435253,1.6786126221796587
-0.09143329760790146,-1.1459452520205864,1.7889050229679913
-0.09143329760790146,-0.7831615898664749,1.2788026693219532
-0.09143329760790146,-1.2097393027635739,0.49296931370508357
-0.09143329760790146,-0.8560639334074173,0.1758786614386275
-0.09143329760790146,-1.1734501362009715,0.9203523667598723
-0.09143329760790146,-1.2116473641006948,1.4993874708986186
-0.09143329760790146,-1.0218492627931157,1.3063757695190368
-0.09143329760790146,-0.9538790778028445,2.2576477263184045
-0.09143329760790146,-0.8741005132168059,1.127150618237996
-0.09143329760790146,-0.7957979960802383,0.5205424139021667
-0.09143329760790146,-0.3378992763285122,0.8514196162671643
-0.09143329760790146,-0.34023935155328316,-0.23771784151761965
-0.09143329760790146,-1.1921347368418354,1.7751184728694496
-0.09143329760790146,-1.3128826184400182,1.7889050229679913
-0.09143329760790146,-0.8874929437339568,1.0582178677452883
-0.09143329760790146,-1.0950756167497955,0.038013160453211646
-0.09143329760790146,-0.839611404519412,2.4782325278950696
-0.09143329760790146,-0.5859112489969327,0.6859810150846658
-0.09143329760790146,-0.4251660816338179,0.1758786614386275
-0.09143329760790146,0.1840095011100265,-1.0786973975286558
-0.09143329760790146,-0.30153810745130144,-0.292864041911786
-0.09143329760790146,-0.2390040972139598,0.10694591094591957
-0.09143329760790146,-0.3400593457667623,0.9341389168584135
-0.09143329760790146,1.0028198228360472,-0.3617967924044939
-0.09143329760790146,-0.22157953707874198,0.16209211134008591
-0.09143329760790146,-0.4609152308368578,0.6997675651832069
-0.09143329760790146,-0.9304783255551347,0.6308348146904991
-0.09143329760790146,-0.4363624415554145,-0.21014474132053668
-0.09143329760790146,-0.37490846603719796,-0.15499854092637036
-0.09143329760790146,-0.4319342992070017,0.3688903628182097
-0.09143329760790146,1.227251037470237,-0.9959780969374062
-0.09143329760790146,-0.5320535176698958,1.0995775180409129
-0.09143329760790146,-0.36792424152018915,0.4102500131138341
-0.09143329760790146,-0.3868248491048779,0.3688903628182097
-0.09143329760790146,-0.23590799768580126,-0.11363889063074559
-0.09143329760790146,1.0299286942860866,-1.133843597922822
-0.09143329760790146,-0.12639247716651902,-0.21014474132053668
2.2784365727771996,-0.9978724920285391,1.8854108736577824
1.2063525837934632,2.6985823353343217,-1.0786973975286558
-0.02544418499427275,0.6872336779077014,-0.6926739947694918
-0.09143329760790146,1.683205694727538,-0.8718991460505322
0.6872382312329174,-0.38290072295872346,-0.7616067452621995
0.17163140808156438,1.545393264567179,-0.5272353935869928
0.8819061134431221,-0.6559334999535416,0.8789927164642476
1.7335780981127678,-1.1348568955709024,1.6923991722782004
0.16812387867237147,-0.6536654270433788,-0.12742544072928738
0.11901846694367121,-0.3467555610253377,0.796273415872998
0.8819061134431221,-0.7309239106181257,0.7549137655773737
2.133342499080152,-0.546561984063476,-0.23771784151761965
0.7737572899930083,-0.5353296229845752,0.31374416242404335
0.07307477186551097,0.707574331784557,-0.7064605448680331
0.7602386870617441,0.0026716717689270115,-0.3204371421088692
0.49257034902271263,2.3723038466866377,-1.2027763484155298
0.003526644933661813,0.4045525907553661,-0.30665059201032757
0.22003531392842607,-0.6734300624033677,0.6032617144934163
0.46476065156411195,-0.15821750022340444,-0.67888744467095
1.2627780568978704,0.13004376631107709,-0.4720891931928266
0.8070338510545819,-0.5521781646029263,1.6234664217854924
0.39523640791761033,-1.169057995009863,0.5205424139021667
0.05276513365891683,2.1243278751755215,-1.0924839476271972
0.005900643497200897,2.6868459580531625,-1.2854956490067793
-0.09143329760790146,-0.44633476212866935,0.258597962029877
-0.09143329760790146,1.5093561061057057,-0.41694299279866026
-0.09143329760790146,-0.1646617073808507,-0.8167529456563658
0.5399219960468166,0.651808539120399,-0.6651008945724086
0.08553750440137556,-0.6415690381891781,1.1409371683365372
-0.09143329760790146,-0.20077086815693226,-0.003346489842413106
-0.09143329760790146,-0.5498380893781554,0.713554115281749
-0.09143329760790146,-0.3871848606779196,-0.8029663955578242
-0.09143329760790146,-0.24030013887690987,0.0793728107488364
-0.09143329760790146,0.15128444912053685,-0.017133039940954692
-0.09143329760790146,-0.5712587779741359,0.35510381271966773
-0.09143329760790146,-0.20289493643787823,-0.15499854092637036
-0.09143329760790146,-0.11901223991916436,-0.7616067452621995
-0.09143329760790146,-0.5929314746712456,1.3201623196175778
-0.09143329760790146,-0.7015109651006195,0.644621364789041
-0.09143329760790146,0.34911080850694576,-1.106270497725739
-0.09143329760790146,0.3846079496088564,-0.8994722462476153
-0.09143329760790146,-0.37091233757643516,0.644621364789041
-0.09143329760790146,-0.4464427656005818,-0.058492690236579443
-0.09143329760790146,-0.38430476809358605,0.2861710622269598
-0.09143329760790146,2.7260152172000987,-1.5750132010761524
-0.09143329760790146,0.6662090020420667,-0.5685950438826175
-0.09143329760790146,0.5610136203992847,-0.5410219436855346
-0.09143329760790146,-0.7327599696406383,1.0857909679423714
-0.09143329760790146,-0.07591885462607402,-0.6651008945724086
-0.09143329760790146,-0.5509181240972804,1.926770523953407
-0.09143329760790146,-0.5809070881316533,-0.30665059201032757
-0.09143329760790146,4.675693892164677,-1.5336535507805278
-0.09143329760790146,-0.22903177664070495,-0.5548084937840759
-0.09143329760790146,-0.45234695539846553,-0.34801024230595234
-0.06544493759531729,0.057969449388130666,0.6721944649861241
-0.09143329760790146,0.024344368466036777,-0.9546184466417815
-0.09143329760790146,-0.7023749928759195,0.713554115281749
-0.09143329760790146,-0.46653141137630816,-0.058492690236579443
-0.09143329760790146,-0.1916625753589775,-0.8167529456563658
-0.09143329760790146,1.9437460701378095,-1.2027763484155298
-0.09143329760790146,-0.4880241022868971,0.258597962029877
-0.09143329760790146,2.0553496577807335,-1.1476301480213638
-0.09143329760790146,0.39630832573271135,-0.6513143444738668
-0.09143329760790146,0.7360512472121546,-0.6926739947694918
-0.01197701915475669,-0.09863558488500468,-0.5410219436855346
-0.09143329760790146,-0.5649225742886022,0.3688903628182097
-0.09143329760790146,-0.9953884121745514,0.42403656321237565
-0.09143329760790146,1.3459468531020824,-0.7202470949665748
1.0209546007361254,-0.891993088396978,1.0582178677452883
-0.09143329760790146,-0.40691349488060424,-0.43072954289720183
-0.09143329760790146,0.02463237772447013,-0.4720891931928266
-0.09143329760790146,-0.5797190499406156,0.13451901114300274
0.06747925929838808,-0.7379801374497428,0.14830556124154431
-0.09143329760790146,3.0345451352968276,-1.1889897983169881
0.297902466812508,0.24222337247086784,-0.21014474132053668
-0.09143329760790146,0.26260002750502753,-0.6237412442767839
-0.09143329760790146,0.772340413774757,-0.8443260458534491
0.058311227169179095,0.0979307339957583,-0.14121199082782876
-0.09143329760790146,1.9854714114533414,-1.1752032482184467
-0.09143329760790146,-0.50696071102889,-0.292864041911786
-0.09143329760790146,-1.0521982384005302,3.9120337381433936
-0.09143329760790146,-1.0815031804461237,2.7401769797673596
-0.09143329760790146,-0.10565581055931765,-0.4583026430942848
-0.09143329760790146,0.9770789953635663,-0.9270453464446984
-0.09143329760790146,-0.21261524891000388,-0.15499854092637036
-0.09143329760790146,-0.7326519661687257,0.644621364789041
-0.09143329760790146,1.1829696139861092,-0.5410219436855346
-0.09143329760790146,1.0897986188829196,-0.8029663955578242
-0.09143329760790146,5.722607546569913,-0.9959780969374062
-0.09143329760790146,2.7591722830772385,-1.0786973975286558
-0.09143329760790146,0.44073375384605595,-0.7891798454592827
-0.09143329760790146,0.8648633880464714,-0.8443260458534491
-0.09143329760790146,-0.2787493748777624,0.20345176163571066
-0.09143329760790146,-0.5794670418394865,1.0720044178438293
-0.09143329760790146,3.595227159151956,-0.6375277943753255
-0.09143329760790146,-0.4325103177238684,0.09315936084737798
0.16812387867237147,-0.4097215851503294,0.9754985671540386
0.5018402481755796,-0.5836071749294659,0.4516096634094588
-0.09143329760790146,1.0896186130963987,-1.1752032482184467
-0.09143329760790146,5.367456129764285,-1.519867000681986
-0.09143329760790146,0.08191021899540309,-0.9270453464446984
-0.09143329760790146,-0.18673041680830635,-0.18257164112345334
-0.09143329760790146,-0.14590510442537863,-0.7753932953607411
-0.09143329760790146,-0.11015595522233877,-0.41694299279866026
-0.09143329760790146,-0.21909545722475432,-0.2515043916161612
0.46476065156411195,-0.11868822950342685,-0.14121199082782876
-0.09143329760790146,0.12647965173796435,-0.3755833425030355
-0.09143329760790146,-0.5153849818380656,0.35510381271966773
-0.09143329760790146,-0.25081247680972724,-0.5823815939811591
-0.09143329760790146,-0.7239036849438126,0.2999576123255018
-0.09143329760790146,-0.20343495379744078,0.2861710622269598
-0.09143329760790146,1.1877577679075637,-1.064910847430114
-0.09143329760790146,2.06697803158998,-0.8856856961490736
-0.09143329760790146,1.4650026803069696,-0.6651008945724086
-0.09143329760790146,-0.3982372159702995,0.05179971055175323
-0.09143329760790146,-0.5166450223437115,0.010440060256128479
-0.09143329760790146,-0.10356774343567585,0.05179971055175323
-0.09143329760790146,-0.6012117408512045,0.09315936084737798
-0.09143329760790146,0.31242562921399747,-0.9546184466417815
-0.09143329760790146,1.8791599939341301,-1.2441359987111547
-0.09143329760790146,0.8419306508437158,-0.43072954289720183
-0.09143329760790146,0.27026827401081555,0.06558626065029481
-0.09143329760790146,6.5143089968458945,-1.4095745998936535
-0.09143329760790146,1.0107400774429645,-1.1752032482184467
-0.09143329760790146,-0.28278150449582934,-0.21014474132053668
-0.09143329760790146,-0.31881866295730255,0.14830556124154431
-0.09143329760790146,0.1777092985817969,-0.33422369220741094
-0.09143329760790146,-0.4214939635887927,-0.3755833425030355
-0.09143329760790146,-0.19022252906681072,0.7273406653802901
-0.09143329760790146,-0.0802389935025743,-0.4031564427001187
-0.09143329760790146,0.5647577407589183,-1.0924839476271972
-0.09143329760790146,1.3911283055188146,-0.9821915468388647
-0.09143329760790146,0.09515864488333729,-0.4996622933899096
-0.09143329760790146,0.3737716012603015,-0.7064605448680331
-0.09143329760790146,-0.6374649062565028,0.23102486183279383
-0.09143329760790146,1.3250301807083602,-0.8581125959519905
-0.09143329760790146,0.09476263215299142,0.09315936084737798
-0.09143329760790146,-0.4450747216230234,0.06558626065029481
-0.09143329760790146,-0.9163298707345963,0.8789927164642476
-0.09143329760790146,-0.0776829113339783,-0.16878509102491193
-0.09143329760790146,-0.4626432863874579,0.5343289640007083
-0.09143329760790146,-0.08891527241287904,-0.5961681440797006
-0.09143329760790146,-0.37382843131807286,0.5481155140992499
-0.09143329760790146,6.5143089968458945,-1.230349448612613
-0.09143329760790146,3.145716709052101,-1.3820014996965702
0.46476065156411195,1.4068968124180405,-0.9959780969374062
-0.09143329760790146,0.2955770875956464,-0.7478201951636579
0.041294803899056286,0.4005204611372991,-0.09985234053220401
-0.09143329760790146,-0.2606407927537654,-0.4720891931928266
-0.09143329760790146,0.03971686263491696,-0.3204371421088692
-0.09143329760790146,0.07017384171424397,-0.3755833425030355
-0.09143329760790146,1.7073624712786355,-1.230349448612613
-0.09143329760790146,-0.5684506877044108,0.9341389168584135
-0.09143329760790146,0.15895269562632483,-0.6651008945724086
-0.09143329760790146,-0.3202587092494693,0.3413172626211261
-0.09143329760790146,-0.05590221116495603,-0.7616067452621995
-0.09143329760790146,-0.3193586803168651,-0.292864041911786
-0.09143329760790146,0.18804163072809343,-0.7753932953607411
-0.09143329760790146,1.5734021649498224,-0.7616067452621995
-0.09143329760790146,-0.37091233757643516,0.2723845121284182
-0.09143329760790146,-0.4507989056343863,0.038013160453211646
-0.09143329760790146,-0.04110573551294255,-0.5548084937840759
-0.09143329760790146,-0.867512301430143,0.8238465160700816
-0.09143329760790146,0.9106208589800704,-0.6099546941782422
-0.09143329760790146,2.0438292874433994,-1.064910847430114
-0.09143329760790146,0.1926137777057229,0.713554115281749
0.6093710783488355,-0.09982362307604226,0.46539621350800037
-0.09143329760790146,-0.07347077592939052,0.3826769129167509
-0.09143329760790146,0.6069870982767086,-0.09985234053220401
-0.09143329760790146,-0.38016463500360664,0.4516096634094588
-0.09143329760790146,-1.1223284928290516,1.8578377734606992
-0.09143329760790146,0.6799614441322592,-1.3406418494009456
-0.09143329760790146,0.9942875485549592,-1.230349448612613
-0.09143329760790146,2.0771663591070597,0.13451901114300274
-0.09143329760790146,-0.16696578144831753,-0.30665059201032757
-0.09143329760790146,2.1247598890631716,-1.354428399499487
-0.09143329760790146,2.145712562614198,-1.106270497725739
-0.09143329760790146,1.8082737152022212,-1.2027763484155298
-0.09143329760790146,0.7782446035726408,-0.11363889063074559
-0.09143329760790146,-0.18795445615664808,-0.5410219436855346
-0.09143329760790146,0.6397841525808066,-1.0786973975286558
-0.09143329760790146,-0.032573461231854485,-0.7753932953607411
-0.09143329760790146,4.820310541055524,-1.2854956490067793
-0.09143329760790146,2.0241006532407146,-1.037337747233031
-0.09143329760790146,0.3671833894736386,-0.7202470949665748
-0.09143329760790146,6.5143089968458945,-1.4785073503863613
-0.09143329760790146,-0.034193513310542094,-0.22393129141907828
-0.09143329760790146,-0.2921418053949133,-0.11363889063074559
-0.09143329760790146,0.39411225513715703,-0.8167529456563658
-0.09143329760790146,0.046845091781142434,-0.6237412442767839
-0.09143329760790146,-0.4883481127026346,0.6721944649861241
-0.09143329760790146,-0.08553116362628715,-0.5823815939811591
-0.09143329760790146,-0.6394449699082321,0.9892851172525803
-0.09143329760790146,-0.5153489806807614,0.8238465160700816
-0.09143329760790146,1.4333216618793008,-0.9132587963461567
-0.09143329760790146,1.7966453413929748,-0.5961681440797006
-0.09143329760790146,2.6998063746826637,-1.161416698119905
-0.09143329760790146,-0.5348256067823168,0.5205424139021667
0.008101902735566033,-0.1176801970989101,0.24481141193133543
-0.09143329760790146,-0.5566423081086432,0.31374416242404335
-0.09143329760790146,-0.6150001840987013,1.3753085200117443
-0.09143329760790146,1.8168779917979176,-0.8856856961490736
-0.09143329760790146,-0.28090944431601256,0.865206166365706
-0.09143329760790146,-0.8209268038785482,-1.6715190517659433
-0.09143329760790146,2.3639875793493745,-1.3406418494009456
-0.09143329760790146,0.010951937948885892,-0.09985234053220401
-0.09143329760790146,-0.17377000017880548,-0.030919590039496084
-0.09143329760790146,0.16258881251404592,-0.9821915468388647
-0.09143329760790146,-0.6146761736829638,0.258597962029877
-0.09143329760790146,-0.948442903049915,1.25122956912487
-0.09143329760790146,-0.2961019326983719,-0.3617967924044939
-0.09143329760790146,-0.032285451973421135,0.5756886142963331
-0.09143329760790146,1.9797112262846743,-1.0924839476271972
-0.09143329760790146,-0.6466452013690659,1.0168582174496634
-0.09143329760790146,-0.15994555577400457,0.23102486183279383
-0.09143329760790146,1.1119393306249836,-0.6513143444738668
-0.09143329760790146,-0.5279853868945247,0.05179971055175323
-0.09143329760790146,-0.7264237659551045,1.2374430190263288
-0.09143329760790146,0.03230062423025814,-0.7202470949665748
-0.09143329760790146,-0.4927402538937432,1.3339488697161195
-0.09143329760790146,0.43803366704824326,-0.8167529456563658
-0.09143329760790146,0.3066654440453304,-0.6375277943753255
-0.09143329760790146,4.181001989648091,-1.3268552993024039
-0.09143329760790146,2.155612880872844,0.038013160453211646
1.6527909269955328,1.4073648274629948,-0.4858757432913682
-0.09143329760790146,0.15337251624417864,0.3688903628182097
-0.09143329760790146,-0.6292566423911522,2.230074626121322
-0.09143329760790146,-0.2252516551237672,0.42403656321237565
-0.09143329760790146,0.1679529849523671,-0.6237412442767839
-0.09143329760790146,-0.5438978984229674,0.24481141193133543
-0.09143329760790146,0.45506221445311523,0.23102486183279383
-0.09143329760790146,-0.21848343755058344,-0.1963581912219951
-0.09143329760790146,-0.8386753744295036,1.127150618237996
-0.09143329760790146,-0.07923096109805756,-0.9270453464446984
-0.09143329760790146,1.114135401220538,-0.8305394957549074
-0.09143329760790146,-0.9648594307806161,1.0168582174496634
-0.09143329760790146,-0.5522861680748389,0.20345176163571066
-0.09143329760790146,-0.4459027482410193,-0.003346489842413106
-0.09143329760790146,1.9271495366205875,-0.8305394957549074
-0.09143329760790146,-0.04582188711978869,-0.18257164112345334
-0.09143329760790146,-0.40691349488060424,1.444241270504452
-0.09143329760790146,1.1694691799970458,-0.6513143444738668
-0.09143329760790146,-0.2835015276419127,-0.4031564427001187
-0.09143329760790146,-0.13830886023419897,-0.9684049967403231
-0.09143329760790146,0.22375477877382913,-0.8029663955578242
-0.09143329760790146,0.31760979586579785,-0.5823815939811591
-0.09143329760790146,1.0422410900841124,-0.9684049967403231
0.30788543513098,-1.116064291458126,1.7475453726723664
-0.09143329760790146,-0.24825639464113125,-0.09985234053220401
-0.09143329760790146,0.7845448061008703,-0.94083189654324
-0.09143329760790146,-0.28386153921495444,-0.6651008945724086
-0.09143329760790146,1.8275343343599517,-0.9132587963461567
-0.09143329760790146,2.8679677804504373,-1.1200570478242806
-0.09143329760790146,0.383239905631298,-1.0786973975286558
-0.09143329760790146,-0.42714614528554723,-0.14121199082782876
-0.09143329760790146,-0.5565343046367308,1.5407471211942432
-0.09143329760790146,-0.006616626815548602,-0.7202470949665748
-0.09143329760790146,1.2136786011665655,-0.5961681440797006
-0.09143329760790146,-0.7509405540792436,0.35510381271966773
-0.09143329760790146,-0.26917306703485344,0.3688903628182097
-0.09143329760790146,2.9459462871712674,-0.67888744467095
-0.09143329760790146,-0.12246835102036459,-0.7340336450651164
-0.09143329760790146,2.6501247776029104,-1.1200570478242806
-0.09143329760790146,-0.605567880885009,-0.1963581912219951
-0.09143329760790146,-0.05590221116495603,0.4516096634094588
-0.09143329760790146,3.7665206656051926,-1.4509342501892781
-0.09143329760790146,2.0400131647691575,-0.9270453464446984
0.39523640791761033,-0.23273989584303437,-0.1963581912219951
-0.09143329760790146,-0.22532365743837557,1.1409371683365372
-0.09143329760790146,1.5652659033990803,-0.7478201951636579
-0.09143329760790146,-0.5118208672649528,0.13451901114300274
-0.09143329760790146,-0.6575175508749249,0.24481141193133543
-0.09143329760790146,3.1259520736921127,-1.230349448612613
-0.09143329760790146,-0.4424466371398191,2.4092997774023623
-0.09143329760790146,1.8668115969788002,-1.0786973975286558
-0.09143329760790146,0.3266100851918401,-1.0511242973315726
-0.09143329760790146,1.2722884852577525,-0.9684049967403231
-0.09143329760790146,0.6156633771870134,-0.9959780969374062
-0.09143329760790146,-0.46923149817412085,0.6584079148875822
-0.09143329760790146,-0.06796259886185266,-0.94083189654324
-0.09143329760790146,0.36397928647356753,-0.9270453464446984
-0.09143329760790146,-0.6218404039864934,0.32753071252258453
-0.09143329760790146,0.23952328567305517,-0.9270453464446984
-0.09143329760790146,0.012643992342181836,-1.1200570478242806
-0.09143329760790146,0.9435979190706892,-0.7478201951636579
-0.09143329760790146,0.7506317159203431,-0.3755833425030355
-0.09143329760790146,-0.2971459662601928,-0.23771784151761965
-0.09143329760790146,-0.6559334999535416,0.3826769129167509
-0.09143329760790146,0.0483931415452217,-0.67888744467095
-0.09143329760790146,0.24837957036988076,-0.7891798454592827
-0.09143329760790146,-0.3572678989581551,0.4102500131138341
-0.09143329760790146,-0.34862762120515456,0.31374416242404335
-0.09143329760790146,-0.42955822282492656,0.5343289640007083
-0.09143329760790146,1.8725717821474672,-0.3617967924044939
0.02654723706494988,0.9266773751377297,-0.9821915468388647
-0.09143329760790146,0.43248948882340127,-0.7064605448680331
-0.09143329760790146,0.3311102298548612,-1.2441359987111547
-0.09143329760790146,-0.5270133556473121,-0.30665059201032757
-0.09143329760790146,0.496967561555168,-1.3957880497951118
-0.09143329760790146,0.2957930945394714,-0.7202470949665748
-0.09143329760790146,4.126028222444624,-1.2579225488096961
-0.09143329760790146,0.9956915936898219,-0.5961681440797006
-0.09143329760790146,1.788221070583799,-1.2441359987111547
-0.09143329760790146,1.4896634730603253,-1.0924839476271972
1.0765739956533267,-0.6335407801103483,0.479182763606542
-0.09143329760790146,-1.1401850668519193,2.092209125135906
-0.09143329760790146,-0.3787965910260482,-0.3617967924044939
-0.09143329760790146,1.5276446940162236,-0.9684049967403231
0.7344304451020579,-0.7423362774835472,0.9065658166613307
-0.09143329760790146,-0.537417690108217,-1.0235511971344895
-0.09143329760790146,-0.702050982460182,0.6997675651832069
-0.09143329760790146,-0.3561158619244217,-0.23771784151761965
-0.09143329760790146,-0.3934130608915408,0.16209211134008591
0.8070338510545819,-0.5242412665348911,1.1409371683365372
-0.09143329760790146,-0.14590510442537863,-0.94083189654324
-0.09143329760790146,-0.108499901986347,-0.44451609299574324
-0.09143329760790146,0.4297173997109802,-0.9821915468388647
-0.09143329760790146,-0.06900663242367355,-0.43072954289720183
-0.09143329760790146,-0.15483339143681257,0.42403656321237565
-0.09143329760790146,-0.42819017884736815,0.3688903628182097
0.11348026261336665,-0.28252949639470015,-0.16878509102491193
-0.09143329760790146,-0.9082656114984623,1.3753085200117443
-0.09143329760790146,1.0849024614895526,-0.9546184466417815
-0.09143329760790146,0.11593131264784283,-0.1963581912219951
-0.09143329760790146,0.07535800836604431,-0.7616067452621995
0.07078993756726912,0.9632905521160696,-0.94083189654324
-0.09143329760790146,1.8144659142585384,-1.0235511971344895
-0.09143329760790146,0.37935178064244773,-0.9546184466417815
-0.09143329760790146,0.6991860621326855,-1.037337747233031
0.3578002767233402,0.6750652867388923,-0.2790774918132446
-0.09143329760790146,-0.27126113415849523,-0.3755833425030355
-0.09143329760790146,1.2222108754476535,-0.8167529456563658
-0.09143329760790146,-0.032897471647592005,-0.43072954289720183
-0.09143329760790146,-0.08981530134548327,-0.6237412442767839
-0.09143329760790146,-0.3712723491494769,0.4378231133109172
-0.09143329760790146,-0.35139971031757555,-0.030919590039496084
-0.09143329760790146,2.444738175182626,-0.9546184466417815
-0.09143329760790146,0.09811073978227915,-0.67888744467095
-0.09143329760790146,-0.6934107047071815,0.42403656321237565
-0.09143329760790146,1.383532061327635,-0.8718991460505322
-0.09143329760790146,0.48490717385827137,-1.2027763484155298
-0.09143329760790146,-0.6440531180431657,0.9341389168584135
-0.09143329760790146,-0.008632691624582068,-0.3755833425030355
-0.09143329760790146,-0.9208300153976173,0.1758786614386275
-0.09143329760790146,0.4485100038237565,-1.1200570478242806
-0.09143329760790146,-0.3377192705419913,-0.18257164112345334
-0.09143329760790146,2.8955086657881264,-1.0786973975286558
-0.09143329760790146,1.8237182116857098,-0.9270453464446984
-0.09143329760790146,0.2260948539986001,-0.3204371421088692
-0.09143329760790146,-0.27986541075419163,0.010440060256128479
-0.09143329760790146,-0.0131328362876032,-0.16878509102491193
-0.09143329760790146,2.3621155191695578,-0.9132587963461567
-0.09143329760790146,-0.6278525972562896,-0.030919590039496084
-0.09143329760790146,-0.21297526048304558,0.479182763606542
-0.09143329760790146,-0.4434546695443358,0.713554115281749
-0.09143329760790146,-0.042041765602850945,-0.11363889063074559
-0.09143329760790146,-0.21686338547189582,0.35510381271966773
-0.09143329760790146,1.866343581933846,-1.1752032482184467
-0.09143329760790146,-0.13658080468359884,0.20345176163571066
2.5041384651948277,-0.7050390785164281,1.7751184728694496
-0.09143329760790146,2.1276039804902007,-0.5823815939811591
-0.09143329760790146,2.963118839205356,-1.0786973975286558
-0.09143329760790146,5.659281510871879,-1.161416698119905
-0.09143329760790146,1.501291846869572,-1.0924839476271972
-0.09143329760790146,-0.13568077575099463,-0.08606579043366243
-0.09143329760790146,0.6049350323103709,-1.0511242973315726
0.04282041426120523,-1.1233365252335683,1.9543436241504901
-0.09143329760790146,-0.06745858265959429,-0.23771784151761965
-0.09143329760790146,0.9752789374983579,-1.0924839476271972
-0.09143329760790146,-0.3415353932162332,-0.6099546941782422
-0.09143329760790146,2.9407981216767713,-1.3130687492038624
-0.09143329760790146,-0.47862780023050894,0.8238465160700816
-0.09143329760790146,0.6727972138287296,0.1896652115371691
-0.09143329760790146,-0.33282311314862434,0.5756886142963331
-0.09143329760790146,-0.2843655554172128,-0.5410219436855346
-0.09143329760790146,0.17047306596365894,0.10694591094591957
-0.09143329760790146,-0.5238812549618495,0.2723845121284182
-0.09143329760790146,0.01026791596010668,-0.2790774918132446
-0.09143329760790146,3.0421773806453114,-1.2854956490067793
-0.09143329760790146,3.5982152552082023,-1.3682149495980287
0.34116199619255344,0.5530933657923676,-0.292864041911786
-0.09143329760790146,1.185885707727747,-0.7340336450651164
-0.09143329760790146,0.7281669937625416,-0.6513143444738668
-0.09143329760790146,-0.3549278237333841,-0.003346489842413106
0.5169038342989882,0.7645281626397523,-0.44451609299574324
-0.09143329760790146,-0.018569011040532726,-0.8305394957549074
-0.09143329760790146,0.7091223815486362,-0.4583026430942848
-0.09143329760790146,2.050813511960408,-1.2027763484155298
-0.09143329760790146,1.7320232640319912,-1.0786973975286558
-0.09143329760790146,-0.09863558488500468,-0.4583026430942848
-0.09143329760790146,1.330718363562419,-1.0511242973315726
-0.09143329760790146,1.8254462672363099,-1.0924839476271972
-0.09143329760790146,0.6111632325239922,-0.18257164112345334
-0.09143329760790146,2.4075489796874194,-1.2717090989082378
1.8552455244941457,-0.8992653221724201,0.7549137655773737
-0.09143329760790146,-0.17715410896539738,0.10694591094591957
-0.09143329760790146,-0.4078855261278168,0.05179971055175323
-0.09143329760790146,-0.5059166774670691,2.726390429668818
-0.09143329760790146,-0.2846535646756461,-0.7753932953607411
-0.09143329760790146,1.743867644785063,-0.7340336450651164
-0.09143329760790146,-0.4535349935895031,0.39646346301529245
-0.09143329760790146,2.3053416941008833,-1.2992821991053207
-0.09143329760790146,-0.02710128532162079,0.0793728107488364
-0.09143329760790146,2.632952225568822,-0.9821915468388647
-0.09143329760790146,1.9222173780699163,-1.037337747233031
0.0970157655191118,-0.006436621029027757,-0.07227924033512104
-0.09143329760790146,2.795821461212882,-1.1752032482184467
-0.09143329760790146,0.6077431225800962,-1.1200570478242806
-0.09143329760790146,2.232835363290287,-1.2717090989082378
-0.09143329760790146,0.3340983259111072,-0.8305394957549074
-0.09143329760790146,0.4270533140704717,0.713554115281749
-0.09143329760790146,0.6518445402777032,-0.2515043916161612
-0.09143329760790146,0.8841240072042019,-0.7616067452621995
-0.09143329760790146,-0.6325327477058317,0.010440060256128479
-0.09143329760790146,-0.5428898660184507,-0.04470614013803767
-0.09143329760790146,-0.026057251759799886,-0.4583026430942848
-0.09143329760790146,-0.019253033029311938,0.09315936084737798
-0.09143329760790146,-0.7939259359004215,-0.6651008945724086
-0.09143329760790146,-0.181546250156506,-0.8029663955578242
1.4659097600737363,0.569797902781502,-0.5548084937840759
-0.09143329760790146,-0.9258341762628969,1.6096798716869511
-0.09143329760790146,0.030356561735833006,-0.41694299279866026
-0.09143329760790146,1.8443468748209988,-1.2165628985140715
-0.09143329760790146,1.631652037467968,-0.9546184466417815
-0.09143329760790146,3.0482615762297156,-1.1889897983169881
-0.09143329760790146,0.023228332589607537,-0.6237412442767839
0.03834529053223501,4.089451046623589,-0.8443260458534491
-0.09143329760790146,2.3833202008217134,-1.423361149992195
-0.09143329760790146,3.4591067833848927,-1.3406418494009456
-0.09143329760790146,0.46748261372305355,-0.6375277943753255
-0.09143329760790146,-0.2565726619783943,-0.18257164112345334
-0.09143329760790146,-0.5150249702650239,0.42403656321237565
-0.09143329760790146,-0.47560370301695876,0.8376330661686228
-0.09143329760790146,2.491899691251087,-0.8029663955578242
-0.09143329760790146,-0.42916221009458067,-0.1963581912219951
-0.09143329760790146,-0.6017517582107671,0.20345176163571066
0.6872382312329174,-0.9494869366117359,1.8716243235592407
-0.09143329760790146,-0.2755452718776914,0.5894751643948742
-0.09143329760790146,1.5883426452310527,-1.0924839476271972
-0.09143329760790146,-0.20822310771889527,0.2723845121284182
-0.09143329760790146,0.2386592578977551,-0.8856856961490736
-0.09143329760790146,2.170013343794512,-1.2165628985140715
-0.09143329760790146,-0.49666438003989766,0.6859810150846658
-0.09143329760790146,-0.5250332919955829,0.7687003156759149
-0.09143329760790146,-0.8483596857443251,1.51317402099716
-0.09143329760790146,-0.3920450169139824,0.479182763606542
-0.09143329760790146,0.2636080599095443,-0.9684049967403231
-0.09143329760790146,-0.10277571797498412,0.39646346301529245
-0.09143329760790146,0.8861760731705396,-0.7478201951636579
-0.09143329760790146,0.3971003511934031,-1.106270497725739
-0.09143329760790146,0.24326740603268873,-0.9546184466417815
-0.09143329760790146,1.1793334970983882,-0.5548084937840759
-0.09143329760790146,-0.40338538146479563,0.9892851172525803
-0.09143329760790146,-0.4210259485438385,0.010440060256128479
-0.09143329760790146,-0.3638201095875139,-0.04470614013803767
-0.09143329760790146,-0.1175721936269976,-0.41694299279866026
-0.09143329760790146,0.36711138715903024,-0.9546184466417815
-0.09143329760790146,-0.45616307807270745,0.16209211134008591
-0.09143329760790146,1.8634994905068167,-0.6926739947694918
-0.09143329760790146,-0.09046332217695831,-0.43072954289720183
-0.09143329760790146,-0.3558998549805967,-0.058492690236579443
-0.09143329760790146,-0.37091233757643516,-0.4996622933899096
-0.09143329760790146,1.008508005690106,-0.6926739947694918
-0.09143329760790146,0.11510328602984694,-0.4858757432913682
-0.09143329760790146,1.4230613320476126,-0.8443260458534491
-0.09143329760790146,2.1883019317050296,-0.8029663955578242
-0.09143329760790146,0.23721921160558834,-0.18257164112345334
-0.09143329760790146,4.16778956491746,-1.1476301480213638
0.28534324860539795,-0.6025077825141546,0.31374416242404335
-0.09143329760790146,-0.45900716949973686,0.2861710622269598
-0.09143329760790146,-0.5140169378605072,0.2861710622269598
-0.09143329760790146,0.28139263161780376,-0.5134488434884512
-0.09143329760790146,0.053685311668934546,-0.34801024230595234
-0.09143329760790146,-0.23652001735997213,0.20345176163571066
-0.09143329760790146,0.8799838741142225,-0.21014474132053668
-0.09143329760790146,0.5879784872201074,-0.12742544072928738
0.2351063757769581,0.5189282675107111,-0.4720891931928266
-0.09143329760790146,2.254724066931222,-1.2717090989082378
-0.09143329760790146,2.281580930280132,-1.0786973975286558
-0.09143329760790146,3.4395941561260335,-1.1889897983169881
-0.09143329760790146,3.527976997307768,-1.3406418494009456
-0.09143329760790146,-0.2021389121344907,2.133568775431531
-0.09143329760790146,0.08713038680450759,0.038013160453211646
-0.09143329760790146,-0.4229700110382636,-0.30665059201032757
-0.09143329760790146,0.8113296671351721,-0.2790774918132446
-0.09143329760790146,2.053297591814396,-1.037337747233031
-0.09143329760790146,-0.6393009652790154,0.7687003156759149
-0.09143329760790146,2.5385571911172904,-0.6237412442767839
-0.09143329760790146,-0.27068511564162856,-0.43072954289720183
-0.09143329760790146,-0.6134881354919262,0.4102500131138341
-0.09143329760790146,-0.7289438469663964,0.9203523667598723
-0.09143329760790146,-0.8209268038785482,1.582106771489868
-0.09143329760790146,-0.32699092566534893,0.258597962029877
-0.09143329760790146,0.4481139910934106,-0.7478201951636579
-0.09143329760790146,1.6012670607032493,-0.44451609299574324
0.7737572899930083,-1.1489333480768325,1.719972272475284
-0.09143329760790146,2.3666876661471874,-0.3893698926015769
-0.09143329760790146,-0.45573106418505743,1.2098699188292452
-0.09143329760790146,0.3825198824852146,-0.43072954289720183
-0.09143329760790146,-0.2506324710232064,0.7687003156759149
-0.09143329760790146,0.9458659919808519,-0.5272353935869928
-0.09143329760790146,-0.0161569335011534,-0.23771784151761965
-0.09143329760790146,-0.28746165494537135,0.24481141193133543
-0.09143329760790146,2.964198873924481,-1.6301594014703187
-0.09143329760790146,-0.10500778972784261,0.5343289640007083
-0.09143329760790146,0.8403826010796366,-0.5961681440797006
-0.09143329760790146,-0.7034550275950446,0.5619020641977915
-0.09143329760790146,5.819054646987782,-0.7064605448680331
-0.09143329760790146,-0.8175426950919563,0.21723831173425187
-0.09143329760790146,0.20967832626789903,-0.16878509102491193
-0.09143329760790146,-1.0429459409733588,2.367940127106737
-0.09143329760790146,2.0579057399493297,-1.0235511971344895
-0.09143329760790146,1.3819480104062516,-1.2579225488096961
-0.09143329760790146,-0.5040446172872524,0.5481155140992499
-0.09143329760790146,0.060561532714030836,0.010440060256128479
0.9703915144477605,-0.7070911444827658,0.6308348146904991
-0.09143329760790146,1.1026870331978122,-0.6651008945724086
-0.09143329760790146,0.1241035753558892,-0.5410219436855346
-0.09143329760790146,4.042073523611302,-0.9959780969374062
-0.09143329760790146,-0.37091233757643516,-0.9684049967403231
-0.09143329760790146,-0.16707378492023003,-0.6237412442767839
-0.09143329760790146,0.12089947235581816,-0.09985234053220401
-0.09143329760790146,4.848283440280864,-1.037337747233031
-0.09143329760790146,2.1191797096810254,-1.2717090989082378
-0.09143329760790146,1.3734877384397717,-0.6513143444738668
-0.09143329760790146,1.7400875232681252,-0.9546184466417815
-0.09143329760790146,1.0874585436581488,-0.4583026430942848
-0.09143329760790146,0.3266100851918401,1.154723718435079
-0.09143329760790146,-1.0878033829743534,1.4580278206029933
-0.09143329760790146,0.06336962298375602,0.2999576123255018
0.15190155515485443,2.5969150671073487,-0.9546184466417815
-0.09143329760790146,-0.02375317769233307,0.6997675651832069
-0.09143329760790146,-0.18737843763978138,-0.058492690236579443
-0.09143329760790146,0.810465639359872,-0.5823815939811591
-0.09143329760790146,-0.1119920142448514,-0.67888744467095
-0.09143329760790146,2.262932330796572,-0.8856856961490736
0.019805492226501225,0.6077791237374003,-0.8443260458534491
-0.09143329760790146,0.5246164503647698,-0.5685950438826175
-0.09143329760790146,-0.6773901897068263,1.2650161192234115
-0.09143329760790146,0.5257324862411991,-1.0235511971344895
-0.09143329760790146,0.025028390454815988,-0.3204371421088692
-0.09143329760790146,-0.35384778901425906,-0.4858757432913682
-0.09143329760790146,0.8182418893375726,-1.064910847430114
-0.09143329760790146,-0.6859224639879143,1.3753085200117443
-0.09143329760790146,0.25280771271829355,-0.8443260458534491
1.125240966205878,-0.9001653511050243,2.3541535770081956
-0.09143329760790146,2.6891860332779336,-1.423361149992195
-0.09143329760790146,-0.49911245873658117,0.20345176163571066
-0.09143329760790146,1.828650370236381,-1.0786973975286558
-0.09143329760790146,-0.3426154279353583,0.1758786614386275
-0.09143329760790146,1.1175195100071298,0.038013160453211646
-0.09143329760790146,1.3492949607313702,-1.2165628985140715
-0.09143329760790146,-0.5815551089631282,-0.030919590039496084
-0.09143329760790146,-0.777869419742762,0.6997675651832069
-0.09143329760790146,0.1356239456932233,-0.7753932953607411
-0.09143329760790146,2.4606146855537645,-0.9959780969374062
-0.09143329760790146,-0.7232556641123377,1.1409371683365372
-0.09143329760790146,-0.3098543747885645,-0.09985234053220401
-0.09143329760790146,0.8764197595411097,-1.106270497725739
-0.09143329760790146,-0.3703003179022643,-0.030919590039496084
-0.09143329760790146,2.504608099779459,-1.2717090989082378
-0.09143329760790146,-0.30834232618178936,0.7273406653802901
-0.09143329760790146,-0.5120368742087779,0.0793728107488364
-0.09143329760790146,2.4922237016668247,-1.230349448612613
-0.09143329760790146,0.6277597660412142,-0.7616067452621995
-0.09143329760790146,2.043109264297316,-0.7064605448680331
-0.09143329760790146,-0.22870776622496744,-0.3204371421088692
-0.09143329760790146,-0.24775237843887288,-0.003346489842413106
-0.09143329760790146,2.348219072450149,-1.133843597922822
-0.09143329760790146,2.424469523620379,-1.133843597922822
-0.09143329760790146,0.1642088645927335,-0.4858757432913682
-0.09143329760790146,0.9888873749593339,-0.8581125959519905
-0.09143329760790146,-0.20195890634796984,-0.6926739947694918
-0.09143329760790146,-0.3259108909462239,-0.265290941714703
-0.06839567841142753,0.13472391676061907,0.479182763606542
-0.09143329760790146,0.07139788106258572,2.2025015259242386
-0.09143329760790146,1.7962493286626289,0.6308348146904991
-0.09143329760790146,-0.6535934247287706,0.3826769129167509
-0.09143329760790146,-0.320618720822511,0.8100599659715396
-0.09143329760790146,-0.8337792170361366,0.5067558638036251
-0.09143329760790146,0.7849408188312162,-0.6651008945724086
-0.09143329760790146,0.5528053565339341,-0.7478201951636579
-0.09143329760790146,-0.2728451850798787,-0.7340336450651164
-0.09143329760790146,2.592738932860065,-1.1200570478242806
-0.09143329760790146,1.0598456560058511,-0.5685950438826175
-0.09143329760790146,-0.08139103053630771,-0.07227924033512104
0.6164499104292066,0.5217723589377404,-0.4031564427001187
-0.09143329760790146,3.8185423379097165,-1.2441359987111547
-0.09143329760790146,-1.028293469950562,2.4782325278950696
-0.09143329760790146,-0.7151194025615955,-0.3617967924044939
-0.09143329760790146,-0.2751852603046497,-0.017133039940954692
-0.09143329760790146,0.05357730819702204,-0.6099546941782422
-0.09143329760790146,-0.46588339054483313,-0.16878509102491193
-0.09143329760790146,0.8261261427871855,-0.8167529456563658
-0.09143329760790146,0.008899871982548256,-0.41694299279866026
-0.09143329760790146,-0.4784477944439881,1.3201623196175778
-0.09143329760790146,-0.08034699697448681,-0.265290941714703
-0.09143329760790146,2.4577345929694308,-0.8718991460505322
-0.09143329760790146,1.5046399544988596,-0.058492690236579443
-0.09143329760790146,0.4852311842740089,-0.7753932953607411
-0.09143329760790146,-0.44259064176903573,0.2861710622269598
-0.09143329760790146,4.1630014109960065,-0.7753932953607411
-0.09143329760790146,-0.5809070881316533,0.14830556124154431
1.0209546007361254,-0.4646593511964914,0.2723845121284182
-0.09143329760790146,1.0679819175565932,-0.3617967924044939
-0.09143329760790146,-0.9196059760492756,2.188714975825697
-0.09143329760790146,2.2001823136154055,-1.1200570478242806
-0.09143329760790146,2.540033238566761,-1.1752032482184467
-0.09143329760790146,1.1470764601538526,-1.230349448612613
-0.09143329760790146,1.7050943983684728,-0.7891798454592827
-0.09143329760790146,2.0432172677692284,-1.0786973975286558
-0.09143329760790146,0.21626653805456195,0.1758786614386275
-0.09143329760790146,0.7076463340991652,-1.133843597922822
-0.09143329760790146,1.3813719918893848,-1.1200570478242806
-0.09143329760790146,3.078142536792176,-0.23771784151761965
-0.09143329760790146,0.9240132894972213,0.7549137655773737
-0.09143329760790146,-0.8447955711712123,1.2374430190263288
-0.09143329760790146,3.5780546071178674,-1.133843597922822
-0.09143329760790146,1.1647890295475039,-1.0235511971344895
-0.09143329760790146,-0.34056336196902065,-0.5961681440797006
-0.09143329760790146,-0.6925106757745773,-0.34801024230595234
-0.09143329760790146,1.7993814293480916,-0.94083189654324
-0.09143329760790146,0.8282862122254357,-0.67888744467095
-0.09143329760790146,-0.04362581652423438,-0.7478201951636579
-0.09143329760790146,-0.6653658031672338,0.7824868657744568
-0.09143329760790146,-0.22773573497775487,-0.6237412442767839
-0.09143329760790146,-0.6660858263133171,0.8238465160700816
-0.09143329760790146,-0.29080976257465907,0.05179971055175323
-0.09143329760790146,-0.6206523657954558,-0.16878509102491193
-0.09143329760790146,0.3782357447660185,-0.8305394957549074
-0.09143329760790146,0.7628721094037606,-1.064910847430114
-0.09143329760790146,-0.06504650512021497,0.3826769129167509
-0.09143329760790146,0.34911080850694576,-0.2515043916161612
-0.09143329760790146,-0.881588753936073,1.4028816202088275
-0.09143329760790146,-0.5100568105570485,0.23102486183279383
-0.09143329760790146,1.4677387682620864,-0.9132587963461567
-0.09143329760790146,0.026936451791936947,-0.3204371421088692
-0.09143329760790146,0.46201043781281986,-0.8994722462476153
-0.09143329760790146,2.254508059987397,-1.0235511971344895
-0.09143329760790146,2.6275880531305003,-1.2165628985140715
-0.09143329760790146,-0.02566123902945403,-0.5823815939811591
-0.09143329760790146,-0.10889591471669285,-0.8856856961490736
-0.09143329760790146,-0.3918290099701574,0.4378231133109172
-0.09143329760790146,-1.023433313714499,0.2861710622269598
-0.09143329760790146,-0.9873961552530259,0.2999576123255018
-0.09143329760790146,1.6063432238831372,-0.7891798454592827
-0.09143329760790146,0.7124344880206197,-1.561226650977611
-0.09143329760790146,-0.07444280717660308,0.7273406653802901
-0.09143329760790146,-0.568918702749365,-0.8167529456563658
-0.09143329760790146,-0.45454302599401986,0.3826769129167509
-0.09143329760790146,-0.4496468686006529,0.7549137655773737
-0.09143329760790146,0.46723060562192437,-0.8029663955578242
-0.09143329760790146,-0.8243829149797485,0.23102486183279383
-0.09143329760790146,-0.46969951321907505,0.5894751643948742
-0.09143329760790146,0.6491084523225864,-1.4785073503863613
-0.09143329760790146,-0.021629109411387095,-0.4858757432913682
-0.09143329760790146,0.9741629016219288,-0.7202470949665748
-0.09143329760790146,-0.07591885462607402,-0.4031564427001187
-0.09143329760790146,0.323189975247944,-0.8443260458534491
-0.09143329760790146,-0.4084255434873793,-0.3617967924044939
-0.09143329760790146,2.969743052149323,-1.1752032482184467
-0.09143329760790146,0.04446901539906727,-0.9270453464446984
-0.09143329760790146,0.40239252131711595,1.8026915730665327
-0.09143329760790146,0.23624718035837577,-1.0786973975286558
-0.09143329760790146,0.14487624312039474,-0.43072954289720183
-0.09143329760790146,0.12061146309738481,0.14830556124154431
-0.09143329760790146,0.14264417136753627,-0.7891798454592827
-0.09143329760790146,3.1960463269633297,-1.106270497725739
-0.09143329760790146,-0.29696596047367196,-0.2790774918132446
0.047615189685101894,-0.5701787432550108,0.9754985671540386
0.46476065156411195,-1.3388754540136283,-0.07227924033512104
-0.09143329760790146,-0.670729975605555,1.182296818632162
-0.09143329760790146,-0.5031085871973439,0.31374416242404335
-0.09143329760790146,-0.5044406300175982,-0.08606579043366243
-0.09143329760790146,-1.0844552753450656,1.2925892194204947
2.3419152300196573,-0.5525021750186638,-0.003346489842413106
7.695281990800287,-1.1603097137849498,1.127150618237996
-0.09143329760790146,0.7644921614824481,-0.94083189654324
-0.09143329760790146,-1.05090219673758,0.8514196162671643
-0.09143329760790146,-0.9041614795657871,0.258597962029877
-0.09143329760790146,-0.907977602240029,1.0444313176467461
-0.09143329760790146,-0.17355399323498047,0.14830556124154431
-0.09143329760790146,-0.8161386499570937,0.16209211134008591
0.09941756730406394,-0.12138831630123952,0.05179971055175323
-0.09143329760790146,-0.6177362720538182,0.9065658166613307
1.276503171977321,-0.19346263322418594,0.3826769129167509
-0.03809963124894127,0.7098784058520238,-0.9132587963461567
1.4659097600737363,0.04367698993837556,-0.8167529456563658
1.1771888561215225,-0.8150586152379687,1.4028816202088275
0.19696356492573514,0.31375767203425176,-0.8167529456563658
2.1908798041669124,0.770612358224157,-0.7891798454592827
0.18666367697810526,-0.8698883778122182,1.2650161192234115
0.06410957078378024,-0.5905553982891705,1.4718143707015354
0.7602386870617441,-0.8222948478561066,2.230074626121322
0.6451478783226029,-0.5037206068715148,1.1685102685336208
-0.09143329760790146,-0.16750579880788008,-0.265290941714703
-0.01197701915475669,-1.0043527003432895,0.5894751643948742
2.828584935545169,-0.6736460693471927,0.09315936084737798
-0.09143329760790146,-0.3666642010145432,-0.22393129141907828
1.432054476211092,-0.5495140789624178,0.9479254669569555
0.023077221339277778,-0.30967436900204365,-0.08606579043366243
-0.09143329760790146,-0.7528126142590604,0.8238465160700816
0.17104025143956555,2.7068626015142807,-1.0097646470359478
0.18666367697810526,0.050733216769992685,-0.43072954289720183
-0.09143329760790146,-0.26092880201219876,-0.33422369220741094
0.6872382312329174,0.3472747494844331,-0.12742544072928738
-0.09143329760790146,-0.325730885159703,0.038013160453211646
0.21794108732274173,-0.5390377421869046,1.0582178677452883
-0.09143329760790146,0.2785845413480786,-0.22393129141907828
-0.09143329760790146,-0.9264461959370677,0.6584079148875822
0.39523640791761033,-0.2529725462479774,-0.44451609299574324
-0.09143329760790146,-0.7883457565182752,0.2861710622269598
-0.09143329760790146,-0.8426715028902664,0.8514196162671643
-0.09143329760790146,-0.8705723998009973,1.4718143707015354
-0.01583412005054042,-0.7044270588422572,0.42403656321237565
-0.09143329760790146,0.3730875792715223,-0.5272353935869928
-0.09143329760790146,0.016100103443382065,-0.7340336450651164
-0.09143329760790146,-0.3741164405765062,-0.07227924033512104
-0.09143329760790146,-0.15825350138070862,0.06558626065029481
-0.09143329760790146,-0.8391433894744578,0.8376330661686228
0.004698989903310734,1.455102362048323,-0.6099546941782422
-0.09143329760790146,-0.7846376373159458,1.0306447675482049
-0.09143329760790146,-0.4734796347360128,0.038013160453211646
-0.09143329760790146,-0.44003455960043975,0.479182763606542
-0.09143329760790146,-0.24195619211290165,-0.11363889063074559
-0.09143329760790146,-0.4404305723307856,0.13451901114300274
-0.09143329760790146,-0.628356613458548,0.24481141193133543
-0.09143329760790146,-0.9747597490392625,0.1758786614386275
2.828584935545169,-0.8337792170361366,0.46539621350800037
-0.09143329760790146,-0.8383513640137661,1.2788026693219532
-0.09143329760790146,-0.3746564579360688,0.32753071252258453
0.46476065156411195,-0.5714027826033526,0.9754985671540386
-0.09143329760790146,-0.33757526591277465,0.3826769129167509
-0.09143329760790146,-0.6116520764694136,0.038013160453211646
-0.09143329760790146,-0.32850297427212405,-0.23771784151761965
-0.09143329760790146,-0.9191019598470173,1.196083368730704
-0.09143329760790146,-0.5949475394802791,0.32753071252258453
-0.09143329760790146,-0.5603144261536686,0.796273415872998
-0.09143329760790146,-0.7371521108317469,1.6648260720811172
-0.09143329760790146,-0.10194769135698824,-0.3204371421088692
-0.09143329760790146,-0.7022309882467029,0.865206166365706
1.5307990541438046,1.3025654585505588,-0.67888744467095
-0.09143329760790146,-0.9594952583422949,1.196083368730704
0.8819061134431221,-0.9926163230621304,2.39551322730382
-0.09143329760790146,-0.40964958283572106,0.4102500131138341
-0.09143329760790146,0.5826503159390903,-1.1752032482184467
-0.09143329760790146,-1.2832896671359912,1.719972272475284
-0.09143329760790146,-0.1315406426610152,-0.1963581912219951
-0.09143329760790146,-0.7518405830118479,0.5756886142963331
0.8355566176787876,-0.3712003468348685,-0.030919590039496084
-0.09143329760790146,-0.9812039561967089,1.0582178677452883
-0.09143329760790146,-0.6637817522458503,0.23102486183279383
-0.09143329760790146,-0.7464044082589183,0.12073246104446116
-0.09143329760790146,-0.6636737487739378,0.479182763606542
-0.09143329760790146,-0.058062280603206166,-0.33422369220741094
-0.09143329760790146,0.021428274724399083,-0.33422369220741094
-0.09143329760790146,-1.1477093087284906,2.174928425727155
-0.09143329760790146,-0.6802702822911598,0.6308348146904991
-0.09143329760790146,-0.4582151440390451,0.2861710622269598
1.8552455244941457,0.17785330321101359,0.3413172626211261
-0.09143329760790146,-0.5047286392760315,0.024226610354670254
-0.09143329760790146,-1.0544303101533887,1.196083368730704
-0.09143329760790146,-0.4779797793990339,0.1896652115371691
-0.09143329760790146,0.3995124287327824,-0.5548084937840759
-0.09143329760790146,-0.6094560058738593,0.2999576123255018
-0.09143329760790146,-0.45155492993777385,0.13451901114300274
2.740099534540531,-0.9698275904885915,1.6372529718840338
-0.09143329760790146,-0.5729508323674318,0.13451901114300274
-0.09143329760790146,-0.4785917990732048,0.8514196162671643
-0.09143329760790146,-0.5038286103434273,-0.3617967924044939
0.03621777269387212,-0.5489380604455512,0.09315936084737798
0.6164499104292066,-1.2167235272805828,0.713554115281749
-0.09143329760790146,-0.6709819837066842,0.5894751643948742
-0.09143329760790146,-1.1634418144704126,2.092209125135906
-0.09143329760790146,-0.7941779440015506,0.8376330661686228
-0.09143329760790146,-0.8479276718566751,0.8376330661686228
-0.09143329760790146,-0.8539758662837754,1.223656468927787
-0.09143329760790146,-1.0507581921083635,1.926770523953407
-0.09143329760790146,-0.453282985488374,0.16209211134008591
-0.09143329760790146,-0.5909874121768206,0.3688903628182097
0.16364875494340128,0.5569814907812178,-0.08606579043366243
-0.03199272288722827,-0.5411978116251548,0.6997675651832069
-0.09143329760790146,-1.0911154894463369,1.8578377734606992
-0.09143329760790146,-1.0121649514782942,0.6308348146904991
-0.09143329760790146,0.698862051716948,-0.67888744467095
-0.09143329760790146,-0.8571799692838464,1.0030716673511215
-0.09143329760790146,0.699078058660773,-0.4996622933899096
-0.09143329760790146,-1.0607665138389224,1.0030716673511215
-0.09143329760790146,-1.3002102110689508,1.6648260720811172
-0.09143329760790146,-0.7296278689551755,1.5269605710957013
-0.09143329760790146,-0.7043550565276488,0.8927792665627895
-0.09143329760790146,-1.1498333770094367,2.4230863275009034
-0.09143329760790146,-1.0001405649387018,1.2374430190263288
-0.09143329760790146,-0.8270830017775611,0.713554115281749
-0.09143329760790146,-0.7813975331585706,0.9341389168584135
0.9068635342393021,-0.8269029959910403,0.8376330661686228
-0.09143329760790146,-0.8542638755422088,0.35510381271966773
-0.09143329760790146,0.24805555995414322,-0.6099546941782422
-0.09143329760790146,-0.17088990759447195,-1.6715190517659433
-0.09143329760790146,-0.5599184134233227,-0.6237412442767839
-0.09143329760790146,-0.5509181240972804,-0.292864041911786
-0.09143329760790146,-0.4799958442080674,-0.8581125959519905
-0.09143329760790146,-0.5549142525580432,0.0793728107488364
-0.09143329760790146,0.0791021287256779,-0.18257164112345334
-0.09143329760790146,1.3279102732926937,-0.8167529456563658
-0.09143329760790146,0.9268573809242506,-1.1200570478242806
-0.09143329760790146,-0.19245460081966922,-0.4858757432913682
-0.09143329760790146,-0.38092065930699415,0.5756886142963331
-0.09143329760790146,0.8891281680694815,-0.21014474132053668
-0.09143329760790146,0.41488492290166257,-0.8856856961490736
-0.09143329760790146,0.979131061329904,-1.2717090989082378
-0.09143329760790146,0.7564999045609226,-1.3406418494009456
-0.09143329760790146,-0.00031642428731901926,-0.11363889063074559
-0.09143329760790146,0.5853864038942072,-0.030919590039496084
-0.09143329760790146,-0.3934130608915408,-0.41694299279866026
-0.09143329760790146,0.41085279328359564,-0.7340336450651164
-0.09143329760790146,-0.133628709784657,-0.4031564427001187
-0.09143329760790146,-0.7534246339332313,0.2861710622269598
-0.09143329760790146,1.219150777076799,-1.1752032482184467
-0.09143329760790146,-0.4193698953078467,-0.44451609299574324
-0.09143329760790146,-0.20591903365142844,0.3688903628182097
-0.09143329760790146,0.22998297898745038,-0.14121199082782876
-0.09143329760790146,0.10909109276005072,-0.1963581912219951
-0.09143329760790146,-0.3309150518115034,-0.4858757432913682
-0.09143329760790146,0.0140840386343486,-0.7202470949665748
-0.09143329760790146,-0.10090365779516733,-0.8994722462476153
-0.09143329760790146,-0.4609152308368578,0.6032617144934163
-0.09143329760790146,-0.32882698468786153,-0.33422369220741094
-0.09143329760790146,-0.030197384849779327,-0.8994722462476153
-0.09143329760790146,-0.07145471112035705,-0.34801024230595234
-0.09143329760790146,0.38702002714823575,-0.9132587963461567
-0.09143329760790146,-0.8959172145431323,0.09315936084737798
-0.09143329760790146,0.5201163057017487,-0.9821915468388647
-0.09143329760790146,-0.5659306066931189,-0.16878509102491193
-0.09143329760790146,-0.6017877593680713,0.31374416242404335
-0.09143329760790146,-0.10277571797498412,-0.3204371421088692
-0.09143329760790146,0.04158892281473375,0.1896652115371691
-0.09143329760790146,-0.10090365779516733,-0.44451609299574324
-0.09143329760790146,0.5241124341625115,-0.8856856961490736
-0.09143329760790146,-0.12588846096426065,-0.4031564427001187
-0.09143329760790146,1.09368674387177,-0.4858757432913682
-0.09143329760790146,-0.7421562716970264,-0.09985234053220401
-0.09143329760790146,0.8103936370452637,-1.2717090989082378
-0.09143329760790146,0.4882192803302549,-0.8167529456563658
-0.09143329760790146,-0.7592208202592025,1.8854108736577824
-0.09143329760790146,0.08360227338869902,-0.34801024230595234
-0.09143329760790146,-0.026957280692404113,-0.4031564427001187
-0.09143329760790146,0.7541238281788475,-1.2579225488096961
-0.09143329760790146,0.18764561799774757,-0.6237412442767839
-0.09143329760790146,1.0522494118146715,-1.0235511971344895
-0.09143329760790146,0.1311958033448105,-1.2717090989082378
-0.09143329760790146,0.03143659645495808,-1.0511242973315726
-0.09143329760790146,-0.047945955400734666,-1.1200570478242806
-0.09143329760790146,-0.5346456009957959,0.6170482645919578
-0.09143329760790146,0.30410936187673443,-0.8994722462476153
-0.09143329760790146,0.16161678126683335,-0.8443260458534491
-0.09143329760790146,-0.8623281347783427,3.677662386468186
-0.09143329760790146,1.1591368478507493,-1.4095745998936535
-0.09143329760790146,-0.5696747270527525,1.4580278206029933
-0.09143329760790146,-0.2821334836643543,0.2999576123255018
-0.09143329760790146,0.8722436252938262,-0.4031564427001187
-0.09143329760790146,-0.6616936851222086,-0.5961681440797006
-0.09143329760790146,0.1691050219861005,-0.6651008945724086
-0.09143329760790146,-0.22240756369673786,-0.18257164112345334
-0.09143329760790146,-0.5918154387948165,-0.4720891931928266
-0.09143329760790146,-0.3222387729011986,0.06558626065029481
-0.09143329760790146,0.5741180416580023,0.12073246104446116
-0.09143329760790146,-0.20113087972997395,-0.33422369220741094
-0.09143329760790146,-1.4059456100712953,4.794372944450053
-0.09143329760790146,-1.0505781863218426,3.1951331330192314
-0.09143329760790146,-0.1330526912677903,-0.43072954289720183
0.5692576965600661,2.1841617986150506,-1.0235511971344895
-0.09143329760790146,0.49055935555502594,0.16209211134008591
-0.09143329760790146,-0.1983947917748571,-1.2165628985140715
-0.09143329760790146,-0.5379217063104754,0.7411272154788318
-0.09143329760790146,0.34911080850694576,-0.21014474132053668
-0.09143329760790146,-0.05590221116495603,-0.7753932953607411
-0.09143329760790146,0.030104553634703823,-0.8718991460505322
0.34116199619255344,1.1643570156598537,-1.0511242973315726
-0.09143329760790146,0.025100392769424325,-1.0511242973315726
-0.09143329760790146,-0.05028603062550566,-0.44451609299574324
-0.09143329760790146,-0.6385449409756279,-0.6237412442767839
-0.09143329760790146,-0.5793230372102698,-0.003346489842413106
-0.09143329760790146,0.006703801386993944,-0.8581125959519905
-0.09143329760790146,3.2292033928404695,-1.561226650977611
-0.09143329760790146,-0.37091233757643516,-0.7064605448680331
-0.09143329760790146,-0.07091469376079451,-0.4720891931928266
-0.09143329760790146,0.6456523412213862,-0.8994722462476153
-0.09143329760790146,-0.26550094898982823,-0.6375277943753255
-0.09143329760790146,-0.3298350170923783,-0.3617967924044939
-0.09143329760790146,-0.062346418322402286,-0.14121199082782876
-0.09143329760790146,-0.22733972224740903,0.31374416242404335
-0.09143329760790146,0.4759428856895333,-0.7478201951636579
-0.09143329760790146,-0.28090944431601256,-0.9546184466417815
-0.09143329760790146,-0.8693843616099598,-1.133843597922822
-0.09143329760790146,0.05411732555658458,0.46539621350800037
-0.09143329760790146,0.7991252748090588,-1.4647208002878198
-0.09143329760790146,0.5934146619730368,-1.064910847430114
-0.09143329760790146,-0.5259333209281871,0.6584079148875822
-0.09143329760790146,0.2873688237302958,-0.6237412442767839
-0.09143329760790146,0.04760111608452998,3.3192120839061063
-0.09143329760790146,0.34911080850694576,-1.2992821991053207
-0.09143329760790146,0.39411225513715703,-1.2441359987111547
0.8819061134431221,0.974630916666883,-1.2441359987111547
-0.09143329760790146,-0.5266893452315746,-0.9270453464446984
-0.09143329760790146,0.36711138715903024,-1.3406418494009456
-0.09143329760790146,-0.28839768503527974,-0.9684049967403231
-0.09143329760790146,0.368335426507372,-0.08606579043366243
-0.09143329760790146,-0.29966604727148466,-0.3617967924044939
-0.09143329760790146,0.8315263163828109,-0.8029663955578242
-0.09143329760790146,-0.23590799768580126,-0.7753932953607411
-0.09143329760790146,-0.14590510442537863,-1.0786973975286558
-0.09143329760790146,0.33910248677638677,-0.3204371421088692
-0.09143329760790146,0.04940117394973843,-0.265290941714703
-0.09143329760790146,-0.4297022274541432,-0.030919590039496084
-0.09143329760790146,0.28772883530333754,-1.0097646470359478
-0.09143329760790146,0.5853864038942072,-0.8029663955578242
-0.09143329760790146,-0.40464542197044157,0.5756886142963331
-0.09143329760790146,-0.5059166774670691,0.13451901114300274
-0.09143329760790146,-0.30920635395708945,-0.9959780969374062
-0.09143329760790146,0.556801484994697,-0.003346489842413106
-0.09143329760790146,-0.22089551508996277,-0.8029663955578242
-0.09143329760790146,0.12572362743457682,0.8927792665627895
-0.09143329760790146,0.3256380539446275,-0.8167529456563658
-0.09143329760790146,0.30094126003396754,-0.5410219436855346
-0.09143329760790146,-0.09571949114336699,-0.9546184466417815
-0.09143329760790146,-0.3439114695983084,-0.7064605448680331
-0.09143329760790146,-0.2549526098997067,1.1685102685336208
-0.09143329760790146,-0.573418847412386,1.3339488697161195
-0.09143329760790146,-0.42941421819570985,0.46539621350800037
-0.09143329760790146,-0.31532655069879817,-0.12742544072928738
-0.09143329760790146,-0.07350677708669469,-0.7753932953607411
-0.09143329760790146,1.084146437186165,-1.2854956490067793
-0.09143329760790146,-0.019901053860786982,0.038013160453211646
-0.09143329760790146,-1.4374466227124432,5.828364201840673
-0.09143329760790146,-0.022745145287816335,-1.0097646470359478
-0.09143329760790146,1.3560271771472499,-0.6375277943753255
-0.09143329760790146,1.3054095499775882,-0.67888744467095
-0.09143329760790146,-0.3741164405765062,1.223656468927787
-0.09143329760790146,0.9735148807904537,-1.1200570478242806
-0.09143329760790146,0.1241035753558892,0.31374416242404335
-0.09143329760790146,-0.764656995012132,3.1951331330192314
-0.09143329760790146,0.4702547028354746,-0.9959780969374062
-0.09143329760790146,0.6281197776142559,-1.6715190517659433
-0.09143329760790146,1.6361521821309892,-1.2165628985140715
-0.09143329760790146,-0.027281291108141634,-0.30665059201032757
-0.09143329760790146,-0.7534246339332313,1.733758822573825
-0.09143329760790146,0.23473513175160068,-0.7753932953607411
-0.09143329760790146,0.5990668436697915,-0.9270453464446984
-0.09143329760790146,-0.3689322739247059,-0.18257164112345334
-0.09143329760790146,-0.555310265288389,0.5067558638036251
-0.09143329760790146,-0.4909041948712306,2.533378728289236
-0.09143329760790146,0.3241260053378524,-0.43072954289720183
0.020875095974908952,0.7945891289887335,-0.4031564427001187
-0.08293251672535978,1.6366201971759433,-0.8718991460505322
-0.09143329760790146,-0.7459363932139641,-0.6375277943753255
-0.09143329760790146,0.3069174521464596,-1.4785073503863613
-0.09143329760790146,-0.3452075112612585,-0.4583026430942848
-0.09143329760790146,0.49912763099341817,-0.7616067452621995
-0.09143329760790146,-1.0377617743215584,-0.030919590039496084
-0.09143329760790146,0.5812102696469236,-0.3755833425030355
-0.09143329760790146,0.8079455583485802,-1.1200570478242806
0.9806506913758346,-0.09273139508712096,0.4102500131138341
-0.09143329760790146,-1.1837104660326596,1.2925892194204947
0.9608255251499619,0.34525868467539966,-0.9959780969374062
1.4659097600737363,0.3678674114624178,1.0720044178438293
-0.09143329760790146,-0.999132532534185,1.5958933215884092
-0.09143329760790146,-0.7896057970239212,1.8026915730665327
-0.09143329760790146,-0.5223692063550743,-0.11363889063074559
-0.09143329760790146,-0.9634553856457535,1.733758822573825
-0.09143329760790146,-0.9413146739036895,2.9745483314425667
2.244581288914555,-0.5539062201535264,0.6170482645919578
-0.09143329760790146,1.5287247287353487,-1.161416698119905
-0.09143329760790146,0.907992774496866,-0.9959780969374062
-0.09143329760790146,-0.9193539679481464,0.3688903628182097
-0.09143329760790146,-0.4582511451963493,-0.09985234053220401
-0.09143329760790146,-0.2841135473160836,-0.22393129141907828
-0.09143329760790146,-0.16977387171804273,-0.5410219436855346
-0.09143329760790146,-0.6293646458630647,0.31374416242404335
-0.09143329760790146,1.8767119152374467,-1.064910847430114
-0.09143329760790146,-0.9016773997117994,1.9819167243475735
-0.09143329760790146,0.9656306273408406,-1.133843597922822
-0.09143329760790146,-0.519093101040395,0.010440060256128479
-0.09143329760790146,0.33831046131569503,-0.8443260458534491
-0.09143329760790146,-0.5451579389286133,-0.16878509102491193
-0.09143329760790146,-0.9239981172403843,0.7273406653802901
-0.09143329760790146,-0.9638873995334035,1.5545336712927844
-0.09143329760790146,-1.2787895224729702,2.6988173294717352
-0.09143329760790146,0.681185483480601,-0.8994722462476153
-0.09143329760790146,-0.8463076197779874,1.3063757695190368
-0.09143329760790146,-0.7958339972375424,1.6234664217854924
-0.09143329760790146,-0.6578055601333583,0.9341389168584135
-0.09143329760790146,-1.2683491868547612,2.6436711290775685
-0.09143329760790146,-0.13470874450378206,0.35510381271966773
-0.09143329760790146,-0.6196803345482432,1.4993874708986186
-0.09143329760790146,-0.6233884537505727,1.2788026693219532
-0.09143329760790146,-0.9598912710726407,1.7061857223767418
-0.09143329760790146,-0.2598127661357695,-0.4031564427001187
-0.09143329760790146,-1.1497253735375241,2.2576477263184045
-0.09143329760790146,-0.18849447351621063,-0.6375277943753255
-0.09143329760790146,-0.23194787038234266,0.2723845121284182
-0.09143329760790146,0.06470166580401028,-0.5134488434884512
-0.09143329760790146,-0.43279832698230175,-0.4031564427001187
-0.09143329760790146,-0.3072982926199685,0.12073246104446116
-0.09143329760790146,-1.5974357657721705,3.4295044846944385
-0.09143329760790146,-0.9058175328017789,1.4580278206029933
-0.09143329760790146,-0.7581047843827733,-0.4996622933899096
-0.09143329760790146,-0.39722918356578274,-0.3755833425030355
-0.09143329760790146,-0.8090464219681724,1.0030716673511215
-0.09143329760790146,-0.45090690910629877,0.6584079148875822
-0.09143329760790146,0.075718019939086,-0.34801024230595234
-0.09143329760790146,-0.8056983143388847,1.4166681703073687
-0.09143329760790146,-0.2533325578210191,0.038013160453211646
-0.09143329760790146,-0.5833551668283368,0.4102500131138341
-0.09143329760790146,-0.8907690490486362,0.644621364789041
-0.09143329760790146,-0.8819847666664189,0.8100599659715396
-0.09143329760790146,-0.8119985168671143,1.1685102685336208
-0.09143329760790146,-0.6317767234024441,0.6584079148875822
-0.09143329760790146,-0.8134385631592811,1.0582178677452883
-0.09143329760790146,0.8994965013730821,-1.037337747233031
-0.09143329760790146,-0.1500452375153581,-0.6099546941782422
-0.09143329760790146,-0.6799822730327264,-0.058492690236579443
-0.09143329760790146,-0.6067559190760466,0.5894751643948742
-0.09143329760790146,-0.16991787634725938,-0.30665059201032757
-0.09143329760790146,-0.8257509589573069,1.196083368730704
-0.09143329760790146,-0.21625136579772494,-0.5685950438826175
-0.09143329760790146,-1.080063134153957,1.733758822573825
-0.09143329760790146,-0.5266173429169663,0.6032617144934163
-0.09143329760790146,-0.9942363751408181,1.4028816202088275
-0.09143329760790146,-0.15677745393123768,-0.3893698926015769
-0.09143329760790146,-0.4163097969369923,0.05179971055175323
-0.09143329760790146,-0.4616712551402453,0.1758786614386275
-0.09143329760790146,0.4705427120939079,-0.7753932953607411
-0.09143329760790146,-1.0820791989629905,2.2438611762198626
-0.09143329760790146,-0.3309870541261117,0.39646346301529245
-0.09143329760790146,-0.07260674815409046,0.09315936084737798
-0.09143329760790146,-1.0993957556262959,2.464445977796528
-0.09143329760790146,1.5316408224769864,-1.0097646470359478
-0.09143329760790146,2.751900049301796,-1.3957880497951118
-0.09143329760790146,-1.1770502519313883,1.8991974237563238
-0.09143329760790146,-0.8741005132168059,1.4856009208000764
-0.09143329760790146,1.2054703373012148,-1.037337747233031
-0.09143329760790146,-1.0291934988831661,1.5269605710957013
-0.09143329760790146,-0.7579247785962524,0.32753071252258453
-0.09143329760790146,-0.7810735227428331,0.5343289640007083
-0.09143329760790146,0.025856417072811878,-0.09985234053220401
-0.09143329760790146,0.016100103443382065,-0.7616067452621995
-0.09143329760790146,0.7653201881004441,-0.9270453464446984
-0.09143329760790146,0.03518071681459166,-0.18257164112345334
-0.09143329760790146,-0.8322311672720574,1.196083368730704
0.22003531392842607,-1.2370641811574383,2.6436711290775685
-0.09143329760790146,-0.2308318345059134,-0.058492690236579443
-0.09143329760790146,-0.8797166937562563,1.7475453726723664
-0.09143329760790146,-0.6005277188624254,0.644621364789041
-0.09143329760790146,-1.4059456100712953,2.0508494748402812
-0.09143329760790146,-0.6987748771455027,0.8514196162671643
-0.09143329760790146,-0.5966755950308793,0.3688903628182097
-0.09143329760790146,-0.8665402701829304,0.024226610354670254
-0.09143329760790146,0.03255263233138732,-0.7478201951636579
-0.09143329760790146,-0.7331559823709841,1.8026915730665327
-0.09143329760790146,0.2204066711445414,-0.21014474132053668
-0.09143329760790146,0.4806950384536836,-0.8718991460505322
-0.09143329760790146,0.4358015952953848,-1.1200570478242806
-0.09143329760790146,0.3612431985184507,-0.6513143444738668
-0.09143329760790146,-0.4279741719035431,-0.07227924033512104
-0.09143329760790146,-0.7326159650114216,1.3063757695190368
-0.09143329760790146,2.0758343162868056,-1.2579225488096961
-0.09143329760790146,-0.22553966438220058,0.8927792665627895
-0.09143329760790146,-0.030521395265516848,-0.41694299279866026
-0.09143329760790146,-0.1329086866385736,-0.3204371421088692
-0.09143329760790146,-0.28720964684424216,-0.22393129141907828
-0.09143329760790146,-0.5895833670419579,-0.22393129141907828
-0.09143329760790146,-0.5514221402995387,0.024226610354670254
0.004698989903310734,-0.7137153574267329,0.5756886142963331
-0.09143329760790146,-0.8599160572389634,0.7273406653802901
-0.09143329760790146,-0.42372603534165115,-0.18257164112345334
-0.09143329760790146,0.49397946549892197,-0.9546184466417815
-0.09143329760790146,-0.5394337549172504,0.010440060256128479
-0.09143329760790146,-0.0691866382101944,-0.7064605448680331
-0.09143329760790146,-0.9688915603986831,1.444241270504452
1.5307990541438046,-1.0076648068152732,1.9681301742490318
-0.09143329760790146,-0.006976638388590293,-0.7340336450651164
-0.09143329760790146,0.10577898628806716,-0.3755833425030355
-0.09143329760790146,-0.08761923074992896,-0.030919590039496084
-0.09143329760790146,-1.0015806112308685,1.51317402099716
-0.09143329760790146,-1.2665131278322486,2.436872877599445
-0.09143329760790146,0.2841647207302248,-0.7340336450651164
-0.09143329760790146,0.9394937871380139,-1.037337747233031
0.2330131727424397,0.39634432689001553,-0.6926739947694918
-0.09143329760790146,1.4329256491489548,-1.161416698119905
-0.09143329760790146,0.728455003020975,-0.8305394957549074
-0.09143329760790146,0.3703154901591013,-0.8029663955578242
-0.09143329760790146,-0.6736820705044968,0.09315936084737798
-0.09143329760790146,-1.0752749802325026,2.0232763746431983
-0.09143329760790146,-0.8478196683847625,0.7411272154788318
-0.09143329760790146,-0.0016484671075732739,-0.6099546941782422
-0.09143329760790146,2.275856746268769,-1.354428399499487
-0.09143329760790146,-0.4329063304542143,0.23102486183279383
-0.09143329760790146,0.16518089583994608,-0.6375277943753255
-0.09143329760790146,-0.2252876562810714,-0.23771784151761965
-0.09143329760790146,-1.4066656332173786,3.167560032822149
-0.09143329760790146,-0.9992045348487933,1.182296818632162
-0.09143329760790146,-0.7873377241137586,1.7061857223767418
-0.09143329760790146,-0.6792982510439473,0.6032617144934163
-0.09143329760790146,0.605151039254196,-0.5961681440797006
-0.09143329760790146,-0.7047510692579947,0.5067558638036251
-0.09143329760790146,1.052393416443888,-0.9959780969374062
-0.09143329760790146,-0.959531259499599,1.2650161192234115
-0.09143329760790146,0.06484567043322695,-0.6099546941782422
-0.09143329760790146,-0.5357616368722252,0.9754985671540386
-0.09143329760790146,-0.24361224534889342,-0.7753932953607411
-0.09143329760790146,-0.5969996054466168,0.5067558638036251
0.31839382283463474,0.5755940891074732,-0.18257164112345334
-0.09143329760790146,2.350163134944574,-1.5060804505834444
-0.09143329760790146,-0.41260167773466294,0.35510381271966773
0.8246508539695324,-0.8984372955544242,0.2999576123255018
-0.09143329760790146,-1.0364657326586084,1.7475453726723664
-0.09143329760790146,-0.37091233757643516,0.038013160453211646
-0.09143329760790146,0.3236939914502024,-0.8443260458534491
-0.09143329760790146,-0.44705478527475273,0.31374416242404335
-0.09143329760790146,0.13778401513147345,-1.2441359987111547
0.4276810549526444,-0.5728068277382152,0.49296931370508357
-0.09143329760790146,-0.7660250389896904,0.5756886142963331
-0.09143329760790146,-0.7149753979323787,0.4102500131138341
-0.09143329760790146,-0.8948731809813115,0.4516096634094588
-0.09143329760790146,-0.12948857669467756,-0.5685950438826175
-0.09143329760790146,-0.4830199414216176,0.1758786614386275
-0.09143329760790146,2.014164333824764,-1.2854956490067793
-0.09143329760790146,-0.1802862096508601,0.12073246104446116
-0.09143329760790146,0.09037049096188281,-1.423361149992195
-0.09143329760790146,-0.419009883734805,-0.7064605448680331
-0.09143329760790146,-0.49922046220849364,-0.5685950438826175
-0.09143329760790146,-0.8353992691148242,0.6170482645919578
-0.09143329760790146,-0.662233702481771,0.8789927164642476
-0.09143329760790146,-0.9014253916106703,1.0582178677452883
-0.09143329760790146,0.004111718061093774,-0.1963581912219951
-0.09143329760790146,2.1005311101974655,-1.0235511971344895
-0.09143329760790146,-0.5662546171088564,1.127150618237996
-0.09143329760790146,-0.37490846603719796,-0.7616067452621995
-0.09143329760790146,-0.5722308092213485,-0.003346489842413106
-0.09143329760790146,2.6041873008827907,-1.423361149992195
-0.09143329760790146,-0.9757317802864751,1.3615219699132026
-0.09143329760790146,-0.5580103520862018,-0.2790774918132446
-0.09143329760790146,0.5814262765907486,-0.8029663955578242
-0.09143329760790146,-0.01540090919776585,-0.15499854092637036
-0.09143329760790146,0.2789805540784244,-0.9684049967403231
-0.09143329760790146,0.7784246093591616,-1.1476301480213638
-0.09143329760790146,-0.3227067879461528,-0.6237412442767839
-0.09143329760790146,-0.8884289738238652,0.24481141193133543
-0.09143329760790146,-0.3021141259681681,-0.6237412442767839
-0.09143329760790146,-0.9567231692298739,1.733758822573825
-0.09143329760790146,0.7725564207185821,-0.3617967924044939
-0.09143329760790146,-0.5315135003103333,-0.30665059201032757
-0.09143329760790146,-0.4993284656804062,-0.18257164112345334
-0.09143329760790146,0.8663754366532466,-1.037337747233031
-0.09143329760790146,-0.05536219380539349,-0.04470614013803767
0.6682462427246048,1.2459356381111009,-0.9270453464446984
-0.09143329760790146,0.339786508765166,-1.0786973975286558
-0.09143329760790146,-0.2172233970449375,-0.8581125959519905
-0.09143329760790146,-0.030701401052037693,-0.43072954289720183
-0.09143329760790146,-0.6830423714035808,0.796273415872998
-0.09143329760790146,-0.1196602607506394,-0.08606579043366243
-0.09143329760790146,0.09785873168114997,-1.106270497725739
-0.09143329760790146,-0.07980697961492428,-0.07227924033512104
-0.09143329760790146,-0.5882873253790079,0.2723845121284182
-0.09143329760790146,-0.4476308037916194,-0.07227924033512104
-0.09143329760790146,0.36178321587801326,-0.8994722462476153
-0.09143329760790146,-0.44503872046571924,-0.6651008945724086
-0.09143329760790146,0.07845410789420286,-0.2790774918132446
-0.09143329760790146,0.13054778251333546,-0.5272353935869928
-0.09143329760790146,-0.5473900106814719,0.2861710622269598
-0.09143329760790146,-0.48575602937673446,1.0444313176467461
-0.09143329760790146,-0.3948171060264034,0.14830556124154431
-0.09143329760790146,-0.688838557729552,0.21723831173425187
-0.09143329760790146,-0.16343766803250898,-0.18257164112345334
-0.09143329760790146,-0.6762021515157887,0.5067558638036251
-0.09143329760790146,-0.9376065547013601,1.2925892194204947
-0.09143329760790146,0.8883001414514855,-1.2165628985140715
-0.09143329760790146,0.48062303613907525,-1.1476301480213638
-0.09143329760790146,0.1961058899642273,-0.7478201951636579
-0.09143329760790146,0.22375477877382913,-1.0786973975286558
-0.09143329760790146,0.05429733134310542,-0.9546184466417815
-0.09143329760790146,-0.4577471289940909,-0.6099546941782422
-0.09143329760790146,-0.35845593714919266,-0.44451609299574324
-0.09143329760790146,-0.045317870917530326,0.21723831173425187
-0.09143329760790146,0.2840567172583123,-0.8305394957549074
-0.09143329760790146,-0.3764925169585814,0.49296931370508357
-0.09143329760790146,-0.6566535230996249,1.4718143707015354
-0.09143329760790146,0.21547451259387024,-0.8994722462476153
-0.09143329760790146,0.045801058219321525,-0.6237412442767839
-0.09143329760790146,1.615667523624917,-0.9546184466417815
-0.09143329760790146,0.30907752158470975,-0.5410219436855346
-0.09143329760790146,-0.7063711213366823,0.24481141193133543
-0.09143329760790146,0.7346112009199879,-0.9270453464446984
-0.09143329760790146,-0.37562848918328134,2.0094898245446564
-0.09143329760790146,-0.39467310139718675,0.10694591094591957
-0.09143329760790146,-0.02134110015295374,-0.8718991460505322
-0.09143329760790146,0.015092071038865333,-0.16878509102491193
-0.09143329760790146,0.08590634745616585,-0.9959780969374062
-0.09143329760790146,-0.06393046924378572,-0.67888744467095
-0.09143329760790146,-0.4859000340059511,0.5619020641977915
-0.09143329760790146,-0.08740322380610394,-0.6237412442767839
-0.09143329760790146,-0.08938328745783324,-0.6651008945724086
-0.09143329760790146,-0.1779461344260891,-0.18257164112345334
-0.09143329760790146,0.27804452398851603,-0.44451609299574324
-0.09143329760790146,0.19675391079570234,0.258597962029877
-0.09143329760790146,-0.07311076435634883,-0.34801024230595234
-0.09143329760790146,-0.05359813709748921,-0.3617967924044939
-0.09143329760790146,-0.6365648773238985,0.9479254669569555
-0.09143329760790146,0.022868321016565846,-0.41694299279866026
-0.09143329760790146,-0.18100623279694347,-0.1963581912219951
-0.09143329760790146,-0.22183154517987116,-0.18257164112345334
-0.09143329760790146,-0.41422172981335054,0.5619020641977915
-0.09143329760790146,0.5910745867482659,-0.8443260458534491
-0.09143329760790146,-0.24436826965228098,0.09315936084737798
-0.09143329760790146,-0.13276468200935693,-0.7753932953607411
-0.09143329760790146,-0.12790452577329411,-0.8029663955578242
-0.09143329760790146,-0.7126713238649119,0.5481155140992499
-0.09143329760790146,-0.3209067300809444,-0.6375277943753255
-0.09143329760790146,-0.7412562427644221,1.182296818632162
-0.09143329760790146,-0.6165122327054764,0.46539621350800037
-0.09143329760790146,-0.3997132634197704,-0.5548084937840759
-0.09143329760790146,-0.06900663242367355,-1.2027763484155298
-0.09143329760790146,-0.18658641217908967,-0.15499854092637036
-0.09143329760790146,0.5711299456017562,-0.9821915468388647
-0.09143329760790146,1.4264094396769003,-1.5750132010761524
-0.09143329760790146,0.5213043438927862,-1.0511242973315726
-0.09143329760790146,-0.7059391074490323,-0.30665059201032757
-0.09143329760790146,1.75092387161668,-1.161416698119905
-0.09143329760790146,-0.3520477311490506,-0.14121199082782876
-0.09143329760790146,-0.28933371512518813,-0.34801024230595234
-0.09143329760790146,-0.29592192691185104,-1.2717090989082378
-0.09143329760790146,-0.4802118511518924,1.733758822573825
-0.09143329760790146,-0.42372603534165115,-0.6926739947694918
-0.09143329760790146,-0.01540090919776585,-0.9821915468388647
-0.09143329760790146,-0.017596979793320162,-0.003346489842413106
-0.09143329760790146,0.25219569304412265,-0.9959780969374062
-0.09143329760790146,1.3899042661704728,-0.9821915468388647
-0.09143329760790146,1.014880210532944,-0.8581125959519905
-0.09143329760790146,2.603647283523228,-1.2027763484155298
-0.09143329760790146,0.023336336061520045,-0.292864041911786
-0.09143329760790146,0.47288278731867894,-1.4371477000907367
-0.09143329760790146,-0.47106755719663346,-0.058492690236579443
-0.09143329760790146,0.09613067613054986,-1.0511242973315726
-0.09143329760790146,-0.040421713524163336,-0.9684049967403231
-0.06663484127539132,-0.5282373949956539,0.24481141193133543
-0.09143329760790146,-0.2804054281137542,0.010440060256128479
-0.09143329760790146,0.7070703155822986,-1.0097646470359478
-0.09143329760790146,0.2860367809100416,-0.22393129141907828
-0.09143329760790146,-0.009316713613361281,0.16209211134008591
-0.09143329760790146,1.1268798109062137,-0.9684049967403231
-0.09143329760790146,-0.13463674218917374,-0.5410219436855346
-0.09143329760790146,0.734827207863813,-0.94083189654324
-0.09143329760790146,-0.32828696732829904,0.16209211134008591
-0.09143329760790146,1.0157082371509398,-0.9546184466417815
-0.09143329760790146,-0.3776445539923148,-0.3204371421088692
-0.09143329760790146,2.477571230644028,-1.3406418494009456
-0.09143329760790146,-0.1532853416727333,-0.3617967924044939
-0.09143329760790146,1.0123961306789562,-0.5548084937840759
-0.09143329760790146,1.3209260487756849,-0.9546184466417815
-0.09143329760790146,-0.054822176445830956,-0.41694299279866026
-0.09143329760790146,0.07470998753456927,-0.5961681440797006
-0.09143329760790146,-0.7759253572483369,0.8376330661686228
-0.09143329760790146,0.17497321062668006,-0.8994722462476153
-0.09143329760790146,0.06776176417486465,-0.14121199082782876
-0.09143329760790146,-0.009964734444836323,-0.8443260458534491
-0.09143329760790146,0.13141181028863552,-0.4720891931928266
-0.09143329760790146,-0.15947754072905038,-0.12742544072928738
-0.09143329760790146,1.0780622416017607,-1.0235511971344895
-0.09143329760790146,1.655304797816807,-1.2027763484155298
-0.09143329760790146,0.7584439670553478,-0.9546184466417815
-0.09143329760790146,1.2057943477169524,-0.7616067452621995
-0.09143329760790146,0.49761558238664305,-0.11363889063074559
-0.09143329760790146,0.0645576611747936,-0.3617967924044939
-0.09143329760790146,1.8341585473039188,-1.2165628985140715
-0.09143329760790146,-0.7692651431470656,0.7411272154788318
-0.09143329760790146,0.25327572776324775,-0.8029663955578242
-0.09143329760790146,1.1826096024130675,-1.1200570478242806
-0.09143329760790146,0.04605306632045071,-0.5134488434884512
-0.09143329760790146,0.3690554496534554,-0.7064605448680331
-0.09143329760790146,0.42399321569961734,-0.5823815939811591
-0.09143329760790146,1.1438723571537817,-0.67888744467095
-0.09143329760790146,-0.05590221116495603,-0.292864041911786
-0.09143329760790146,0.41970907798042123,-0.3204371421088692
-0.09143329760790146,0.56511775233196,-1.1476301480213638
-0.09143329760790146,-0.5237012491753286,-0.67888744467095
-0.09143329760790146,0.06034552577020582,-0.6237412442767839
-0.09143329760790146,-0.2199234838427502,0.24481141193133543
-0.09143329760790146,0.11809138208609297,1.154723718435079
-0.09143329760790146,-0.2522165219445898,-0.6099546941782422
-0.09143329760790146,-0.5496220824343303,1.154723718435079
-0.09143329760790146,-0.14720114608832874,0.2723845121284182
-0.09143329760790146,-0.2485084027422604,-1.161416698119905
-0.09143329760790146,-0.20163489593223233,-0.6237412442767839
-0.09143329760790146,-0.12113630820011034,-0.30665059201032757
-0.09143329760790146,-0.6983428632578527,1.5407471211942432
-0.09143329760790146,0.18184943167177636,-0.67888744467095
-0.09143329760790146,-0.5051966543209857,-0.5548084937840759
-0.09143329760790146,0.5765301191973816,-0.8581125959519905
-0.09143329760790146,-0.3492756420366296,0.06558626065029481
-0.09143329760790146,0.1431841887270988,-0.8305394957549074
-0.09143329760790146,-0.36756422994714744,0.35510381271966773
-0.09143329760790146,-0.38304472758794017,0.024226610354670254
-0.09143329760790146,-0.18313030107788944,-1.0786973975286558
-0.09143329760790146,-0.6507853344590453,-0.08606579043366243
-0.09143329760790146,-0.6885505484711186,0.42403656321237565
-0.09143329760790146,-0.39290904468928245,0.024226610354670254
-0.09143329760790146,-0.3991732460602079,0.13451901114300274
-0.09143329760790146,0.3735555943164765,-1.1200570478242806
-0.09143329760790146,-0.20483899893230337,-0.43072954289720183
-0.09143329760790146,-0.08772723422184146,-0.3755833425030355
-0.09143329760790146,1.470222848116074,-0.7340336450651164
-0.09143329760790146,-0.3586719440930177,-0.4858757432913682
-0.09143329760790146,0.4132288696656708,-0.6513143444738668
-0.09143329760790146,-0.7112312775727452,0.9203523667598723
-0.09143329760790146,-0.3612280262616137,-0.2515043916161612
-0.09143329760790146,-0.70842318730302,1.182296818632162
-0.09143329760790146,-0.9052415142849122,1.4993874708986186
-0.09143329760790146,-1.261292960023144,1.3615219699132026
-0.09143329760790146,0.5363168264886248,-0.8443260458534491
-0.09143329760790146,0.11571530570401782,-0.4583026430942848
-0.09143329760790146,0.6153033656139717,-0.4583026430942848
-0.09143329760790146,-0.19951082765128636,-0.7064605448680331
-0.09143329760790146,-0.15738947360540856,-0.265290941714703
-0.09143329760790146,0.9008645453506405,-1.3130687492038624
-0.09143329760790146,0.7213627750320537,-0.9132587963461567
-0.09143329760790146,0.1951698598743189,-0.8994722462476153
-0.09143329760790146,-0.4138257170830047,-0.017133039940954692
-0.09143329760790146,0.07510600026491514,-0.4031564427001187
-0.09143329760790146,1.6088273037371248,-1.0511242973315726
-0.09143329760790146,0.9474140417449312,-1.037337747233031
-0.09143329760790146,-1.006764777882669,1.3339488697161195
-0.09143329760790146,0.6983220343573855,-0.4583026430942848
-0.09143329760790146,0.23685920003254665,-1.037337747233031
-0.09143329760790146,0.269728256651253,-0.8581125959519905
-0.09143329760790146,-0.05813428291781451,-0.21014474132053668
-0.09143329760790146,0.8544950547428708,-0.8443260458534491
-0.09143329760790146,2.9488263797556007,-1.423361149992195
-0.09143329760790146,-0.08016699118796597,-0.3617967924044939
-0.09143329760790146,-0.5072487202873234,0.06558626065029481
-0.09143329760790146,0.09166653262483289,-0.30665059201032757
-0.09143329760790146,0.7901249854830166,-0.8718991460505322
0.03834529053223501,-0.7815775389450915,0.42403656321237565
-0.09143329760790146,-0.5985836563680003,0.05179971055175323
-0.09143329760790146,-0.38002063037438993,0.05179971055175323
-0.09143329760790146,0.7313350956053085,-1.3682149495980287
-0.09143329760790146,-0.12902056164972336,0.010440060256128479
-0.09143329760790146,-0.20476699661769504,-0.41694299279866026
-0.09143329760790146,0.5913625960066993,-1.0924839476271972
-0.09143329760790146,-0.9733197027470958,1.0030716673511215
-0.09143329760790146,0.5276765487356242,-0.7616067452621995
-0.09143329760790146,-0.4333023431845601,-0.4720891931928266
-0.09143329760790146,-0.4412585989487815,-0.5134488434884512
-0.09143329760790146,0.027188459893066133,-0.6926739947694918
-0.09143329760790146,-0.2987300171815762,-0.5685950438826175
-0.09143329760790146,0.17025705901983393,-1.133843597922822
-0.09143329760790146,-0.19148256957245666,0.4378231133109172
-0.09143329760790146,-0.20278693296596573,-0.67888744467095
-0.09143329760790146,0.1852695416156724,-0.5410219436855346
-0.09143329760790146,0.8308062932367276,-0.94083189654324
-0.09143329760790146,0.014228043263565275,-0.6651008945724086
-0.09143329760790146,1.6452244737716397,-1.2717090989082378
-0.09143329760790146,-0.6482652534477535,0.1896652115371691
-0.09143329760790146,-1.2018190481566569,1.5958933215884092
-0.09143329760790146,-0.723543673370771,1.196083368730704
-0.09143329760790146,-0.4050414347007874,-0.6375277943753255
-0.09143329760790146,0.849418891562983,-1.561226650977611
-0.09143329760790146,0.6126752811307673,-1.3820014996965702
-0.09143329760790146,0.8796598636984849,-1.161416698119905
-0.09143329760790146,0.7886129368762415,-0.8856856961490736
-0.09143329760790146,-0.0379016325128715,-0.6375277943753255
-0.09143329760790146,-0.7027710056062655,0.3413172626211261
-0.09143329760790146,-0.17160993074055533,-0.6513143444738668
-0.09143329760790146,-0.4838839691969176,-0.09985234053220401
-0.09143329760790146,-1.1728021153694965,2.2852208265154874
-0.09143329760790146,-0.6099600220761177,0.3688903628182097
-0.09143329760790146,-0.2920338019230008,1.3201623196175778
-0.09143329760790146,0.0922425511416996,-0.8443260458534491
-0.09143329760790146,-1.2429683709553219,2.5195921781906945
-0.09143329760790146,0.3792077760132311,-0.3893698926015769
-0.09143329760790146,0.022868321016565846,-0.5823815939811591
-0.09143329760790146,-0.8717964391493391,0.6584079148875822
-0.09143329760790146,-0.24674434603435613,-0.4031564427001187
-0.09143329760790146,0.021428274724399083,0.13451901114300274
-0.09143329760790146,0.08651836713033671,-0.21014474132053668
-0.09143329760790146,-0.017128964748365963,-0.6651008945724086
-0.09143329760790146,-0.584903216592416,0.038013160453211646
-0.09143329760790146,-0.8741005132168059,0.258597962029877
-0.09143329760790146,0.000655606959893545,0.4102500131138341
-0.09143329760790146,-0.23439594907902617,-0.292864041911786
-0.09143329760790146,-0.7915138583610422,0.713554115281749
-0.09143329760790146,-0.16577774325727995,-0.5548084937840759
-0.09143329760790146,-0.029837373276737637,-1.0924839476271972
-0.09143329760790146,0.5622376597476265,-1.0511242973315726
-0.09143329760790146,-0.6296526551214982,1.6786126221796587
-0.09143329760790146,0.3409385457988994,-0.2790774918132446
-0.09143329760790146,-0.2846535646756461,-0.5685950438826175
-0.09143329760790146,0.015092071038865333,-0.7753932953607411
-0.09143329760790146,0.02916852354479543,-0.265290941714703
-0.09143329760790146,0.23847925211123427,-0.265290941714703
-0.09143329760790146,-0.5694587201089275,0.644621364789041
-0.09143329760790146,-0.16268164372912142,-0.04470614013803767
-0.09143329760790146,0.5026557444092267,-0.5548084937840759
-0.09143329760790146,-0.1325846762228361,0.13451901114300274
0.34116199619255344,0.18987768975060604,-1.0097646470359478
-0.09143329760790146,-0.8527158257781295,1.2650161192234115
-0.09143329760790146,-0.48676406178125114,0.5894751643948742
-0.09143329760790146,-0.9675955187357329,1.4718143707015354
-0.09143329760790146,1.9293096060588377,-1.423361149992195
-0.09143329760790146,-0.06292243683926899,-0.7340336450651164
-0.09143329760790146,-0.1414049597623575,-0.9821915468388647
-0.09143329760790146,-0.14226898753765757,0.05179971055175323
-0.09143329760790146,0.6794574279300009,-0.6651008945724086
-0.09143329760790146,0.08457430463591159,-0.7891798454592827
-0.09143329760790146,0.06473766696131444,-0.33422369220741094
-0.09143329760790146,-0.030665399894733526,-0.7340336450651164
-0.09143329760790146,-0.3671682172168016,0.23102486183279383
-0.09143329760790146,-0.39150499955441986,0.05179971055175323
-0.09143329760790146,-0.10939993091895123,-0.41694299279866026
-0.09143329760790146,-0.05763026671555614,-0.9959780969374062
-0.09143329760790146,-0.29127777761961327,0.24481141193133543
-0.09143329760790146,0.3678674114624178,-1.3820014996965702
-0.09143329760790146,1.085370476534507,-1.2579225488096961
-0.09143329760790146,-0.3034101676311182,0.3413172626211261
-0.09143329760790146,0.8910722305639065,-1.4647208002878198
-0.09143329760790146,0.08345826875948235,-0.9132587963461567
-0.09143329760790146,0.2349511386954257,-1.2854956490067793
-0.09143329760790146,-0.08916728051400823,-1.1476301480213638
-0.09143329760790146,-0.1553734087963751,-0.8167529456563658
-0.09143329760790146,0.2213427012344498,0.24481141193133543
-0.09143329760790146,-0.11008395290773045,-0.67888744467095
-0.09143329760790146,0.048213135758700856,-1.2992821991053207
-0.09143329760790146,-0.8060943270692306,0.35510381271966773
-0.09143329760790146,-0.3510036975872297,-0.5272353935869928
-0.09143329760790146,0.1454162604799573,-1.2165628985140715
-0.09143329760790146,0.11175517840055922,-0.08606579043366243
-0.09143329760790146,-0.8511677760140502,1.3890950701102858
-0.09143329760790146,-0.55678631273786,0.3688903628182097
-0.09143329760790146,-0.4324383154092601,-0.1963581912219951
-0.09143329760790146,-0.4775477655113839,0.4516096634094588
-0.09143329760790146,-0.15962154535826706,-0.2790774918132446
-0.09143329760790146,-0.24267621525898503,-0.14121199082782876
-0.09143329760790146,0.22332276488617908,-0.7064605448680331
-0.09143329760790146,-0.5959195707274917,0.6859810150846658
-0.09143329760790146,-0.8142305886199728,0.7411272154788318
-0.09143329760790146,-0.5222612028831618,1.4028816202088275
-0.09143329760790146,-0.8354712714294326,1.4304547204059106
-0.09143329760790146,-0.2680570311584242,1.0444313176467461
-0.09143329760790146,-1.1131121965591841,1.113364068139454
-0.09143329760790146,-0.426030109409118,0.6997675651832069
-0.09143329760790146,-0.15108927107717898,0.16209211134008591
-0.09143329760790146,-0.15242131389743324,-0.6926739947694918
-0.09143329760790146,0.08554633588312416,-1.0097646470359478
-0.09143329760790146,0.10430293883859623,-1.0235511971344895
-0.09143329760790146,0.25010762592048086,-0.8994722462476153
-0.09143329760790146,-0.20055486121310726,0.8100599659715396
-0.09143329760790146,0.46723060562192437,-0.44451609299574324
-0.09143329760790146,0.34324261986636617,-0.6926739947694918
-0.09143329760790146,-0.40698549719521254,-0.22393129141907828
-0.09143329760790146,-0.31719861087861495,-0.21014474132053668
-0.09143329760790146,0.7338551766166004,-0.8856856961490736
-0.09143329760790146,0.29993322762945085,-1.064910847430114
-0.09143329760790146,0.029384530488620445,-0.5823815939811591
-0.09143329760790146,-0.14284500605452427,-0.11363889063074559
-0.09143329760790146,-0.26125281242793624,0.1896652115371691
-0.09143329760790146,0.2388032625269718,-0.6513143444738668
-0.09143329760790146,-0.17773012748226408,-0.9684049967403231
-0.09143329760790146,-0.23417994213520113,-0.5823815939811591
-0.09143329760790146,-0.2751852603046497,-0.2515043916161612
-0.09143329760790146,-0.48989616246671386,-0.003346489842413106
-0.09143329760790146,-0.1579294909649711,-0.7340336450651164
-0.09143329760790146,-0.18669441565100217,-0.4031564427001187
-0.09143329760790146,0.5980588112652747,-0.8305394957549074
-0.09143329760790146,-0.029189352445262592,-0.6237412442767839
-0.09143329760790146,0.5278565545221451,-1.133843597922822
-0.09143329760790146,2.5654500556235047,-1.2441359987111547
-0.09143329760790146,0.07010183939963563,-0.5961681440797006
-0.09143329760790146,0.7576879427519603,-1.0097646470359478
-0.09143329760790146,1.8234302024272766,-1.133843597922822
-0.09143329760790146,-0.3033021641592057,-0.5685950438826175
-0.09143329760790146,0.7617920746846355,-1.0511242973315726
-0.09143329760790146,-0.4242300515439095,1.7889050229679913
-0.09143329760790146,-0.03120541725429606,-0.017133039940954692
-0.09143329760790146,-0.12340438111027299,-0.9959780969374062
-0.09143329760790146,-0.20116688088727813,-0.21014474132053668
-0.09143329760790146,-0.47455966945513783,0.4378231133109172
-0.09143329760790146,-0.5775589805023655,0.5067558638036251
-0.09143329760790146,-0.4505468975332571,-0.1963581912219951
-0.09143329760790146,-0.4489268454545695,1.0720044178438293
-0.09143329760790146,-0.25592464114691926,-0.4996622933899096
-0.09143329760790146,-0.5517101495579722,0.20345176163571066
-0.09143329760790146,-0.14464506391973272,-1.064910847430114
-0.09143329760790146,-0.133628709784657,-0.3755833425030355
-0.09143329760790146,-0.552322169232143,0.4102500131138341
-0.09143329760790146,-0.5153129795234572,-0.5823815939811591
-0.09143329760790146,0.04374899225298389,-0.9546184466417815
-0.09143329760790146,-0.35964397534023024,-0.2790774918132446
-0.09143329760790146,-0.14644512178494118,-0.43072954289720183
-0.09143329760790146,0.05357730819702204,-0.4583026430942848
-0.09143329760790146,1.4634906317001943,-1.4095745998936535
-0.09143329760790146,-0.04643390679395957,-0.5548084937840759
-0.09143329760790146,-0.07591885462607402,-0.8305394957549074
-0.09143329760790146,-0.8049422900354972,0.9341389168584135
-0.09143329760790146,0.028556503870624556,-0.6099546941782422
-0.09143329760790146,1.8251942591351809,-1.423361149992195
-0.09143329760790146,1.0567495564776925,-1.2027763484155298
-0.09143329760790146,1.0814103492310483,-1.230349448612613
-0.09143329760790146,1.85057507503462,-1.1476301480213638
-0.09143329760790146,0.36246723786679247,-0.7478201951636579
-0.09143329760790146,-0.8418434762722704,0.49296931370508357
-0.09143329760790146,-0.41983791035280094,0.05179971055175323
-0.09143329760790146,-0.3379712786431205,-0.3204371421088692
-0.09143329760790146,0.08605035208538252,-0.6237412442767839
-0.09143329760790146,-0.22579167248332976,0.024226610354670254
-0.09143329760790146,-0.06817860580567767,-1.0511242973315726
-0.09143329760790146,-0.056406227367214394,-0.08606579043366243
-0.09143329760790146,-0.1322246646497944,-0.07227924033512104
-0.09143329760790146,-0.015652917298895033,-0.2790774918132446
-0.09143329760790146,-0.5870992871879703,-0.9684049967403231
-0.09143329760790146,0.30745746950602215,-0.7478201951636579
-0.09143329760790146,-0.36770823457636415,-0.11363889063074559
-0.09143329760790146,-0.4233300226113053,-0.23771784151761965
-0.09143329760790146,-0.04553387786135534,-0.67888744467095
-0.09143329760790146,0.0791021287256779,-0.6651008945724086
-0.09143329760790146,0.17464920021094255,-0.5548084937840759
-0.09143329760790146,-0.3040941896198974,-0.1963581912219951
-0.09143329760790146,-0.5263653348158371,0.1896652115371691
-0.09143329760790146,0.12172749897381405,0.038013160453211646
-0.09143329760790146,0.4868152351953923,-0.8443260458534491
-0.09143329760790146,0.22811091880763357,-1.1889897983169881
-0.09143329760790146,-0.6949227533139566,0.23102486183279383
-0.09143329760790146,-0.46314730258971626,0.21723831173425187
-0.09143329760790146,-0.5417018278274132,0.31374416242404335
-0.09143329760790146,-0.6304446805821898,0.10694591094591957
-0.09143329760790146,0.48217108590315455,-0.3617967924044939
-0.09143329760790146,0.0736299528154442,-0.07227924033512104
-0.09143329760790146,-0.30967436900204365,0.09315936084737798
-0.09143329760790146,0.5396289329606083,-1.0511242973315726
-0.09143329760790146,-0.1644457004370257,-0.4031564427001187
-0.09143329760790146,-0.7983540782488343,0.21723831173425187
-0.09143329760790146,-0.539973772276813,0.31374416242404335
-0.09143329760790146,-0.8870609298463068,0.5067558638036251
-0.09143329760790146,-0.19292261586462342,-0.003346489842413106
-0.09143329760790146,-0.35906795682336357,-0.017133039940954692
-0.09143329760790146,-0.8056263120242764,1.223656468927787
-0.09143329760790146,-0.3075503007210977,0.4516096634094588
-0.09143329760790146,-0.06846661506411102,0.13451901114300274
-0.09143329760790146,0.8416066404279783,-1.106270497725739
-0.09143329760790146,-0.9317743672180847,1.7061857223767418
-0.09143329760790146,3.390560579877755,-0.9132587963461567
-0.09143329760790146,-0.7457563874274433,0.12073246104446116
-0.09143329760790146,0.0775900801189028,-0.6926739947694918
-0.09143329760790146,-0.7793094660349288,0.865206166365706
-0.09143329760790146,-0.5103448198154819,-0.14121199082782876
-0.09143329760790146,-0.3097103701593478,-0.67888744467095
-0.09143329760790146,0.1288557281200395,-1.064910847430114
-0.09143329760790146,-0.5792870360529656,0.010440060256128479
-0.09143329760790146,-0.4330863362407351,-0.8029663955578242
-0.09143329760790146,-0.8311871337102364,1.223656468927787
-0.09143329760790146,-0.6488052708073161,1.5545336712927844
-0.09143329760790146,-1.244912433449747,3.029694531836733
-0.09143329760790146,-0.4727956127472336,-0.12742544072928738
-0.09143329760790146,0.13911605795172768,-0.67888744467095
-0.09143329760790146,-0.32429083886753624,-0.5961681440797006
-0.09143329760790146,0.7151345748184325,-0.9821915468388647
-0.09143329760790146,-0.3730364058573811,-0.23771784151761965
-0.09143329760790146,0.16665694328941702,-0.15499854092637036
-0.09143329760790146,-1.091367497547466,2.367940127106737
-0.09143329760790146,-0.7601568503491108,1.3339488697161195
-0.09143329760790146,-0.2484003992703479,0.49296931370508357
-0.09143329760790146,-0.25279254046145655,0.10694591094591957
-0.09143329760790146,-0.6141721574807054,0.010440060256128479
-0.09143329760790146,-0.8052663004512347,0.3826769129167509
0.3113278379994186,2.2140427591775107,-1.3130687492038624
0.297902466812508,0.15304850582844112,0.10694591094591957
-0.09143329760790146,-0.9334304204540765,2.6850307793731933
-0.09143329760790146,-0.5881793219070953,1.4028816202088275
-0.09143329760790146,-0.6195003287617225,0.3688903628182097
-0.09143329760790146,-0.8606360803850467,0.9341389168584135
-0.09143329760790146,-0.2390040972139598,0.10694591094591957
-0.09143329760790146,-0.9970084642532391,1.7061857223767418
-0.09143329760790146,-0.37091233757643516,-0.41694299279866026
-0.09143329760790146,-1.1452972311891114,0.5067558638036251
-0.09143329760790146,-0.3381872855869455,-0.33422369220741094
-0.09143329760790146,-0.45400300863445736,0.1896652115371691
-0.09143329760790146,-0.6776421978079554,1.3753085200117443
-0.09143329760790146,0.08554633588312416,-0.5134488434884512
-0.09143329760790146,-0.5961355776713168,0.5894751643948742
-0.09143329760790146,-0.46807946114038745,0.4102500131138341
-0.09143329760790146,-0.20149089130301565,-0.3893698926015769
-0.09143329760790146,-0.9129817631053085,1.7751184728694496
-0.09143329760790146,0.005479762038652197,-0.7616067452621995
-0.09143329760790146,-1.0624225670749141,1.182296818632162
-0.09143329760790146,-0.15407736713342501,0.2861710622269598
-0.09143329760790146,-0.9440147607015023,1.127150618237996
-0.09143329760790146,-1.3223869239683188,2.230074626121322
-0.09143329760790146,-0.17963818881938504,0.05179971055175323
-0.09143329760790146,0.2591079152465231,1.1409371683365372
-0.09143329760790146,-1.0952196213790122,1.0995775180409129
-0.09143329760790146,-0.3259108909462239,-0.2790774918132446
-0.09143329760790146,-0.43841450752175215,-0.6237412442767839
-0.09143329760790146,0.5763861145681649,-1.161416698119905
-0.09143329760790146,-0.31871065948539007,-0.058492690236579443
-0.09143329760790146,-0.46401133036501635,0.3413172626211261
-0.09143329760790146,-0.28652562485546296,0.6032617144934163
-0.09143329760790146,-0.4440306880612025,-0.4858757432913682
-0.09143329760790146,-0.49378428745556413,-0.6375277943753255
-0.09143329760790146,-1.1059479662556546,2.5471652783877774
-0.09143329760790146,-1.1482133249307491,1.0995775180409129
-0.09143329760790146,0.49239541457753855,-0.9132587963461567
-0.09143329760790146,-0.6753381237404886,0.961712017055497
-0.09143329760790146,0.247155531021539,-0.18257164112345334
-0.09143329760790146,-0.0015404636356607668,-0.5961681440797006
-0.09143329760790146,-1.0394898298721584,1.4718143707015354
-0.09143329760790146,-0.27730932858559565,0.010440060256128479
-0.09143329760790146,0.9874473286671671,-0.8029663955578242
-0.09143329760790146,-0.7555127010568731,0.713554115281749
-0.09143329760790146,-0.0979155617389213,0.12073246104446116
-0.09143329760790146,0.5073358948587687,-0.8443260458534491
-0.09143329760790146,-0.49990448419727285,0.5205424139021667
-0.09143329760790146,-0.6878305253250353,0.13451901114300274
-0.09143329760790146,-0.9804839330506254,0.5756886142963331
-0.09143329760790146,-0.8722284530369891,1.0306447675482049
-0.09143329760790146,-1.1267566351774643,1.8026915730665327
-0.09143329760790146,-1.0251613692650992,0.49296931370508357
-0.09143329760790146,-1.0379777812653834,0.5067558638036251
-0.09143329760790146,-0.8134385631592811,1.127150618237996
-0.09143329760790146,-0.23965211804543485,0.024226610354670254
-0.09143329760790146,0.52807256146597,-0.8167529456563658
-0.09143329760790146,-0.9085536207568957,1.7751184728694496
-0.09143329760790146,-0.7720012311021826,1.0582178677452883
-0.09143329760790146,0.2851007508201332,-0.6513143444738668
-0.09143329760790146,-0.8129705481143269,2.230074626121322
-0.09143329760790146,-0.9493069308252151,-0.21014474132053668
-0.09143329760790146,-0.5194171114561325,-0.292864041911786
0.8070338510545819,-0.6665178402009672,0.8376330661686228
-0.09143329760790146,0.1691050219861005,-0.5548084937840759
-0.09143329760790146,-0.9109296971389709,1.7061857223767418
-0.09143329760790146,-0.2077190915166369,-0.5410219436855346
-0.06171301024756487,0.2692602416062988,-0.12742544072928738
-0.09143329760790146,-0.6624497094255961,-0.07227924033512104
-0.09143329760790146,-0.6550334710209372,0.6584079148875822
-0.09143329760790146,-0.2522885242591982,0.865206166365706
-0.09143329760790146,-1.0406418669058919,1.6786126221796587
-0.09143329760790146,-0.976775813848296,1.4718143707015354
-0.09143329760790146,-0.6579135636052708,1.0030716673511215
-0.09143329760790146,-0.7534246339332313,0.20345176163571066
-0.09143329760790146,-0.5094807920401818,-1.064910847430114
-0.09143329760790146,-0.25592464114691926,0.3413172626211261
-0.09143329760790146,-1.0130649804108984,1.733758822573825
-0.09143329760790146,-0.8337792170361366,0.5343289640007083
-0.09143329760790146,0.7486516522686139,-1.3682149495980287
-0.09143329760790146,-1.189722659302456,3.1124138324279826
-0.09143329760790146,-0.23518797453971788,0.024226610354670254
-0.09143329760790146,-0.8284150445978155,2.533378728289236
-0.09143329760790146,-1.194186802808173,0.479182763606542
-0.09143329760790146,-0.6142441597953138,-0.30665059201032757
-0.09143329760790146,0.00911587892637327,-0.292864041911786
-0.09143329760790146,-0.3365312323509537,0.258597962029877
-0.09143329760790146,-0.13463674218917374,0.010440060256128479
-0.09143329760790146,-1.0213452465908572,1.3339488697161195
-0.09143329760790146,-0.5755069145360279,0.865206166365706
-0.09143329760790146,0.15787266090719976,0.32753071252258453
-0.09143329760790146,-0.5830671575699033,0.3413172626211261
0.6164499104292066,-0.8704643963290849,2.436872877599445
-0.09143329760790146,0.5632816933094474,-0.7340336450651164
-0.09143329760790146,-0.6263045474922104,0.46539621350800037
-0.09143329760790146,-0.08110302127787436,-0.12742544072928738
-0.09143329760790146,-0.5117848661076486,-0.30665059201032757
-0.09143329760790146,-1.3084544760916055,1.196083368730704
-0.09143329760790146,-0.5363016542317878,0.6170482645919578
-0.09143329760790146,-0.5128288996694695,0.2999576123255018
0.39523640791761033,-1.4741318020053915,3.3329986340046474
-0.09143329760790146,-0.9187419482739756,1.3890950701102858
-0.09143329760790146,-0.692654680403794,0.7687003156759149
0.8819061134431221,-0.436686451971152,0.20345176163571066
-0.09143329760790146,-0.3934130608915408,-0.41694299279866026
-0.09143329760790146,0.2157625218523036,-0.4583026430942848
-0.09143329760790146,-0.7627849348323152,0.5756886142963331
-0.09143329760790146,-1.137556982368715,2.105995675234447
-0.09143329760790146,-1.062998585591781,-0.4996622933899096
-0.09143329760790146,-0.515276978366153,-0.6099546941782422
-0.09143329760790146,-0.8771606115876603,1.2374430190263288
-0.09143329760790146,-0.4879160988149846,-0.21014474132053668
0.3093535187072259,0.6240516468388847,-0.3617967924044939
-0.09143329760790146,-0.3102503875189103,1.4856009208000764
-0.09143329760790146,-0.7411842404498138,0.6721944649861241
-0.09143329760790146,-1.1359369302900273,2.533378728289236
-0.09143329760790146,-0.6084839746266467,0.13451901114300274
-0.09143329760790146,-1.0409298761643253,2.7126038795702767
-0.09143329760790146,-0.8479276718566751,1.0168582174496634
-0.09143329760790146,-0.3497436570815838,0.8238465160700816
-0.09143329760790146,-0.7624249232592736,1.4856009208000764
0.9567783758316624,2.339182781966802,-0.6513143444738668
-0.09143329760790146,1.4782511061949037,-0.8305394957549074
-0.09143329760790146,-0.7586088005850317,0.31374416242404335
-0.09143329760790146,-0.6257285289753437,0.9203523667598723
-0.09143329760790146,1.800101452494175,-1.3682149495980287
-0.09143329760790146,-0.8884289738238652,0.9892851172525803
-0.09143329760790146,-0.8459116070476416,0.3826769129167509
-0.09143329760790146,-0.6446651377173366,0.49296931370508357
-0.09143329760790146,-0.6350888298744276,0.8927792665627895
-0.09143329760790146,-0.16041357081895877,-0.265290941714703
-0.09143329760790146,-0.43168229110587253,-0.09985234053220401
-0.09143329760790146,-0.7421562716970264,-0.3893698926015769
-0.09143329760790146,1.3983645381369525,-0.7340336450651164
-0.09143329760790146,-1.0935995693003246,1.3063757695190368
-0.09143329760790146,-0.25592464114691926,-1.3130687492038624
-0.09143329760790146,-0.5957395649409709,0.6584079148875822
-0.09143329760790146,-0.9314503568023472,1.0582178677452883
-0.09143329760790146,-1.1359369302900273,1.0857909679423714
0.07078993756726912,-0.27072111679893274,-0.265290941714703
-0.09143329760790146,-1.3234309575301397,3.4295044846944385
-0.09143329760790146,0.6721131918399504,-0.4583026430942848
-0.09143329760790146,-0.7285118330787463,0.9203523667598723
-0.09143329760790146,0.47691491693674587,-0.8029663955578242
-0.09143329760790146,-0.9244301311280343,1.568320221391326
-0.09143329760790146,-0.5647785696593854,0.42403656321237565
-0.09143329760790146,0.2244748019199125,-1.0924839476271972
-0.09143329760790146,-0.5361216484452669,0.5481155140992499
-0.09143329760790146,-0.5209291600629076,3.139986932625065
-0.09143329760790146,-0.9027574344309245,1.4166681703073687
-0.09143329760790146,-1.1253525900426018,0.9479254669569555
-0.09143329760790146,-0.33977133650832897,0.14830556124154431
-0.09143329760790146,-0.43092626680248497,0.06558626065029481
-0.09143329760790146,-0.6559334999535416,0.038013160453211646
-0.09143329760790146,-0.6634217406728087,-0.7064605448680331
-0.09143329760790146,-1.0442059814790046,0.9341389168584135
-0.09143329760790146,-0.1500092363580539,-0.6651008945724086
-0.09143329760790146,-0.4789158094889423,0.258597962029877
-0.09143329760790146,-0.15299733241429994,0.12073246104446116
-0.09143329760790146,-0.18370631959475614,0.038013160453211646
-0.09143329760790146,-0.568918702749365,0.3413172626211261
-0.09143329760790146,-0.8238428976201859,0.24481141193133543
-0.09143329760790146,-0.5981156413230461,0.5619020641977915
-0.09143329760790146,-1.0350616875237457,1.3063757695190368
-0.09143329760790146,-0.7838816130125583,-0.4720891931928266
-0.09143329760790146,-0.8373073304519452,0.12073246104446116
-0.09143329760790146,0.26911623697708215,-0.4720891931928266
-0.09143329760790146,-0.680306283448464,0.4102500131138341
-0.09143329760790146,-0.7723612426752242,-0.11363889063074559
-0.09143329760790146,0.20849028807686146,-0.6926739947694918
-0.09143329760790146,-0.6157562084020889,0.46539621350800037
-0.024306441673348115,0.5863224339841155,-0.44451609299574324
-0.09143329760790146,-0.5359056415014419,0.5619020641977915
-0.09143329760790146,0.04115690892708372,-0.4858757432913682
-0.09143329760790146,-0.6270605717955979,0.6859810150846658
-0.09143329760790146,-0.4474147968477944,0.9341389168584135
-0.09143329760790146,-0.6469692117848034,0.6721944649861241
-0.09143329760790146,-0.6553214802793706,0.5481155140992499
-0.09143329760790146,-1.1080720345366006,1.2374430190263288
-0.09143329760790146,-0.8542998766995129,1.9543436241504901
-0.09143329760790146,-0.5509181240972804,-0.67888744467095
0.9703915144477605,-0.6575175508749249,0.23102486183279383
-0.09143329760790146,-0.400901301610808,-0.07227924033512104
-0.09143329760790146,0.6446803099741736,-0.6099546941782422
1.985024112634282,1.8412867764501444,-0.8718991460505322
-0.09143329760790146,-0.11354006400893067,0.6308348146904991
-0.09143329760790146,-0.6627017175267252,1.8440512233621575
-0.09143329760790146,-0.5959195707274917,0.09315936084737798
-0.09143329760790146,-0.4050054335434833,0.06558626065029481
-0.09143329760790146,-0.2621528413605405,0.5481155140992499
-0.09143329760790146,-1.079667121423611,1.0444313176467461
-0.09143329760790146,-0.44291465218477327,-0.6375277943753255
-0.09143329760790146,-0.7866537021249793,0.9479254669569555
-0.09143329760790146,-0.001612465950269105,0.3826769129167509
-0.09143329760790146,-0.7703091767088865,0.23102486183279383
-0.09143329760790146,-0.5550222560299557,0.258597962029877
-0.09143329760790146,-1.0459340370296049,1.8716243235592407
-0.09143329760790146,-0.5321615211418084,0.06558626065029481
-0.09143329760790146,-0.9823919943877464,0.5481155140992499
-0.02863720657235156,-0.3132384835751564,0.4378231133109172
-0.09143329760790146,-0.9044854899815246,0.4378231133109172
-0.09143329760790146,-1.0757429952774566,1.196083368730704
0.11621244341631691,-0.02861333392839589,0.42403656321237565
-0.09143329760790146,-0.5707187606145734,0.46539621350800037
-0.09143329760790146,-1.08665134594062,0.6308348146904991
-0.09143329760790146,-1.4119578033410916,3.3192120839061063
-0.09143329760790146,-1.2311239902022504,2.5609518284863193
-0.09143329760790146,-0.9739317224212667,0.6721944649861241
-0.09143329760790146,-0.49558434532077256,0.7824868657744568
-0.09143329760790146,-0.6094200047165551,0.20345176163571066
-0.09143329760790146,-0.8230868733167984,0.7411272154788318
-0.09143329760790146,-0.6067199179187425,0.12073246104446116
-0.09143329760790146,-0.6602176376727377,0.2999576123255018
-0.09143329760790146,-1.248764557281293,2.2852208265154874
-0.09143329760790146,-0.9581632155220406,1.2788026693219532
-0.09143329760790146,-1.2254358073481917,1.926770523953407
-0.09143329760790146,-0.11055196795268464,0.05179971055175323
-0.09143329760790146,-0.5959195707274917,-0.2790774918132446
-0.09143329760790146,-0.1556974192121126,0.0793728107488364
-0.09143329760790146,-1.0573824050523306,1.651039521982576
-0.09143329760790146,0.2426193852012137,-0.3893698926015769
-0.09143329760790146,-1.1423811374474737,1.582106771489868
-0.09143329760790146,-0.13823685791959064,-0.43072954289720183
-0.09143329760790146,-0.8624721394075593,-0.41694299279866026
-0.09143329760790146,0.5071198879149437,-0.8443260458534491
-0.09143329760790146,-0.9234941010381259,1.3890950701102858
-0.09143329760790146,-0.24663634256244363,0.3826769129167509
-0.09143329760790146,-0.8309351256091072,2.3403670269096546
-0.09143329760790146,-0.7619209070570152,2.092209125135906
-0.09143329760790146,-0.8202787830470732,1.0582178677452883
-0.09143329760790146,-0.33735925896894964,-0.23771784151761965
-0.09143329760790146,0.1341118970864482,-0.1963581912219951
-0.09143329760790146,0.0791021287256779,-0.18257164112345334
-0.09143329760790146,-0.013348843231428214,-0.2515043916161612
-0.09143329760790146,-0.7156234187638538,0.31374416242404335
-0.09143329760790146,-0.8594840433513133,0.5619020641977915
-0.09143329760790146,-0.5187690906246575,0.8789927164642476
-0.09143329760790146,-1.0833032383113324,1.1409371683365372
-0.09143329760790146,-0.6315967176159233,0.3688903628182097
-0.09143329760790146,0.7661842158757441,-1.423361149992195
-0.09143329760790146,0.04054488925291285,-0.15499854092637036
-0.09143329760790146,-0.5935434943454165,0.5481155140992499
-0.09143329760790146,-0.034193513310542094,-0.2790774918132446
-0.09143329760790146,-0.6285006180877647,0.6584079148875822
0.24284488396517734,-0.8244189161370526,1.6096798716869511
-0.09143329760790146,-0.7209155888875667,-0.058492690236579443
-0.09143329760790146,-1.1255685969864266,0.6997675651832069
-0.09143329760790146,0.019088199499628096,-0.11363889063074559
-0.09143329760790146,-0.47106755719663346,0.3413172626211261
-0.09143329760790146,-0.8709324113740391,0.479182763606542
-0.09143329760790146,-0.07501882569346979,-0.5410219436855346
-0.09143329760790146,-0.6303366771102773,-0.4858757432913682
-0.09143329760790146,-0.24908442125912714,-0.14121199082782876
-0.09143329760790146,-0.5798630545698323,0.8376330661686228
-0.06439609174537303,-0.15180929422326236,-0.07227924033512104
-0.09143329760790146,0.06369363339949355,0.644621364789041
-0.09143329760790146,-0.7070911444827658,-0.18257164112345334
-0.09143329760790146,-0.37091233757643516,-0.30665059201032757
-0.09143329760790146,-0.7566287369333023,0.6308348146904991
-0.09143329760790146,-0.5477140210972093,0.1758786614386275
-0.09143329760790146,-0.3217707578562444,-0.8581125959519905
-0.09143329760790146,-0.7636489626076153,0.5343289640007083
-0.09143329760790146,-0.603011798716413,0.9341389168584135
-0.09143329760790146,-0.768293111899853,1.0306447675482049
-0.09143329760790146,-0.3313830668564576,-0.11363889063074559
-0.09143329760790146,-0.8235908895190568,0.06558626065029481
-0.09143329760790146,1.1291478838163764,-0.94083189654324
-0.09143329760790146,-0.9752277640842167,0.8927792665627895
-0.09143329760790146,-0.6779662082236929,0.6170482645919578
-0.09143329760790146,-0.6889105600441604,0.8789927164642476
-0.09143329760790146,-1.1968148872913773,1.3339488697161195
-0.09143329760790146,0.1241035753558892,-0.18257164112345334
-0.09143329760790146,-0.6709099813920758,0.479182763606542
-0.09143329760790146,-0.6104280371210719,0.23102486183279383
-0.09143329760790146,-1.4827000774437837,3.002121431639649
0.11348026261336665,-0.6043438415366673,1.51317402099716
-0.09143329760790146,-0.5159249991976281,0.5205424139021667
-0.09143329760790146,-0.0379016325128715,-0.3893698926015769
-0.09143329760790146,-0.9843000557248673,0.3826769129167509
-0.09143329760790146,-0.6038758264917131,-0.18257164112345334
-0.09143329760790146,0.5499612651069048,-1.1889897983169881
-0.09143329760790146,-0.9927603276913471,1.2650161192234115
-0.09143329760790146,0.6968819880652187,-0.8718991460505322
-0.09143329760790146,-0.5096247966693985,0.6170482645919578
-0.09143329760790146,-0.6831143737181892,1.0444313176467461
-0.09143329760790146,-0.60790795610978,-0.23771784151761965
-0.09143329760790146,-0.36745622647523496,1.733758822573825
-0.09143329760790146,-0.21103119798862044,-0.5410219436855346
-0.09143329760790146,-1.7884579064280914,5.993802803023171
-0.09143329760790146,-1.2559287875848228,1.4304547204059106
-0.09143329760790146,0.11326722700733433,-0.4858757432913682
-0.09143329760790146,0.33712242312465746,-1.1752032482184467
-0.09143329760790146,-0.25466460064127333,-0.07227924033512104
-0.09143329760790146,-0.05460616950200594,0.42403656321237565
-0.09143329760790146,-0.7003949292241903,1.0582178677452883
-0.09143329760790146,-0.8009101604174302,0.010440060256128479
-0.09143329760790146,-0.7821175563046541,1.4580278206029933
-0.09143329760790146,-0.8899410224306403,0.9892851172525803
-0.09143329760790146,-0.9996365487364434,0.3688903628182097
-0.09143329760790146,-0.13679681162742388,-0.7753932953607411
-0.09143329760790146,-1.0117689387479483,1.6648260720811172
-0.09143329760790146,0.5184242513084527,-0.8167529456563658
-0.09143329760790146,-0.3130584777886355,-0.017133039940954692
0.34700787854120824,-0.8213948189235024,1.3753085200117443
-0.09143329760790146,0.7581199566396103,-0.94083189654324
-0.09143329760790146,-0.7129233319660411,0.644621364789041
-0.09143329760790146,0.3703514913164055,-1.064910847430114
-0.09143329760790146,-0.6083039688401258,0.05179971055175323
-0.09143329760790146,-0.2547006017985775,-0.5410219436855346
-0.09143329760790146,0.1378200162887776,0.09315936084737798
-0.09143329760790146,-0.350211672126538,0.6584079148875822
-0.09143329760790146,1.6260358569285176,-1.3130687492038624
-0.09143329760790146,-0.27745333321481236,0.713554115281749
-0.09143329760790146,-0.8593760398794008,0.7273406653802901
-0.09143329760790146,1.2761406090892986,-0.6651008945724086
-0.09143329760790146,3.7499241320879704,-1.2579225488096961
-0.09143329760790146,-1.1166403099749929,1.4993874708986186
-0.0058649977352840015,-1.0845992799742823,1.7751184728694496
-0.09143329760790146,0.2654081177747527,0.8376330661686228
-0.09143329760790146,-0.7059391074490323,1.3477354198146607
-0.09143329760790146,-0.7009349465837528,1.25122956912487
-0.09143329760790146,-0.83449924018222,1.3615219699132026
-0.09143329760790146,-1.1653138746502294,1.51317402099716
-0.09143329760790146,-0.43391436285873103,-0.4031564427001187
-0.09143329760790146,-0.5562102942209932,-0.1963581912219951
-0.09143329760790146,-0.9150338290716461,-0.7202470949665748
-0.09143329760790146,0.5519413287586341,-0.21014474132053668
-0.09143329760790146,-1.5142370912422358,-0.94083189654324
-0.09143329760790146,-0.2796854049676708,-0.7478201951636579
-0.09143329760790146,-0.01090076453474472,-0.8856856961490736
-0.09143329760790146,0.38907209311457336,-0.8994722462476153
-0.09143329760790146,-0.7009349465837528,0.5481155140992499
-0.09143329760790146,-0.9211540258133549,0.8100599659715396
-0.09143329760790146,-0.9623753509266284,0.3826769129167509
-0.09143329760790146,-0.5565343046367308,-0.12742544072928738
-0.09143329760790146,-0.9102096739928874,0.8514196162671643
-0.09143329760790146,3.283493138055156,-1.2027763484155298
-0.09143329760790146,-0.8923891011273238,0.24481141193133543
-0.09143329760790146,-0.05590221116495603,-1.2027763484155298
-0.09143329760790146,-1.156709598054533,2.3817266772052785
-0.09143329760790146,-0.5824191367384283,0.9203523667598723
-0.09143329760790146,-0.3728564000708603,-0.22393129141907828
-0.09143329760790146,0.7091223815486362,-1.3682149495980287
-0.09143329760790146,0.09839874904071251,-0.23771784151761965
-0.09143329760790146,-0.7421562716970264,0.21723831173425187
-0.09143329760790146,0.22476281117834584,-0.030919590039496084
-0.09143329760790146,-0.3259108909462239,1.6096798716869511
-0.09143329760790146,0.17569323377276344,-0.44451609299574324
-0.09143329760790146,-0.6950307567858691,0.6997675651832069
-0.09143329760790146,-0.00031642428731901926,-0.34801024230595234
-0.09143329760790146,-1.0343056632203582,1.1409371683365372
0.5075448015004208,0.17785330321101359,0.05179971055175323
-0.09143329760790146,-0.559774408794106,0.23102486183279383
-0.09143329760790146,0.18710560063818504,-1.0235511971344895
-0.09143329760790146,-0.4519149415108155,0.09315936084737798
-0.09143329760790146,-0.5326295361867626,-0.07227924033512104
-0.09143329760790146,-0.6601816365154335,0.6997675651832069
-0.09143329760790146,-0.22125552666300446,0.038013160453211646
-0.09143329760790146,-0.5301094551754707,0.5343289640007083
-0.09143329760790146,-0.7264237659551045,0.713554115281749
-0.09143329760790146,-0.9387945928923978,1.6234664217854924
-0.09143329760790146,-0.1533933451446458,-0.34801024230595234
-0.09143329760790146,-0.8023142055522928,0.5756886142963331
-0.09143329760790146,-0.5929314746712456,0.1758786614386275
-0.09143329760790146,-0.8901570293744653,0.644621364789041
-0.09143329760790146,-0.8265429844179987,1.4166681703073687
-0.09143329760790146,-1.178670304010076,1.3201623196175778
-0.09143329760790146,-0.4609152308368578,0.010440060256128479
-0.09143329760790146,-0.6687859131111299,-0.5685950438826175
-0.09143329760790146,-0.7089632046625826,0.010440060256128479
-0.09143329760790146,0.6461203562663403,-0.3204371421088692
-0.09143329760790146,-1.0073767975568397,2.230074626121322
-0.09143329760790146,-0.6159362141886097,1.0168582174496634
-0.09143329760790146,-0.9570111784883072,0.8100599659715396
-0.09143329760790146,-0.7559087137872189,0.2861710622269598
-0.09143329760790146,-1.2582328616522895,1.2650161192234115
-0.09143329760790146,-1.0073767975568397,2.39551322730382
-0.09143329760790146,-0.5879633149632704,-0.04470614013803767
-0.09143329760790146,-0.6090599931435134,1.651039521982576
-0.09143329760790146,-0.9214060339144841,2.3265804768111122
-0.09143329760790146,-0.34823160847480866,-0.16878509102491193
-0.09143329760790146,-0.44435469847694004,0.010440060256128479
-0.09143329760790146,-1.0973796908172624,2.8642559306542332
-0.09143329760790146,0.1241035753558892,-0.09985234053220401
-0.09143329760790146,-0.7598688410906775,0.796273415872998
-0.09143329760790146,-0.28090944431601256,-0.44451609299574324
-0.09143329760790146,-0.34841161426132955,0.21723831173425187
-0.09143329760790146,-1.2515726475510183,1.761331922770908
1.0209546007361254,1.0946227739616783,-0.7340336450651164
-0.09143329760790146,0.3644113003612176,-0.1963581912219951
-0.09143329760790146,-0.522297204040466,-0.34801024230595234
-0.09143329760790146,-1.0293375035123828,2.3403670269096546
-0.09143329760790146,-0.7034190264377405,0.5205424139021667
1.106522900608743,0.9943235497122633,-0.292864041911786
-0.09143329760790146,-0.37091233757643516,-0.3204371421088692
-0.09143329760790146,-0.32616289904735307,-0.017133039940954692
-0.09143329760790146,-0.47535169491582957,-0.017133039940954692
-0.09143329760790146,-0.764656995012132,0.479182763606542
-0.09143329760790146,-0.9109296971389709,0.2999576123255018
-0.09143329760790146,-0.8989413117566826,0.13451901114300274
-0.09143329760790146,0.10610299670380469,-0.7202470949665748
-0.09143329760790146,-0.337863275171208,0.2999576123255018
-0.09143329760790146,-0.8310791302383239,0.961712017055497
-0.09143329760790146,-0.6994228979769778,0.5481155140992499
-0.09143329760790146,0.12035945499625562,-0.5134488434884512
-0.09143329760790146,-1.1926747542013978,1.0444313176467461
-0.09143329760790146,-0.9769198184775127,1.0030716673511215
-0.09143329760790146,-1.007232792927623,2.2162880760227797
-0.09143329760790146,-1.3277870975639443,1.8991974237563238
-0.09143329760790146,-0.1950106829882652,0.2999576123255018
-0.09143329760790146,-0.24591631941636025,-1.6301594014703187
-0.09143329760790146,-0.7602648538210234,0.5205424139021667
-0.09143329760790146,-0.935662492206935,-0.18257164112345334
-0.09143329760790146,-0.48467599465760935,-0.04470614013803767
-0.09143329760790146,-0.27939739570923744,0.6859810150846658
-0.09143329760790146,-0.5509181240972804,0.31374416242404335
-0.09143329760790146,-0.5293894320293873,0.6308348146904991
-0.09143329760790146,-0.7576007681805149,1.0857909679423714
-0.09143329760790146,-0.9176979147121547,1.3477354198146607
-0.09143329760790146,-1.1826304313135347,2.5471652783877774
-0.09143329760790146,-0.34841161426132955,0.12073246104446116
-0.09143329760790146,-0.2037589642131783,-1.106270497725739
-0.09143329760790146,-0.42527408510573045,0.6584079148875822
-0.09143329760790146,-1.3721765245199846,1.7061857223767418
-0.09143329760790146,-0.7684371165290698,1.127150618237996
-0.09143329760790146,-0.9934443496801263,1.2925892194204947
-0.09143329760790146,-0.5560302884344724,0.42403656321237565
-0.09143329760790146,-0.4559110699715783,-0.12742544072928738
-0.09143329760790146,-0.5059166774670691,0.31374416242404335
-0.09143329760790146,-0.7309239106181257,0.5343289640007083
-0.09143329760790146,-0.8584400097894924,1.182296818632162
-0.09143329760790146,-1.0991077463678625,2.5885249286834022
-0.09143329760790146,-0.6257645301326479,0.5619020641977915
-0.09143329760790146,-0.4159137842066465,0.024226610354670254
3.245730397424179,-0.7251277242921544,0.1896652115371691
-0.09143329760790146,-0.6671658610324422,-0.33422369220741094
-0.09143329760790146,-1.2209356626851706,0.1896652115371691
-0.09143329760790146,-0.18190626172954769,0.6170482645919578
-0.09143329760790146,-0.18248228024641439,-0.4720891931928266
-0.09143329760790146,-0.9229180825212592,0.2999576123255018
-0.09143329760790146,-0.8059143212827098,0.6032617144934163
-0.09143329760790146,0.9054726934855741,-1.2854956490067793
-0.09143329760790146,-0.021269097838345404,-0.4996622933899096
-0.09143329760790146,-1.2909579136417793,4.1464050898186
-0.09143329760790146,-0.16523772589771743,0.0793728107488364
-0.09143329760790146,-0.28090944431601256,0.31374416242404335
-0.09143329760790146,-0.7737652878100868,0.42403656321237565
-0.09143329760790146,0.07348594818622753,-0.3204371421088692
-0.09143329760790146,-0.7690131350459365,-0.23771784151761965
-0.09143329760790146,-0.4879160988149846,0.8238465160700816
-0.09143329760790146,-0.5659306066931189,0.6721944649861241
-0.09143329760790146,0.4578703047228404,-0.6237412442767839
-0.09143329760790146,-0.9571191819602197,0.6997675651832069
-0.09143329760790146,-0.229463790528355,-0.16878509102491193
-0.09143329760790146,-0.9140257966671294,1.2650161192234115
-0.09143329760790146,-0.7033110229658279,0.5343289640007083
-0.09143329760790146,-0.4975284078151977,0.09315936084737798
-0.09143329760790146,-0.5340335813216252,1.6648260720811172
-0.09143329760790146,-0.5114608556919111,-0.2790774918132446
-0.09143329760790146,-0.5537262143670056,2.2852208265154874
-0.09143329760790146,-0.9969724630959349,0.5894751643948742
-0.09143329760790146,0.26569612703318607,-1.064910847430114
-0.09143329760790146,-0.7217076143482584,0.010440060256128479
-0.09143329760790146,-1.2182355758873578,1.651039521982576
-0.09143329760790146,-0.24120016780951412,-0.1963581912219951
-0.09143329760790146,-0.7626049290457944,1.5958933215884092
-0.09143329760790146,-0.009172708984144604,-0.23771784151761965
-0.09143329760790146,-0.33714325202512463,0.32753071252258453
-0.09143329760790146,-0.5288494146698248,1.2925892194204947
0.8246508539695324,0.05980550841064329,0.21723831173425187
-0.09143329760790146,-0.7684371165290698,0.46539621350800037
-0.09143329760790146,-1.148429331874574,2.7126038795702767
-0.09143329760790146,-0.689054564673377,0.4516096634094588
-0.09143329760790146,-0.938866595207006,1.8302646732636159
-0.09143329760790146,-0.8722644541942933,1.4718143707015354
-0.09143329760790146,-1.1926027518867894,2.105995675234447
-0.09143329760790146,-1.1929987646171354,1.8578377734606992
-0.09143329760790146,-0.8659282505087595,-0.34801024230595234
-0.09143329760790146,-0.6769221746618721,-0.4858757432913682
-0.09143329760790146,-0.48716007451159704,1.6234664217854924
-0.09143329760790146,-0.7984260805634426,0.6032617144934163
-0.09143329760790146,-1.0009325903993935,1.8440512233621575
-0.09143329760790146,-0.6923666711453605,-0.5823815939811591
-0.09143329760790146,-1.069226785805402,0.796273415872998
-0.09143329760790146,-0.044633848928751114,-0.5548084937840759
-0.09143329760790146,-0.4924162434780057,0.5619020641977915
-0.09143329760790146,-1.0642586260974267,1.8716243235592407
-0.09143329760790146,-0.17963818881938504,1.444241270504452
-0.09143329760790146,-0.5684146865471066,0.6032617144934163
-0.09143329760790146,-1.0676427348840187,1.0857909679423714
-0.09143329760790146,-0.7009349465837528,0.24481141193133543
-0.09143329760790146,-0.42340202492591367,0.1758786614386275
-0.09143329760790146,-0.9371745408137101,-0.7891798454592827
-0.09143329760790146,-1.1728741176841049,1.8716243235592407
-0.09143329760790146,-0.8940451543633156,1.3890950701102858
-0.09143329760790146,0.2817886443481496,-0.7064605448680331
-0.09143329760790146,-0.044633848928751114,0.1896652115371691
-0.09143329760790146,-0.5996636910871253,-0.3755833425030355
-0.09143329760790146,-1.1696700146840338,0.865206166365706
-0.09143329760790146,-0.6874345125946895,0.6997675651832069
-0.09143329760790146,-0.4474147968477944,0.31374416242404335
-0.09143329760790146,-0.7028070067635697,1.4580278206029933
-0.09143329760790146,-0.6647897846503671,0.5619020641977915
-0.09143329760790146,0.29244498691018367,0.09315936084737798
-0.09143329760790146,0.601118909636129,-0.6375277943753255
-0.09143329760790146,-0.8407274403958412,0.1758786614386275
-0.09143329760790146,-0.09924760455917556,-0.3755833425030355
-0.09143329760790146,-0.6548894663917206,-0.4996622933899096
-0.09143329760790146,0.12536361586153513,-0.3204371421088692
-0.09143329760790146,0.33874247520334505,-0.8581125959519905
-0.09143329760790146,-0.38650083868914037,-0.34801024230595234
-0.09143329760790146,-0.956939176173699,1.444241270504452
-0.09143329760790146,-0.6906746167520647,-0.058492690236579443
-0.09143329760790146,0.04760111608452998,-0.2790774918132446
-0.09143329760790146,-0.47333563010679613,0.2861710622269598
-0.09143329760790146,-0.8974292631499075,0.6170482645919578
-0.09143329760790146,0.17472120252555087,-0.7478201951636579
-0.09143329760790146,-1.2709412701806613,3.5949430858769373
-0.09143329760790146,-0.7309239106181257,0.7411272154788318
-0.09143329760790146,-0.2563566550345693,-0.003346489842413106
-0.09143329760790146,-0.05277011047949332,-0.9959780969374062
-0.09143329760790146,-0.7780494255292829,0.14830556124154431
-0.09143329760790146,-1.0909354836598162,0.9065658166613307
-0.09143329760790146,-0.971879656454929,0.7687003156759149
0.7737572899930083,-1.1154882729412594,1.8302646732636159
1.2063525837934632,-0.8134385631592811,2.4092997774023623
-0.09143329760790146,-0.4296302251395349,0.0793728107488364
-0.09143329760790146,0.1691050219861005,0.20345176163571066
-0.09143329760790146,-0.28090944431601256,-1.3268552993024039
-0.09143329760790146,-0.27640929965299144,-0.18257164112345334
-0.09143329760790146,-1.0298055185573372,-0.058492690236579443
-0.09143329760790146,-0.7109072671570077,0.010440060256128479
-0.09143329760790146,-0.3934130608915408,0.5205424139021667
-0.09143329760790146,0.6173914327376134,-0.5548084937840759
-0.09143329760790146,1.1250797530410053,-0.4031564427001187
-0.09143329760790146,-0.35751990705928427,0.644621364789041
-0.09143329760790146,0.4601383776330031,-0.292864041911786
-0.09143329760790146,0.010015907858977496,-0.23771784151761965
-0.09143329760790146,-0.6872185056508644,0.1896652115371691
-0.09143329760790146,0.08349426991678652,0.258597962029877
-0.09143329760790146,0.5015037073754933,0.4102500131138341
-0.09143329760790146,-0.8409434473396662,0.4516096634094588
-0.09143329760790146,-0.6461411851668075,0.2723845121284182
0.8070338510545819,-0.18669441565100217,0.5619020641977915
-0.09143329760790146,-0.2556366318884859,1.4028816202088275
-0.09143329760790146,-0.02591324713058321,0.258597962029877
-0.09143329760790146,-0.6769221746618721,-0.2515043916161612
-0.09143329760790146,-0.7909378398441754,-0.04470614013803767
-0.09143329760790146,-0.5631225164233937,0.23102486183279383
-0.09143329760790146,0.21083036330163243,-0.4858757432913682
-0.09143329760790146,-0.14903720511084134,-0.34801024230595234
-0.09143329760790146,0.011599958780360934,-0.5823815939811591
-0.09143329760790146,0.10804705919822981,-0.7340336450651164
-0.09143329760790146,-0.04448984429953444,-0.058492690236579443
-0.09143329760790146,-0.44781080957814023,0.7273406653802901
-0.09143329760790146,-0.8343552355530033,2.2852208265154874
13.813415431692436,0.5043837999598269,-0.5548084937840759
-0.09143329760790146,-0.5959195707274917,-0.14121199082782876
-0.09143329760790146,3.278704984133702,-1.2165628985140715
-0.09143329760790146,-1.3759566460369224,-1.6715190517659433
0.8483426854758455,1.3376665869221236,-1.037337747233031
-0.09143329760790146,-0.7759253572483369,-1.106270497725739
-0.09143329760790146,-0.22463963544959634,-1.0097646470359478
-0.09143329760790146,-0.23032781830365506,0.5481155140992499
-0.09143329760790146,-0.6505693275152203,-0.7202470949665748
-0.09143329760790146,-0.6414250335599614,-0.14121199082782876
-0.09143329760790146,-0.11159600151450554,-0.04470614013803767
-0.09143329760790146,-0.38585281785766534,0.9892851172525803
-0.09143329760790146,0.005083749308306337,-0.3755833425030355
-0.09143329760790146,-1.0009325903993935,-0.9821915468388647
-0.09143329760790146,-0.6912146341116272,-0.04470614013803767
-0.09143329760790146,-0.5492620708612886,0.31374416242404335
-0.09143329760790146,0.23351109240325893,-0.23771784151761965
-0.09143329760790146,-0.7063711213366823,-0.292864041911786
-0.09143329760790146,0.43911370176736836,-0.2515043916161612
-0.09143329760790146,1.0438251410054957,-0.5410219436855346
-0.09143329760790146,0.41607296109270014,0.6859810150846658
-0.09143329760790146,-0.7621369140008402,1.0306447675482049
-0.09143329760790146,-0.36364010380099304,0.6997675651832069
-0.09143329760790146,-0.488852128904893,0.3413172626211261
-0.09143329760790146,-0.6506773309871329,0.4378231133109172
-0.09143329760790146,-0.6859224639879143,1.8302646732636159
-0.09143329760790146,1.171413242491471,-0.265290941714703
-0.09143329760790146,-0.03358149363637122,0.024226610354670254
11.58863963500438,-0.36292008065490966,0.8100599659715396
-0.09143329760790146,-1.370952485171643,0.46539621350800037
-0.09143329760790146,0.5501052697361215,-1.064910847430114
-0.09143329760790146,0.6234396271647139,-0.8718991460505322
-0.09143329760790146,-0.4856840270621261,1.0030716673511215
-0.09143329760790146,-0.41141363954362536,0.8376330661686228
-0.09143329760790146,-0.4459027482410193,0.31374416242404335
-0.09143329760790146,-0.05590221116495603,-0.4996622933899096
-0.09143329760790146,-0.25624865156265675,-0.8443260458534491
-0.09143329760790146,-0.5909874121768206,0.644621364789041
-0.09143329760790146,-0.18773844921282307,-0.22393129141907828
-0.09143329760790146,-0.49464831523086417,0.42403656321237565
-0.09143329760790146,-0.46656741253361234,0.644621364789041
-0.09143329760790146,-0.9858841066462508,1.568320221391326
1.4659097600737363,-0.6308406933125357,0.5343289640007083
-0.09143329760790146,1.251299810549422,-1.2441359987111547
-0.09143329760790146,-0.5362656530744836,1.0995775180409129
-0.09143329760790146,-0.42757815917319725,0.10694591094591957
-0.09143329760790146,-0.5025685698377814,0.23102486183279383
-0.09143329760790146,-1.0780830705022277,2.8366828304571508
-0.09143329760790146,0.5778621620176358,-0.67888744467095
-0.09143329760790146,-0.985920107803555,1.3063757695190368
-0.09143329760790146,0.6450403215472152,-0.12742544072928738
-0.09143329760790146,0.04410900382602558,-0.030919590039496084
-0.09143329760790146,1.285608913460295,-1.1476301480213638
-0.09143329760790146,-0.25300854740528156,0.1896652115371691
-0.09143329760790146,-0.2127232523819164,-0.21014474132053668
-0.09143329760790146,-0.6377529155149362,0.09315936084737798
-0.09143329760790146,-0.7923058838217338,-0.4031564427001187
-0.09143329760790146,-0.5117848661076486,1.1685102685336208
-0.09143329760790146,-1.0909354836598162,-0.7340336450651164
0.8819061134431221,1.1755533755814505,-0.6651008945724086
-0.09143329760790146,-0.2670489987539075,0.4378231133109172
0.19696356492573514,-0.6184202940425974,0.20345176163571066
-0.09143329760790146,-0.5876393045475329,0.4378231133109172
1.3101754543055724,1.2743765523813944,-0.7202470949665748
-0.09143329760790146,-0.3403833561824998,0.7824868657744568
-0.09143329760790146,0.35260292076545013,-0.4858757432913682
-0.06992303438025453,-0.5524661738613597,0.6308348146904991
1.8552455244941457,0.10347491222060035,-0.22393129141907828
-0.09143329760790146,-0.9677755245222538,1.4580278206029933
-0.09143329760790146,-0.4623552771290246,0.05179971055175323
-0.09143329760790146,-1.3638962583400258,2.3817266772052785
-0.09143329760790146,-0.7866897032822835,1.127150618237996
-0.09143329760790146,0.5577735162419095,-0.8856856961490736
-0.09143329760790146,-0.5696747270527525,-0.6099546941782422
-0.09143329760790146,-0.20289493643787823,-0.017133039940954692
0.9608255251499619,0.5755940891074732,-0.2515043916161612
-0.09143329760790146,0.08810241805172016,-0.8856856961490736
-0.09143329760790146,0.5671338171409935,-1.0097646470359478
-0.09143329760790146,-0.7195475449100082,-0.04470614013803767
-0.09143329760790146,-0.15868551526835864,-0.9270453464446984
-0.09143329760790146,-0.778301433630412,0.9479254669569555
-0.09143329760790146,-0.1844623438981437,0.5481155140992499
-0.09143329760790146,-0.11984026653716025,0.9341389168584135
-0.09143329760790146,-0.9502069597578193,1.2374430190263288
-0.09143329760790146,-0.7984260805634426,2.492019077993611
-0.09143329760790146,-0.7495365089443811,0.9065658166613307
-0.09143329760790146,-0.8078583837771349,0.46539621350800037
-0.09143329760790146,0.1417801435922362,-0.5823815939811591
-0.09143329760790146,-0.7885977646194045,0.5067558638036251
0.2330131727424397,0.01368802590400274,-0.4031564427001187
-0.09143329760790146,-0.48528801433178026,0.16209211134008591
-0.09143329760790146,6.5143089968458945,-1.492293900484903
-0.09143329760790146,-0.5308654794788582,-0.292864041911786
-0.09143329760790146,-0.48921214047793465,0.10694591094591957
0.10323458460230325,-0.4730116196910586,-0.2515043916161612
-0.09143329760790146,0.6470563863562487,-0.6237412442767839
-0.09143329760790146,0.5647937419162224,-1.0924839476271972
-0.09143329760790146,0.5457131285450129,-0.6513143444738668
-0.09143329760790146,-0.35233574040748394,-0.34801024230595234
-0.09143329760790146,-0.17513804415636391,0.06558626065029481
-0.09143329760790146,-0.5561022907490808,-0.003346489842413106
-0.09143329760790146,1.7305832177398246,-0.9684049967403231
-0.09143329760790146,-0.9886561957586718,1.113364068139454
-0.09143329760790146,0.2768204846401743,-0.6651008945724086
-0.09143329760790146,0.6752452925254131,-0.6237412442767839
-0.09143329760790146,-0.49508032911851424,1.0995775180409129
-0.09143329760790146,-0.749752515888206,0.796273415872998
-0.09143329760790146,-1.2545607436072643,1.8026915730665327
-0.09143329760790146,-0.35345177628391317,0.3688903628182097
-0.09143329760790146,0.20276610406549858,-0.08606579043366243
-0.09143329760790146,1.4516462509471229,-1.1200570478242806
-0.09143329760790146,-0.4207739404427093,-0.4583026430942848
-0.09143329760790146,-1.4599473460275487,1.733758822573825
-0.09143329760790146,-0.7736572843381743,0.09315936084737798
-0.09143329760790146,-0.47621572269112966,0.35510381271966773
0.045175742539610604,-0.5595944030075851,0.5619020641977915
-0.09143329760790146,-0.5373816889509129,0.35510381271966773
1.4226502306936908,0.5337967454773329,-0.7616067452621995
-0.09143329760790146,-0.43301433392612676,0.0793728107488364
-0.09143329760790146,-0.07894295183962421,-0.11363889063074559
-0.09143329760790146,-0.4276501614878056,-0.6513143444738668
-0.09143329760790146,-0.0172009670629743,-0.9684049967403231
-0.09143329760790146,1.218070742357674,-0.7891798454592827
0.19696356492573514,1.6963461171435599,-1.1200570478242806
-0.09143329760790146,-0.4042854103973999,-0.21014474132053668
-0.09143329760790146,-0.5438978984229674,0.21723831173425187
0.2902684322160293,0.14800834380585745,-0.41694299279866026
-0.09143329760790146,0.23754322202132586,-0.5823815939811591
-0.09143329760790146,0.6867656628627472,-0.8029663955578242
-0.09143329760790146,0.988491362228988,-0.7478201951636579
-0.09143329760790146,-0.36652019638532657,0.35510381271966773
-0.09143329760790146,-1.2011710273251817,2.174928425727155
-0.09143329760790146,-0.23986812498925986,-0.5823815939811591
-0.09143329760790146,-0.8008381581028219,1.6096798716869511
-0.09143329760790146,-0.2972899708894095,-0.34801024230595234
-0.09143329760790146,-0.7143633782582078,0.8238465160700816
-0.09143329760790146,1.6728733625812415,-1.133843597922822
-0.09143329760790146,-0.27320519665292037,-0.5823815939811591
-0.09143329760790146,-0.3958971407455285,0.038013160453211646
-0.09143329760790146,0.12611964016492266,-0.6651008945724086
-0.09143329760790146,-0.5129369031413821,-0.4858757432913682
-0.09143329760790146,-0.41465374370100055,-0.1963581912219951
-0.09143329760790146,-0.47607171806191295,-0.017133039940954692
-0.09143329760790146,-0.7925218907655589,-0.2515043916161612
0.008396385576818897,0.32607006783227754,-0.3204371421088692
-0.09143329760790146,1.7955293055165455,-0.9270453464446984
-0.09143329760790146,1.114135401220538,-0.8305394957549074
0.8819061134431221,-1.184394488021439,1.5407471211942432
-0.09143329760790146,-0.17819814252721827,-0.41694299279866026
-0.09143329760790146,0.00911587892637327,-0.5272353935869928
-0.09143329760790146,0.0423449471181213,-0.5548084937840759
-0.09143329760790146,0.1404120996146778,-0.4720891931928266
-0.09143329760790146,-0.4242660527012137,-0.5685950438826175
-0.09143329760790146,-0.19918681723554882,0.06558626065029481
-0.09143329760790146,-0.01914502955739943,-0.6375277943753255
-0.09143329760790146,-0.23111984376434677,-0.2790774918132446
-0.09143329760790146,0.10613899786110885,-0.30665059201032757
-0.09143329760790146,-0.48921214047793465,0.09315936084737798
-0.09143329760790146,-0.2640249015403573,-0.5134488434884512
-0.09143329760790146,-0.44503872046571924,-0.3204371421088692
-0.09143329760790146,0.20244209364976104,-0.8029663955578242
-0.09143329760790146,-0.5013805316467438,0.20345176163571066
1.2063525837934632,-0.6859224639879143,0.09315936084737798
-0.09143329760790146,-0.33167107611489094,-0.017133039940954692
-0.09143329760790146,-0.9769198184775127,1.5269605710957013
-0.09143329760790146,-0.14226898753765757,-0.44451609299574324
-0.09143329760790146,0.34324261986636617,-0.9270453464446984
-0.09143329760790146,-1.0514782152544468,0.7824868657744568
-0.09143329760790146,-0.5015245362759605,-0.11363889063074559
-0.09143329760790146,-0.780209494967533,1.4028816202088275
-0.09143329760790146,0.1912097325708603,-0.8994722462476153
-0.09143329760790146,-0.5120368742087779,0.09315936084737798
-0.09143329760790146,0.6745972716939381,-0.9684049967403231
-0.09143329760790146,-0.5848312142778076,0.6859810150846658
-0.09143329760790146,0.27804452398851603,-0.8305394957549074
-0.09143329760790146,-0.8945491705655739,1.4993874708986186
-0.09143329760790146,1.7523279167515426,-1.133843597922822
-0.09143329760790146,-0.43841450752175215,0.1896652115371691
-0.09143329760790146,-0.12246835102036459,-0.4720891931928266
-0.09143329760790146,0.15603660188468715,-0.30665059201032757
-0.09143329760790146,-0.5012365270175271,0.14830556124154431
-0.09143329760790146,-0.4138257170830047,-0.04470614013803767
-0.09143329760790146,-0.27820935751819986,-0.4720891931928266
-0.09143329760790146,0.17659326270536768,-0.8856856961490736
-0.09143329760790146,-0.3083063250244852,-0.14121199082782876
-0.09143329760790146,-0.8075703745187015,0.6584079148875822
-0.09143329760790146,-0.32429083886753624,-0.6099546941782422
-0.09143329760790146,-0.9157898533750337,0.5481155140992499
-0.09143329760790146,1.08306640246704,-0.8718991460505322
-0.09143329760790146,0.5820022951076153,-1.0511242973315726
-0.09143329760790146,-0.7019789801455737,0.258597962029877
-0.09143329760790146,-0.7407522265621638,1.7475453726723664
-0.09143329760790146,-0.0907153302780875,-0.3617967924044939
-0.09143329760790146,-0.3137785009347189,-0.16878509102491193
-0.09143329760790146,-0.4868360640958595,0.42403656321237565
-0.09143329760790146,-0.12099230357089366,-0.5685950438826175
-0.09143329760790146,0.5134560916004774,-0.9959780969374062
-0.09143329760790146,1.9910155896781834,-1.161416698119905
-0.09143329760790146,-0.3169106016201816,-0.4858757432913682
-0.09143329760790146,-0.07483881990694895,-0.33422369220741094
-0.09143329760790146,0.23451912480777568,-0.7478201951636579
-0.09143329760790146,-0.5217571866809034,-0.030919590039496084
-0.09143329760790146,0.6256716989175723,-0.9132587963461567
-0.09143329760790146,0.46550255007132424,-0.5410219436855346
-0.09143329760790146,-0.09917560224456722,-0.21014474132053668
-0.09143329760790146,-0.7029510113927863,0.6584079148875822
-0.09143329760790146,0.2746964163592283,-1.0511242973315726
-0.09143329760790146,0.5591055590621637,-0.6926739947694918
-0.09143329760790146,0.9750269293972288,-0.5134488434884512
-0.09143329760790146,-1.119664407188543,2.2025015259242386
-0.09143329760790146,-0.5657145997492938,-0.15499854092637036
-0.09143329760790146,0.25626382381949375,-0.265290941714703
-0.09143329760790146,-1.134352879368644,1.0168582174496634
-0.09143329760790146,-0.5359056415014419,0.4102500131138341
-0.09143329760790146,-0.522297204040466,0.9203523667598723
-0.09143329760790146,-0.5667226321538106,-0.21014474132053668
-0.09143329760790146,-0.7238316826292043,0.8238465160700816
-0.09143329760790146,0.5020437247350559,-0.41694299279866026
-0.09143329760790146,0.3459067055068747,-0.5823815939811591
-0.09143329760790146,-0.8476756637555458,0.5756886142963331
-0.09143329760790146,-0.5697467293673608,-0.11363889063074559
-0.09143329760790146,-0.1331606947397028,-0.8581125959519905
-0.09143329760790146,-0.5306134713777291,0.2723845121284182
-0.09143329760790146,0.26047595922408157,-0.6513143444738668
-0.09143329760790146,-0.08790724000836231,-0.6651008945724086
-0.09143329760790146,-0.4663874067470915,-0.017133039940954692
-0.09143329760790146,-0.6009237315927712,0.258597962029877
-0.09143329760790146,0.23383510281899644,-0.6513143444738668
-0.09143329760790146,-0.6029757975591088,0.038013160453211646
-0.09143329760790146,0.2699802647523822,-0.7340336450651164
-0.09143329760790146,-0.7391681756407803,1.196083368730704
-0.09143329760790146,-0.4813638881856258,-0.017133039940954692
-0.09143329760790146,2.479875304711495,-1.3268552993024039
-0.09143329760790146,-0.40313337336366645,-0.14121199082782876
-0.09143329760790146,-0.5509181240972804,0.0793728107488364
-0.09143329760790146,0.9121329075868454,-0.8856856961490736
-0.09143329760790146,-0.6458531759083742,0.2723845121284182
-0.09143329760790146,0.37837974939523517,-0.4996622933899096
-0.09143329760790146,0.16770097685123792,-0.7616067452621995
-0.09143329760790146,0.9984276816449387,-0.23771784151761965
-0.09143329760790146,-0.08823125042409984,-0.5823815939811591
-0.09143329760790146,0.3256740551019317,-0.5685950438826175
-0.09143329760790146,0.32769011991096514,-0.8994722462476153
-0.09143329760790146,-0.506744704085065,-0.11363889063074559
-0.09143329760790146,0.35955114412515476,-0.44451609299574324
-0.09143329760790146,0.14707231371594906,-0.6651008945724086
-0.09143329760790146,0.0781660986357695,-0.9270453464446984
-0.09143329760790146,2.198814269637847,-1.3406418494009456
-0.09143329760790146,-0.5135849239728572,-0.030919590039496084
-0.09143329760790146,-0.23029181714635089,-0.4031564427001187
-0.09143329760790146,-1.1367289557507192,2.230074626121322
-0.09143329760790146,-0.923746109139255,0.865206166365706
-0.09143329760790146,-0.8345352413395242,0.479182763606542
-0.09143329760790146,0.28643279364038743,-0.7891798454592827
-0.09143329760790146,-0.13964090305445323,-0.3617967924044939
-0.09143329760790146,0.7852648292469537,-0.9821915468388647
-0.09143329760790146,0.10023480806322513,-0.6099546941782422
-0.09143329760790146,0.07845410789420286,-0.003346489842413106
-0.09143329760790146,0.16460487732307938,-0.9821915468388647
-0.09143329760790146,0.28434472651674564,-0.8856856961490736
-0.09143329760790146,0.37179153760857225,-0.43072954289720183
-0.09143329760790146,-0.12718450262721073,-0.8305394957549074
-0.09143329760790146,0.17508121409859256,-0.6237412442767839
-0.09143329760790146,0.014660057151215303,-0.2790774918132446
-0.09143329760790146,-0.48237192059014256,-0.22393129141907828
-0.09143329760790146,-0.18169025478572268,-0.5685950438826175
0.15190155515485443,0.13130380681672302,-0.3893698926015769
-0.09143329760790146,-0.7397801953149512,0.024226610354670254
-0.09143329760790146,0.593846675860687,-0.8718991460505322
-0.09143329760790146,0.4548462075092902,-0.6237412442767839
-0.09143329760790146,0.8984524678112612,-0.9959780969374062
-0.09143329760790146,-0.2154953414943374,-0.292864041911786
-0.09143329760790146,-0.4174618339707257,0.5067558638036251
-0.09143329760790146,-1.4184740128131461,3.663875836369645
-0.09143329760790146,-0.8884289738238652,0.5481155140992499
-0.09143329760790146,0.5698699050961104,-0.8718991460505322
-0.09143329760790146,-0.6216243970426684,-0.18257164112345334
-0.09143329760790146,-0.37206437461016856,0.05179971055175323
-0.09143329760790146,-0.3705163248460893,-0.5685950438826175
-0.09143329760790146,-0.2851215797206003,-0.5961681440797006
-0.09143329760790146,-0.07501882569346979,-0.23771784151761965
-0.09143329760790146,1.0659298515902556,-0.7340336450651164
-0.09143329760790146,-0.3364592300363454,0.09315936084737798
-0.09143329760790146,-0.6328927592788733,-0.04470614013803767
-0.09143329760790146,-0.29584992459724274,0.09315936084737798
-0.09143329760790146,1.1958940294583058,-1.0924839476271972
-0.09143329760790146,-0.2635208853380989,-0.43072954289720183
-0.09143329760790146,-0.36504414893585563,-0.04470614013803767
-0.09143329760790146,0.2435554152911221,-0.44451609299574324
-0.09143329760790146,-0.862184130149126,0.644621364789041
-0.09143329760790146,2.0034359889481217,-1.4371477000907367
-0.09143329760790146,-0.017488976321407654,-0.34801024230595234
-0.09143329760790146,-0.14590510442537863,0.1758786614386275
-0.09143329760790146,0.18300146870550976,-0.6375277943753255
-0.09143329760790146,-0.12498843203165642,0.010440060256128479
-0.09143329760790146,-0.5982596459522627,0.6170482645919578
-0.09143329760790146,0.3748516359794266,-0.7202470949665748
-0.09143329760790146,2.3985126892040727,-1.133843597922822
-0.09143329760790146,-0.5167170246583198,-0.017133039940954692
0.5618146292719801,-0.010936765692048888,0.49296931370508357
-0.09143329760790146,-0.16523772589771743,-0.43072954289720183
-0.09143329760790146,0.20103804851489845,-0.8994722462476153
-0.09143329760790146,-0.5564263011648183,-0.2790774918132446
-0.09143329760790146,0.09695870274854575,-0.7616067452621995
-0.09143329760790146,-0.11339605937971399,-0.3755833425030355
-0.09143329760790146,1.3912363089907271,-0.7478201951636579
-0.09143329760790146,-0.0418617598163301,-0.6651008945724086
-0.09143329760790146,1.3631554062934752,-1.161416698119905
-0.09143329760790146,-0.4609152308368578,0.865206166365706
-0.09143329760790146,-0.45994319958964525,0.13451901114300274
-0.09143329760790146,0.007099814117339804,-0.16878509102491193
-0.09143329760790146,-0.7309239106181257,0.10694591094591957
0.24923549625995675,-0.20051886005580308,0.7549137655773737
-0.09143329760790146,1.1983061069976852,-1.1889897983169881
-0.09143329760790146,1.6352161520410808,-1.2165628985140715
-0.09143329760790146,-0.6454931643353324,0.7824868657744568
-0.09143329760790146,0.5866464443998531,-0.8856856961490736
-0.09143329760790146,0.031508598769566416,-0.5272353935869928
-0.09143329760790146,0.588338498793149,-1.0511242973315726
-0.09143329760790146,-0.43207830383621837,-0.017133039940954692
-0.09143329760790146,-0.6891265669879854,0.35510381271966773
-0.09143329760790146,-0.13193665539136104,-0.67888744467095
-0.09143329760790146,0.14988040398567423,-0.9821915468388647
-0.09143329760790146,-0.35823993020536765,-0.292864041911786
-0.09143329760790146,-0.6279606007282021,0.5619020641977915
-0.09143329760790146,-0.04808996002995134,0.010440060256128479
-0.09143329760790146,-0.5346095998384919,0.9479254669569555
-0.09143329760790146,-0.6071519318063925,-0.15499854092637036
-0.09143329760790146,-0.9030454436893578,1.2098699188292452
-0.09143329760790146,-0.3152545483841898,-0.5961681440797006
-0.09143329760790146,1.840350746360236,-0.7478201951636579
-0.09143329760790146,-0.25822871521438606,-0.6375277943753255
-0.09143329760790146,-0.1806102200665976,-0.4583026430942848
-0.09143329760790146,-0.6945987428982191,0.13451901114300274
-0.09143329760790146,-0.45954718685929935,-0.33422369220741094
-0.09143329760790146,-0.31115041645151453,-0.003346489842413106
-0.09143329760790146,-0.8037182506871554,-0.09985234053220401
-0.09143329760790146,1.5090680968472725,-0.9959780969374062
-0.09143329760790146,-0.7041750507411281,0.31374416242404335
-0.09143329760790146,-0.5728068277382152,0.21723831173425187
-0.09143329760790146,-0.09003130828930828,-0.67888744467095
-0.09143329760790146,-0.2898737324847507,-0.15499854092637036
-0.09143329760790146,-0.05489417876043929,-0.2515043916161612
-0.09143329760790146,-0.32720693260917394,-0.33422369220741094
-0.09143329760790146,-0.022349132557470477,-0.6375277943753255
-0.09143329760790146,-0.3259108909462239,0.024226610354670254
-0.09143329760790146,0.6957299510314853,-0.9959780969374062
-0.09143329760790146,-0.4048254277569624,0.6997675651832069
-0.09143329760790146,-0.6878305253250353,-0.43072954289720183
1.2063525837934632,0.7027861778631025,-0.6513143444738668
-0.09143329760790146,0.04468502234289229,-0.8856856961490736
-0.09143329760790146,-0.9331064100383389,1.7475453726723664
-0.09143329760790146,-0.22406361693272964,-0.5410219436855346
-0.09143329760790146,-0.27835336214741657,-0.07227924033512104
-0.09143329760790146,-0.2532965566637149,-0.15499854092637036
-0.09143329760790146,-0.37314440932929366,-0.5548084937840759
-0.09143329760790146,-0.2957419211253302,-0.41694299279866026
-0.09143329760790146,0.34911080850694576,-0.7202470949665748
-0.09143329760790146,0.5484132153428256,-0.7478201951636579
-0.09143329760790146,2.8212382782696257,-0.9684049967403231
-0.09143329760790146,1.903172765856011,-1.1476301480213638
-0.09143329760790146,1.5300927727129072,-1.133843597922822
-0.09143329760790146,-0.2381760705959639,-0.8305394957549074
-0.09143329760790146,-0.8086864103951308,1.3477354198146607
-0.09143329760790146,-0.2575086920683027,-0.5272353935869928
-0.09143329760790146,0.08072218080436551,-0.8305394957549074
-0.09143329760790146,0.708006345672207,-0.9546184466417815
-0.09143329760790146,-0.6126601088739303,0.2999576123255018
-0.09143329760790146,1.7435436343693254,-1.230349448612613
-0.09143329760790146,1.395880458282965,-1.0097646470359478
-0.09143329760790146,-0.4178578467010716,0.1758786614386275
-0.09143329760790146,0.019628216859190632,-0.7478201951636579
-0.09143329760790146,-1.0978477058622165,1.3201623196175778
-0.09143329760790146,0.3499748362822458,-0.9132587963461567
-0.09143329760790146,-0.20977115748297454,-0.12742544072928738
-0.09143329760790146,-0.5833191656710326,0.3826769129167509
-0.09143329760790146,0.1379280197606901,0.3826769129167509
-0.09143329760790146,-0.3941690851949284,-0.292864041911786
-0.09143329760790146,-0.07285875625521965,-0.04470614013803767
-0.09143329760790146,-0.5284174007821748,1.1685102685336208
-0.09143329760790146,-0.5193811102988283,0.4516096634094588
-0.09143329760790146,0.09753472126541245,-0.5272353935869928
-0.09143329760790146,-0.5189130952538741,0.5067558638036251
-0.09143329760790146,-0.40511343701539576,0.24481141193133543
-0.09143329760790146,-0.533565566276671,0.24481141193133543
-0.09143329760790146,-0.7246597092472002,0.9754985671540386
-0.09143329760790146,-0.3752684776102396,-0.5823815939811591
-0.09143329760790146,-0.8551999056321172,0.796273415872998
-0.09143329760790146,-0.5123608846245153,1.0306447675482049
-0.09143329760790146,0.5628856805791015,-0.8305394957549074
-0.09143329760790146,-0.10223570061542159,-0.7616067452621995
-0.09143329760790146,-0.25279254046145655,-0.2790774918132446
-0.053725233257256484,-0.15065725718952896,0.258597962029877
-0.09143329760790146,0.4311214448458428,-0.7478201951636579
-0.09143329760790146,-0.5385697271419504,-0.003346489842413106
-0.09143329760790146,-0.8842168384192775,0.2999576123255018
-0.09143329760790146,-0.789569795866617,0.46539621350800037
-0.09143329760790146,0.08835442615284934,-0.4031564427001187
-0.09143329760790146,1.3990485601257319,-1.0235511971344895
-0.09143329760790146,-0.592139449210554,-0.09985234053220401
-0.09143329760790146,0.02081625505022821,-0.6651008945724086
-0.09143329760790146,-0.07649487314294072,-0.43072954289720183
1.9027254957649273,0.11913541564791387,0.4516096634094588
-0.09143329760790146,0.9045006622383616,-0.7616067452621995
-0.09143329760790146,0.9641185787340656,-0.94083189654324
-0.09143329760790146,0.5856744131526406,-1.1200570478242806
-0.029633969922122194,0.38503996349650643,0.16209211134008591
-0.09143329760790146,-0.769553152405499,0.2723845121284182
0.1801963054761051,1.4792231374421163,-1.133843597922822
-0.09143329760790146,-0.9791518902303712,1.5958933215884092
-0.09143329760790146,3.066442160668321,-1.1200570478242806
-0.09143329760790146,0.12820770728856448,-0.30665059201032757
-0.09143329760790146,0.03417268441007493,0.05179971055175323
-0.09143329760790146,1.5022638781167845,-1.1889897983169881
-0.09143329760790146,-0.239688119202739,-0.1963581912219951
-0.09143329760790146,-0.21931146416857933,-0.23771784151761965
-0.09143329760790146,-0.18633440407796048,-0.2790774918132446
-0.09143329760790146,0.3065934417307221,-0.8167529456563658
-0.09143329760790146,0.906516727047395,-1.0235511971344895
-0.09143329760790146,0.3209219023377814,-0.6926739947694918
-0.09143329760790146,0.2565878342352313,-0.5961681440797006
-0.09143329760790146,0.39713635235070727,-1.2441359987111547
-0.09143329760790146,-0.08160703748013272,0.12073246104446116
-0.09143329760790146,0.2682162080444779,-0.7891798454592827
-0.09143329760790146,-0.2623688483043655,0.32753071252258453
-0.09143329760790146,-0.6567975277288416,0.6997675651832069
-0.09143329760790146,0.022544310600828326,-0.4720891931928266
-0.09143329760790146,-0.026273258703624902,-0.04470614013803767
0.34116199619255344,-0.6276725914697688,0.2999576123255018
-0.09143329760790146,-0.6980188528421152,0.31374416242404335
-0.09143329760790146,0.32585406088845253,-0.7753932953607411
-0.09143329760790146,-0.7024469951905279,-0.41694299279866026
1.246908392587256,-1.015945072995232,2.1197822253329894
-0.09143329760790146,1.049369319230338,-1.1752032482184467
-0.09143329760790146,-0.07969897614301176,-0.4996622933899096
-0.09143329760790146,0.2967291246293798,-0.67888744467095
-0.09143329760790146,0.7192027055938035,-0.3204371421088692
-0.09143329760790146,-0.6585255832794417,0.46539621350800037
-0.09143329760790146,-0.23176786459582183,-0.43072954289720183
-0.09143329760790146,0.7208587588297953,-1.2717090989082378
-0.09143329760790146,-0.7517685806972395,0.4102500131138341
-0.09143329760790146,-0.5297134424451249,-0.292864041911786
-0.09143329760790146,1.3966724837436566,-0.7616067452621995
-0.09143329760790146,0.7571119242350935,-0.44451609299574324
-0.09143329760790146,1.189989839660422,-1.1476301480213638
-0.09143329760790146,-0.2350439699105012,-0.23771784151761965
-0.09143329760790146,0.12010744689512644,-0.4996622933899096
-0.09143329760790146,-0.9583432213085615,0.9892851172525803
-0.09143329760790146,0.8178818777645309,-1.1476301480213638
-0.09143329760790146,-0.05835028986163952,-0.6651008945724086
-0.09143329760790146,0.7613600607969855,-0.8994722462476153
-0.09143329760790146,-0.42480607006077625,-0.3617967924044939
-0.09143329760790146,0.33190225531555295,-0.058492690236579443
-0.09143329760790146,0.5811382673323152,-1.0235511971344895
-0.09143329760790146,-0.2589847395177736,-0.3755833425030355
-0.09143329760790146,1.1930859391885806,-1.0924839476271972
-0.09143329760790146,-0.48629604673629695,0.13451901114300274
-0.09143329760790146,-0.2964619442714136,-0.6651008945724086
-0.09143329760790146,1.497259717251505,-0.8856856961490736
-0.09143329760790146,0.4457739158686396,-0.6375277943753255
-0.09143329760790146,1.7121146240427858,-1.037337747233031
-0.09143329760790146,2.356211329371674,-1.423361149992195
0.37576961969658984,-0.11422408599770988,0.35510381271966773
-0.09143329760790146,-0.7243716999887668,0.39646346301529245
-0.09143329760790146,1.3059855684944548,-0.6237412442767839
-0.09143329760790146,-0.04448984429953444,-0.9132587963461567
0.8070338510545819,-0.028901343186829243,0.46539621350800037
-0.09143329760790146,-0.4964843742533768,0.21723831173425187
-0.09143329760790146,0.21410646861631183,-0.7064605448680331
0.20678133045879513,-1.101771832008371,2.105995675234447
-0.09143329760790146,1.5489213779829876,-1.1752032482184467
-0.09143329760790146,0.1442282222889197,0.038013160453211646
-0.09143329760790146,-0.41965790456628005,0.39646346301529245
-0.09143329760790146,-0.5911314168060372,-0.2515043916161612
-0.09143329760790146,0.671825182581517,-0.4996622933899096
-0.09143329760790146,-0.5879273138059662,0.4516096634094588
-0.09143329760790146,-0.8141945874626686,0.6721944649861241
-0.09143329760790146,-0.7471244314050017,0.6032617144934163
-0.09143329760790146,-0.6887305542576395,-0.14121199082782876
-0.09143329760790146,0.8020773697080007,-0.8856856961490736
-0.09143329760790146,0.5930906515572993,-0.8305394957549074
-0.09143329760790146,2.5232566992630185,-0.8167529456563658
1.2063525837934632,1.0331327972861577,1.0582178677452883
-0.09143329760790146,0.3988284067440032,-0.6926739947694918
-0.09143329760790146,-0.6403089976835321,0.024226610354670254
-0.09143329760790146,-0.7161994372807204,-0.2790774918132446
-0.09143329760790146,-0.19551469919052358,-0.6651008945724086
-0.09143329760790146,-0.3982012148129953,-0.21014474132053668
-0.09143329760790146,0.2970531350451173,-0.5823815939811591
-0.09143329760790146,-0.3607960123739637,-0.18257164112345334
-0.09143329760790146,-0.20127488435919064,-0.7891798454592827
-0.09143329760790146,-0.9012093846668452,0.7549137655773737
-0.09143329760790146,-0.5392537491307297,-0.292864041911786
1.2063525837934632,0.9579983819923568,-0.5548084937840759
0.5687869512845635,0.5590695579048596,0.09315936084737798
-0.09143329760790146,-0.34769159111524617,-0.5548084937840759
-0.09143329760790146,0.5718499687478397,-0.30665059201032757
-0.09143329760790146,-0.15789348980766693,0.12073246104446116
-0.09143329760790146,-0.587891312648662,-0.15499854092637036
-0.09143329760790146,-0.46134724472450783,-0.7064605448680331
-0.09143329760790146,0.6406841815134109,-0.9959780969374062
-0.09143329760790146,3.0457774963757283,-0.9684049967403231
-0.09143329760790146,-0.050502037569330666,-0.5410219436855346
-0.09143329760790146,-0.365764172081939,-0.14121199082782876
-0.09143329760790146,-0.4671074298931749,-0.5134488434884512
-0.09143329760790146,0.1180553809287888,-0.9270453464446984
-0.09143329760790146,-0.9766678103763835,0.9479254669569555
-0.09143329760790146,0.0887504388831952,-0.5410219436855346
-0.09143329760790146,-1.1966348815048564,1.51317402099716
-0.09143329760790146,-0.5296774412878207,-0.058492690236579443
-0.09143329760790146,-0.8687723419357889,1.9681301742490318
-0.09143329760790146,-0.34322744760952917,-0.9270453464446984
-0.09143329760790146,-0.6144241655818345,0.10694591094591957
-0.09143329760790146,-0.37631251117206055,-0.3204371421088692
-0.09143329760790146,-0.40691349488060424,0.39646346301529245
-0.09143329760790146,-0.5841471922890284,0.258597962029877
-0.09143329760790146,-0.05129406303002239,-0.3204371421088692
-0.09143329760790146,-0.5342135871081459,-0.22393129141907828
-0.09143329760790146,1.2253789772904202,-0.94083189654324
-0.09143329760790146,-0.5301094551754707,-0.18257164112345334
-0.09143329760790146,0.02380435110647424,-0.8581125959519905
-0.09143329760790146,0.5912905936920909,-1.1200570478242806
-0.09143329760790146,0.6191194882882136,-1.0786973975286558
-0.09143329760790146,-0.3877248780374821,-0.43072954289720183
-0.09143329760790146,0.5365688345897539,-1.0786973975286558
-0.09143329760790146,-0.21902345491014596,0.6308348146904991
-0.09143329760790146,0.21911062948159132,-0.5823815939811591
-0.09143329760790146,0.15963671761510406,-0.9270453464446984
-0.09143329760790146,-0.13812885444767814,-0.44451609299574324
-0.09143329760790146,-0.36205605287960957,0.12073246104446116
-0.09143329760790146,1.4392618528344887,-1.0235511971344895
-0.09143329760790146,-0.40187333285802057,0.20345176163571066
-0.09143329760790146,0.7366272657290214,-0.7753932953607411
-0.09143329760790146,-0.45749512089296174,0.8514196162671643
-0.09143329760790146,-0.4449307169938067,-0.14121199082782876
-0.09143329760790146,1.1449523918729068,-1.133843597922822
-0.09143329760790146,0.3911601602382152,-0.9684049967403231
-0.09143329760790146,-0.2937258563162967,-0.4031564427001187
-0.09143329760790146,1.0880345621750154,-0.8994722462476153
-0.09143329760790146,0.29708913620242144,-1.064910847430114
-0.09143329760790146,1.671685324390204,-1.423361149992195
1.183976965148612,-0.6090959943008176,0.6721944649861241
-0.09143329760790146,-0.5971076089185293,-0.058492690236579443
-0.09143329760790146,0.1823534478740347,-0.8305394957549074
-0.09143329760790146,-0.0659465340528192,1.6372529718840338
-0.09143329760790146,-0.9300463116674846,0.5756886142963331
-0.09143329760790146,-1.0844912765023698,2.161141875628614
-0.09143329760790146,-0.11051596679538046,-0.3893698926015769
-0.09143329760790146,-0.5392537491307297,-0.003346489842413106
-0.09143329760790146,-0.8240229034067068,1.0995775180409129
-0.09143329760790146,0.32747411296714013,-0.5272353935869928
-0.09143329760790146,0.3198418676186563,-0.5134488434884512
-0.09143329760790146,-0.4288381996788432,-0.017133039940954692
-0.09143329760790146,-0.3031941606872932,0.1758786614386275
-0.09143329760790146,-0.8884289738238652,1.0306447675482049
-0.09143329760790146,-0.7892817866081837,0.39646346301529245
-0.09143329760790146,2.946954319575784,-1.064910847430114
-0.09143329760790146,0.1358759537943525,-0.6375277943753255
-0.09143329760790146,0.020564246949099026,-0.6513143444738668
-0.09143329760790146,0.373015576956914,-0.7340336450651164
-0.09143329760790146,-0.12311637185183963,-0.30665059201032757
-0.09143329760790146,-0.7170634650560206,0.5205424139021667
-0.09143329760790146,-0.5941195128622833,-0.1963581912219951
-0.09143329760790146,0.4317694656773179,-0.8856856961490736
-0.09143329760790146,-0.4576031243648742,-0.22393129141907828
-0.09143329760790146,-0.5189490964111783,-0.7064605448680331
-0.09143329760790146,-0.6485532627061869,0.2723845121284182
-0.09143329760790146,-0.6938787197521357,0.6997675651832069
-0.09143329760790146,-0.8714004264189933,1.182296818632162
0.3287132107594468,0.11823538671530964,0.0793728107488364
-0.09143329760790146,-0.4477748084208361,-0.33422369220741094
-0.09143329760790146,0.04004087305065448,0.09315936084737798
-0.09143329760790146,-0.28652562485546296,0.2861710622269598
-0.09143329760790146,-0.2023549190783157,0.0793728107488364
-0.09143329760790146,2.766768527268418,-1.3406418494009456
-0.09143329760790146,1.0955228028942825,-0.8305394957549074
-0.09143329760790146,0.6195155010185595,-0.8856856961490736
-0.09143329760790146,0.8389065536301656,-0.9684049967403231
-0.09143329760790146,2.415865247024682,-1.230349448612613
-0.09143329760790146,-0.5637345360975646,-0.22393129141907828
1.406011950162904,1.4166171248901662,-0.9821915468388647
-0.09143329760790146,-0.3299430205642908,-0.14121199082782876
-0.09143329760790146,2.180669686356546,-1.0786973975286558
-0.09143329760790146,-0.4804278580957174,-0.058492690236579443
-0.09143329760790146,-0.44453470426346087,0.010440060256128479
-0.09143329760790146,0.38205186744026043,-0.9684049967403231
-0.09143329760790146,-0.45612707691540333,-0.30665059201032757
0.8355566176787876,0.23491513753812152,1.1409371683365372
-0.09143329760790146,0.058617470219605707,-0.09985234053220401
-0.09143329760790146,-0.26182883094480297,-0.23771784151761965
-0.09143329760790146,-0.37091233757643516,0.5481155140992499
-0.09143329760790146,-0.36281207718299713,-0.6513143444738668
-0.09143329760790146,0.6885657207279556,-1.0097646470359478
-0.09143329760790146,-0.35791591978963017,0.12073246104446116
-0.09143329760790146,1.546905313173954,-0.6926739947694918
-0.09143329760790146,-0.28252949639470015,-0.058492690236579443
-0.09143329760790146,0.7254669069647289,-1.1476301480213638
-0.09143329760790146,-0.3295470078339449,-0.7753932953607411
-0.09143329760790146,-0.41144964070092954,0.3413172626211261
-0.09143329760790146,-0.0014324601637482597,-0.43072954289720183
-0.09143329760790146,0.42618928629517167,-0.7753932953607411
-0.09143329760790146,-0.6315607164586191,0.49296931370508357
-0.09143329760790146,-0.13888487875106567,-0.7064605448680331
-0.09143329760790146,-0.33757526591277465,-0.4583026430942848
-0.09143329760790146,-0.14133295744774918,-0.4583026430942848
-0.09143329760790146,-0.23068782987669675,-0.30665059201032757
-0.09143329760790146,0.12950374895151456,-0.3755833425030355
-0.09143329760790146,-0.10090365779516733,-0.5548084937840759
0.3535218617297093,-0.9014253916106703,2.0232763746431983
-0.09143329760790146,-1.0533862765915678,1.5545336712927844
1.747096701044032,0.985935280060392,-0.5134488434884512
-0.09143329760790146,-0.31928667800225674,0.038013160453211646
-0.09143329760790146,-0.44161861052182316,0.42403656321237565
-0.09143329760790146,-0.7886697669340128,1.0306447675482049
-0.09143329760790146,-0.22913978011261749,-0.08606579043366243
-0.09143329760790146,0.496535547667518,-1.0097646470359478
-0.09143329760790146,0.5162281807128984,-0.8443260458534491
-0.09143329760790146,-0.8050502935074098,-0.12742544072928738
-0.09143329760790146,-0.34419947885674174,-0.21014474132053668
-0.09143329760790146,-0.20728707762898688,-0.18257164112345334
-0.09143329760790146,0.358111097832988,-0.5272353935869928
-0.09143329760790146,-1.0544303101533887,2.2852208265154874
-0.09143329760790146,0.29316501005626705,-0.3893698926015769
0.43469611377103023,2.640476467445393,-0.8994722462476153
-0.09143329760790146,2.2105506469190064,-0.94083189654324
0.34116199619255344,-0.025121221669891492,0.7824868657744568
-0.09143329760790146,0.3695234646984096,-0.6513143444738668
-0.09143329760790146,0.9997957256224971,-1.133843597922822
-0.09143329760790146,-1.0374737650631252,1.761331922770908
-0.09143329760790146,0.7788206220895074,-0.9132587963461567
-0.09143329760790146,0.7101664151104571,-0.5823815939811591
-0.09143329760790146,0.29132895103375445,-0.5823815939811591
-0.09143329760790146,1.2802087398646698,-0.8994722462476153
-0.09143329760790146,2.3156020239325716,-0.6926739947694918
-0.09143329760790146,-0.14532908590851193,-0.16878509102491193
-0.09143329760790146,1.4581624604191774,-1.1752032482184467
-0.09143329760790146,1.1102472762316877,-0.9821915468388647
-0.09143329760790146,1.0658578492756472,-0.9684049967403231
-0.09143329760790146,1.03324080075807,-0.9546184466417815
1.6782747224848686,-0.029369358231783438,0.258597962029877
-0.09143329760790146,0.2349511386954257,-0.67888744467095
0.4276810549526444,0.20661822789704465,-0.7891798454592827
-0.09143329760790146,0.9741269004646246,-1.354428399499487
-0.09143329760790146,0.6897177577616891,-0.6651008945724086
-0.09143329760790146,0.4852671854313131,1.0168582174496634
0.22003531392842607,-1.5515702913666591,3.7879547872565196
-0.09143329760790146,0.2894208896966335,0.46539621350800037
-0.09143329760790146,1.2590760605271225,-0.7616067452621995
-0.09143329760790146,-0.008344682366148716,-0.18257164112345334
-0.09143329760790146,0.6504764963001448,-0.6513143444738668
-0.09143329760790146,1.2607681149204184,-0.9959780969374062
0.5365276127475976,0.2642920818983235,0.46539621350800037
-0.09143329760790146,1.2721084794712316,-1.3130687492038624
-0.09143329760790146,0.6756053040984548,-1.1476301480213638
-0.09143329760790146,1.1948499958964849,-0.7753932953607411
-0.09143329760790146,0.5929106457707786,-0.9132587963461567
-0.09143329760790146,0.2900689105281085,-0.67888744467095
-0.09143329760790146,-0.23054382524748007,-0.23771784151761965
-0.09143329760790146,0.7326671384255627,0.13451901114300274
0.44558154986852533,2.9721911308460065,-0.7478201951636579
-0.09143329760790146,-0.41303369162231296,0.16209211134008591
-0.09143329760790146,-1.341143526923791,2.105995675234447
-0.09143329760790146,-0.007768663849282011,0.038013160453211646
-0.09143329760790146,-0.605351873941184,0.23102486183279383
0.06430100816026231,0.9731908703747162,0.8238465160700816
-0.09143329760790146,-0.118508223716906,-0.2515043916161612
-0.09143329760790146,0.18566555434601828,-0.2790774918132446
-0.09143329760790146,0.06239759173654346,-0.09985234053220401
-0.09143329760790146,-0.5962435811432293,1.0995775180409129
0.1219013678279393,-0.09751954900857544,-0.030919590039496084
-0.09143329760790146,-1.0099328797254357,0.8376330661686228
1.0765739956533267,-1.0774350496707528,1.4993874708986186
0.10822606876153926,0.3005452473036217,-0.04470614013803767
-0.09143329760790146,-1.0205892222874697,1.127150618237996
-0.09143329760790146,-1.0551143321421679,2.6988173294717352
-0.09143329760790146,-1.0414338923665836,2.39551322730382
-0.09143329760790146,0.11845139365913467,-0.18257164112345334
-0.09143329760790146,-0.4993284656804062,0.5894751643948742
0.6164499104292066,0.3798557968447061,-0.33422369220741094
-0.09143329760790146,-0.5136929274447696,0.5619020641977915
-0.09143329760790146,-1.1553055529196703,1.0582178677452883
-0.09143329760790146,-0.945454806993669,1.2374430190263288
-0.09143329760790146,-0.46354331532006215,1.8991974237563238
1.0935016375846491,0.9088928034294702,-0.5823815939811591
0.18666367697810526,-0.13841686370611148,-0.34801024230595234
-0.09143329760790146,-0.9083016126557665,0.6032617144934163
-0.09143329760790146,-0.8784926544079146,2.105995675234447
-0.09143329760790146,-0.45295897507263644,0.35510381271966773
-0.09143329760790146,-0.5171490385459698,0.23102486183279383
0.04994561125984499,0.015740091870340374,-0.5548084937840759
-0.09143329760790146,-0.4537510005333282,0.35510381271966773
-0.09143329760790146,-0.05925031879424375,-0.003346489842413106
-0.09143329760790146,-0.7773654035405037,1.25122956912487
-0.09143329760790146,-1.182918440571968,1.4718143707015354
-0.09143329760790146,0.1844775161549807,-0.3893698926015769
-0.09143329760790146,-0.6268445648517729,0.6859810150846658
-0.09143329760790146,-0.5959195707274917,0.796273415872998
-0.09143329760790146,-0.8842528395765816,1.8578377734606992
0.11348026261336665,0.3796037887435769,-1.0924839476271972
-0.09143329760790146,-1.32904713806959,2.188714975825697
0.9703915144477605,0.3633312656420925,-0.3617967924044939
0.14815794203542743,-0.6517213645489537,0.49296931370508357
0.13387675124650214,-0.287605659574588,0.2723845121284182
-0.09143329760790146,-0.5711507745022234,0.6997675651832069
0.12486434929232598,6.5143089968458945,-1.3130687492038624
-0.09143329760790146,-0.9306583313416555,0.9479254669569555
-0.09143329760790146,-0.3721363769247769,0.2999576123255018
-0.09143329760790146,-0.2341079398205928,-0.2515043916161612
-0.09143329760790146,-0.6387249467621487,1.2925892194204947
-0.09143329760790146,-0.2529725462479774,-0.3755833425030355
-0.09143329760790146,-0.04211376791745928,-0.5410219436855346
-0.09143329760790146,-0.5173650454897949,0.5619020641977915
-0.09143329760790146,-0.8878169541496943,1.154723718435079
0.1758718540837229,0.3284821453716569,-0.07227924033512104
-0.09143329760790146,-0.46001520190425355,0.258597962029877
-0.09143329760790146,0.3179698074388395,-0.4583026430942848
-0.09143329760790146,-0.2830695137542627,-0.058492690236579443
-0.09143329760790146,1.3421307304278405,-1.1476301480213638
0.008396385576818897,1.0038998575551723,-0.8305394957549074
0.15190155515485443,-0.6996389049208027,-0.21014474132053668
0.6872382312329174,-0.5319095130406791,0.9341389168584135
0.34116199619255344,-0.7309239106181257,-0.16878509102491193
1.0209546007361254,-0.7203395703707,0.644621364789041
-0.09143329760790146,0.03021255710661633,-0.8443260458534491
-0.09143329760790146,-0.2575086920683027,0.9203523667598723
-0.09143329760790146,-0.44025056654426475,-0.4583026430942848
-0.09143329760790146,-0.2487604108433896,-0.4583026430942848
-0.09143329760790146,0.0488611565901759,-0.8856856961490736
-0.09143329760790146,0.184117504581939,-1.037337747233031
-0.09143329760790146,-0.2701810994393702,-0.6926739947694918
-0.09143329760790146,-0.024293195051895602,-0.8305394957549074
-0.09143329760790146,0.20060603462724844,-0.30665059201032757
-0.09143329760790146,0.6191194882882136,-1.2579225488096961
-0.09143329760790146,-0.7261357566966712,1.3201623196175778
-0.09143329760790146,-0.03858565450165072,0.12073246104446116
-0.09143329760790146,-0.3259108909462239,-1.0235511971344895
-0.09143329760790146,-0.617700270896514,-0.15499854092637036
-0.09143329760790146,-0.26528494204600317,-0.09985234053220401
-0.09143329760790146,0.3105535690341807,-0.292864041911786
-0.09143329760790146,-0.11091197952572633,0.13451901114300274
-0.09143329760790146,-0.3018981190243431,-0.6099546941782422
-0.09143329760790146,-0.6007797269635545,1.5958933215884092
-0.09143329760790146,0.7141265424139157,-1.161416698119905
-0.09143329760790146,-0.7396001895284303,-0.3893698926015769
-0.09143329760790146,-1.0220292685796366,3.139986932625065
-0.09143329760790146,0.13141181028863552,-1.0924839476271972
-0.09143329760790146,0.048501145017134206,-0.30665059201032757
-0.09143329760790146,-0.2584087210009069,-1.106270497725739
-0.09143329760790146,-0.6426490729083031,-0.5685950438826175
-0.09143329760790146,-0.804042261102893,1.4304547204059106
-0.09143329760790146,-0.11213601887406807,-0.94083189654324
-0.09143329760790146,1.1498125481089694,-1.3406418494009456
-0.09143329760790146,-0.4136457112964838,0.20345176163571066
-0.09143329760790146,-0.17290597240350541,-0.5410219436855346
-0.09143329760790146,-0.7609128746524985,0.05179971055175323
-0.09143329760790146,-0.11591614039100583,-1.4785073503863613
-0.09143329760790146,0.6974580065820855,-0.8443260458534491
-0.09143329760790146,0.1830734710201181,-1.2441359987111547
-0.09143329760790146,-0.3641441200032514,-0.4031564427001187
-0.09143329760790146,-0.471175560668546,1.0720044178438293
-0.09143329760790146,0.3572830712149921,-1.1752032482184467
-0.09143329760790146,-0.5864512663564952,-0.8994722462476153
-0.09143329760790146,0.5741180416580023,-0.7478201951636579
-0.09143329760790146,-0.6071519318063925,0.8927792665627895
-0.09143329760790146,0.07020984287154815,0.05179971055175323
0.27936266850677416,-0.6942387313251773,0.6859810150846658
-0.09143329760790146,0.33049821018069037,-0.9821915468388647
-0.09143329760790146,0.0791021287256779,0.23102486183279383
-0.09143329760790146,-0.1115239991998972,-0.6237412442767839
-0.09143329760790146,-0.9739317224212667,3.7328085868623533
-0.09143329760790146,-0.49900445526466863,0.12073246104446116
-0.09143329760790146,-1.136692954593415,4.3669898913952645
-0.09143329760790146,-1.119880414132368,1.2650161192234115
-0.09143329760790146,-0.29592192691185104,-0.94083189654324
-0.09143329760790146,0.24560748125745974,-0.5272353935869928
-0.09143329760790146,0.06110155007359337,0.1758786614386275
-0.09143329760790146,-0.11091197952572633,-1.2992821991053207
-0.09143329760790146,-0.25390857633788577,-0.7753932953607411
-0.09143329760790146,0.05098522487112187,-0.6375277943753255
-0.09143329760790146,-0.5468139921646051,-0.33422369220741094
-0.09143329760790146,-1.0652306573446393,0.1896652115371691
-0.09143329760790146,-0.12340438111027299,-0.292864041911786
-0.09143329760790146,-0.640921017357703,1.733758822573825
-0.09143329760790146,-0.4183978640606342,0.12073246104446116
-0.09143329760790146,-0.060006343097631296,-0.4720891931928266
-0.09143329760790146,0.26458009115675685,-1.106270497725739
-0.09143329760790146,-0.21221923617965802,0.24481141193133543
0.36877446175428463,1.3059135661798464,-0.292864041911786
-0.09143329760790146,-0.2684170427314659,-1.354428399499487
-0.09143329760790146,-0.3889129162285197,-0.4858757432913682
-0.09143329760790146,-0.9036574633635287,-0.5272353935869928
-0.09143329760790146,-0.7984260805634426,1.0168582174496634
-0.09143329760790146,0.22659887020085848,-0.4031564427001187
-0.09143329760790146,0.6263917220636557,-1.0235511971344895
-0.09143329760790146,0.7724484172466696,-1.4371477000907367
-0.09143329760790146,-1.0009325903993935,0.05179971055175323
-0.09143329760790146,-0.2658969617201741,-1.4785073503863613
-0.09143329760790146,0.11254720386125094,-0.5548084937840759
-0.09143329760790146,-0.3794806130148274,-0.09985234053220401
-0.09143329760790146,-0.6184202940425974,0.6721944649861241
-0.09143329760790146,0.10480695504085459,-1.0511242973315726
-0.09143329760790146,-0.5369136739059587,0.16209211134008591
-0.09143329760790146,0.2679641999433487,-0.94083189654324
-0.09143329760790146,-0.06317444494039817,-1.161416698119905
-0.09143329760790146,0.6886737241998682,-0.5961681440797006
-0.09143329760790146,-0.4244820596450387,0.5067558638036251
-0.09143329760790146,-0.796374014597105,2.9331886811469414
-0.09143329760790146,-0.11119998878415968,0.20345176163571066
-0.09143329760790146,-0.25279254046145655,-0.4720891931928266
-0.09143329760790146,-0.028901343186829243,-0.292864041911786
-0.09143329760790146,-0.7713172091134033,0.796273415872998
-0.09143329760790146,-0.5419178347712381,0.46539621350800037
-0.09143329760790146,0.20723024757121553,-0.7753932953607411
-0.09143329760790146,0.14660429867099486,-0.4720891931928266
-0.09143329760790146,-0.5284174007821748,1.8164781231650744
-0.09143329760790146,0.730795078245746,-1.2717090989082378
-0.09143329760790146,-0.30931435742900193,0.038013160453211646
-0.09143329760790146,-1.1284486895707602,4.0636857892273515
-0.09143329760790146,-1.1284486895707602,4.394562991592348
-0.09143329760790146,-0.49464831523086417,-0.21014474132053668
-0.09143329760790146,-0.42073793928540515,-0.4583026430942848
-0.09143329760790146,-0.6582015728637042,0.49296931370508357
-0.09143329760790146,0.48037102803794607,-0.8029663955578242
-0.09143329760790146,-0.4496468686006529,-1.354428399499487
-0.09143329760790146,0.1948098483012772,-0.18257164112345334
-0.09143329760790146,-0.46858347734264577,-0.43072954289720183
-0.09143329760790146,-0.11375607095275568,-0.5961681440797006
-0.09143329760790146,-0.4084255434873793,-0.6375277943753255
-0.09143329760790146,0.8333263742480194,-1.1752032482184467
-0.09143329760790146,0.2591079152465231,-0.7478201951636579
-0.09143329760790146,0.30594542089924703,0.14830556124154431
-0.09143329760790146,0.04119291008438789,-0.8443260458534491
-0.09143329760790146,-0.23291990162955523,0.12073246104446116
-0.09143329760790146,-0.45400300863445736,-0.8167529456563658
-0.09143329760790146,0.24110733659443861,1.0582178677452883
-0.09143329760790146,0.1241035753558892,-0.23771784151761965
-0.09143329760790146,-0.22089551508996277,-0.8305394957549074
-0.09143329760790146,-1.2910299159563876,5.29068874799755
-0.09143329760790146,-0.20645905101099096,-0.265290941714703
-0.09143329760790146,-0.28663362832737543,-0.8167529456563658
-0.09143329760790146,-0.38128067088003587,0.05179971055175323
-0.09143329760790146,-0.19918681723554882,-0.67888744467095
-0.09143329760790146,-0.41965790456628005,0.6721944649861241
-0.09143329760790146,-0.3741164405765062,1.0720044178438293
-0.09143329760790146,-1.5409499499619292,6.4625455063735835
0.297902466812508,-0.4609152308368578,-0.18257164112345334
-0.09143329760790146,-0.5853712316373701,1.3063757695190368
2.071543171394373,-1.4183300081839294,2.3817266772052785
-0.09143329760790146,-0.6663738355717506,1.3477354198146607
-0.09143329760790146,-1.5409499499619292,6.407399305979418
-0.09143329760790146,-0.11213601887406807,-0.41694299279866026
-0.09143329760790146,0.979131061329904,-1.4509342501892781
-0.09143329760790146,-0.27766934015863737,-0.017133039940954692
-0.09143329760790146,-0.8138345758896269,0.7687003156759149
-0.09143329760790146,-0.17668609392044318,-0.7202470949665748
-0.09143329760790146,-0.49691638814102684,0.14830556124154431
-0.09143329760790146,-0.5080767469053192,-0.4583026430942848
-0.09143329760790146,-0.10090365779516733,-1.0511242973315726
-0.09143329760790146,-0.028901343186829243,-0.5410219436855346
-0.09143329760790146,-1.1998029833476234,5.318261848194634
-0.09143329760790146,-0.5069247098715858,-0.8443260458534491
-0.09143329760790146,-0.617700270896514,1.5269605710957013
-0.09143329760790146,-0.34733157954220445,-0.6099546941782422
-0.09143329760790146,-0.6009237315927712,-0.18257164112345334
-0.09143329760790146,-0.08077901086213683,-0.3893698926015769
-0.09143329760790146,-1.2979421381587881,3.7603816870594353
-0.09143329760790146,-0.4081015330716418,1.2098699188292452
-0.09143329760790146,0.034100682095466586,-0.22393129141907828
-0.09143329760790146,0.011599958780360934,-0.7478201951636579
-0.09143329760790146,-0.6420730543914365,0.49296931370508357
-0.09143329760790146,-0.18745043995438973,-0.8167529456563658
-0.09143329760790146,-0.8560279322501131,0.6997675651832069
-0.09143329760790146,-0.6166922384919973,0.7687003156759149
-0.09143329760790146,-0.49965247609614366,-0.23771784151761965
-0.09143329760790146,-0.5229812260292452,0.4102500131138341
0.3804888410835039,-0.7266037717416254,1.2650161192234115
-0.09143329760790146,1.8147539235169718,-1.2854956490067793
-0.09143329760790146,-0.6163322269189555,0.6721944649861241
-0.09143329760790146,2.300337533235604,-1.3406418494009456
-0.09143329760790146,1.3727677152936884,-0.8443260458534491
-0.09143329760790146,0.5802742395570152,-0.9959780969374062
-0.09143329760790146,1.0877105517592778,-0.8581125959519905
-0.09143329760790146,-0.4931722677813933,0.20345176163571066
-0.09143329760790146,-0.47967183379232986,1.0168582174496634
0.05276513365891683,3.083254701129368,-0.7616067452621995
-0.09143329760790146,-0.18395832769588533,-0.33422369220741094
-0.09143329760790146,-0.32169875554163607,-0.08606579043366243
-0.09143329760790146,-0.9040534760938745,1.0030716673511215
-0.09143329760790146,-0.8259669659011319,0.9479254669569555
-0.09143329760790146,-0.5338895766924084,0.6997675651832069
-0.09143329760790146,-0.831295137182149,0.8376330661686228
-0.09143329760790146,-0.5890073485250913,0.7549137655773737
-0.09143329760790146,-0.9761637941741251,0.9479254669569555
-0.09143329760790146,-1.092411531109287,1.6372529718840338
-0.09143329760790146,-0.7424082797981556,0.8100599659715396
-0.09143329760790146,-0.5782430024911447,0.39646346301529245
-0.09143329760790146,-0.9298663058809638,0.7411272154788318
-0.09143329760790146,-0.4232220191393928,0.35510381271966773
-0.09143329760790146,-0.6336487835822608,0.2723845121284182
-0.09143329760790146,-0.5912394202779497,0.10694591094591957
-0.09143329760790146,-1.0406058657485877,1.5545336712927844
-0.09143329760790146,-0.9085176195995915,0.9892851172525803
-0.09143329760790146,-0.8397194079913245,0.865206166365706
-0.09143329760790146,-0.27594128460803724,-0.18257164112345334
-0.09143329760790146,-0.555742279176039,0.06558626065029481
-0.09143329760790146,-0.8308631232944989,1.5958933215884092
-0.09143329760790146,-1.0485621215128091,1.3063757695190368
-0.09143329760790146,-0.8674402991155347,0.10694591094591957
-0.09143329760790146,0.024344368466036777,-0.04470614013803767
-0.09143329760790146,-0.9182379320717172,0.7273406653802901
-0.09143329760790146,-0.9212260281279632,1.154723718435079
-0.09143329760790146,0.5431570463764169,-0.7616067452621995
-0.09143329760790146,-0.6459251782229826,0.35510381271966773
-0.09143329760790146,-0.9180939274425005,-0.04470614013803767
-0.09143329760790146,-0.28724564800154634,-0.41694299279866026
-0.09143329760790146,-0.5397217641756838,0.13451901114300274
-0.09143329760790146,-0.8689163465650056,0.6032617144934163
-0.09143329760790146,-0.7273597960450129,0.5343289640007083
0.20805575194625964,-0.8313671394967572,0.3688903628182097
-0.09143329760790146,-0.8605280769131342,0.6997675651832069
-0.09143329760790146,-0.2881096757768464,0.0793728107488364
-0.09143329760790146,-1.4185460151277545,2.3403670269096546
-0.09143329760790146,-1.0049647200174605,0.6170482645919578
0.137587740286457,0.5642177233993558,-0.30665059201032757
-0.09143329760790146,-0.6933387023925731,0.6584079148875822
-0.09143329760790146,-1.047662092580205,1.182296818632162
-0.09143329760790146,-0.7198715553257458,0.4516096634094588
0.1801963054761051,-0.8729484761830725,0.6997675651832069
-0.09143329760790146,-0.7389521686969553,0.20345176163571066
-0.09143329760790146,-1.2315920052472045,0.8376330661686228
-0.09143329760790146,-0.8106664740468601,0.24481141193133543
-0.09143329760790146,-1.2074712298534114,1.8440512233621575
-0.09143329760790146,-0.6951027591004775,-0.12742544072928738
-0.09143329760790146,-0.97378771779205,1.7889050229679913
-0.09143329760790146,-0.5285614054113914,0.05179971055175323
-0.09143329760790146,-0.9216580420156132,1.4304547204059106
0.22003531392842607,-0.14579710095346612,0.24481141193133543
-0.09143329760790146,-0.9398026252969144,1.196083368730704
-0.09143329760790146,-0.22111152203378778,0.0793728107488364
-0.09143329760790146,-1.228711912662871,2.161141875628614
-0.09143329760790146,-0.9370305361844934,0.8927792665627895
-0.09143329760790146,-0.8399714160924536,0.5756886142963331
-0.09143329760790146,-0.4326903235103893,0.35510381271966773
-0.09143329760790146,-0.6603616423019543,0.796273415872998
-0.09143329760790146,-1.0940315831879746,1.1685102685336208
-0.09143329760790146,-1.1430651594362529,1.1409371683365372
-0.09143329760790146,-0.21081519104479543,-0.33422369220741094
-0.09143329760790146,0.08691437986068258,-0.16878509102491193
-0.09143329760790146,-0.9161498649480754,0.8100599659715396
-0.09143329760790146,-0.6309846979417524,0.9065658166613307
-0.09143329760790146,-0.7813975331585706,0.5894751643948742
-0.09143329760790146,-0.5545902421423057,0.6308348146904991
-0.09143329760790146,-0.3246148492832738,0.4102500131138341
-0.09143329760790146,-0.09719553859283792,-0.43072954289720183
-0.09143329760790146,-0.7870857160126293,0.0793728107488364
-0.09143329760790146,-0.47214759191575856,0.258597962029877
0.31839382283463474,-0.7579247785962524,0.9479254669569555
-0.09143329760790146,-0.5267973487034872,0.5067558638036251
-0.09143329760790146,-0.6567255254142332,0.258597962029877
-0.09143329760790146,-0.6578415612906625,0.3413172626211261
-0.09143329760790146,-0.18622640060604798,0.024226610354670254
-0.09143329760790146,-0.14856919006588715,-0.5685950438826175
-0.09143329760790146,-0.8611400965873051,1.3339488697161195
-0.09143329760790146,-0.08589117519932885,0.010440060256128479
-0.09143329760790146,-1.2714452863829198,2.767750079964443
-0.09143329760790146,-0.3063982636873642,0.3413172626211261
-0.09143329760790146,-1.449975025454294,3.5535834355813125
-0.09143329760790146,-1.0554023414006013,0.713554115281749
0.01671552584221226,1.2262790062230244,-0.6513143444738668
-0.09143329760790146,-0.6216243970426684,1.3890950701102858
-0.09143329760790146,-0.9404146449710853,1.2925892194204947
-0.09143329760790146,-0.705867105134424,-0.07227924033512104
1.368575818968634,-0.09550348419954198,-0.5548084937840759
-0.09143329760790146,-0.6760221457292679,0.4102500131138341
-0.09143329760790146,-0.9829320117473089,0.20345176163571066
-0.09143329760790146,-0.4521309484546405,0.31374416242404335
-0.09143329760790146,-0.05241009890645163,-0.003346489842413106
-0.09143329760790146,-0.9846240661406049,1.182296818632162
-0.09143329760790146,0.27095229599959475,-0.4858757432913682
-0.09143329760790146,-1.019113174837999,1.2374430190263288
-0.09143329760790146,-0.7638649695514403,1.0995775180409129
-0.09143329760790146,-0.5288494146698248,0.23102486183279383
-0.09143329760790146,-0.6132721285481012,0.2861710622269598
-0.09143329760790146,-0.9235301021954301,1.0720044178438293
-0.09143329760790146,-0.6333607743238275,0.20345176163571066
-0.09143329760790146,-0.48557602359021357,-0.14121199082782876
-0.09143329760790146,0.16071675233422913,-0.3204371421088692
-0.09143329760790146,-1.0601544941647516,1.196083368730704
-0.09143329760790146,-0.18971851286455238,-0.11363889063074559
-0.09143329760790146,-0.7875177299002794,1.0582178677452883
-0.09143329760790146,-0.38804888845321966,0.05179971055175323
-0.09143329760790146,-0.5991236737275628,0.6997675651832069
-0.09143329760790146,-0.7719652299448784,0.4516096634094588
-0.09143329760790146,-1.188426617639506,1.8026915730665327
0.8819061134431221,0.158556682895979,-0.07227924033512104
-0.09143329760790146,-0.8859448939698775,0.713554115281749
0.4276810549526444,0.21349444894214095,-0.41694299279866026
1.2063525837934632,-0.5428178637038423,-0.5272353935869928
0.34116199619255344,0.35191889877667093,-0.8994722462476153
-0.09143329760790146,-0.910101670520975,0.9892851172525803
-0.09143329760790146,-0.7115192868311785,0.21723831173425187
-0.09143329760790146,-0.8739565085875892,0.5205424139021667
-0.09143329760790146,2.116551625197821,-1.2027763484155298
-0.09143329760790146,0.8434787006077951,-0.8167529456563658
-0.09143329760790146,-0.9251861554314218,1.761331922770908
-0.09143329760790146,-0.9604312884322033,0.7549137655773737
-0.09143329760790146,-1.127764667581981,-0.18257164112345334
-0.09143329760790146,-0.5940475105476749,0.12073246104446116
-0.09143329760790146,-0.21661137737076663,-0.6513143444738668
-0.09143329760790146,-0.5742108728730778,-0.43072954289720183
-0.09143329760790146,2.2336273887509788,-1.0511242973315726
-0.09143329760790146,0.31876183289953125,-0.003346489842413106
-0.09143329760790146,0.5373968612077499,-0.5134488434884512
-0.09143329760790146,-0.05359813709748921,0.024226610354670254
-0.09143329760790146,0.05980550841064329,0.5205424139021667
-0.09143329760790146,-0.5666146286818982,1.9129839738548655
-0.09143329760790146,0.7500196962461723,-1.5060804505834444
-0.09143329760790146,-0.4018373317007164,-0.6513143444738668
-0.09143329760790146,-0.6329287604361775,0.6997675651832069
-0.09143329760790146,0.5051038231059102,-1.0511242973315726
-0.09143329760790146,0.21410646861631183,-0.4720891931928266
-0.09143329760790146,-0.2873536514734588,-0.3893698926015769
-0.09143329760790146,0.5330047200166412,-0.8718991460505322
-0.09143329760790146,-0.19637872696582365,0.9754985671540386
-0.09143329760790146,-0.3159025692156649,-0.11363889063074559
-0.09143329760790146,-0.883064801385544,1.7751184728694496
-0.09143329760790146,2.2459037833917,-0.8994722462476153
-0.09143329760790146,-0.8761525791831436,1.6096798716869511
1.8552455244941457,1.1904938558626805,-0.6099546941782422
-0.09143329760790146,1.5509014416347169,-0.9684049967403231
-0.09143329760790146,-0.6912506352689314,0.39646346301529245
-0.09143329760790146,-0.7541086559220105,1.154723718435079
-0.09143329760790146,0.7881809229885914,-0.6926739947694918
-0.09143329760790146,0.2980971686069382,-0.5961681440797006
-0.09143329760790146,-0.6600016307289126,0.7687003156759149
-0.09143329760790146,-0.474595670612442,3.1813465829206904
-0.09143329760790146,-0.33649523119364955,1.444241270504452
-0.09143329760790146,1.1320639775580141,-0.9546184466417815
-0.09143329760790146,0.4127608546207166,0.024226610354670254
-0.09143329760790146,0.15834067595215395,-0.1963581912219951
-0.09143329760790146,0.1230595417940683,-0.16878509102491193
-0.09143329760790146,-0.6446651377173366,-0.1963581912219951
-0.09143329760790146,-0.9013893904533661,1.651039521982576
-0.09143329760790146,-0.8762965838123602,0.6859810150846658
-0.09143329760790146,-0.6634217406728087,-0.16878509102491193
-0.09143329760790146,0.0443250107698506,-1.2441359987111547
-0.09143329760790146,-0.6062519028737883,1.196083368730704
-0.09143329760790146,-0.5021005547928272,1.1409371683365372
-0.09143329760790146,-0.3987052310152537,0.8514196162671643
-0.09143329760790146,2.2877371281791445,-0.8718991460505322
-0.09143329760790146,-0.2308318345059134,0.31374416242404335
-0.09143329760790146,-0.06040235582797716,-0.14121199082782876
-0.09143329760790146,-0.3970851789365661,0.5756886142963331
-0.09143329760790146,-0.3274589407103031,0.49296931370508357
-0.09143329760790146,0.6967739845933062,-0.3893698926015769
0.8070338510545819,-0.3547118167895591,0.3413172626211261
-0.09143329760790146,-0.5284174007821748,-0.5823815939811591
-0.09143329760790146,-0.06490250049099829,-0.8443260458534491
-0.09143329760790146,-1.0016166123881727,0.4516096634094588
-0.09143329760790146,-1.59095555745742,2.464445977796528
-0.09143329760790146,-0.004096545804256769,-0.5272353935869928
-0.09143329760790146,0.5247604549939865,-0.3755833425030355
-0.09143329760790146,-0.3439114695983084,-0.4583026430942848
-0.09143329760790146,-0.630912695627144,-0.15499854092637036
-0.09143329760790146,-0.2670489987539075,-1.1889897983169881
-0.09143329760790146,-0.19997884269624056,0.0793728107488364
-0.09143329760790146,-0.32781895228334484,-0.2790774918132446
-0.09143329760790146,-0.15076526066144147,0.865206166365706
-0.09143329760790146,1.9141891199910868,-0.08606579043366243
-0.09143329760790146,-0.46426333846614554,-0.7064605448680331
-0.09143329760790146,0.3746716301929058,-0.08606579043366243
-0.09143329760790146,-0.7007909419545362,1.1409371683365372
-0.09143329760790146,0.0671137433433896,0.21723831173425187
-0.09143329760790146,-0.7093952185502326,1.0306447675482049
-0.09143329760790146,-0.04772994845690965,-0.21014474132053668
-0.09143329760790146,0.1560726030419913,-0.7340336450651164
-0.09143329760790146,0.20957032279598653,-0.5685950438826175
-0.09143329760790146,0.22793091302111274,-0.003346489842413106
-0.09143329760790146,-0.4898601613094097,0.1758786614386275
-0.09143329760790146,-1.1494373642790907,-1.3268552993024039
-0.09143329760790146,-0.9234220987235175,1.0306447675482049
-0.09143329760790146,-0.4507629044770821,0.1758786614386275
-0.09143329760790146,-0.3643961281043806,0.8238465160700816
-0.09143329760790146,-0.01986505270348281,-0.23771784151761965
-0.09143329760790146,-0.47715175278103805,0.865206166365706
-0.09143329760790146,0.4032205479351118,-0.3893698926015769
-0.09143329760790146,0.09368259743386637,1.0720044178438293
1.2063525837934632,0.56511775233196,-0.4720891931928266
-0.09143329760790146,-0.10090365779516733,1.5958933215884092
-0.09143329760790146,-0.5861632570980619,-0.6926739947694918
-0.09143329760790146,-1.3427635790024786,0.5205424139021667
-0.09143329760790146,-0.0716347169068779,-0.6099546941782422
0.06911753308092716,2.010744223880868,-0.8856856961490736
-0.09143329760790146,-0.18032221080816424,0.010440060256128479
-0.09143329760790146,1.513676244982206,-0.8856856961490736
-0.09143329760790146,-0.816822671945873,2.5885249286834022
-0.09143329760790146,-0.16800981501013842,-0.5823815939811591
-0.09143329760790146,-0.6547454617625039,0.35510381271966773
-0.09143329760790146,-0.193894647111836,-0.18257164112345334
-0.09143329760790146,0.0791021287256779,-1.3130687492038624
-0.09143329760790146,-0.5747148890753362,0.09315936084737798
-0.09143329760790146,-0.22341559610125458,-0.4031564427001187
-0.09143329760790146,-1.0916195056485953,0.796273415872998
-0.09143329760790146,-0.20393896999969915,-0.22393129141907828
-0.09143329760790146,0.13944006836746523,-0.09985234053220401
-0.09143329760790146,-0.6163682280762597,-1.0511242973315726
-0.09143329760790146,-0.3646121350482056,0.8376330661686228
-0.09143329760790146,-0.8641641938008553,0.6032617144934163
-0.09143329760790146,0.06394564150062272,-0.14121199082782876
-0.09143329760790146,-0.8224748536426275,0.4102500131138341
-0.09143329760790146,-0.24235220484324752,0.5481155140992499
-0.09143329760790146,-0.10774387768295945,-0.22393129141907828
-0.09143329760790146,0.8263061485737064,-0.6237412442767839
-0.09143329760790146,0.009439889342110793,0.024226610354670254
-0.09143329760790146,0.16010473266005826,-0.3893698926015769
-0.09143329760790146,-0.6720620184258093,1.2650161192234115
-0.09143329760790146,2.2783048249654523,-1.561226650977611
-0.09143329760790146,-0.5059166774670691,-1.0924839476271972
-0.09143329760790146,-1.0095008658377858,0.8514196162671643
-0.09143329760790146,-1.0202292107144282,1.733758822573825
-0.09143329760790146,-1.5201772821974235,3.498437235187146
-0.09143329760790146,-0.8315471452832781,1.8578377734606992
-0.09143329760790146,-0.47131956529776264,0.2723845121284182
-0.09143329760790146,-1.0174931227593111,2.174928425727155
-0.09143329760790146,-0.883928829160844,0.5205424139021667
-0.09143329760790146,0.01642411385911959,1.0857909679423714
-0.09143329760790146,-0.6266285579079479,1.25122956912487
-0.09143329760790146,-0.11663616353708921,-0.7753932953607411
-0.09143329760790146,-1.187382584077685,2.6574576791761104
-0.09143329760790146,0.3876680479797108,-0.11363889063074559
-0.09143329760790146,-0.8643081984300719,1.2098699188292452
-0.09143329760790146,0.07586202456830268,-0.4858757432913682
-0.09143329760790146,-0.6514333552905204,0.7824868657744568
-0.09143329760790146,-0.04589388943439703,-0.5134488434884512
-0.09143329760790146,-0.8735964970145476,2.2162880760227797
-0.09143329760790146,0.5699779085680229,-0.7202470949665748
-0.09143329760790146,-0.015616916141590864,-0.7340336450651164
-0.09143329760790146,-0.29289782969830086,-1.1752032482184467
-0.09143329760790146,-0.20325494801091992,-0.9821915468388647
-0.09143329760790146,0.8942043312493693,-1.2027763484155298
-0.09143329760790146,0.42780933837385926,-0.21014474132053668
-0.09143329760790146,-0.2465643402478353,-0.21014474132053668
-0.09143329760790146,-0.2579767071132569,-0.33422369220741094
-0.09143329760790146,0.40376056529467436,-0.44451609299574324
-0.09143329760790146,-0.43391436285873103,0.010440060256128479
-0.09143329760790146,-0.5354016252991836,1.7475453726723664
-0.09143329760790146,-0.7219236212920833,0.7549137655773737
-0.09143329760790146,-0.3161185761594899,-0.5685950438826175
-0.09143329760790146,-0.1401449192567116,-0.6375277943753255
-0.037358885882844604,2.8290505294046304,-1.106270497725739
-0.09143329760790146,0.4186650444186003,-0.5961681440797006
-0.09143329760790146,-0.9017134008691036,1.6648260720811172
-0.09143329760790146,-1.5859513965921406,4.739226744055888
-0.09143329760790146,6.076210913611461,-1.2854956490067793
-0.09143329760790146,0.2792325621795536,-0.4720891931928266
-0.09143329760790146,-0.474163656724792,0.06558626065029481
-0.09143329760790146,-0.46854747618534165,0.3413172626211261
-0.09143329760790146,-0.2721611630910995,-0.4996622933899096
0.2477093543262531,-0.28044142927105836,0.32753071252258453
-0.09143329760790146,0.007099814117339804,-0.21014474132053668
-0.09143329760790146,1.7748286400666482,-0.3204371421088692
-0.09143329760790146,-0.5706827594572692,1.6372529718840338
-0.09143329760790146,-0.020549074692262023,-0.04470614013803767
-0.09143329760790146,0.6866216582335305,0.35510381271966773
-0.09143329760790146,-0.5123608846245153,1.2788026693219532
-0.09143329760790146,-0.4177498432291591,1.8991974237563238
-0.09143329760790146,0.03518071681459166,0.9065658166613307
-0.09143329760790146,0.4268013059693425,-0.5272353935869928
-0.09143329760790146,0.023984356892995086,1.0168582174496634
-0.09143329760790146,-0.5779189920754072,1.3753085200117443
-0.09143329760790146,-0.24811239001191457,0.14830556124154431
-0.09143329760790146,0.20895830312181565,-0.5272353935869928
-0.09143329760790146,-1.0660586839626354,1.719972272475284
-0.09143329760790146,-1.1142642335929176,0.6859810150846658
-0.09143329760790146,-0.5219731936247285,0.8514196162671643
-0.09143329760790146,-0.22604368058445892,0.9892851172525803
-0.09143329760790146,-0.5698547328392733,0.13451901114300274
-0.09143329760790146,-0.25592464114691926,-0.7478201951636579
-0.09143329760790146,-0.8948731809813115,-0.3617967924044939
-0.09143329760790146,1.1774614369185714,-1.133843597922822
-0.09143329760790146,-0.5637705372548688,-0.4858757432913682
-0.09143329760790146,1.4553903713067564,-1.106270497725739
-0.09143329760790146,-0.5047646404333357,-0.16878509102491193
-0.09143329760790146,-0.7032390206512197,-0.5272353935869928
-0.09143329760790146,-0.6666258436728797,0.16209211134008591
-0.09143329760790146,-1.1416251131440862,1.5407471211942432
-0.09143329760790146,0.05865347137690988,-1.133843597922822
-0.09143329760790146,0.9000365187326447,-0.5410219436855346
-0.09143329760790146,-0.39467310139718675,0.1758786614386275
-0.09143329760790146,-0.7883817576755794,1.0306447675482049
-0.09143329760790146,-0.22330759262934208,0.7824868657744568
-0.09143329760790146,-0.819810768002119,1.761331922770908
-0.09143329760790146,-0.49911245873658117,-0.5410219436855346
-0.09143329760790146,-0.21826743060675843,-0.7616067452621995
-0.09143329760790146,-0.8808687307899897,0.010440060256128479
-0.09143329760790146,-0.8471356463959833,1.182296818632162
-0.09143329760790146,0.375355652181685,-0.6651008945724086
-0.09143329760790146,-0.9649314330952244,0.4102500131138341
-0.09143329760790146,-0.8820927701383314,-0.5548084937840759
-0.09143329760790146,0.2208746861894956,-0.1963581912219951
-0.09143329760790146,-0.26524894088869905,-0.41694299279866026
-0.09143329760790146,0.8578071612148543,-0.8167529456563658
-0.09143329760790146,-0.43481439179133524,0.1758786614386275
-0.09143329760790146,0.7595600029317771,-0.9270453464446984
-0.09143329760790146,-0.7047870704152989,1.5269605710957013
-0.09143329760790146,0.936937704969418,-1.2027763484155298
-0.09143329760790146,-0.6521533784366038,1.4166681703073687
-0.09143329760790146,-0.9996005475791392,1.8578377734606992
-0.09143329760790146,-0.9023254205432745,1.223656468927787
-0.09143329760790146,0.7336391696727753,-0.5134488434884512
-0.09143329760790146,-0.8893290027564694,-0.12742544072928738
-0.09143329760790146,-0.32965501130585745,0.479182763606542
-0.09143329760790146,1.1053511188383207,-0.9546184466417815
-0.09143329760790146,2.3215422148877596,-1.3268552993024039
-0.09143329760790146,-0.3007460819906097,-0.265290941714703
-0.09143329760790146,-0.4559830722861866,0.796273415872998
-0.09143329760790146,-0.8991213175432035,0.7411272154788318
-0.09143329760790146,-0.7666010575065572,0.2861710622269598
-0.09143329760790146,-0.5599184134233227,2.174928425727155
-0.09143329760790146,-0.305282227810935,1.4856009208000764
-0.09143329760790146,0.6641209349184249,0.31374416242404335
-0.09143329760790146,0.3698834762714513,-0.34801024230595234
-0.09143329760790146,0.47810295512778345,-0.33422369220741094
-0.09143329760790146,-0.044957859344488635,-0.9270453464446984
-0.09143329760790146,-0.39791320555456194,-0.1963581912219951
-0.09143329760790146,0.3286621511581777,-0.6926739947694918
-0.09143329760790146,-0.5876033033902287,-0.6651008945724086
-0.09143329760790146,-1.0302735336022912,1.995703274446115
-0.09143329760790146,0.4288533719356802,-0.8443260458534491
-0.09143329760790146,-0.6229204387056185,0.4378231133109172
-0.09143329760790146,-0.6494172904814869,0.24481141193133543
-0.09143329760790146,-1.1359369302900273,0.20345176163571066
-0.09143329760790146,0.013760028218611078,-0.265290941714703
-0.09143329760790146,-0.7279358145618796,2.1473553255300715
-0.09143329760790146,-0.4802478523091966,0.8789927164642476
-0.09143329760790146,-1.2533367042589227,2.2025015259242386
-0.09143329760790146,-0.1500092363580539,0.3413172626211261
1.9697560434413248,-0.1427010014253076,1.3063757695190368
-0.09143329760790146,-0.24073215276455992,-0.4996622933899096
-0.09143329760790146,-0.8085064046086099,0.5894751643948742
-0.09143329760790146,-0.18881848393194814,-0.017133039940954692
1.2063525837934632,1.3203860314161224,-0.33422369220741094
-0.09143329760790146,-0.7823695644057832,1.4028816202088275
-0.09143329760790146,1.2041382944809607,-1.4647208002878198
-0.09143329760790146,0.3105535690341807,-0.292864041911786
-0.09143329760790146,-0.8434275271936539,3.002121431639649
-0.09143329760790146,-0.3769245308462314,-0.2515043916161612
-0.09143329760790146,-0.23590799768580126,-0.030919590039496084
-0.09143329760790146,-0.4609152308368578,0.1896652115371691
-0.09143329760790146,0.3956603049012363,-0.8305394957549074
-0.09143329760790146,0.3791717748559269,-0.4720891931928266
-0.09143329760790146,-0.8991933198578117,1.2788026693219532
0.8483426854758455,1.112227339883417,-0.4858757432913682
-0.09143329760790146,-1.023433313714499,0.2723845121284182
-0.09143329760790146,-0.44269864524094826,0.6170482645919578
-0.09143329760790146,0.4232371913962298,-0.030919590039496084
-0.09143329760790146,0.1827134594470764,-0.003346489842413106
-0.09143329760790146,0.4494460339136649,-0.5134488434884512
-0.09143329760790146,-0.6859224639879143,0.5756886142963331
-0.09143329760790146,-0.23590799768580126,-0.8718991460505322
-0.09143329760790146,-0.5647065673447772,0.6170482645919578
-0.09143329760790146,-0.3612640274189179,-0.6375277943753255
-0.09143329760790146,-0.8520678049466545,1.1409371683365372
-0.09143329760790146,-0.5611784539289686,1.25122956912487
-0.09143329760790146,0.3461227124506997,-0.12742544072928738
-0.09143329760790146,-0.5171490385459698,1.2098699188292452
-0.09143329760790146,-0.6829343679316683,-0.41694299279866026
-0.09143329760790146,-0.5434298833780132,-0.5548084937840759
-0.09143329760790146,1.6466645200638066,-0.4031564427001187
-0.09143329760790146,0.6116312475689464,-0.67888744467095
-0.09143329760790146,-1.2397282667979468,3.581156535778396
-0.09143329760790146,0.0640896461298394,0.49296931370508357
-0.09143329760790146,0.11510328602984694,0.16209211134008591
-0.09143329760790146,-0.45976319380312436,1.2925892194204947
-0.09143329760790146,-0.49058018445549306,-0.09985234053220401
-0.09143329760790146,-0.30218612828277647,-0.2790774918132446
-0.09143329760790146,0.8722796264511303,-0.9684049967403231
-0.09143329760790146,-0.8838568268462358,1.7751184728694496
-0.09143329760790146,3.6792178591425824,-1.0511242973315726
-0.09143329760790146,-0.1337367132565695,-0.6237412442767839
-0.09143329760790146,-0.12459241930131057,-0.9821915468388647
-0.09143329760790146,-0.042041765602850945,0.20345176163571066
-0.09143329760790146,-0.3491316374074129,1.651039521982576
-0.09143329760790146,-0.9076175906669873,0.8789927164642476
-0.09143329760790146,-0.14680513335798287,0.2723845121284182
-0.09143329760790146,-0.02591324713058321,-0.030919590039496084
-0.09143329760790146,-1.0179251366469613,1.926770523953407
-0.09143329760790146,-0.9949203971295972,0.14830556124154431
-0.09143329760790146,0.10592299091728384,0.16209211134008591
-0.09143329760790146,-1.2461004716407846,2.436872877599445
-0.09143329760790146,-0.35748390590198015,0.4378231133109172
-0.09143329760790146,-0.5305774702204249,0.6584079148875822
-0.09143329760790146,-0.7924138872936464,1.127150618237996
-0.09143329760790146,-1.0211292396470324,0.9754985671540386
-0.09143329760790146,0.6646609522779874,0.09315936084737798
-0.09143329760790146,-0.13679681162742388,-0.7340336450651164
-0.09143329760790146,-0.10435976889636756,0.258597962029877
-0.09143329760790146,-0.16030556734704626,0.0793728107488364
-0.09143329760790146,-0.04819796350186385,-1.3957880497951118
-0.09143329760790146,-0.2378520601802264,-1.1476301480213638
-0.09143329760790146,-0.9574071912186531,0.796273415872998
0.8819061134431221,1.114135401220538,-0.3755833425030355
-0.09143329760790146,-0.06875462432254438,-0.5685950438826175
-0.06028643645426871,-0.5508821229399762,0.6032617144934163
0.8524109797749093,0.529116595027791,-0.6099546941782422
-0.09143329760790146,-0.22391961230351295,-0.4858757432913682
-0.09143329760790146,-1.378620731677431,2.271434276416947
-0.09143329760790146,-0.2556006307311817,-0.04470614013803767
-0.09143329760790146,-0.25390857633788577,-1.161416698119905
-0.09143329760790146,-0.6236044606943977,0.6032617144934163
-0.09143329760790146,-0.07494682337886145,-0.09985234053220401
-0.09143329760790146,-0.6259085347618645,-0.09985234053220401
-0.09143329760790146,-0.052158090805322445,-0.7753932953607411
-0.09143329760790146,0.12835171191778116,0.31374416242404335
-0.09143329760790146,-0.06313844378309401,-0.41694299279866026
-0.09143329760790146,-0.15461738449298754,-0.07227924033512104
-0.09143329760790146,0.4225531694074506,-0.16878509102491193
-0.09143329760790146,0.42143713353102136,0.24481141193133543
-0.09143329760790146,-0.6697219432010383,0.14830556124154431
-0.09143329760790146,-0.046901921838913764,-0.7616067452621995
-0.09143329760790146,-0.08013099003066179,-0.8994722462476153
-0.09143329760790146,0.933769603126651,-0.6099546941782422
-0.09143329760790146,0.45297414732947344,-1.2027763484155298
-0.09143329760790146,0.9504021378011771,-0.6926739947694918
0.11348026261336665,-0.560206422681756,-0.8581125959519905
-0.09143329760790146,-0.28090944431601256,-1.0786973975286558
-0.09143329760790146,-0.3113664233953396,0.09315936084737798
-0.09143329760790146,1.3423827385289697,-1.2165628985140715
-0.09143329760790146,-0.049530006322118104,0.258597962029877
-0.09143329760790146,-0.14298901068374095,-0.09985234053220401
-0.09143329760790146,2.2772247902463274,-1.2027763484155298
-0.09143329760790146,0.19322579737989376,-0.41694299279866026
-0.09143329760790146,2.0770583556351476,-1.0924839476271972
-0.09143329760790146,-0.6229204387056185,1.6786126221796587
-0.09143329760790146,-0.5551302595018682,0.6308348146904991
-0.09143329760790146,-1.0645826365131643,1.51317402099716
-0.09143329760790146,-1.407385656363462,2.767750079964443
-0.09143329760790146,0.48289110904923793,-0.4858757432913682
-0.09143329760790146,-0.5319455141979833,1.5407471211942432
-0.09143329760790146,-0.7247677127191128,1.4718143707015354
-0.09143329760790146,-0.5781349990192322,0.9754985671540386
-0.09143329760790146,-0.5442939111533133,0.8376330661686228
-0.09143329760790146,-0.049458004007509763,-0.12742544072928738
-0.09143329760790146,0.17094108100861313,-0.12742544072928738
-0.09143329760790146,0.7932570861684792,-0.5823815939811591
-0.09143329760790146,-0.3884809023408697,0.39646346301529245
0.6164499104292066,0.4574382908351904,-0.4858757432913682
-0.09143329760790146,-0.44161861052182316,-0.2515043916161612
-0.09143329760790146,-0.7855736674058542,-0.11363889063074559
-0.09143329760790146,-0.3134544905189814,0.42403656321237565
-0.09143329760790146,0.7019941524024107,-0.6513143444738668
-0.09143329760790146,-0.5164290153998865,-0.11363889063074559
-0.09143329760790146,-0.42966622629683904,0.6721944649861241
-0.09143329760790146,-0.6134521343346221,0.7824868657744568
-0.09143329760790146,-0.8275870179798195,1.127150618237996
-0.09143329760790146,0.5891305242538407,0.038013160453211646
-0.09143329760790146,0.7305790713019209,-0.16878509102491193
-0.09143329760790146,0.00461573426335214,0.09315936084737798
-0.09143329760790146,-0.3934130608915408,0.06558626065029481
-0.09143329760790146,-0.5316935060968542,-0.43072954289720183
-0.09143329760790146,-0.6018597616826796,-0.18257164112345334
-0.09143329760790146,-0.40626547404912916,0.21723831173425187
-0.09143329760790146,-0.4149777541167381,0.35510381271966773
-0.09143329760790146,-0.2739612209563079,0.6859810150846658
-0.09143329760790146,0.04637707673618823,-0.3893698926015769
-0.09143329760790146,-1.0648706457715977,1.8716243235592407
-0.09143329760790146,2.843883006213948,-0.5548084937840759
-0.09143329760790146,-0.24210019674211833,0.6308348146904991
-0.09143329760790146,-0.4342383732744685,-0.017133039940954692
-0.09143329760790146,0.24492345926868053,-0.4858757432913682
-0.09143329760790146,-0.1523493115828249,0.3413172626211261
-0.09143329760790146,-0.6788662371562972,0.21723831173425187
-0.09143329760790146,0.18195743514368887,-0.14121199082782876
-0.09143329760790146,0.18987768975060604,-0.94083189654324
-0.09143329760790146,0.36412329110278424,-0.8994722462476153
-0.09143329760790146,-0.23029181714635089,-0.003346489842413106
-0.09143329760790146,-0.4022693455883664,0.7549137655773737
-0.09143329760790146,-0.9520430187803319,-0.16878509102491193
-0.09143329760790146,1.410820938564195,-0.9684049967403231
-0.09143329760790146,-0.5009485177590938,0.3413172626211261
-0.09143329760790146,1.7246070256273325,-0.030919590039496084
-0.09143329760790146,0.3871280306201483,-0.265290941714703
-0.09143329760790146,-0.5731308381539527,-0.030919590039496084
-0.09143329760790146,-0.43841450752175215,1.0857909679423714
-0.09143329760790146,-0.9221620582178716,0.0793728107488364
-0.09143329760790146,-0.48528801433178026,-1.0235511971344895
-0.09143329760790146,1.7801568113476653,-1.133843597922822
-0.09143329760790146,-0.5609264458278393,0.32753071252258453
-0.09143329760790146,-0.9109296971389709,1.6786126221796587
-0.09143329760790146,-0.9109296971389709,0.479182763606542
-0.09143329760790146,-0.47085155025280845,0.010440060256128479
-0.09143329760790146,-0.4798518395788507,0.06558626065029481
-0.09143329760790146,0.020204235376057336,-0.4720891931928266
-0.09143329760790146,-0.9347624632743308,1.4166681703073687
-0.09143329760790146,-0.5520701611310138,0.4102500131138341
-0.09143329760790146,1.191645892896414,-1.064910847430114
-0.09143329760790146,-0.7001429211230611,0.038013160453211646
-0.09143329760790146,-0.8009101604174302,0.4516096634094588
-0.09143329760790146,0.3499748362822458,0.1896652115371691
-0.09143329760790146,-0.9354824864204142,1.3615219699132026
-0.09143329760790146,-0.2612888135852404,-0.6651008945724086
-0.09143329760790146,-0.7494285054724685,1.9543436241504901
-0.09143329760790146,-0.5185890848381366,-0.04470614013803767
-0.09143329760790146,0.5216283543085238,-0.8994722462476153
-0.09143329760790146,-0.5059166774670691,-0.16878509102491193
-0.09143329760790146,-1.029553510456208,2.2852208265154874
-0.09143329760790146,-0.8768366011719227,-0.2790774918132446
-0.09143329760790146,0.23592316994263826,0.16209211134008591
-0.09143329760790146,-0.7021949870893988,-0.09985234053220401
-0.09143329760790146,-0.8070663583164431,0.1758786614386275
-0.09143329760790146,-0.2053790162918659,-0.09985234053220401
-0.09143329760790146,-0.6661578286279255,1.6234664217854924
-0.09143329760790146,0.151104443334016,-0.265290941714703
-0.09143329760790146,-0.9866761321069425,0.7549137655773737
-0.09143329760790146,-0.6963988007634275,0.8376330661686228
-0.09143329760790146,-0.16865783584161348,-0.5410219436855346
-0.09143329760790146,-0.09928360571647972,-0.265290941714703
-0.09143329760790146,-0.702663002134353,0.39646346301529245
-0.09143329760790146,-0.5669746402549398,-0.7616067452621995
-0.09143329760790146,-0.4891401381633263,0.2999576123255018
-0.09143329760790146,-1.4529991226678443,4.725440193957346
-0.09143329760790146,-0.18791845499934393,-1.1476301480213638
-0.09143329760790146,-0.14590510442537863,-1.561226650977611
-0.09143329760790146,6.295097950020809,-0.9684049967403231
-0.09143329760790146,-0.6139201493795763,0.12073246104446116
0.058311227169179095,-0.8795366879697355,0.12073246104446116
-0.09143329760790146,-0.10223570061542159,-0.6375277943753255
-0.09143329760790146,0.21090236561624076,-0.4583026430942848
-0.09143329760790146,-0.5097688012986152,0.6859810150846658
-0.09143329760790146,-0.5713307802887443,0.4516096634094588
-0.09143329760790146,-0.6386529444475404,-0.3204371421088692
0.9467954075131904,1.4893034614872835,-1.0786973975286558
-0.09143329760790146,0.14455223270465722,0.7687003156759149
-0.09143329760790146,-0.37652851811588556,-0.5134488434884512
-0.09143329760790146,-0.8059143212827098,0.865206166365706
-0.09143329760790146,0.17968936223352622,-0.3617967924044939
-0.09143329760790146,-0.23273989584303437,-0.14121199082782876
-0.09143329760790146,0.13882804869329435,-0.12742544072928738
-0.09143329760790146,-1.1134362069749217,-0.30665059201032757
-0.09143329760790146,-0.46606339633135396,0.2861710622269598
-0.09143329760790146,1.0791062751635814,-0.6926739947694918
-0.09143329760790146,-0.20401097231430748,0.46539621350800037
-0.09143329760790146,-0.8897970178014236,0.5619020641977915
-0.09143329760790146,-0.9247181403864676,1.3201623196175778
-0.09143329760790146,0.0792101321975904,-0.5410219436855346
-0.09143329760790146,1.1490205226482777,-0.7891798454592827
-0.09143329760790146,-0.2647449246864407,-0.09985234053220401
-0.09143329760790146,0.055305363747622155,-0.8305394957549074
-0.09143329760790146,-0.05752226324364363,-0.4031564427001187
-0.09143329760790146,-0.37595249959901883,-0.08606579043366243
-0.09143329760790146,-0.07998698540144512,-0.4996622933899096
-0.09143329760790146,-0.29815399866470954,-0.6926739947694918
-0.09143329760790146,0.5991028448270956,-1.064910847430114
-0.09143329760790146,-0.2744652371585663,0.14830556124154431
-0.09143329760790146,-0.9687835569267705,-0.003346489842413106
-0.09143329760790146,-0.25545662610196507,0.038013160453211646
-0.09143329760790146,-0.45947518454469105,-0.41694299279866026
-0.09143329760790146,-0.29091776604657155,-0.030919590039496084
-0.09143329760790146,-0.5959195707274917,0.9479254669569555
-0.09143329760790146,-0.7555847033714814,0.6308348146904991
-0.09143329760790146,0.33190225531555295,-0.6099546941782422
-0.09143329760790146,-0.9785758717135045,2.1197822253329894
-0.09143329760790146,-0.19749476284225287,0.21723831173425187
-0.09143329760790146,-0.917553910082938,0.7824868657744568
-0.09143329760790146,-1.1416251131440862,2.464445977796528
-0.09143329760790146,-0.3318150807441076,-0.8718991460505322
-0.09143329760790146,-0.8967092400038241,1.8716243235592407
-0.09143329760790146,0.1386480429067735,-0.3617967924044939
-0.09143329760790146,-0.1500092363580539,0.796273415872998
-0.09143329760790146,0.43760165316059324,-0.41694299279866026
-0.09143329760790146,-0.007552656905456997,0.010440060256128479
-0.09143329760790146,-0.05759426555825197,-0.2790774918132446
-0.09143329760790146,-0.5820591251653866,0.3826769129167509
-0.09143329760790146,-0.4879160988149846,1.1409371683365372
-0.09143329760790146,1.301809434247171,-0.6099546941782422
-0.09143329760790146,-0.1478131657624996,0.6721944649861241
-0.09143329760790146,-0.8544078801714254,0.46539621350800037
-0.09143329760790146,1.5219205100048607,-1.064910847430114
-0.09143329760790146,0.529116595027791,-1.0786973975286558
-0.09143329760790146,-0.2932938424286467,-0.11363889063074559
-0.09143329760790146,-0.9459228220386232,-1.423361149992195
-0.09143329760790146,-1.277673486596541,1.3890950701102858
-0.09143329760790146,-1.1402210680092235,0.2723845121284182
-0.09143329760790146,0.561265628500414,-0.7478201951636579
-0.09143329760790146,-0.8296750851034613,0.9203523667598723
-0.09143329760790146,-0.14918120974005802,0.038013160453211646
-0.09143329760790146,-0.341067378171279,-0.04470614013803767
0.27936266850677416,0.5778621620176358,-0.7064605448680331
-0.018660257529320268,-0.14306101299834928,-0.7340336450651164
-0.09143329760790146,-0.7396361906857345,2.671244229274652
-0.09143329760790146,-0.9960364330060265,2.174928425727155
-0.09143329760790146,0.6825535274581594,-0.2515043916161612
-0.09143329760790146,2.132284130939743,-1.2027763484155298
-0.09143329760790146,-0.14324101878487014,0.24481141193133543
-0.09143329760790146,-1.1648818607625793,-0.003346489842413106
-0.09143329760790146,-0.4412225977914773,1.0582178677452883
-0.09143329760790146,-0.9159338580042503,0.644621364789041
-0.09143329760790146,0.4716587479703372,-0.8029663955578242
-0.09143329760790146,-1.0424779259284045,1.6372529718840338
-0.09143329760790146,-0.5123608846245153,2.174928425727155
-0.09143329760790146,-0.13751683477350726,-0.3617967924044939
-0.09143329760790146,-1.1501933885824784,3.2364927833148567
-0.09143329760790146,0.5555054433317469,-0.3755833425030355
-0.09143329760790146,-0.015904925400024215,0.6859810150846658
-0.09143329760790146,-1.2750454021133366,2.0784225750373646
-0.09143329760790146,-0.8616801139468676,0.961712017055497
-0.09143329760790146,1.4465340866099308,-0.7478201951636579
-0.09143329760790146,-0.5709347675583984,1.127150618237996
-0.09143329760790146,0.1794733552897012,-0.6651008945724086
-0.09143329760790146,0.7790366290333325,-1.161416698119905
-0.09143329760790146,0.7013101304136315,-1.0786973975286558
-0.09143329760790146,2.290725224235391,-0.8581125959519905
-0.09143329760790146,-0.5401177769060297,1.0720044178438293
-0.09143329760790146,0.9493941053966604,-0.5823815939811591
-0.09143329760790146,-1.142885153649732,1.5407471211942432
-0.09143329760790146,-0.009172708984144604,-0.4720891931928266
-0.09143329760790146,-0.2847255669902545,0.21723831173425187
-0.09143329760790146,-0.7341280136181967,0.24481141193133543
-0.09143329760790146,-1.2190636025053536,2.905615580949859
-0.09143329760790146,-1.5015646838711683,2.5609518284863193
-0.09143329760790146,-0.6987748771455027,0.7411272154788318
-0.09143329760790146,0.4571142804194529,-1.133843597922822
-0.09143329760790146,-0.3934130608915408,0.865206166365706
-0.09143329760790146,1.6528567191201236,-1.0235511971344895
-0.09143329760790146,-0.7609128746524985,3.2227062332163143
-0.09143329760790146,-0.7279358145618796,0.7824868657744568
-0.09143329760790146,-0.9147458198132128,-0.017133039940954692
-0.09143329760790146,-0.4893921462644555,0.05179971055175323
-0.09143329760790146,-0.21743940398876255,-0.04470614013803767
-0.09143329760790146,-0.7764653746078994,0.6308348146904991
-0.09143329760790146,-0.07840293448006168,-0.08606579043366243
-0.09143329760790146,1.114783422052013,-0.8305394957549074
-0.09143329760790146,0.0008716139037185592,-1.0924839476271972
-0.09143329760790146,-0.593435490873504,0.9341389168584135
-0.09143329760790146,2.2540760460997467,-1.1200570478242806
-0.09143329760790146,-0.8914170698801113,0.258597962029877
-0.09143329760790146,0.21903862716698297,-0.43072954289720183
-0.09143329760790146,-0.8289190608000738,0.6032617144934163
-0.09143329760790146,1.1441243652549107,-1.4647208002878198
-0.09143329760790146,-0.44161861052182316,-0.9821915468388647
-0.09143329760790146,0.3788117632828852,-0.5685950438826175
1.106522900608743,-0.059646331524589605,-0.9132587963461567
-0.09143329760790146,1.3135818126856345,-0.8167529456563658
-0.09143329760790146,-0.8297110862607655,1.127150618237996
-0.09143329760790146,-0.5901953867161288,0.644621364789041
-0.09143329760790146,-0.1442130500320827,-0.3755833425030355
-0.09143329760790146,-0.02288914991703301,-0.058492690236579443
-0.09143329760790146,-0.4440306880612025,-0.07227924033512104
-0.09143329760790146,-0.26964108207980764,-1.0786973975286558
-0.09143329760790146,-0.42408604691469287,0.13451901114300274
-0.09143329760790146,3.7467200290878995,-1.230349448612613
-0.09143329760790146,0.03500071102807081,-0.8581125959519905
-0.09143329760790146,-0.16091758702121714,-0.12742544072928738
-0.09143329760790146,-0.5751469029629862,0.7824868657744568
-0.09143329760790146,1.0948387809055034,-0.9959780969374062
-0.09143329760790146,-0.9141338001390419,2.2438611762198626
-0.09143329760790146,-0.3680682461494058,1.182296818632162
-0.09143329760790146,-0.24152417822525163,-0.5134488434884512
-0.09143329760790146,2.1748735000305746,-0.43072954289720183
-0.043367153852295365,-0.28749765610267547,-0.15499854092637036
-0.09143329760790146,-0.7472324348769143,1.3615219699132026
-0.09143329760790146,-0.7694811500908907,-0.003346489842413106
-0.09143329760790146,-0.6552134768074581,0.8514196162671643
-0.09143329760790146,-0.652621393481558,0.2723845121284182
-0.09143329760790146,-1.0609465196254433,0.3688903628182097
-0.09143329760790146,0.2038821399419278,-0.2790774918132446
-0.09143329760790146,-0.8301791013057197,0.8376330661686228
-0.09143329760790146,-0.49979648072536037,0.2999576123255018
-0.09143329760790146,0.9626425312845946,-0.3755833425030355
-0.09143329760790146,-0.6471492175713243,1.3753085200117443
-0.09143329760790146,-0.9379305651170976,2.5471652783877774
-0.09143329760790146,-0.21985148152814185,-1.5474401008790692
-0.09143329760790146,0.6298118320075518,-0.265290941714703
-0.09143329760790146,1.1346920620412184,-0.7340336450651164
-0.09143329760790146,-0.7328679731125508,-0.4858757432913682
-0.09143329760790146,-0.23414394097789698,-0.6375277943753255
-0.09143329760790146,-1.0782990774460528,0.35510381271966773
-0.09143329760790146,0.34144256200115775,-1.106270497725739
-0.09143329760790146,-1.4556632083083527,3.567369985679854
-0.09143329760790146,-0.7897498016531379,1.568320221391326
-0.09143329760790146,-0.39924524837481623,0.8789927164642476
-0.09143329760790146,0.18296546754820558,-0.44451609299574324
0.8819061134431221,-0.741652255494768,-0.7340336450651164
-0.09143329760790146,0.11981943763669309,-1.037337747233031
-0.09143329760790146,-1.162685790167025,1.3753085200117443
-0.09143329760790146,-0.7609128746524985,0.038013160453211646
-0.09143329760790146,-0.9479028856903525,-0.7340336450651164
-0.09143329760790146,0.8963283995303152,-1.354428399499487
-0.09143329760790146,-0.6567255254142332,1.223656468927787
-0.09143329760790146,-0.6129841192896679,0.6308348146904991
-0.09143329760790146,-0.43301433392612676,0.1896652115371691
-0.09143329760790146,-0.2751492591473455,0.9479254669569555
-0.09143329760790146,1.2001421660201979,-0.7064605448680331
-0.09143329760790146,-0.2945898840915968,0.8238465160700816
-0.09143329760790146,-1.1859425377855182,4.187764740114225
-0.09143329760790146,-0.21589135422468325,0.010440060256128479
-0.09143329760790146,-0.3652961570369848,-1.2717090989082378
-0.09143329760790146,-0.17250995967315957,0.21723831173425187
-0.09143329760790146,0.52720853369067,-0.3204371421088692
-0.09143329760790146,1.8170579975844385,-1.133843597922822
-0.09143329760790146,-1.0195091875683446,0.8927792665627895
-0.09143329760790146,-1.0477340948948133,0.9479254669569555
-0.09143329760790146,-1.251284638292585,2.2990073766140298
-0.09143329760790146,-0.5129009019840779,-0.14121199082782876
-0.09143329760790146,-0.3126264639009855,0.39646346301529245
-0.09143329760790146,-1.0542143032095637,0.39646346301529245
-0.09143329760790146,-0.24775237843887288,0.010440060256128479
-0.09143329760790146,-0.8124305307547643,2.0232763746431983
-0.09143329760790146,-0.2781013540462874,1.154723718435079
-0.09143329760790146,-0.3998572680489871,0.31374416242404335
-0.09143329760790146,0.6673970402331043,-0.15499854092637036
-0.09143329760790146,1.5144322692855936,-0.9821915468388647
-0.09143329760790146,0.5789061955794568,-0.9959780969374062
-0.09143329760790146,-0.2134072743706956,1.3201623196175778
-0.09143329760790146,-0.22759173034853822,-0.9132587963461567
-0.09143329760790146,-0.05590221116495603,0.42403656321237565
-0.09143329760790146,-0.0727867539406113,-0.5823815939811591
-0.09143329760790146,-0.5225852132988994,-0.017133039940954692
0.004698989903310734,0.3352503629448407,-0.7064605448680331
-0.09143329760790146,0.7664002228195691,-0.18257164112345334
-0.09143329760790146,-0.49155221570270563,-0.058492690236579443
-0.09143329760790146,-0.4253100862630346,0.3413172626211261
-0.09143329760790146,-0.9651114388817452,2.105995675234447
-0.09143329760790146,-0.06609053868203586,0.16209211134008591
-0.09143329760790146,-0.01090076453474472,0.4102500131138341
-0.09143329760790146,-1.095183620221708,2.9469752312454838
-0.09143329760790146,1.3636954236530379,-0.7753932953607411
-0.09143329760790146,-0.11202801540215557,-0.09985234053220401
-0.09143329760790146,-0.9809159469382754,-0.14121199082782876
-0.09143329760790146,-0.2658969617201741,0.644621364789041
-0.09143329760790146,0.9611304826778195,-0.9546184466417815
-0.09143329760790146,-1.1787783074819886,2.271434276416947
-0.09143329760790146,-0.35161571726140056,-0.67888744467095
-0.09143329760790146,0.08191021899540309,-0.5548084937840759
-0.09143329760790146,-0.9731036958032708,1.0720044178438293
-0.09143329760790146,-0.49418030018590997,0.1896652115371691
-0.09143329760790146,-0.6657618158975797,0.8927792665627895
-0.09143329760790146,-0.22305558452821292,-0.7478201951636579
0.392815165601563,-0.4054014462738291,0.4378231133109172
-0.09143329760790146,-0.1770101043361807,-0.22393129141907828
-0.09143329760790146,-0.9835080302641757,0.10694591094591957
-0.09143329760790146,-0.5232332341303744,-0.3617967924044939
-0.09143329760790146,-0.2977939870916678,0.5756886142963331
-0.09143329760790146,-0.9724196738144916,1.8578377734606992
89.45579251908626,-0.5981516424803502,1.1409371683365372
-0.09143329760790146,0.49736357428551387,0.42403656321237565
-0.09143329760790146,-0.41126963491440865,0.9065658166613307
-0.09143329760790146,0.24409543265068462,-1.5336535507805278
-0.09143329760790146,-0.21020317137062455,-0.7478201951636579
-0.09143329760790146,-0.028433328141875044,-0.5823815939811591
-0.09143329760790146,0.33780644511343666,0.7273406653802901
-0.09143329760790146,-0.4170298200830757,0.3688903628182097
-0.09143329760790146,0.41013277013751226,-0.7891798454592827
-0.09143329760790146,0.3699554785860596,-0.08606579043366243
-0.09143329760790146,-0.28090944431601256,0.24481141193133543
-0.09143329760790146,0.5881584930066281,-0.7064605448680331
-0.09143329760790146,0.6416202116033193,-0.7340336450651164
-0.09143329760790146,-0.16592174788649663,0.5619020641977915
-0.09143329760790146,-0.39629315347587435,0.09315936084737798
-0.09143329760790146,-0.23590799768580126,0.4102500131138341
-0.09143329760790146,-1.2450204369216595,1.7061857223767418
-0.09143329760790146,-0.2084031135054161,0.16209211134008591
-0.09143329760790146,-0.958667231724299,1.0444313176467461
-0.09143329760790146,-0.9475068729600066,-0.7202470949665748
-0.09143329760790146,-0.46887148660107913,-0.4996622933899096
-0.09143329760790146,-0.08589117519932885,0.010440060256128479
-0.09143329760790146,-0.2451602951129727,-0.14121199082782876
-0.09143329760790146,-0.1472371472456329,0.258597962029877
-0.09143329760790146,0.07114587296145654,-0.058492690236579443
-0.09143329760790146,0.10156685088347939,-0.18257164112345334
-0.09143329760790146,1.516232327150802,-1.161416698119905
-0.09143329760790146,-1.0424779259284045,2.5885249286834022
-0.09143329760790146,-0.08056300391831182,-0.08606579043366243
0.08160481991228051,-0.05140206650193489,-0.4720891931928266
-0.09143329760790146,-0.46840347155612494,0.5205424139021667
-0.09143329760790146,-0.18406633116779783,-1.3682149495980287
-0.09143329760790146,0.0604895303994225,-0.5272353935869928
-0.09143329760790146,-0.4609152308368578,-0.4720891931928266
-0.09143329760790146,-1.1369089615372399,1.2098699188292452
-0.09143329760790146,-0.4682234657696041,0.13451901114300274
-0.09143329760790146,-0.42981023092605575,0.05179971055175323
-0.09143329760790146,-0.6540974409310288,1.154723718435079
-0.09143329760790146,1.30879365876418,-0.6375277943753255
-0.09143329760790146,-0.8466316301937249,1.1685102685336208
-0.09143329760790146,-0.30395018499068077,0.09315936084737798
-0.09143329760790146,-0.959531259499599,1.5545336712927844
-0.09143329760790146,-0.44453470426346087,-0.6926739947694918
-0.09143329760790146,-0.5003004969276187,0.46539621350800037
-0.09143329760790146,-0.5684146865471066,0.8927792665627895
-0.09143329760790146,-0.818118713608823,0.5756886142963331
-0.09143329760790146,0.7686682957297318,-0.6237412442767839
-0.09143329760790146,-0.12822853618903163,0.2861710622269598
-0.09143329760790146,-0.7030230137073946,0.5481155140992499
-0.09143329760790146,0.45362216816094847,-0.8994722462476153
-0.09143329760790146,1.074534128185952,-0.7753932953607411
-0.09143329760790146,-1.1727301130548882,1.6096798716869511
-0.09143329760790146,-0.3569798896997218,0.713554115281749
-0.09143329760790146,-0.9715916471964957,-1.1889897983169881
-0.09143329760790146,-0.1684058277404843,0.4102500131138341
-0.09143329760790146,1.4437259963402056,-1.2027763484155298
-0.09143329760790146,-0.5850472212216327,2.2990073766140298
-0.09143329760790146,0.11866740060295967,-1.0511242973315726
-0.09143329760790146,-0.637932921301457,0.865206166365706
-0.09143329760790146,-0.6746541017517094,2.7401769797673596
-0.09143329760790146,0.1606087488623166,-0.43072954289720183
-0.09143329760790146,-0.4312862783755267,0.010440060256128479
-0.09143329760790146,-1.1005837938173333,1.0857909679423714
-0.09143329760790146,0.08997447823153695,-0.5548084937840759
-0.09143329760790146,-0.29080976257465907,-0.43072954289720183
-0.09143329760790146,-0.7897138004958337,-0.33422369220741094
-0.09143329760790146,0.6601608076149663,-0.6375277943753255
-0.09143329760790146,-0.9856320985451217,2.39551322730382
-0.09143329760790146,0.5974467915911038,-0.4996622933899096
-0.09143329760790146,-0.2858056017093796,0.35510381271966773
-0.09143329760790146,-0.6613336735491668,1.196083368730704
-0.09143329760790146,0.03784480245510017,-0.4996622933899096
-0.09143329760790146,-0.7343800217193258,0.8100599659715396
-0.017508785376178154,0.8863920801143645,-0.5685950438826175
-0.09143329760790146,0.6276877637266058,-0.9546184466417815
-0.09143329760790146,-0.06436248313143575,0.0793728107488364
-0.09143329760790146,-0.7779414220573704,1.6096798716869511
-0.09143329760790146,0.48742725486956323,-0.4858757432913682
-0.09143329760790146,-0.45295897507263644,1.127150618237996
-0.09143329760790146,-0.22391961230351295,-0.33422369220741094
-0.09143329760790146,-1.0094648646804816,2.161141875628614
-0.09143329760790146,0.19894998139125664,-0.67888744467095
-0.09143329760790146,-0.15555341458289595,0.3413172626211261
-0.09143329760790146,-0.504404628860294,-0.34801024230595234
-0.09143329760790146,0.016928130061377954,-0.8443260458534491
-0.09143329760790146,-0.13946089726793237,0.7824868657744568
-0.09143329760790146,1.2223548800768702,-1.1476301480213638
-0.09143329760790146,0.11024312979378412,-1.2717090989082378
-0.09143329760790146,-0.49605236036572675,-0.5961681440797006
-0.09143329760790146,-0.2584087210009069,-1.0786973975286558
-0.09143329760790146,-0.4552990502974074,-0.3893698926015769
-0.09143329760790146,-0.9911042744553553,0.865206166365706
-0.09143329760790146,-1.7524927502812264,4.560001592774848
-0.09143329760790146,-0.3746564579360688,-0.8718991460505322
1.4659097600737363,-0.7070911444827658,1.6786126221796587
-0.09143329760790146,-0.16592174788649663,-0.7478201951636579
-0.09143329760790146,-1.0928435449969371,1.995703274446115
-0.09143329760790146,2.9046169585860815,-1.2027763484155298
-0.09143329760790146,-0.46991552016290006,0.05179971055175323
-0.09143329760790146,-0.46246328060093705,-0.017133039940954692
-0.09143329760790146,-0.2728091839225745,0.05179971055175323
-0.09143329760790146,-0.3922610238578074,0.6170482645919578
-0.09143329760790146,-0.46595539285944143,-0.058492690236579443
-0.09143329760790146,-0.6825743563586266,0.23102486183279383
-0.09143329760790146,-0.9919323010733512,-0.5823815939811591
-0.09143329760790146,1.4141330450361786,-0.9132587963461567
-0.09143329760790146,-1.2704012528210988,1.0857909679423714
-0.09143329760790146,-0.2672650056977325,0.6997675651832069
-0.09143329760790146,-1.0641866237828186,2.3541535770081956
-0.09143329760790146,-0.22406361693272964,-0.5410219436855346
-0.09143329760790146,1.8141419038428008,-1.230349448612613
-0.09143329760790146,0.825154111539973,-0.7202470949665748
-0.09143329760790146,0.1699330486040964,-0.9270453464446984
-0.09143329760790146,-0.6576975566614458,0.7824868657744568
-0.09143329760790146,0.062217585950022615,1.0582178677452883
-0.09143329760790146,-0.6422170590206531,0.258597962029877
-0.09143329760790146,-0.7564127299894773,-0.1963581912219951
-0.09143329760790146,0.1323838415358481,-0.08606579043366243
-0.09143329760790146,-0.09748354785127128,0.14830556124154431
-0.09143329760790146,-0.01090076453474472,-0.7202470949665748
-0.09143329760790146,0.00763983147690234,-0.30665059201032757
-0.09143329760790146,-1.1283766872561518,2.4506594276979863
-0.09143329760790146,-0.7258477474382378,0.6032617144934163
-0.09143329760790146,-0.30135810166478055,-0.7202470949665748
-0.09143329760790146,-1.3699444527671263,2.0232763746431983
-0.09143329760790146,-0.24696035297818114,-0.058492690236579443
-0.09143329760790146,-0.3223827775304153,-0.44451609299574324
-0.09143329760790146,-1.1969948930778982,1.3615219699132026
-0.09143329760790146,0.9830191863187543,-1.2027763484155298
-0.09143329760790146,-0.9131257677345251,1.9681301742490318
-0.09143329760790146,-0.2937618574736009,-0.23771784151761965
-0.09143329760790146,-0.7169554615841081,0.6032617144934163
-0.09143329760790146,-0.9827520059607882,0.6032617144934163
-0.09143329760790146,1.6995142189863266,-1.0924839476271972
-0.09143329760790146,0.0856183381977325,-0.8856856961490736
-0.09143329760790146,-1.481512039252746,3.4570775848915223
-0.09143329760790146,-0.3494916489804546,0.12073246104446116
-0.09143329760790146,0.0453690443316715,-0.003346489842413106
-0.09143329760790146,-0.7122753111345661,-0.2515043916161612
-0.09143329760790146,-0.9964324457363724,0.5343289640007083
-0.09143329760790146,-0.8659282505087595,0.20345176163571066
-0.09143329760790146,0.9280814202725923,-0.8029663955578242
-0.09143329760790146,0.39411225513715703,-1.2854956490067793
-0.09143329760790146,-0.288037673462238,0.2999576123255018
-0.09143329760790146,1.0501973458483338,-1.1752032482184467
-0.09143329760790146,-1.330955199406711,0.865206166365706
-0.09143329760790146,-1.0639346156816893,1.8164781231650744
-0.09143329760790146,-0.45083490679169047,-0.017133039940954692
-0.09143329760790146,-0.23277589700033854,-0.33422369220741094
-0.09143329760790146,-1.1809383769202386,2.367940127106737
-0.09143329760790146,0.14502024774961142,-0.09985234053220401
-0.09143329760790146,-0.07519883147999064,-1.5887997511746939
-0.09143329760790146,-0.04142974592868007,0.4102500131138341
0.2902684322160293,-0.7308879094608215,1.0306447675482049
-0.09143329760790146,-0.723111659483121,-0.4720891931928266
0.6872382312329174,-0.4609152308368578,2.2990073766140298
-0.09143329760790146,-0.3218067590135486,-0.017133039940954692
-0.09143329760790146,-1.0391298182991169,2.2162880760227797
-0.09143329760790146,-1.1031038748286253,2.2852208265154874
-0.09143329760790146,-1.0742669478279858,1.8440512233621575
-0.09143329760790146,-0.9751197606123043,2.4092997774023623
-0.09143329760790146,-0.3934130608915408,1.926770523953407
-0.09143329760790146,-1.3959372883407362,4.32563024109964
-0.09143329760790146,-0.8000821337994344,-0.15499854092637036
-0.09143329760790146,-0.9390466009935269,-0.9959780969374062
-0.09143329760790146,-0.4206659369707968,1.6923991722782004
-0.09143329760790146,-0.19177057883089,-0.4996622933899096
-0.09143329760790146,0.3888920873280525,-0.6099546941782422
-0.09143329760790146,-0.22215555559560868,-0.15499854092637036
-0.09143329760790146,0.640720182670715,-1.0235511971344895
-0.09143329760790146,-1.1851145111675223,3.126200382526523
-0.09143329760790146,0.07564601762447767,-0.5685950438826175
-0.09143329760790146,-0.14590510442537863,0.1758786614386275
-0.09143329760790146,0.7995572886967088,-0.7478201951636579
-0.09143329760790146,-0.28652562485546296,-0.058492690236579443
-0.09143329760790146,-0.18784645268473557,0.23102486183279383
-0.09143329760790146,0.3731235804288265,-0.6651008945724086
-0.09143329760790146,-0.5944795244353249,1.0720044178438293
-0.09143329760790146,0.005911775926302226,-0.41694299279866026
-0.09143329760790146,-0.368320254250535,0.5067558638036251
-0.09143329760790146,0.10192686245652106,0.14830556124154431
-0.09143329760790146,-0.8970332504195616,0.39646346301529245
-0.09143329760790146,-0.24894041662991045,-0.2515043916161612
-0.09143329760790146,-1.0135329954558527,1.4028816202088275
-0.09143329760790146,-0.358743946407626,0.5756886142963331
-0.09143329760790146,-0.8785286555652188,1.0582178677452883
-0.09143329760790146,-0.38880491275660717,0.32753071252258453
-0.09143329760790146,-0.5867032744576245,0.1758786614386275
-0.09143329760790146,0.1691050219861005,-0.30665059201032757
-0.09143329760790146,-0.620904373896585,1.3063757695190368
-0.09143329760790146,-0.30042207157487216,-0.30665059201032757
-0.09143329760790146,-1.2709412701806613,1.1409371683365372
-0.09143329760790146,-0.02339316611929138,-0.030919590039496084
-0.09143329760790146,-0.8766925965427061,2.312793926712571
-0.09143329760790146,-0.13841686370611148,0.14830556124154431
-0.09143329760790146,-1.0731509119515565,0.16209211134008591
-0.09143329760790146,-0.6877945241677311,0.46539621350800037
-0.09143329760790146,0.4571142804194529,-0.7753932953607411
-0.09143329760790146,-0.741868262438593,2.2576477263184045
-0.09143329760790146,-0.07206673079452793,-0.18257164112345334
-0.09143329760790146,-0.4940722967139975,0.6859810150846658
-0.09143329760790146,0.33600638724822823,0.1896652115371691
-0.09143329760790146,-0.5969276031320084,0.258597962029877
-0.09143329760790146,-0.9907442628823137,1.9681301742490318
-0.09143329760790146,-0.24890441547260628,0.0793728107488364
-0.09143329760790146,-0.4609152308368578,0.7687003156759149
-0.09143329760790146,-0.27054111101241185,0.010440060256128479
-0.09143329760790146,0.011599958780360934,-1.5474401008790692
-0.09143329760790146,-0.7222476317078209,1.4028816202088275
-0.09143329760790146,-0.3217707578562444,0.6859810150846658
-0.09143329760790146,-0.855811925306288,-0.09985234053220401
-0.09143329760790146,0.13069178714255214,0.14830556124154431
-0.09143329760790146,0.25125966295421426,0.42403656321237565
-0.09143329760790146,0.014948066409648656,1.127150618237996
-0.09143329760790146,-0.3193586803168651,0.479182763606542
-0.09143329760790146,-0.8524278165196961,0.09315936084737798
-0.09143329760790146,0.43122944831775534,-0.265290941714703
-0.09143329760790146,-0.26524894088869905,-0.18257164112345334
-0.09143329760790146,0.23444712249316732,-0.003346489842413106
-0.09143329760790146,-0.7857176720350709,0.479182763606542
-0.09143329760790146,-0.5121808788379945,0.7824868657744568
-0.09143329760790146,-0.5770909654574113,0.8514196162671643
-0.09143329760790146,-0.4886001208037638,-1.0511242973315726
-0.09143329760790146,-0.6495252939533994,1.182296818632162
-0.09143329760790146,0.05980550841064329,0.5481155140992499
-0.09143329760790146,-0.9282462538022762,0.4378231133109172
-0.09143329760790146,-0.9319183718473014,1.0857909679423714
-0.09143329760790146,-0.18557837977457292,-0.5410219436855346
-0.09143329760790146,-0.23590799768580126,-0.9821915468388647
-0.09143329760790146,-0.40964958283572106,-0.07227924033512104
-0.09143329760790146,-0.640921017357703,0.13451901114300274
-0.09143329760790146,2.4697949806663275,-0.5823815939811591
-0.09143329760790146,-0.435822424195852,0.258597962029877
-0.09143329760790146,0.12734367951326442,-0.21014474132053668
-0.09143329760790146,0.37722771236150177,-0.94083189654324
-0.09143329760790146,-0.9622673474547159,0.6997675651832069
-0.09143329760790146,-0.7191875333369665,1.0857909679423714
-0.09143329760790146,-1.0514782152544468,1.1409371683365372
-0.09143329760790146,-0.9210100211841382,1.926770523953407
-0.09143329760790146,-0.028037315411529186,0.8376330661686228
-0.09143329760790146,-0.29361785284438424,-0.18257164112345334
-0.09143329760790146,-0.45281497044341973,0.5067558638036251
-0.09143329760790146,-0.8036462483725471,1.0857909679423714
-0.09143329760790146,-1.3621322016321216,2.9883348815411077
-0.09143329760790146,-1.004676710759027,-0.04470614013803767
-0.09143329760790146,-0.7934939220127715,-0.9684049967403231
-0.09143329760790146,-0.2749692533608247,-0.07227924033512104
-0.09143329760790146,-0.8528238292500421,1.4166681703073687
-0.09143329760790146,-0.530397464433904,0.6997675651832069
-0.09143329760790146,0.7128665019082697,-0.6375277943753255
-0.09143329760790146,-0.5059166774670691,-0.265290941714703
-0.09143329760790146,0.18379349416620147,-1.2441359987111547
-0.09143329760790146,0.9618145046665987,-1.106270497725739
-0.09143329760790146,-0.9252581577460302,2.092209125135906
-0.09143329760790146,-0.6184202940425974,-0.8167529456563658
-0.09143329760790146,-0.8209268038785482,0.3826769129167509
-0.09143329760790146,-0.4717155780281085,-0.2790774918132446
-0.09143329760790146,-0.8243109126651401,0.9754985671540386
-0.09143329760790146,0.1241035753558892,-0.41694299279866026
-0.09143329760790146,0.15056442597445346,-0.44451609299574324
-0.09143329760790146,0.1311958033448105,-0.7340336450651164
-0.09143329760790146,1.4732829464869284,-0.9821915468388647
-0.09143329760790146,-0.43780248784758125,0.4378231133109172
-0.09143329760790146,0.270376277482728,-1.2992821991053207
-0.09143329760790146,0.6866216582335305,-1.133843597922822
-0.09143329760790146,-1.3474437294520205,0.961712017055497
-0.09143329760790146,-0.9124777469030502,0.9892851172525803
-0.09143329760790146,-0.30492221623789334,0.9754985671540386
-0.09143329760790146,-0.1124600292898056,-0.09985234053220401
-0.09143329760790146,-0.8279110283955571,0.796273415872998
-0.09143329760790146,-1.115596276413172,2.3265804768111122
-0.09143329760790146,0.08911045045623689,-0.2515043916161612
-0.09143329760790146,-0.6274205833686396,0.06558626065029481
-0.09143329760790146,-0.40360138840862064,0.42403656321237565
-0.09143329760790146,-0.12707649915529823,0.5756886142963331
-0.09143329760790146,0.09310657891699965,0.4516096634094588
-0.09143329760790146,-0.10705985569418024,0.865206166365706
-0.09143329760790146,0.3416225677876786,-1.4095745998936535
-0.09143329760790146,-0.6666618448301839,1.2374430190263288
-0.09143329760790146,-1.4406507257125143,0.6170482645919578
-0.09143329760790146,-0.5726988242663027,-0.4031564427001187
0.8819061134431221,-0.49842843674780196,-0.34801024230595234
-0.09143329760790146,1.1682811418060082,-1.037337747233031
-0.09143329760790146,0.6495044650529322,-0.1963581912219951
-0.09143329760790146,-0.19569470497704444,-0.265290941714703
-0.09143329760790146,-0.8537238581826463,1.0857909679423714
-0.09143329760790146,0.008899871982548256,-0.4583026430942848
-0.09143329760790146,-0.1546893868075959,0.5343289640007083
-0.09143329760790146,0.45225412418339006,-1.064910847430114
-0.09143329760790146,-0.8963492284307824,0.8927792665627895
-0.09143329760790146,-0.27950539918114997,0.6170482645919578
-0.09143329760790146,-0.2891537093386673,-0.07227924033512104
-0.09143329760790146,-0.09715953743553375,-0.7891798454592827
-0.09143329760790146,-1.1610297369310332,2.3541535770081956
0.34116199619255344,-0.48168789860136335,-0.8443260458534491
-0.09143329760790146,0.7091223815486362,-0.8029663955578242
-0.09143329760790146,0.44411786263264785,-1.1200570478242806
-0.09143329760790146,0.14106012044615282,-0.07227924033512104
-0.09143329760790146,-1.026781421343787,1.3339488697161195
-0.09143329760790146,0.6491084523225864,-0.6926739947694918
-0.09143329760790146,-0.9763798011179502,2.2025015259242386
-0.09143329760790146,-0.5250692931528871,0.3413172626211261
-0.09143329760790146,-0.48669205946664285,1.4718143707015354
-0.09143329760790146,-0.5415578231981965,0.4378231133109172
-0.09143329760790146,0.3877760514516233,-0.5134488434884512
-0.09143329760790146,0.10541897471502547,-0.5410219436855346
-0.09143329760790146,-0.7405722207756429,0.6170482645919578
-0.09143329760790146,-0.13913688685219486,-1.0097646470359478
-0.09143329760790146,-0.9663714793873912,1.196083368730704
-0.09143329760790146,0.529116595027791,-0.5685950438826175
-0.09143329760790146,-0.2021389121344907,1.6786126221796587
-0.09143329760790146,-0.7143633782582078,1.9543436241504901
0.9467954075131904,-0.3133104858897647,-0.4583026430942848
-0.09143329760790146,-0.01090076453474472,-0.3617967924044939
-0.09143329760790146,-0.8586200155760132,1.0995775180409129
-0.09143329760790146,-1.1345328851551648,1.8026915730665327
-0.09143329760790146,-1.0249813634785785,0.14830556124154431
-0.09143329760790146,-0.9645354203648786,1.8440512233621575
-0.09143329760790146,0.5831183309840445,0.05179971055175323
-0.09143329760790146,0.2591079152465231,2.3403670269096546
-0.09143329760790146,0.20287410753741109,-1.2441359987111547
-0.09143329760790146,-0.7907218329003504,0.5894751643948742
-0.09143329760790146,-0.13899288222297818,0.35510381271966773
-0.09143329760790146,0.33035420555147366,-0.14121199082782876
-0.09143329760790146,0.4132288696656708,-0.43072954289720183
-0.09143329760790146,-0.04668591489508875,-0.5134488434884512
-0.09143329760790146,-0.697154825066815,1.2925892194204947
-0.09143329760790146,0.2377592289651509,-0.4031564427001187
-0.09143329760790146,0.07546601183795683,-0.08606579043366243
-0.09143329760790146,-0.32778295112604067,0.05179971055175323
-0.09143329760790146,0.09955078607444591,-0.9546184466417815
-0.09143329760790146,-0.47247160233149604,-0.003346489842413106
-0.09143329760790146,-0.7026270009770488,1.0306447675482049
-0.09143329760790146,-0.6109320533233302,0.49296931370508357
-0.09143329760790146,0.16730496412089205,-0.6237412442767839
-0.09143329760790146,-0.37685252853162304,0.21723831173425187
-0.09143329760790146,-1.0819351943337738,2.4782325278950696
-0.09143329760790146,0.4353695814077348,-0.8443260458534491
-0.09143329760790146,1.1931939426604932,-0.30665059201032757
-0.09143329760790146,-0.25207251731537317,-0.08606579043366243
-0.09143329760790146,-0.18547037630266042,0.6584079148875822
-0.09143329760790146,-0.9728156865448374,1.0720044178438293
-0.09143329760790146,-0.003412523815477557,1.0720044178438293
-0.09143329760790146,-0.17683009854965986,-0.1963581912219951
-0.09143329760790146,-0.713967365527862,0.31374416242404335
-0.09143329760790146,0.1691050219861005,1.1685102685336208
-0.09143329760790146,-0.9925083195902179,1.761331922770908
-0.09143329760790146,-0.7700211674504532,0.865206166365706
3.193587214689303,-0.601103737379292,1.154723718435079
-0.09143329760790146,1.3702116331250924,-0.8994722462476153
-0.09143329760790146,-0.21826743060675843,-0.41694299279866026
-0.09143329760790146,-0.7830175852372583,-0.3617967924044939
-0.09143329760790146,-0.027173287636229126,0.23102486183279383
-0.09143329760790146,-0.9063215490040373,1.3753085200117443
-0.09143329760790146,-1.2473245109891264,3.1813465829206904
-0.09143329760790146,-1.2748653963268157,1.2650161192234115
-0.09143329760790146,-0.7823695644057832,-0.09985234053220401
-0.09143329760790146,-0.5535822097377889,1.0168582174496634
-0.09143329760790146,0.8025093835956507,-0.7891798454592827
-0.09143329760790146,0.19858996981821495,-0.8856856961490736
1.2063525837934632,-1.2484405468655557,2.0094898245446564
-0.09143329760790146,-0.056406227367214394,-0.7064605448680331
-0.09143329760790146,0.40512860927223276,-0.67888744467095
-0.09143329760790146,0.8613712757879671,-0.8994722462476153
-0.09143329760790146,-0.6238204676382227,0.5756886142963331
-0.09143329760790146,-0.6934107047071815,-0.8443260458534491
-0.09143329760790146,0.8536670281248749,-0.9132587963461567
-0.09143329760790146,-0.09323541128937933,0.14830556124154431
-0.09143329760790146,-0.2814854628328793,0.05179971055175323
-0.09143329760790146,-0.8398634126205412,0.479182763606542
-0.09143329760790146,-0.6132721285481012,0.32753071252258453
-0.09143329760790146,-0.45882716371321597,0.4378231133109172
-0.09143329760790146,1.205326332671998,-1.0511242973315726
-0.09143329760790146,0.34327862102367035,-0.2515043916161612
-0.09143329760790146,-0.45569506302775326,0.05179971055175323
-0.09143329760790146,-0.8025302124961179,1.719972272475284
-0.09143329760790146,-0.0989595953007422,0.06558626065029481
0.2330131727424397,-0.8785286555652188,0.7824868657744568
-0.09143329760790146,0.10127884162504602,-0.7891798454592827
-0.09143329760790146,0.5557934525901802,-0.8305394957549074
-0.09143329760790146,-0.3137064986201106,-0.22393129141907828
-0.09143329760790146,0.44411786263264785,-0.8029663955578242
-0.09143329760790146,-0.38851690349817386,0.2999576123255018
-0.09143329760790146,-1.2759454310459408,1.0720044178438293
-0.09143329760790146,-0.5503421055804137,1.719972272475284
-0.09143329760790146,-0.059646331524589605,-0.6926739947694918
-0.09143329760790146,-0.6178802766830348,1.3201623196175778
-0.09143329760790146,-0.31647858773253157,0.010440060256128479
-0.09143329760790146,-0.3292949997328158,0.479182763606542
-0.09143329760790146,0.5741180416580023,-1.0511242973315726
1.770607314837535,0.8071175317305843,-0.15499854092637036
-0.09143329760790146,0.6661730008847625,-1.0097646470359478
0.03834529053223501,0.19642990037996483,-0.9959780969374062
-0.09143329760790146,0.8997125083169071,-0.9684049967403231
-0.09143329760790146,-0.14446505813321187,-0.4031564427001187
-0.09143329760790146,-0.4841359772980468,-0.3204371421088692
-0.09143329760790146,0.5310606575222161,-0.9132587963461567
-0.09143329760790146,-0.22427962387655465,0.24481141193133543
-0.09143329760790146,-0.3259108909462239,-0.4583026430942848
-0.09143329760790146,-0.33714325202512463,-0.3893698926015769
-0.09143329760790146,0.7608920457520313,-0.7616067452621995
-0.09143329760790146,-0.15166528959404568,-0.11363889063074559
-0.09143329760790146,-0.20959115169645368,-0.4996622933899096
-0.09143329760790146,0.06797777111868966,-0.6651008945724086
-0.09143329760790146,-0.5524301727040555,0.2861710622269598
0.03023412877347648,-1.0071607906130147,1.444241270504452
7.695281990800287,2.9683750081717646,-0.8029663955578242
0.2735689815362324,-0.7204835749999167,0.8238465160700816
-0.017973719415371386,-0.6981268563140276,0.3826769129167509
-0.09143329760790146,-0.34999566518271297,1.6096798716869511
-0.09143329760790146,0.5334007327469871,-0.4858757432913682
1.8552455244941457,3.27575288923476,-0.8305394957549074
-0.09143329760790146,-0.26550094898982823,-0.5272353935869928
-0.09143329760790146,1.0354008701963202,-1.1889897983169881
-0.09143329760790146,1.8884842936759099,-0.9132587963461567
-0.09143329760790146,-0.6186723021437266,0.010440060256128479
-0.0408702113195366,-0.6110760579525468,0.39646346301529245
0.07784312170532003,-0.6953187660443024,0.9754985671540386
-0.09143329760790146,-0.428154177690064,0.6721944649861241
-0.09143329760790146,-0.9310903452293056,0.8927792665627895
-0.09143329760790146,-0.2887216954510172,1.1685102685336208
-0.09143329760790146,0.46751861488035773,-0.8305394957549074
-0.09143329760790146,0.4879312710718216,-0.67888744467095
-0.09143329760790146,0.24585948935858892,-0.67888744467095
-0.09143329760790146,-0.3934130608915408,0.09315936084737798
-0.09143329760790146,-0.43362635360029766,0.038013160453211646
-0.09143329760790146,0.14844035769350747,-0.3204371421088692
0.5477746738285916,-0.3197186918899068,0.42403656321237565
-0.09143329760790146,0.935461657519947,-1.0235511971344895
-0.09143329760790146,1.2317511821332583,-0.8167529456563658
-0.09143329760790146,-0.6440171168858616,-0.04470614013803767
-0.09143329760790146,-0.2975059778332345,0.05179971055175323
-0.09143329760790146,-0.049458004007509763,-0.33422369220741094
-0.09143329760790146,0.7906650028425791,-1.0235511971344895
-0.09143329760790146,-0.15659744814471685,-0.265290941714703
-0.09143329760790146,0.5796622198828443,-0.7753932953607411
-0.09143329760790146,-0.0974475466939671,-0.15499854092637036
-0.09143329760790146,-0.09769955479509629,-0.292864041911786
-0.09143329760790146,-0.06483049817638994,-0.16878509102491193
-0.09143329760790146,-0.052806111636797486,-0.5961681440797006
0.5106323174752059,0.3565630480689087,-0.16878509102491193
-0.09143329760790146,-0.44633476212866935,-0.2790774918132446
-0.09143329760790146,0.31955385836022293,-0.8994722462476153
-0.09143329760790146,0.05098522487112187,-0.6375277943753255
-0.09143329760790146,-0.45227495308385723,0.06558626065029481
-0.09143329760790146,-0.2328478993149469,-0.7202470949665748
-0.09143329760790146,-0.2223715625394337,-0.3617967924044939
-0.09143329760790146,0.6036029894901167,-0.5272353935869928
-0.09143329760790146,-0.14806517386362877,-0.5548084937840759
-0.09143329760790146,-0.21059918410097042,0.4378231133109172
-0.09143329760790146,-0.5081127480626234,0.6032617144934163
-0.09143329760790146,-0.2931858389567342,-0.41694299279866026
-0.09143329760790146,0.22818292112224192,-0.9270453464446984
-0.09143329760790146,-0.2762292938664706,-0.7616067452621995
-0.09143329760790146,-0.6642857684481087,0.6584079148875822
0.2894386458468469,0.10657101174875888,-0.003346489842413106
-0.09143329760790146,-0.6965428053926442,0.258597962029877
1.5307990541438046,0.21464648597587435,-0.2515043916161612
0.2330131727424397,-0.8032502356422012,2.629884578979027
-0.09143329760790146,-0.4962683673095518,0.16209211134008591
0.46476065156411195,0.9019445800697656,-0.3755833425030355
-0.09143329760790146,-0.4768637435226047,0.9754985671540386
1.0209546007361254,0.4245332330591799,0.46539621350800037
-0.09143329760790146,-0.5219011913101201,-0.04470614013803767
-0.09143329760790146,0.13998008572702775,-0.7478201951636579
-0.09143329760790146,-0.9062855478467331,0.7687003156759149
3.8019243465961927,2.0274127597126985,-0.8718991460505322
-0.09143329760790146,-1.1505894013128242,1.8026915730665327
-0.09143329760790146,-0.6916466479992772,0.3688903628182097
-0.09143329760790146,-0.9683155418818163,1.2788026693219532
1.5771485499081388,-0.49464831523086417,0.2723845121284182
19.37535492341257,-0.4160937899931673,1.154723718435079
1.2063525837934632,-0.8571799692838464,2.891829030851317
-0.09143329760790146,0.6329079315357103,-0.8718991460505322
-0.09143329760790146,-0.7880217461025377,1.6096798716869511
-0.09143329760790146,-0.12538444476200228,-0.43072954289720183
-0.09143329760790146,-0.315722563429144,0.2861710622269598
-0.09143329760790146,-0.413465705509963,-0.6926739947694918
-0.09143329760790146,-1.085391305434974,1.51317402099716
-0.09143329760790146,-1.265361090798515,1.25122956912487
-0.09143329760790146,-0.004852570107644319,-0.22393129141907828
3.3693290527957376,-1.0507221909510593,1.5545336712927844
-0.09143329760790146,1.5233965574543318,-0.8581125959519905
0.5315039254647537,-0.41126963491440865,-0.16878509102491193
-0.09143329760790146,0.5015037073754933,-1.037337747233031
0.18666367697810526,-0.8211068096650691,1.3753085200117443
-0.09143329760790146,-0.3378992763285122,0.16209211134008591
-0.09143329760790146,0.5495292512192548,-0.7478201951636579
0.04398783784267573,0.6114512417824256,-0.44451609299574324
-0.09143329760790146,-0.24235220484324752,-0.5823815939811591
-0.09143329760790146,-0.401117308554633,-0.2515043916161612
-0.09143329760790146,0.3124976315286058,-0.6375277943753255
1.8552455244941457,-0.3207267242944235,1.8026915730665327
0.07078993756726912,0.1376040093449526,-0.6926739947694918
-0.09143329760790146,0.1724891307726924,-0.2790774918132446
-0.09143329760790146,-0.5756509191652446,-0.09985234053220401
-0.09143329760790146,-0.831295137182149,0.4102500131138341
-0.09143329760790146,1.0029278263079597,-0.9132587963461567
0.5044887907906844,0.004687736577960478,0.12073246104446116
-0.042460245479548075,0.6042510103215918,-0.6651008945724086
-0.09143329760790146,-1.0062247605231063,0.3826769129167509
-0.09143329760790146,-0.5814831066485199,0.06558626065029481
-0.09143329760790146,-0.8944051659363572,1.6372529718840338
-0.09143329760790146,0.562345663219539,-0.4583026430942848
-0.09143329760790146,-0.26571695593365324,0.2999576123255018
-0.09143329760790146,1.2131385838070028,-0.7753932953607411
-0.09143329760790146,0.17842932172788029,-0.5685950438826175
-0.09143329760790146,-0.16534572936962993,-0.16878509102491193
0.06430100816026231,-0.8967092400038241,0.8376330661686228
-0.09143329760790146,-0.10579981518853432,1.4718143707015354
5.991938021460995,-0.7967700273274508,0.7411272154788318
0.8819061134431221,-0.44050257464539394,0.9754985671540386
-0.09143329760790146,-0.7842416245856,0.258597962029877
0.14452777173780124,1.14480838724369,-0.67888744467095
-0.09143329760790146,0.11866740060295967,-0.4720891931928266
-0.09143329760790146,0.7737084577523154,-1.064910847430114
-0.09143329760790146,0.15034841903062843,-0.5685950438826175
-0.09143329760790146,-0.8163186557436146,0.796273415872998
0.019805492226501225,-0.4040334022962707,0.13451901114300274
0.8819061134431221,-0.4496468686006529,0.7411272154788318
-0.05087748881410882,0.004147719218397942,-0.1963581912219951
-0.09143329760790146,1.172745285311725,-1.037337747233031
-0.09143329760790146,-0.4172458270269007,0.5067558638036251
-0.09143329760790146,-0.4611312377806828,0.7273406653802901
-0.09143329760790146,-0.2794333968665416,0.46539621350800037
-0.09143329760790146,-1.204627138426382,2.230074626121322
-0.09143329760790146,-0.5198131241864784,0.6032617144934163
-0.09143329760790146,0.36570734202416766,-0.11363889063074559
-0.09143329760790146,-0.5718707976483068,0.024226610354670254
-0.09143329760790146,-0.7861856870800251,-0.18257164112345334
0.8819061134431221,0.6741292566489839,-1.0924839476271972
-0.06028643645426871,-1.0560863633893804,2.1473553255300715
-0.09143329760790146,1.547085318960475,-1.064910847430114
2.3419152300196573,0.0821262259392281,-0.7616067452621995
0.6385712606803662,0.7769845630669948,-1.0924839476271972
-0.09143329760790146,-0.7212395993033042,1.582106771489868
-0.09143329760790146,0.35433097631605026,-0.4031564427001187
0.8819061134431221,0.15056442597445346,-0.5410219436855346
-0.09143329760790146,-0.4898601613094097,0.09315936084737798
-0.09143329760790146,-0.8889689911834278,3.208919683117773
-0.09143329760790146,0.7651761834712274,-0.8305394957549074
-0.09143329760790146,-0.5132969147144237,1.0582178677452883
-0.09143329760790146,-0.4088215562177252,-0.2515043916161612
-0.09143329760790146,-0.740788227719468,0.865206166365706
-0.09143329760790146,0.2004980311553359,-0.7202470949665748
-0.09143329760790146,-0.404105404610879,-0.2515043916161612
-0.09143329760790146,-0.05647822968182273,-0.6237412442767839
-0.09143329760790146,-1.0063327639950188,0.8789927164642476
-0.09143329760790146,-0.0929114008736418,-0.292864041911786
-0.09143329760790146,-0.9537350731736278,0.4516096634094588
-0.09143329760790146,-0.375988500756323,-0.09985234053220401
-0.09143329760790146,-0.9527630419264153,0.9341389168584135
0.40771511831570034,-0.552970190063618,0.7273406653802901
-0.09143329760790146,1.0771622126691565,-0.6926739947694918
-0.09143329760790146,1.82760633667456,-0.9684049967403231
-0.09143329760790146,-0.5764429446259363,0.024226610354670254
-0.09143329760790146,0.4619024343409074,-0.34801024230595234
-0.09143329760790146,-0.28612961212511706,0.3688903628182097
-0.09143329760790146,-0.43506639989246443,-0.22393129141907828
-0.09143329760790146,-0.9401986380272603,0.7549137655773737
0.9703915144477605,-0.9639234006907077,1.0168582174496634
-0.09143329760790146,0.1363439688393067,-0.16878509102491193
-0.09143329760790146,-0.5678026668729357,-0.3617967924044939
1.8552455244941457,-0.6657618158975797,-0.3893698926015769
-0.09143329760790146,0.40491260232840776,-0.7616067452621995
3.863723674281972,0.733567167358167,-0.9270453464446984
-0.09143329760790146,-0.27835336214741657,0.16209211134008591
0.03023412877347648,1.4907075066221462,-1.037337747233031
-0.09143329760790146,-0.5877833091767495,0.42403656321237565
-0.09143329760790146,0.9753149386556621,-0.9959780969374062
-0.09143329760790146,1.1962540410313476,-0.9546184466417815
-0.09143329760790146,-0.9948123936576847,1.182296818632162
-0.09143329760790146,-0.11577213576178914,0.32753071252258453
-0.09143329760790146,-0.746980426775785,1.2925892194204947
-0.09143329760790146,0.21990265494228303,-0.9959780969374062
-0.09143329760790146,-0.23590799768580126,-0.30665059201032757
-0.09143329760790146,0.503987787229481,-0.5685950438826175
-0.09143329760790146,1.1657970619520206,-1.106270497725739
-0.09143329760790146,0.18390149763811398,-0.7064605448680331
-0.09143329760790146,0.3461587136080039,-0.3755833425030355
-0.09143329760790146,2.7512880296276254,-1.3130687492038624
-0.09143329760790146,0.9845312349255294,-0.9132587963461567
-0.09143329760790146,2.5211686321393767,-0.7064605448680331
-0.09143329760790146,-0.14842518543667046,0.6032617144934163
-0.09143329760790146,-0.10090365779516733,0.3688903628182097
-0.09143329760790146,0.6437802810415694,-0.5823815939811591
-0.09143329760790146,0.03914084411805026,-0.14121199082782876
-0.09143329760790146,-0.12340438111027299,-0.017133039940954692
-0.09143329760790146,-0.22967979747218,0.21723831173425187
-0.09143329760790146,-0.4793478233765923,1.182296818632162
-0.09143329760790146,-0.7708131929111449,1.154723718435079
-0.09143329760790146,-0.6955707741454317,-0.08606579043366243
-0.09143329760790146,0.3623952355521841,-0.292864041911786
-0.09143329760790146,1.7939092534378578,-0.9684049967403231
-0.09143329760790146,-0.850051740137621,0.14830556124154431
-0.09143329760790146,1.8512950981807033,-1.2992821991053207
-0.09143329760790146,0.25640782844871046,-0.67888744467095
-0.09143329760790146,-0.22532365743837557,-0.14121199082782876
-0.09143329760790146,0.0020596520947561378,-0.265290941714703
-0.09143329760790146,0.5914345983213076,-0.16878509102491193
-0.09143329760790146,0.042884964477683835,-0.5685950438826175
-0.09143329760790146,-0.7055790958759907,0.8789927164642476
-0.09143329760790146,-0.008524688152669562,-0.3204371421088692
-0.09143329760790146,-0.22568366901141723,0.20345176163571066
-0.09143329760790146,-0.2801174188553208,0.6997675651832069
-0.09143329760790146,0.038672829073096056,0.32753071252258453
-0.09143329760790146,-0.5045486334895106,0.24481141193133543
-0.09143329760790146,-0.08160703748013272,-0.41694299279866026
-0.09143329760790146,-0.7871577183272377,1.8854108736577824
-0.09143329760790146,-0.44993487785908626,0.2861710622269598
-0.09143329760790146,-0.39024495904877393,-0.3755833425030355
-0.09143329760790146,0.1381800278618193,-1.2027763484155298
-0.09143329760790146,-1.0484181168835924,1.4580278206029933
-0.09143329760790146,0.516984205016286,-0.003346489842413106
-0.09143329760790146,-0.5249252885236704,-0.04470614013803767
-0.09143329760790146,-0.20498300356152005,-0.003346489842413106
-0.09143329760790146,1.1205796083779842,-1.0786973975286558
0.39523640791761033,-0.9490189215667817,1.51317402099716
-0.09143329760790146,0.3034253398879552,-0.34801024230595234
-0.09143329760790146,-0.45771112783678675,0.9754985671540386
-0.09143329760790146,-0.10734786495261359,-0.94083189654324
1.4659097600737363,-0.16559773747075912,-0.8856856961490736
-0.09143329760790146,-0.6709099813920758,0.21723831173425187
-0.09143329760790146,1.4441580102278555,-1.3957880497951118
-0.09143329760790146,-0.13406072367230704,-0.3755833425030355
-0.09143329760790146,-0.07653087430024488,0.31374416242404335
-0.09143329760790146,-0.019649045759657795,-0.4583026430942848
-0.09143329760790146,-0.3022581305973848,0.23102486183279383
-0.09143329760790146,1.804997609887542,-1.3268552993024039
-0.09143329760790146,0.39411225513715703,0.21723831173425187
-0.09143329760790146,-0.4403585700161773,0.06558626065029481
-0.09143329760790146,0.1356239456932233,-0.5685950438826175
-0.09143329760790146,1.8466869500457697,-0.7753932953607411
-0.09143329760790146,1.0307207197467783,-0.7478201951636579
-0.09143329760790146,0.8354144413716612,-0.5548084937840759
-0.09143329760790146,-0.40270135947601643,0.9479254669569555
2.133342499080152,-0.42826218116197645,0.961712017055497
-0.09143329760790146,-0.6634217406728087,-0.7891798454592827
-0.09143329760790146,0.1585206817386748,-0.43072954289720183
-0.09143329760790146,0.060237522298293315,-0.030919590039496084
-0.09143329760790146,-0.13946089726793237,0.644621364789041
0.2330131727424397,3.048981599375799,-1.1200570478242806
-0.09143329760790146,0.25244770114525183,-0.23771784151761965
-0.09143329760790146,-0.7159114280222871,0.9203523667598723
-0.09143329760790146,0.31861782827031454,-0.12742544072928738
-0.09143329760790146,0.33737443122578664,-0.292864041911786
-0.09143329760790146,0.47065071556582044,-0.3893698926015769
-0.09143329760790146,0.3374824346976991,0.13451901114300274
2.5041384651948277,-0.3542438017446049,-0.3755833425030355
-0.09143329760790146,2.1733254502664954,-1.1476301480213638
-0.09143329760790146,-0.28090944431601256,1.0720044178438293
-0.09143329760790146,-0.42491407353268873,-0.7202470949665748
-0.09143329760790146,-0.8419154785868788,1.182296818632162
-0.09143329760790146,-0.4228980087236553,0.6721944649861241
-0.09143329760790146,-0.5043326265456857,0.2861710622269598
-0.09143329760790146,-0.6075839456940425,1.127150618237996
-0.09143329760790146,0.7049462473013526,-0.33422369220741094
-0.09143329760790146,0.4258652758794341,-1.0511242973315726
-0.09143329760790146,-0.2426042129443767,1.4580278206029933
-0.09143329760790146,0.31696177503432277,-0.8443260458534491
-0.09143329760790146,1.223830927526341,-0.9546184466417815
-0.09143329760790146,-0.9165458776784212,0.4378231133109172
-0.09143329760790146,-0.45911517297164933,-0.5961681440797006
-0.09143329760790146,-0.1424489933241784,0.6032617144934163
0.6872382312329174,-0.2793613945519333,0.038013160453211646
-0.09143329760790146,1.7807688310218361,-1.161416698119905
-0.09143329760790146,-0.410477609453717,0.6308348146904991
-0.09143329760790146,-0.7901098132261796,0.1758786614386275
-0.09143329760790146,-0.4609152308368578,0.8376330661686228
1.3101754543055724,-0.2754012672484747,0.5067558638036251
-0.09143329760790146,-0.400901301610808,-0.8581125959519905
-0.09143329760790146,0.9753869409702705,-0.6375277943753255
-0.09143329760790146,-1.157357618886008,0.7273406653802901
-0.09143329760790146,0.012283980769140147,0.14830556124154431
2.5041384651948277,-0.6112200625817635,0.5619020641977915
-0.09143329760790146,-0.7113032798873535,-0.12742544072928738
-0.09143329760790146,-0.02256513950129549,-0.1963581912219951
-0.09143329760790146,0.21410646861631183,-0.7478201951636579
-0.09143329760790146,-1.0063327639950188,-0.16878509102491193
-0.09143329760790146,0.2295869662571045,0.038013160453211646
-0.09143329760790146,-1.0459340370296049,0.12073246104446116
-0.09143329760790146,1.2296271138523123,-0.9546184466417815
-0.09143329760790146,1.2444235895043256,-0.8994722462476153
0.27936266850677416,-1.0442059814790046,1.2098699188292452
-0.09143329760790146,-0.6859224639879143,2.7815366300629836
2.828584935545169,-0.5715467872325692,1.0857909679423714
-0.09143329760790146,-0.1523493115828249,0.5481155140992499
-0.09143329760790146,-0.5342855894227543,0.20345176163571066
0.297902466812508,0.1381800278618193,-0.6375277943753255
0.2471195410185415,-0.5955955603117542,0.3826769129167509
-0.09143329760790146,2.505904141442409,-1.3268552993024039
-0.09143329760790146,-0.3826127137002901,0.796273415872998
-0.09143329760790146,0.39562430374393215,-0.43072954289720183
-0.09143329760790146,-0.08589117519932885,0.7687003156759149
-0.09143329760790146,-0.3958971407455285,0.5067558638036251
-0.09143329760790146,-0.5194171114561325,-0.7478201951636579
-0.0029478966032629563,-0.6667338471447922,0.9203523667598723
-0.09143329760790146,-0.5890073485250913,0.6721944649861241
-0.09143329760790146,0.7540518258642391,-0.6237412442767839
-0.09143329760790146,-0.23324391204529274,0.024226610354670254
0.10323458460230325,-0.6546734594478956,0.5756886142963331
-0.09143329760790146,0.35875911866446303,-0.9959780969374062
0.5075448015004208,0.3851119658111148,0.13451901114300274
-0.09143329760790146,0.42539726083447993,-0.4858757432913682
-0.09143329760790146,-0.23821207175326808,-0.5272353935869928
-0.09143329760790146,-0.3034101676311182,0.7549137655773737
-0.09143329760790146,1.472814931441974,-0.9132587963461567
-0.09143329760790146,-0.0604743581425855,-0.4996622933899096
-0.09143329760790146,-0.9879001714552843,1.3753085200117443
-0.09143329760790146,-0.16574174209997578,-0.09985234053220401
-0.09143329760790146,-0.6986668736735901,0.05179971055175323
-0.09143329760790146,-0.40421340808279155,1.4304547204059106
-0.09143329760790146,-0.011512784208915593,0.3688903628182097
-0.09143329760790146,0.11765936819844294,-0.8856856961490736
-0.09143329760790146,0.1663329328736795,-0.21014474132053668
-0.09143329760790146,-0.11282004086284729,0.39646346301529245
-0.09143329760790146,0.38406793224929386,-0.44451609299574324
0.3666087781808155,1.0371289257469203,-0.7891798454592827
-0.09143329760790146,0.31760979586579785,-0.8443260458534491
-0.09143329760790146,-0.6215883958853642,-1.2027763484155298
-0.09143329760790146,-1.32559102696839,2.174928425727155
-0.09143329760790146,-0.1429170083691326,-0.12742544072928738
-0.09143329760790146,0.6484964326484155,-1.0786973975286558
-0.09143329760790146,-0.014284873321336608,-0.30665059201032757
1.2063525837934632,-0.6809183031226348,0.5894751643948742
-0.09143329760790146,0.04958117973625928,-0.09985234053220401
0.12486434929232598,0.15272449541270358,-0.7753932953607411
-0.09143329760790146,0.1378200162887776,-0.6513143444738668
-0.09143329760790146,-0.08401911501951205,1.2650161192234115
0.39523640791761033,-0.512504889253732,-0.3204371421088692
0.8819061134431221,-0.4039253988243582,0.12073246104446116
-0.0008900965798992739,0.5408529723089501,-0.5961681440797006
-0.09143329760790146,-0.45342699011759063,-0.5134488434884512
-0.09143329760790146,-0.3934130608915408,0.42403656321237565
-0.09143329760790146,-0.6185642986718141,0.3688903628182097
-0.09143329760790146,-0.521217169321341,0.5067558638036251
-0.09143329760790146,-0.4658113882302248,-0.265290941714703
-0.09143329760790146,-0.5631225164233937,1.3890950701102858
-0.09143329760790146,-0.7068031352243324,1.4718143707015354
-0.09143329760790146,-0.19663073506695283,-0.16878509102491193
-0.09143329760790146,-1.5259374673660906,2.602311478781944
-0.09143329760790146,-1.066634702479502,2.0232763746431983
-0.09143329760790146,1.7141666900091235,-0.5548084937840759
-0.09143329760790146,-0.3204387150359902,-0.7891798454592827
-0.09143329760790146,-0.24789638306808956,0.024226610354670254
-0.09143329760790146,-1.06022649647936,2.4092997774023623
-0.09143329760790146,0.9051846842271408,-0.67888744467095
-0.09143329760790146,-0.5267973487034872,1.3753085200117443
-0.09143329760790146,-0.5846512084912868,2.2852208265154874
-0.09143329760790146,0.6491084523225864,-1.2579225488096961
0.48536042745937175,0.9479540591044936,-0.6651008945724086
-0.09143329760790146,0.05735742971395979,0.1758786614386275
-0.09143329760790146,0.5691138807927227,-0.8581125959519905
-0.09143329760790146,-0.36698821143028076,0.13451901114300274
-0.09143329760790146,1.39739250688974,-1.161416698119905
1.2990515753221321,1.114783422052013,-0.3204371421088692
-0.09143329760790146,-0.6671658610324422,-0.3755833425030355
-0.09143329760790146,-0.3263429048338739,-0.18257164112345334
-0.09143329760790146,-0.4297382286114474,0.2999576123255018
-0.09143329760790146,-0.06875462432254438,-0.4858757432913682
-0.09143329760790146,-0.19684674201077784,-0.33422369220741094
0.2330131727424397,-0.4435986741735525,-0.9132587963461567
-0.09143329760790146,0.8184938974387017,-0.8443260458534491
-0.09143329760790146,-0.247140358764702,-0.44451609299574324
-0.09143329760790146,-0.903081444846662,2.0232763746431983
-0.07072394843660308,0.6157353795016217,-0.5410219436855346
-0.09143329760790146,-0.03390550405210874,0.2999576123255018
-0.09143329760790146,0.4304014216997594,-0.12742544072928738
-0.09143329760790146,-0.2676250172707742,0.5067558638036251
0.7737572899930083,-0.9012093846668452,2.0094898245446564
-0.09143329760790146,-0.44701878411744855,-0.2515043916161612
0.34116199619255344,-1.130932769424748,2.9745483314425667
-0.09143329760790146,0.7776325838984699,-0.67888744467095
-0.09143329760790146,1.0574335784664717,-1.0924839476271972
-0.09143329760790146,-0.4571711104772242,-0.4583026430942848
-0.09143329760790146,-0.17006188097647607,-0.3755833425030355
-0.09143329760790146,0.5250844654097241,-0.003346489842413106
-0.09143329760790146,-1.079667121423611,2.133568775431531
-0.09143329760790146,-0.5474620129960802,-0.058492690236579443
-0.09143329760790146,-0.28090944431601256,1.4166681703073687
-0.09143329760790146,0.1912097325708603,-0.23771784151761965
-0.09143329760790146,-0.5316215037822458,-0.030919590039496084
0.297902466812508,-0.14590510442537863,0.6859810150846658
-0.09143329760790146,0.1961058899642273,-0.3617967924044939
-0.09143329760790146,-0.0035205272873900643,-0.3204371421088692
-0.0184328417790747,0.14386821071587802,-0.09985234053220401
-0.09143329760790146,-0.2507404744951189,-0.22393129141907828
-0.09143329760790146,-0.0615183917044064,-0.8581125959519905
-0.09143329760790146,-0.1602335650324379,0.9341389168584135
1.8552455244941457,-0.6521533784366038,0.24481141193133543
0.7737572899930083,0.6221075843444596,-0.3617967924044939
-0.09143329760790146,-0.06339045188422318,-0.7064605448680331
-0.09143329760790146,-0.36680820564375993,-0.4031564427001187
-0.09143329760790146,-0.6551414744928498,0.46539621350800037
1.9577023046047797,-0.05925031879424375,0.038013160453211646
-0.09143329760790146,0.5388369074999166,-0.4858757432913682
-0.09143329760790146,-0.10090365779516733,-0.4583026430942848
0.14815794203542743,-0.6612256700772544,0.9479254669569555
-0.09143329760790146,-0.13463674218917374,-0.3755833425030355
-0.09143329760790146,-0.22406361693272964,-0.30665059201032757
-0.09143329760790146,0.7554198698417975,-0.6375277943753255
-0.09143329760790146,3.025184834397743,-1.230349448612613
-0.09143329760790146,-0.7496805135735977,1.4580278206029933
-0.09143329760790146,-1.0009325903993935,-1.6715190517659433
-0.09143329760790146,0.9291614549917174,-0.4720891931928266
-0.09143329760790146,-0.9334304204540765,-0.3617967924044939
-0.09143329760790146,0.08594234861347001,-0.23771784151761965
-0.09143329760790146,-0.43092626680248497,0.038013160453211646
-0.09143329760790146,1.2396354355828711,-1.161416698119905
0.7737572899930083,-0.5091927827817485,0.644621364789041
0.8819061134431221,-1.5397979129281958,3.815527887453602
-0.09143329760790146,-0.9671635048480829,1.7751184728694496
-0.09143329760790146,1.9610626268011149,-0.9821915468388647
-0.05006960417678227,0.45927434985770305,-0.5961681440797006
-0.09143329760790146,0.5731820115680939,-0.1963581912219951
-0.09143329760790146,0.3011212658204884,-0.11363889063074559
-0.09143329760790146,0.1948098483012772,-0.5823815939811591
0.26845690479751905,0.0018076439936269544,0.2723845121284182
-0.09143329760790146,0.12064746425468897,-0.67888744467095
-0.09143329760790146,0.20661822789704465,-0.9546184466417815
-0.09143329760790146,0.1831814744920306,0.35510381271966773
-0.09143329760790146,0.4481139910934106,-0.6651008945724086
1.2511038210831655,0.7049462473013526,-0.4996622933899096
0.46476065156411195,-0.03401350752402125,-1.0511242973315726
2.133342499080152,-0.6499213066837453,-0.09985234053220401
-0.09143329760790146,0.9025565997439364,-0.43072954289720183
-0.09143329760790146,-0.48147189165753834,0.010440060256128479
-0.09143329760790146,-0.22589967595524227,0.2861710622269598
-0.09143329760790146,-0.34031135386789146,0.16209211134008591
2.244581288914555,-0.7546126721242689,0.32753071252258453
3.8019243465961927,-0.34841161426132955,-0.3893698926015769
-0.09143329760790146,-0.7958339972375424,0.39646346301529245
-0.09143329760790146,1.0407290414773374,-0.11363889063074559
-0.09143329760790146,-0.538065710939692,0.9065658166613307
-0.09143329760790146,-0.0953594795703253,-0.8856856961490736
-0.09143329760790146,-1.1755382033246133,2.9607617813440252
-0.09143329760790146,-0.1494692189984914,-0.04470614013803767
0.4550028629821468,2.0583377538369794,-1.2854956490067793
-0.09143329760790146,0.15031241787332428,-0.5410219436855346
-0.09143329760790146,-0.8884289738238652,-0.04470614013803767
-0.09143329760790146,1.3591592778327124,-0.94083189654324
-0.09143329760790146,0.26000794417912737,-0.4996622933899096
-0.09143329760790146,0.05098522487112187,-1.1200570478242806
-0.09143329760790146,-0.1646617073808507,-0.22393129141907828
1.5013039204755918,-0.3744044498349396,-0.030919590039496084
-0.09143329760790146,0.09274656734395796,-0.16878509102491193
-0.09143329760790146,0.45412618436320684,-0.33422369220741094
-0.09143329760790146,-1.1546935332454995,1.5407471211942432
2.5041384651948277,1.3405826806637613,-0.5961681440797006
0.008396385576818897,-0.4360024299823728,0.9892851172525803
-0.09143329760790146,0.5094959642970188,-0.5685950438826175
-0.09143329760790146,0.128747724648127,0.21723831173425187
-0.09143329760790146,-0.9645714215221828,1.196083368730704
-0.06663484127539132,-0.03426551562515043,-0.1963581912219951
0.39523640791761033,-0.5386417294565587,0.6584079148875822
-0.09143329760790146,-0.9552471217804029,0.8514196162671643
-0.09143329760790146,-0.6423610636498698,-0.04470614013803767
0.2442009820648653,-0.8231228744741026,0.961712017055497
1.2712418778635315,-1.0146130301749776,0.9754985671540386
-0.09143329760790146,-0.37091233757643516,0.42403656321237565
-0.05249972116586052,-0.8303591070922406,1.223656468927787
-0.09143329760790146,-0.8346072436541325,-0.04470614013803767
-0.05210645271695102,-0.3116904338110771,-0.43072954289720183
0.03691915220102472,-0.9849480765563424,0.9341389168584135
-0.037358885882844604,-0.6538814339872039,0.796273415872998
-0.09143329760790146,-0.6116880776267177,0.2723845121284182
0.001265693920767441,-0.8086144080805224,0.8514196162671643
-0.031535487697069244,-0.5153849818380656,0.0793728107488364
0.008396385576818897,-0.5719788011202193,0.8238465160700816
-0.02599871535237047,0.6357160218054355,-0.33422369220741094
0.8819061134431221,0.2724283434490657,-1.2027763484155298
-0.09143329760790146,-0.8053383027658431,1.1685102685336208
-0.09143329760790146,-1.1001877810869876,1.8716243235592407
-0.09143329760790146,-0.5025325686804772,0.3413172626211261
-0.09143329760790146,-0.6005637200197295,0.32753071252258453
-0.09143329760790146,-0.6874705137519936,0.6032617144934163
0.8819061134431221,0.30025723804518833,0.2999576123255018
-0.09143329760790146,-0.9273822260269761,0.9341389168584135
1.2063525837934632,4.501916305857454,-1.5750132010761524
-0.03952186235184687,-1.213375419651295,2.2162880760227797
-0.07072394843660308,0.18861764924496013,-0.16878509102491193
-0.09143329760790146,-0.778913453304583,0.31374416242404335
-0.09143329760790146,-0.44773880726353193,-0.5685950438826175
-0.09143329760790146,-0.9398746276115227,0.8927792665627895
-0.09143329760790146,-0.631344709514794,0.16209211134008591
-0.09143329760790146,-0.811710507608681,0.5481155140992499
-0.09143329760790146,-0.3823247044418568,-0.6513143444738668
-0.09143329760790146,-1.1458372485486739,0.7411272154788318
-0.09143329760790146,-0.47873580370242147,0.31374416242404335
-0.09143329760790146,-0.011260776107786408,-0.22393129141907828
-0.043953326337119826,-0.9325303915214723,1.4304547204059106
0.002382549240389968,0.7008781165259815,-0.9684049967403231
0.06430100816026231,-0.8593040375647925,0.8376330661686228
-0.01197701915475669,-1.096047647997008,1.2650161192234115
0.5315039254647537,-0.8514557852724836,0.7824868657744568
-0.09143329760790146,-0.5842911969182452,0.5619020641977915
-0.09143329760790146,-0.6928346861903147,-0.30665059201032757
-0.09143329760790146,-0.6642857684481087,-0.017133039940954692
-0.09143329760790146,-0.8850088638799691,1.0857909679423714
-0.09143329760790146,-0.8446515665419957,0.713554115281749
-0.09143329760790146,-1.1280166756831103,1.2925892194204947
-0.09143329760790146,-0.7719292287875742,0.9203523667598723
0.8246508539695324,-0.7853576604620293,0.6170482645919578
0.1000433078447589,-0.6776061966506512,0.3688903628182097
-0.09143329760790146,0.7660762124038316,-1.0924839476271972
-0.09143329760790146,-0.1614216032234755,-0.4583026430942848
-0.09143329760790146,-0.39535712338596596,0.10694591094591957
-0.09143329760790146,-0.540801798894809,0.7549137655773737
-0.09143329760790146,0.8869680986312313,-1.1752032482184467
-0.09143329760790146,0.04961718089356345,-0.34801024230595234
-0.09143329760790146,-0.6710539860212925,0.5756886142963331
-0.09143329760790146,-0.8823807793967648,0.644621364789041
-0.09143329760790146,-0.4247700689034721,0.05179971055175323
-0.09143329760790146,0.4057766301037078,-0.6926739947694918
-0.09143329760790146,1.4756950240263076,-1.423361149992195
-0.09143329760790146,0.10279089023182113,-0.94083189654324
-0.09143329760790146,-0.02857733277109172,-0.4583026430942848
0.297902466812508,1.290253062752533,-0.5548084937840759
-0.09143329760790146,-0.6050998658400548,-0.16878509102491193
-0.09143329760790146,-0.2065670544829035,0.13451901114300274
-0.09143329760790146,-0.02141310246756208,-0.1963581912219951
-0.09143329760790146,0.026936451791936947,-0.8856856961490736
-0.09143329760790146,0.24312340140347208,-0.7753932953607411
-0.09143329760790146,-0.4146177425436964,0.14830556124154431
-0.09143329760790146,0.04529704201706316,-0.4583026430942848
-0.09143329760790146,-0.4084255434873793,-0.6099546941782422
-0.09143329760790146,-0.06432648197413159,-0.7478201951636579
-0.09143329760790146,-0.4625712840728496,0.6308348146904991
-0.09143329760790146,-0.26100080432680706,-0.15499854092637036
-0.09143329760790146,-0.32961901014855327,-0.003346489842413106
2.2878408182946006,0.1014228462542627,-0.44451609299574324
-0.09143329760790146,0.20550219202061543,-0.8443260458534491
-0.09143329760790146,-0.44183461746564817,0.05179971055175323
-0.09143329760790146,0.08090218659088635,-0.7891798454592827
-0.09143329760790146,-0.15166528959404568,-0.3617967924044939
-0.09143329760790146,1.0055919119484682,-1.0924839476271972
-0.09143329760790146,-0.6011757396939004,-0.18257164112345334
-0.09143329760790146,-0.07195872732261542,0.796273415872998
-0.09143329760790146,-0.1935346355387943,-0.8581125959519905
-0.09143329760790146,0.6464083655247738,-1.1200570478242806
-0.09143329760790146,0.22710288640311685,-0.33422369220741094
-0.09143329760790146,0.1494843912553284,-0.6099546941782422
-0.09143329760790146,-0.4820839113317092,-0.058492690236579443
-0.09143329760790146,-0.3374672624408621,-0.07227924033512104
-0.09143329760790146,-0.10435976889636756,-0.33422369220741094
-0.09143329760790146,0.16579291551411696,-0.8167529456563658
-0.09143329760790146,-0.421349958959576,0.31374416242404335
-0.09143329760790146,0.2800965899548537,-0.8581125959519905
-0.09143329760790146,-0.3478355957444628,-0.4996622933899096
-0.09143329760790146,-0.030989410310471047,-0.8581125959519905
-0.09143329760790146,-0.6359168564924236,0.21723831173425187
-0.09143329760790146,-0.21661137737076663,-0.6513143444738668
-0.09143329760790146,-0.6167642408066056,-0.30665059201032757
-0.09143329760790146,-0.12808453155981497,-0.41694299279866026
-0.09143329760790146,0.34911080850694576,-1.2854956490067793
-0.09143329760790146,-0.0070846418605028,-0.21014474132053668
-0.09143329760790146,1.2211308407285284,-1.1752032482184467
-0.09143329760790146,-0.15616543425706683,0.1896652115371691
-0.04616169709390037,0.40131248659799085,-0.4720891931928266
-0.09143329760790146,0.23340308893134643,-0.3755833425030355
-0.09143329760790146,-0.7515525737534144,0.12073246104446116
-0.09143329760790146,0.30014923457327586,-0.5961681440797006
-0.09143329760790146,-0.32965501130585745,-0.5410219436855346
-0.09143329760790146,-0.43027824597100994,0.5067558638036251
-0.09143329760790146,-0.22089551508996277,-0.8167529456563658
-0.09143329760790146,0.5208003276905279,-0.6926739947694918
-0.09143329760790146,-0.23169586228121347,-0.3617967924044939
-0.09143329760790146,0.6467323759405113,-1.133843597922822
-0.09143329760790146,-0.23237988426999268,-0.41694299279866026
-0.09143329760790146,-0.559342394906456,-0.265290941714703
-0.09143329760790146,0.3258900620457567,-1.1200570478242806
-0.09143329760790146,0.6891777404021265,-1.0924839476271972
-0.09143329760790146,-0.19533469340400275,-0.8167529456563658
-0.09143329760790146,-0.16005355924591708,-0.4996622933899096
-0.09143329760790146,-0.18190626172954769,-0.7064605448680331
-0.09143329760790146,0.13112380103020216,-0.6099546941782422
-0.09143329760790146,0.2487755831002266,-0.5685950438826175
-0.09143329760790146,-0.5059166774670691,0.1758786614386275
-0.09143329760790146,0.002419663667797828,-0.9132587963461567
-0.09143329760790146,-0.3270629279799573,-0.12742544072928738
-0.09143329760790146,-0.29361785284438424,-0.2515043916161612
-0.09143329760790146,0.09080250484953284,-0.5823815939811591
-0.09143329760790146,0.29410104014617544,-0.8718991460505322
-0.09143329760790146,-0.32396682845179875,0.06558626065029481
-0.09143329760790146,-0.607691949165955,0.14830556124154431
-0.09143329760790146,-0.5817351147496491,-0.3893698926015769
-0.09143329760790146,-0.1646617073808507,-1.037337747233031
-0.09143329760790146,-0.2028229341232699,-0.04470614013803767
-0.09143329760790146,-0.537201683164392,0.20345176163571066
-0.09143329760790146,-0.23716803819144716,-0.2790774918132446
-0.09143329760790146,1.060493676837326,-0.67888744467095
-0.09143329760790146,0.6563086837834202,-1.037337747233031
-0.09143329760790146,-0.20645905101099096,-0.5410219436855346
-0.09143329760790146,0.7091223815486362,-1.064910847430114
-0.09143329760790146,1.5394530736119911,-1.0235511971344895
-0.09143329760790146,-0.1378048440319406,-0.43072954289720183
-0.09143329760790146,0.34421465111357874,-0.7753932953607411
-0.09143329760790146,0.29953721489910495,-0.6375277943753255
-0.09143329760790146,-0.08589117519932885,-0.6099546941782422
-0.09143329760790146,-0.30384218151876824,-0.3204371421088692
-0.09143329760790146,-0.18205026635876437,-0.41694299279866026
-0.09143329760790146,-0.4247340677461679,-0.3893698926015769
-0.09143329760790146,0.5005676772855849,-1.133843597922822
-0.09143329760790146,-0.1877024480555189,0.16209211134008591
-0.09143329760790146,0.17889733677283448,-0.7064605448680331
-0.09143329760790146,-0.7653410170009113,-0.23771784151761965
-0.09143329760790146,0.0917745360967454,-0.44451609299574324
-0.09143329760790146,0.4057766301037078,-0.4720891931928266
-0.09143329760790146,0.6416202116033193,-1.2441359987111547
-0.09143329760790146,0.3123896280566933,-1.0511242973315726
-0.09143329760790146,0.45527822139694024,-0.9959780969374062
-0.09143329760790146,-0.3467915621826419,-0.16878509102491193
-0.09143329760790146,-0.5081487492199276,0.4378231133109172
-0.09143329760790146,0.9894993946335047,-1.0235511971344895
-0.09143329760790146,0.3291661673604361,-1.0235511971344895
-0.09143329760790146,0.2037741364700153,-0.9546184466417815
-0.09143329760790146,0.42082511385685045,-0.6237412442767839
-0.09143329760790146,-0.31442652176619396,0.6997675651832069
-0.09143329760790146,-0.60877198388508,-0.2790774918132446
-0.09143329760790146,-0.1951546876174819,-0.292864041911786
-0.09143329760790146,0.29802516629232984,-0.6099546941782422
-0.09143329760790146,0.15693663081729137,-0.7616067452621995
-0.09143329760790146,3.394196696765476,-1.2441359987111547
-0.09143329760790146,1.717694803424932,-1.1200570478242806
-0.09143329760790146,0.9757109513860079,-1.133843597922822
-0.09143329760790146,-0.5554182687603015,-0.16878509102491193
-0.09143329760790146,0.5492772431181256,-1.037337747233031
-0.09143329760790146,0.781700714673841,-1.2579225488096961
-0.09143329760790146,0.158772689839804,-0.9270453464446984
0.6164499104292066,-1.2619409808546191,1.154723718435079
-0.09143329760790146,0.2122704095937992,-1.1200570478242806
-0.09143329760790146,0.1545965555925204,-0.4720891931928266
-0.09143329760790146,1.2338392492569001,-1.2165628985140715
-0.09143329760790146,-0.23558398727006374,-0.44451609299574324
-0.09143329760790146,-0.553402203951268,-0.4583026430942848
-0.09143329760790146,-0.4982124298039769,-0.09985234053220401
-0.09143329760790146,-0.247140358764702,0.13451901114300274
-0.09143329760790146,0.3227219602029898,0.010440060256128479
-0.09143329760790146,0.9568823461159276,-0.5548084937840759
-0.09143329760790146,0.2973771454608548,-0.5548084937840759
-0.09143329760790146,-0.7817935458889165,-0.5685950438826175
-0.09143329760790146,0.43911370176736836,-1.3268552993024039
-0.09143329760790146,1.546041285398654,-0.8029663955578242
-0.09143329760790146,-0.38387275420593603,-0.2515043916161612
-0.09143329760790146,-0.09715953743553375,0.12073246104446116
-0.09143329760790146,-0.3663401905988057,0.14830556124154431
-0.09143329760790146,0.33327029929311136,-1.0511242973315726
-0.09143329760790146,-0.34232741867692495,-0.3893698926015769
-0.09143329760790146,-0.4875200860846387,-0.5548084937840759
-0.09143329760790146,0.4720907618579872,-1.037337747233031
-0.09143329760790146,0.9761069641163539,-0.9959780969374062
-0.09143329760790146,1.0158522417801565,-0.6375277943753255
-0.09143329760790146,0.012067973825315133,-0.6099546941782422
-0.09143329760790146,0.3576430827880338,-0.8167529456563658
-0.09143329760790146,1.1795135028849089,-0.9684049967403231
-0.09143329760790146,1.5528095029718378,-1.230349448612613
-0.09143329760790146,-0.5089407746806193,0.31374416242404335
-0.09143329760790146,0.2155465149084786,-0.30665059201032757
-0.09143329760790146,-0.08963529555896242,0.09315936084737798
-0.09143329760790146,0.4447298823068187,-0.8581125959519905
-0.09143329760790146,-0.6328927592788733,1.651039521982576
-0.09143329760790146,0.8092776011688345,-1.1889897983169881
-0.09143329760790146,-0.5746068856034237,-0.265290941714703
-0.09143329760790146,0.9332295857670885,-1.3682149495980287
-0.09143329760790146,0.6848576015256262,-0.9821915468388647
-0.09143329760790146,0.2930930077416587,-1.0511242973315726
-0.09143329760790146,1.2241549379420786,-1.0235511971344895
-0.09143329760790146,-0.8301431001484155,0.32753071252258453
-0.09143329760790146,0.5325727061289912,-0.5685950438826175
-0.09143329760790146,-0.3743684486776354,-0.5272353935869928
-0.09143329760790146,-0.32814296269908233,-0.6099546941782422
-0.09143329760790146,-0.21535133686512073,0.024226610354670254
-0.09143329760790146,0.0791021287256779,-0.33422369220741094
-0.09143329760790146,-0.2991260299119221,-0.2515043916161612
-0.09143329760790146,-0.05694624472677693,-0.5823815939811591
-0.09143329760790146,0.7574719358081352,-1.064910847430114
-0.09143329760790146,0.08147820510775305,0.1896652115371691
-0.09143329760790146,0.09861475598453752,-0.5272353935869928
-0.09143329760790146,0.34824678073164567,-0.8581125959519905
-0.09143329760790146,-0.13344870399813616,0.13451901114300274
-0.09143329760790146,0.9000365187326447,-1.3130687492038624
-0.09143329760790146,-0.07937496572727425,-0.5685950438826175
-0.09143329760790146,0.12115148045694735,-0.8305394957549074
-0.09143329760790146,0.5191802756118403,-1.1889897983169881
-0.09143329760790146,1.4910315170378836,-1.4647208002878198
-0.09143329760790146,-0.6474372268297576,1.0030716673511215
-0.09143329760790146,-0.8284150445978155,1.4993874708986186
-0.09143329760790146,-0.6416410405037865,0.35510381271966773
-0.09143329760790146,-0.07350677708669469,-0.6237412442767839
-0.09143329760790146,0.06326161951184352,-0.6237412442767839
-0.09143329760790146,-0.2184114352359751,-0.5410219436855346
-0.09143329760790146,0.27001626590968636,-0.8581125959519905
0.8819061134431221,-0.05845829333355203,-0.67888744467095
-0.09143329760790146,-0.7164514453818497,-0.003346489842413106
-0.09143329760790146,0.0791021287256779,-0.8581125959519905
-0.09143329760790146,0.5360288172301915,-0.5134488434884512
-0.09143329760790146,1.2276110490432788,-1.0511242973315726
-0.09143329760790146,1.7809848379656612,-1.3130687492038624
-0.09143329760790146,-0.12912856512163587,-0.8167529456563658
-0.09143329760790146,0.8637473521700423,-1.2027763484155298
0.2625083064106526,0.06308161372532267,-0.5548084937840759
-0.09143329760790146,-0.2752932637765622,0.024226610354670254
-0.09143329760790146,-0.03473353067010463,-0.33422369220741094
-0.09143329760790146,0.3470587425406081,-0.9959780969374062
38.842143144433045,1.4211532707104917,-0.5961681440797006
-0.09143329760790146,0.10088282889470017,-0.4031564427001187
-0.09143329760790146,-0.4077775226559043,0.09315936084737798
-0.09143329760790146,-0.12146031861584786,-0.6375277943753255
-0.09143329760790146,0.4863832213077423,-1.2027763484155298
-0.09143329760790146,-0.4625712840728496,-0.15499854092637036
0.9097158109017227,0.4319494714638387,-0.7064605448680331
-0.09143329760790146,-0.1950106829882652,0.479182763606542
-0.09143329760790146,0.5105039967015356,0.2723845121284182
-0.09143329760790146,-0.3198266953618193,-0.3893698926015769
-0.09143329760790146,-0.45447102367941156,0.4516096634094588
0.3666087781808155,0.42575727240752165,-1.037337747233031
-0.09143329760790146,0.7854448350334746,-1.3406418494009456
-0.09143329760790146,-0.43024224481370577,-0.6375277943753255
-0.09143329760790146,-0.4423746348252107,-0.3617967924044939
0.7737572899930083,0.1691050219861005,-1.4647208002878198
-0.09143329760790146,-0.559342394906456,-0.11363889063074559
-0.09143329760790146,0.5715619594894062,-1.1476301480213638
0.37576961969658984,-0.505448662422115,0.3413172626211261
-0.09143329760790146,-0.2971099651028886,0.14830556124154431
-0.09143329760790146,1.8160499651799218,-1.2027763484155298
-0.09143329760790146,-0.4681154622976916,-0.21014474132053668
-0.09143329760790146,-0.3227067879461528,-0.30665059201032757
-0.09143329760790146,3.624208090781812,-1.4509342501892781
-0.09143329760790146,1.0099120508249686,-1.2854956490067793
-0.09143329760790146,2.8814682144395007,-1.5887997511746939
-0.09143329760790146,1.895540520507527,-1.3406418494009456
-0.09143329760790146,0.6038189964339418,-1.2441359987111547
1.2063525837934632,-0.5996276899298211,-0.8581125959519905
-0.09143329760790146,0.040688893882129526,-0.7616067452621995
-0.09143329760790146,-0.6598576260996959,0.4102500131138341
-0.09143329760790146,0.035756735331458366,-1.1200570478242806
0.46476065156411195,-0.8659282505087595,-0.5685950438826175
-0.09143329760790146,0.892440274541465,-1.2441359987111547
-0.09143329760790146,-0.21938346648318766,-0.8167529456563658
-0.09143329760790146,-0.4893201439498472,-0.18257164112345334
-0.09143329760790146,0.05660140541057224,-0.9546184466417815
-0.09143329760790146,0.20327012026775693,-0.8994722462476153
-0.09143329760790146,1.393144370327848,-1.4509342501892781
-0.09143329760790146,-0.576154935367503,0.3688903628182097
-0.09143329760790146,1.1524046314348697,-1.2165628985140715
-0.09143329760790146,-0.3704083213741768,0.6721944649861241
-0.09143329760790146,0.10192686245652106,-0.4858757432913682
-0.09143329760790146,-0.4381264982633188,-0.3755833425030355
-0.09143329760790146,-0.12686049221147322,-0.5134488434884512
-0.09143329760790146,-0.24001212961847654,-0.030919590039496084
-0.09143329760790146,0.6185794709286511,-1.2027763484155298
-0.09143329760790146,0.7586239728418687,-1.0511242973315726
-0.09143329760790146,-0.11044396448077214,-0.6651008945724086
-0.09143329760790146,-0.30942236090091446,0.31374416242404335
-0.09143329760790146,-0.06972665556975693,-0.5961681440797006
-0.09143329760790146,0.4040845757104119,-0.8581125959519905
-0.09143329760790146,-0.5209291600629076,-0.30665059201032757
-0.09143329760790146,2.9591947130592016,-1.6715190517659433
-0.09143329760790146,-0.3594639695537094,0.06558626065029481
-0.09143329760790146,-0.33019502866542,0.713554115281749
-0.09143329760790146,0.2033061214250611,-1.5474401008790692
-0.09143329760790146,0.40318454677780763,-0.8856856961490736
-0.09143329760790146,0.7372392854031922,-0.8718991460505322
-0.09143329760790146,1.1134873803890628,-0.9546184466417815
-0.09143329760790146,-0.11703217626743506,-0.4720891931928266
-0.09143329760790146,0.023552343005345058,-0.30665059201032757
-0.09143329760790146,-0.07689088587328657,-1.133843597922822
-0.09143329760790146,0.020672250421011534,-1.037337747233031
-0.09143329760790146,0.3574270758442088,-1.1752032482184467
0.46476065156411195,-0.7007189396399278,0.6721944649861241
-0.09143329760790146,0.18328947796394313,-0.5548084937840759
-0.09143329760790146,0.2965131176855548,-0.67888744467095
-0.09143329760790146,-0.2739612209563079,0.2723845121284182
-0.09143329760790146,-0.39859722754334115,0.10694591094591957
0.9302279281761516,0.544453088039367,-0.34801024230595234
-0.09143329760790146,0.2861087832246499,-1.0924839476271972
-0.09143329760790146,1.1188875539846883,-0.8443260458534491
-0.09143329760790146,-0.927994245701147,-0.23771784151761965
-0.09143329760790146,-0.2152793345505124,-0.3755833425030355
-0.09143329760790146,-0.0888432700982707,-0.5823815939811591
-0.09143329760790146,0.6368320576818648,-1.133843597922822
-0.09143329760790146,-0.5779189920754072,-1.0097646470359478
-0.09143329760790146,-0.5677306645583273,-0.21014474132053668
-0.09143329760790146,-0.567658662243719,-0.12742544072928738
-0.09143329760790146,-0.5474620129960802,1.2098699188292452
-0.09143329760790146,0.012499987712965161,-0.9821915468388647
-0.09143329760790146,-0.0002804231300148502,-0.8718991460505322
-0.09143329760790146,0.1414201320191945,-0.3617967924044939
-0.09143329760790146,-0.002620498354785838,-0.8305394957549074
-0.09143329760790146,-0.1500092363580539,-0.6375277943753255
-0.09143329760790146,-0.09769955479509629,-0.2515043916161612
-0.09143329760790146,-0.1950106829882652,-0.5823815939811591
-0.09143329760790146,0.6273637533108682,-1.037337747233031
-0.09143329760790146,-0.6126961100312345,-0.003346489842413106
-0.09143329760790146,-0.39791320555456194,-0.058492690236579443
-0.09143329760790146,-0.6079799584243883,-0.23771784151761965
-0.09143329760790146,0.8623793081924839,-0.8856856961490736
-0.09143329760790146,-0.5404417873217672,-0.14121199082782876
-0.09143329760790146,0.7460235677854095,-1.037337747233031
-0.09143329760790146,-0.3143185182942814,0.23102486183279383
-0.09143329760790146,0.7558158825721435,-0.7478201951636579
-0.09143329760790146,0.0514172387587719,-0.3755833425030355
0.5075448015004208,-0.5683786853898024,0.09315936084737798
-0.09143329760790146,1.1513245967157446,-0.9132587963461567
-0.09143329760790146,1.3991565635976444,-1.6025863012732353
-0.09143329760790146,-0.6020397674692004,1.3201623196175778
-0.09143329760790146,-0.09334341476129183,-0.4031564427001187
-0.09143329760790146,0.018764189083890576,-0.7478201951636579
-0.09143329760790146,-0.24022813656230155,-0.2790774918132446
-0.09143329760790146,-0.5221171982539452,-0.5548084937840759
-0.09143329760790146,-0.5509181240972804,0.14830556124154431
-0.09143329760790146,-0.5179050628493574,0.1758786614386275
-0.09143329760790146,-0.10234370408733409,-0.4720891931928266
-0.09143329760790146,-0.41641780040890486,-0.44451609299574324
-0.09143329760790146,0.5441290776236295,-0.18257164112345334
-0.09143329760790146,0.39897241137321987,-1.064910847430114
-0.09143329760790146,0.015488083769211191,-1.0097646470359478
-0.09143329760790146,0.34374663606862454,-0.8443260458534491
-0.09143329760790146,0.01404803747704443,-0.7616067452621995
-0.09143329760790146,-0.7372961154609635,0.20345176163571066
-0.09143329760790146,0.7927530699662209,-1.0097646470359478
-0.09143329760790146,0.6392441352212441,-0.6237412442767839
-0.09143329760790146,0.5214123473646988,-0.8994722462476153
-0.09143329760790146,-0.5003004969276187,-0.8305394957549074
-0.09143329760790146,0.19736593046987322,-1.0924839476271972
-0.09143329760790146,0.14466023617656973,-0.67888744467095
-0.09143329760790146,-0.2994500403276596,-0.30665059201032757
-0.09143329760790146,-0.4811118800844966,0.09315936084737798
-0.09143329760790146,-0.3519037265198339,-0.3755833425030355
-0.09143329760790146,-0.11537612303144329,-0.7202470949665748
-0.09143329760790146,-0.3934130608915408,-0.265290941714703
-0.09143329760790146,0.011599958780360934,-0.8305394957549074
-0.09143329760790146,0.4306894309581928,-0.22393129141907828
-0.09143329760790146,-0.30546223359745583,0.23102486183279383
-0.09143329760790146,0.2716003168310698,-0.9684049967403231
-0.09143329760790146,-0.5855872385811952,0.644621364789041
-0.09143329760790146,0.7294630354254917,-1.4371477000907367
-0.09143329760790146,0.022868321016565846,-0.16878509102491193
-0.09143329760790146,0.9032766228900199,-1.0097646470359478
-0.09143329760790146,-0.28825368040606303,0.14830556124154431
-0.09143329760790146,0.06513367969166031,-0.5134488434884512
-0.09143329760790146,-0.19767476862877373,-0.292864041911786
-0.09143329760790146,0.2390192694707968,-0.9821915468388647
-0.09143329760790146,-0.459043170657041,0.10694591094591957
-0.09143329760790146,0.005803772454389718,-0.5961681440797006
-0.09143329760790146,0.3367984127089199,-0.44451609299574324
-0.09143329760790146,-0.514412950590853,0.4378231133109172
-0.09143329760790146,-0.18295029529136858,-0.09985234053220401
-0.09143329760790146,0.01516407335347367,-0.9546184466417815
-0.09143329760790146,0.3923121972719486,-0.8856856961490736
-0.09143329760790146,-0.2638808969111406,-0.5548084937840759
-0.09143329760790146,-0.6326767523350483,-0.08606579043366243
-0.09143329760790146,0.5654057615903934,-0.9270453464446984
-0.09143329760790146,-0.4102976036671961,-0.017133039940954692
-0.09143329760790146,-0.5284174007821748,0.038013160453211646
-0.09143329760790146,-0.3773565447338814,-0.4031564427001187
-0.09143329760790146,-0.21171521997739964,-0.67888744467095
-0.09143329760790146,-0.6254765208742145,-0.41694299279866026
-0.09143329760790146,-0.2505964698659022,-0.3893698926015769
-0.09143329760790146,-0.03736161515330897,-0.5548084937840759
-0.09143329760790146,-0.6589215960097875,-0.003346489842413106
-0.09143329760790146,-0.44046657348808976,-0.11363889063074559
-0.09143329760790146,0.06930981393894392,-0.3617967924044939
-0.09143329760790146,-0.48316394605083424,-0.4720891931928266
-0.09143329760790146,1.033456807701895,-0.5272353935869928
-0.09143329760790146,0.9705627858915118,-0.003346489842413106
-0.09143329760790146,0.08554633588312416,-0.9821915468388647
-0.09143329760790146,0.6775133654355757,-1.2027763484155298
-0.09143329760790146,-0.573850861300036,0.24481141193133543
-0.09143329760790146,-0.43114227374631,0.46539621350800037
-0.09143329760790146,-0.15929753494252952,-0.5410219436855346
-0.09143329760790146,0.08327826297296151,-0.5685950438826175
-0.09143329760790146,-0.2584087210009069,-0.14121199082782876
-0.09143329760790146,-0.28090944431601256,-0.6099546941782422
-0.09143329760790146,0.7889369472919789,-1.1752032482184467
-0.09143329760790146,0.6557686664238577,-1.0924839476271972
-0.09143329760790146,1.2756005917297362,-1.2854956490067793
-0.09143329760790146,0.12475159618736424,0.6721944649861241
-0.09143329760790146,-0.17978219344860172,-0.5961681440797006
-0.09143329760790146,0.29561308875295056,-0.4720891931928266
-0.09143329760790146,1.37442376852968,-1.2165628985140715
-0.09143329760790146,-0.03268146470376699,-0.8305394957549074
-0.09143329760790146,-0.10842789967173866,-0.6237412442767839
-0.09143329760790146,-0.3098183736312603,-0.3204371421088692
-0.09143329760790146,-0.7062631178647698,0.05179971055175323
-0.09143329760790146,-0.40216134211645393,0.010440060256128479
-0.09143329760790146,0.7692443142465984,-0.8443260458534491
-0.09143329760790146,-0.18295029529136858,0.13451901114300274
-0.09143329760790146,-0.5614664631874019,-0.017133039940954692
-0.09143329760790146,-0.3700843109584393,-0.265290941714703
-0.09143329760790146,0.29183296723601276,-0.8029663955578242
-0.09143329760790146,0.6081031341531379,-0.7616067452621995
-0.09143329760790146,0.42845735920533434,-1.037337747233031
-0.09143329760790146,-0.08679120413193307,-0.2515043916161612
-0.09143329760790146,-0.4575671232075701,-0.30665059201032757
-0.09143329760790146,-0.17668609392044318,0.16209211134008591
-0.09143329760790146,-0.17823414368452245,-0.8167529456563658
-0.09143329760790146,0.4968595580832555,-1.3682149495980287
-0.09143329760790146,-0.8990853163858993,0.05179971055175323
-0.09143329760790146,2.3498391245288364,-0.9546184466417815
-0.09143329760790146,-0.06915063705289023,-0.7064605448680331
-0.09143329760790146,-0.5481820361421635,1.6648260720811172
0.4208506029452688,-0.9070055709928164,1.2788026693219532
-0.09143329760790146,-0.23734804397796802,-0.6375277943753255
-0.09143329760790146,0.47241477227372475,-0.7891798454592827
-0.09143329760790146,0.6519885449069199,-1.1752032482184467
-0.09143329760790146,-0.7147953921458579,0.713554115281749
-0.09143329760790146,-0.3574119035873718,-0.43072954289720183
-0.09143329760790146,-0.4421586278813857,-0.15499854092637036
-0.09143329760790146,-0.2767693112260331,-0.6513143444738668
-0.09143329760790146,-0.16894584510004684,-0.33422369220741094
-0.09143329760790146,0.03950085569109194,-0.7340336450651164
-0.09143329760790146,0.7106344301554113,-1.3130687492038624
-0.09143329760790146,1.2728285026173152,-0.9684049967403231
-0.09143329760790146,-0.6595336156839584,1.582106771489868
-0.09143329760790146,-0.33714325202512463,1.6923991722782004
-0.09143329760790146,-0.013384844388732383,0.5619020641977915
-0.09143329760790146,-0.7337320008878508,-0.09985234053220401
-0.09143329760790146,0.10577898628806716,-0.08606579043366243
-0.09143329760790146,-0.03696560242296311,-0.3204371421088692
-0.09143329760790146,-0.31464252871001896,0.024226610354670254
-0.09143329760790146,0.6658129893117208,-0.15499854092637036
-0.09143329760790146,-0.6029757975591088,0.14830556124154431
-0.09143329760790146,0.08943446087197442,-0.4996622933899096
-0.09143329760790146,-0.15602142962785015,-0.7202470949665748
-0.09143329760790146,0.18649358096401417,-0.41694299279866026
-0.09143329760790146,0.11225919460281758,-0.94083189654324
-0.09143329760790146,-0.0438418234680594,-0.6237412442767839
-0.09143329760790146,-0.7436323191464973,0.258597962029877
-0.09143329760790146,0.003067684499272871,-0.4720891931928266
-0.09143329760790146,-1.0043887015005937,2.1473553255300715
-0.09143329760790146,-0.28454556120373364,-0.058492690236579443
-0.09143329760790146,-0.045029861659096976,-0.7064605448680331
-0.09143329760790146,-0.38606882480149035,-0.5685950438826175
-0.09143329760790146,-0.6454211620207242,-0.5823815939811591
-0.09143329760790146,-0.012448814298823987,-0.18257164112345334
-0.09143329760790146,-0.2969299593163678,0.10694591094591957
-0.09143329760790146,-0.39719318240847856,0.6032617144934163
-0.09143329760790146,-0.06180640096283975,-0.07227924033512104
-0.09143329760790146,0.251835681471081,-0.9270453464446984
-0.09143329760790146,0.0947986333102956,0.6584079148875822
-0.09143329760790146,-0.7399241999441679,1.1409371683365372
-0.09143329760790146,0.4445138753629937,-1.0097646470359478
-0.09143329760790146,-0.6634217406728087,0.0793728107488364
-0.09143329760790146,0.11024312979378412,0.31374416242404335
-0.09143329760790146,0.8042374391462508,-0.6926739947694918
-0.09143329760790146,-0.17830614599913078,-0.30665059201032757
-0.09143329760790146,-0.07051868103044866,0.3688903628182097
-0.09143329760790146,0.9402858125987056,-0.7340336450651164
-0.09143329760790146,-0.35957197302562194,-0.16878509102491193
-0.09143329760790146,-0.287605659574588,-0.22393129141907828
-0.09143329760790146,-0.5498380893781554,0.4378231133109172
-0.09143329760790146,0.20111005082950678,0.0793728107488364
-0.09143329760790146,0.3266100851918401,0.8376330661686228
-0.09143329760790146,0.4118248245308082,-1.0235511971344895
-0.09143329760790146,-0.31896266758651926,-0.3617967924044939
-0.09143329760790146,-0.4448587146791984,0.06558626065029481
-0.09143329760790146,0.4577623012509279,-0.9546184466417815
-0.09143329760790146,-0.524853286209062,-0.43072954289720183
-0.09143329760790146,0.9160570337329998,-0.6926739947694918
-0.09143329760790146,-0.3026181421704265,-0.04470614013803767
-0.09143329760790146,-0.16354567150442148,-0.8167529456563658
1.0765739956533267,-0.8432835225644372,0.31374416242404335
0.5574596430927808,0.31537772411293935,-0.2790774918132446
0.15190155515485443,-1.0414698935238877,1.4166681703073687
0.005900643497200897,-0.13521276070604044,0.46539621350800037
3.8019243465961927,0.24222337247086784,-0.3755833425030355
3.8019243465961927,-0.5359056415014419,-0.4858757432913682
0.6872382312329174,-1.3271750778897733,1.0168582174496634
1.0209546007361254,-0.5732388416258652,0.9341389168584135
-0.09143329760790146,-0.4496468686006529,1.4993874708986186
0.8819061134431221,-0.8316551487551906,0.14830556124154431
1.8552455244941457,0.6614568492779164,-0.30665059201032757
1.2063525837934632,0.1902737024809519,0.24481141193133543
0.11348026261336665,-0.7060471109209449,1.2098699188292452
0.322753685818066,-0.8701043847560431,1.0444313176467461
0.4109354306764978,-1.6093881499971545,3.098627282329441
0.297902466812508,-0.466927424106654,2.0646360249388227
0.08965310444810291,0.18498153235723905,-0.030919590039496084
-0.09143329760790146,-0.6250445069865644,0.46539621350800037
1.4496874365562191,0.28430872535944146,-0.3755833425030355
0.3278513717679241,0.42532525851987163,0.09315936084737798
1.2063525837934632,-1.300282213383559,2.7815366300629836
0.8581661278077313,-0.4430586568139899,0.9892851172525803
2.3419152300196573,-0.972311670342579,0.5067558638036251
-0.04864914767159273,0.9112688798115454,-0.7753932953607411
-0.09143329760790146,-0.5098408036132235,-0.003346489842413106
0.9045419137001227,1.0821663735344358,-1.161416698119905
0.13318348955771936,-0.8792486787113021,1.8164781231650744
-0.02544418499427275,-0.6373929039418944,0.4516096634094588
-0.04215028945341926,-0.8014501777769928,1.196083368730704
1.2063525837934632,0.7880369183593747,-0.11363889063074559
0.9703915144477605,-0.5972876147050501,-0.4031564427001187
1.6013308955243133,0.29568509106755886,-0.4583026430942848
0.6207662714538231,-1.3372194007776366,3.071054182132357
1.2063525837934632,-0.7908298363722629,1.3339488697161195
0.16812387867237147,-0.10911192166051788,0.0793728107488364
-0.054703508511636426,-0.5930754793004623,0.865206166365706
0.17707412613031193,0.6156993783443175,-1.2027763484155298
0.040544927619355964,-0.06457849007526077,-0.08606579043366243
