3i. Percent of fleet that is electric,4b. Number of students in district,4e. Percentage of students in district eligible for free or reduced price lunch,4g. Percent of population below the poverty level
0.01498726376839015,-0.26229688232331266,1.0649299616753398,0.49324540737307504
-0.145180961790023,-0.33059276982984415,1.7000502046275414,1.1941006304727027
-0.08834707530155382,-0.35452927059579886,-0.2568319063253504,-0.8792627378636968
0.36632401660619957,-0.3198689246854638,-1.0430097862254548,-0.12000291283909967
-0.2872656780111959,-0.17690872286311016,-1.880627700520303,-1.5509156600008405
-0.145180961790023,0.9412259841704032,-0.3044963653732603,-0.8208581359387278
-0.23301514999947534,-0.2373355772432192,0.014728314133533288,0.6684592131479818
-0.23698954765601163,-0.08376133073871438,0.8550620190546777,0.5516500092980438
-0.11509243364906871,0.5030855397220173,-0.039988175086380084,0.12821664534201843
-0.3156826212554305,-0.3317639747602884,-1.880627700520303,-0.12000291283909967
-0.23544654621288577,-0.27166652176686684,-0.6943908485081337,-1.1566845970072996
-0.1641255906195127,-0.014587039534349715,-0.5624088621010488,-0.7770546844950009
-0.042879966110778454,-0.34486682991963363,-0.7439980365506749,-0.9230661893074235
-0.145180961790023,-0.043940363103609215,-0.6405695992811061,-1.010673092194877
-0.17928129368310447,-0.3529920641245908,1.412482808100124,0.4640431064105901
-0.29164714503123207,0.1429766237644809,-0.5813891150045788,-0.9960719417136348
-0.17928129368310447,-0.36294730603336706,0.003939617978562366,0.3034304511169256
0.36632401660619957,-0.36104409802139514,-1.880627700520303,-0.45582937390767153
0.059915237277061426,-0.1511788145474126,0.888632177647428,1.0334879751790385
-0.08834707530155382,-0.32612755103252533,-0.4579476399928113,-0.587239728238852
-0.24426831362594045,2.5537555724677037,0.5875072645104317,0.3326327520794101
-0.08834707530155382,-0.3423414192883632,0.41481426526132836,-0.04699716043288834
-0.145180961790023,-0.2689764104422526,0.05828709874025161,-0.12000291283909967
0.26889449691168094,-0.3503202528770148,-0.08638822735253798,-1.244291499894753
-0.11749265811615336,0.2199467477871152,0.21264017457766057,-0.601840878720094
0.12561579147856544,0.17902777552971855,0.03904950368709265,-0.193008665245311
-0.24073683687503158,1.108927890148392,1.2206021477008047,1.135696028547734
-0.2788173975872343,-0.14470058727589274,0.5039376248266323,0.1428177958232607
0.3176092567589403,-0.09228916663851171,1.359101382922826,0.05521089293580711
-0.3032825005670372,-0.06769386309918206,0.27758312337457774,0.15741894630450337
0.2089378694073619,-0.23228475598067827,-0.3721553582864662,-1.0982799950823305
0.005261678914748353,-0.2520854393360017,-0.32668412348509474,0.9312799218103426
-0.08834707530155382,-0.3584088869278955,-0.5566795675244612,-1.0398753931573614
1.0483306544678295,-0.35021045241478566,-0.6560668585000444,-0.12000291283909967
0.10401377127480342,-0.34991765118217455,0.42776677875586044,1.8365512516473623
-0.145180961790023,-0.3646309131208807,0.3309674761886598,-0.12000291283909967
0.7252748786386366,-0.21680289080636808,-0.34791970021596635,-0.8500604369012124
-0.19168141437149774,-0.31159728986420115,-0.6555968285547583,-1.0836788446010883
-0.13381418449232915,-0.3409506134334606,-0.22299918778752467,-0.6164420292013363
-0.2824140047743754,-0.30625366736904913,1.1682237208202548,-0.3828236215014602
-0.145180961790023,-0.2689764104422526,0.05828709874025161,-0.12000291283909967
0.29054550128824064,-0.3285431612015667,-1.880627700520303,1.486123640097548
-0.25637769622398443,-0.2211949092955341,0.863930031642178,-0.3536213205389757
-0.17928129368310447,-0.32166233223520657,-1.880627700520303,1.0626902761415227
0.13898847065232287,-0.3391206057296415,-0.579414030414289,-0.193008665245311
-0.10350277836514558,0.167901328690498,0.7452354232438843,0.06981204341704937
-0.12501409884250167,0.6484613517134122,0.8990819273732287,-0.10540176235785739
-0.23217160437441456,-0.16841748711738921,-0.8240342203127423,-1.0544765436386039
-0.15521047117034106,-0.2669451018910134,1.2146897724719512,0.6100546112230127
-0.10583442499031355,0.09257821160130092,0.9536955266277758,0.23042469871071428
0.36632401660619957,-0.35947029139611064,-1.880627700520303,-1.4487076066321445
-0.145180961790023,-0.16252486231109148,-1.880627700520303,-1.4925110580758714
0.22992268903387358,-0.36173950094884644,-0.7357851049968425,-1.463308757113387
-0.21273822308763732,0.2560344997064293,-0.9451845358252712,0.5516500092980438
-0.30525704207792786,2.7238364884606576,-0.36600925684109537,-1.1858868979697843
-0.033735743033304094,-0.2689764104422526,0.05828709874025161,-0.12000291283909967
-0.24860000113789313,0.18890981713034208,0.7358221036559887,-0.13460406332034192
-0.2686476807132491,0.13075217230296882,0.7034724975857316,0.37643620352313695
-0.15521047117034106,-0.04437956495252582,-0.7554226114791738,-0.7624535340137587
0.5936595625600762,-0.34947844933325795,0.5931601468121288,3.355070901696557
-0.017304717190967343,-0.18580256030367134,1.6935451377833084,1.8219501011661199
-0.12082358186639335,-0.34914904794657053,-0.560662933042177,-0.6310431796825785
-0.27021551206465516,-0.30343545550516765,-0.9628217547180394,-0.12000291283909967
0.10401377127480342,-0.14579859189818425,-1.880627700520303,-1.3318984027822067
-0.30967375219938087,-0.07984511425254134,-0.9185115453468027,-1.0544765436386039
-0.25884873476696135,0.641653723055205,-0.8070219314127715,-1.0544765436386039
0.7073273355370145,-0.35167445857784096,-0.6587850030290953,-0.12000291283909967
-0.23043179152272675,-0.3032158545807093,-0.9618741486839718,-0.8792627378636968
-0.1641255906195127,-0.33077577060022606,-0.13896865904355693,-1.463308757113387
-0.3156826212554305,-0.34592823438784875,-1.880627700520303,-0.12000291283909967
-0.3156826212554305,-0.34709943931829307,-1.880627700520303,-0.12000291283909967
-0.25072960812575146,-0.27313052792992215,-0.7832782023305236,0.3910373540043788
-0.145180961790023,-0.35617627752923614,0.05828709874025161,-0.12000291283909967
-0.145180961790023,-0.30958428139000005,-1.880627700520303,-1.5217133590383558
0.09945185396469218,-0.2098854616859316,-0.1886407015793988,-0.7186500825700319
0.17146497721716242,-0.30116624595243185,-1.880627700520303,1.2233029314351875
-0.24693195211615326,1.4747830302959206,0.6734113274615552,0.6976615141104664
-0.0009103268577550642,-0.18668096400150452,0.9352522666720282,0.4786442568918328
0.5936595625600762,-0.3518940595022993,0.38311818662845426,0.28882930063568335
-0.21075852312287202,-0.3360095926331489,-1.8679900137962517,-0.660245480645063
-0.1641255906195127,-0.34709943931829307,-0.4666854198769128,-0.3828236215014602
-0.2835881912384126,0.001663428875564521,-0.08247067391767389,-0.7770546844950009
0.22992268903387358,-0.3555174747558612,0.32199750927095755,0.40563850448562144
0.36632401660619957,-0.3450132305359392,-0.18514114278473437,0.12821664534201843
-0.145180961790023,1.0286271521048067,0.7767827117386267,-0.1492052138015842
0.5213255252111155,0.0432046037522597,-0.22874418206301533,-0.36822247102021816
-0.24598851227686977,2.3187459831432458,-0.03798188658261629,-0.00319370898916195
-0.145180961790023,-0.3494418491791816,-0.21261004284273577,-0.41202592246394476
-0.3156826212554305,-0.3544194701335697,-1.1376628325933729,-0.12000291283909967
-0.1296808109295314,-0.1953552005176074,1.317795861887488,1.2963086838413989
0.36632401660619957,0.009532462001986956,1.2438973785028864,-0.1492052138015842
-0.18513349585617458,2.414308985436683,0.6694538782995094,0.9604822227728271
-0.2768587139767798,3.6984985915147477,0.02201641239944551,-0.6456443301638206
0.8384824582027127,-0.3282503599689556,-1.0343469526934583,-1.361100703744691
-0.21825310156091193,-0.23371216198965722,0.021208355547248824,0.5662511597792864
0.025320697675384536,-0.34179241697721746,0.6237770770686518,3.617891610358917
-0.145180961790023,-0.3425244200587451,-0.4739328092122213,-0.29521671861400683
-0.05337237592403431,-0.2948710194512939,1.7000502046275414,2.6250133776344438
-0.145180961790023,-0.2858307813944272,-0.9455564781043868,-0.12000291283909967
-0.145180961790023,-0.06798666433179312,-1.419297242411814,-1.4341064561509023
-0.30305286870243736,0.05868646892656988,-0.2318661793000002,-0.2660144176515221
1.0483306544678295,-0.2592956696890492,1.3524351737815525,-0.3536213205389757
-0.2940316168788708,-0.2401537891071007,0.010350080462934562,0.4348408054481056
0.052969615426531724,-0.23612777215869854,0.9807131233754319,1.1794994799914607
-0.145180961790023,-0.15286242163492625,-0.05787058447305723,-1.0982799950823305
-0.145180961790023,-0.3486000456354248,-0.4370342367848084,-0.9960719417136348
-0.2921651509843398,-0.2718861226913251,-0.2678089054268081,-0.8500604369012124
0.03544950912877509,1.0495258400824217,-0.5783695785039177,-0.8208581359387278
-0.3034493183341457,-0.034643923968207826,0.10876919372024843,-0.7186500825700319
0.5027253441785255,-0.34534263192262665,1.525529768914453,2.8878340862968046
-0.145180961790023,-0.3278477582741154,0.5854682658396755,-0.193008665245311
-0.145180961790023,-0.2689764104422526,0.05828709874025161,-0.12000291283909967
-0.08834707530155382,-0.35983629293687447,0.20660163112366647,2.055568508865996
-0.04701333967357624,-0.27730294549462986,0.931094517580714,1.705140897316182
-0.13381418449232915,-0.1852169578384492,-0.06723408135387968,-0.3828236215014602
-0.22474840287387984,-0.34845364501911924,0.2045906089481477,0.5078465578543169
-0.145180961790023,-0.001520784529080836,0.8512119546135165,-0.2368121166890378
0.5816945338256617,-0.17807992779355444,0.7017585911884523,0.6100546112230127
-0.145180961790023,-0.3448302297655573,-0.7341052185764119,-1.4925110580758714
-0.30830957652179125,0.2682589511679413,-0.8487076798143891,-0.5142339758326406
-0.23301514999947534,-0.28795359033085743,-1.880627700520303,0.6392569121854977
-0.07319137223796202,-0.03504652566304804,-0.9914766677529611,0.5662511597792864
-0.20008827585515424,-0.30010484148421673,1.6531161414251665,1.5007247905787902
0.13898847065232287,-0.3539802682846531,0.5530363910007944,0.09901434437953431
-0.145180961790023,-0.2689764104422526,0.05828709874025161,-0.12000291283909967
-0.3156826212554305,-0.22302491699935326,-1.2758141859347514,-1.41950530566966
-0.16688117299471122,0.10769407523484728,0.1127166169835692,-0.16380636428282647
-0.17928129368310447,-0.21680289080636808,-1.4577816367275822,-1.3757018542259334
8.55040367094576,-0.19700220745104466,-1.880627700520303,-0.543436276795125
0.36632401660619957,-0.35419986920911145,-0.07507340274037005,0.06981204341704937
-0.21917224797312437,0.41583077240391925,1.6230535780209592,1.6759385963536972
-0.11509243364906871,-0.28242696706532355,0.0737353911831229,-0.0615983109141306
-0.145180961790023,-0.29498081991352304,0.5773414550682477,2.2453834651221456
-0.145180961790023,-0.366570721286929,-0.20964467811797557,1.3255109848038833
-0.145180961790023,-0.35390706797650034,0.1130461469442863,-0.7770546844950009
-0.17928129368310447,-0.35130845703707714,-1.880627700520303,-1.2150891989322685
-0.145180961790023,-0.3622885032599922,0.4793645551453216,0.5662511597792864
-0.21825310156091193,-0.3447936296114809,-1.880627700520303,-1.3903030047071756
-0.08834707530155382,-0.3476484416294388,0.08470678877137108,-0.8500604369012124
0.2414495617864645,-0.15439962810613436,1.68526419813691,0.5808523102605282
-0.19461635417940149,0.4062415320359068,1.0762700167974792,1.7197420477974241
0.26889449691168094,-0.29648142623065477,-0.13110476551801417,-0.5726385777576095
0.36632401660619957,-0.3589212890849649,0.6769993745853001,-0.952268490269908
-0.09744049713970887,-0.32125973054036633,-0.4803625979485203,-0.17840751476406871
-0.145180961790023,-0.2867091850922604,0.4662890875602139,-0.12000291283909967
-0.21234828218548657,-0.22134130991183962,1.664090597244686,1.5883316934662441
0.19582235714079205,-0.36192250171922835,0.36360000059348696,0.5516500092980438
-0.13381418449232915,-0.3065830687557366,-1.880627700520303,1.0772914266227653
-0.145180961790023,-0.25863686691567433,0.9450152212545986,1.0480891256602802
-0.18368133650801824,-0.1355139486027205,-0.6946130214447844,-0.9376673397886659
-0.22623912776538063,0.012094472787333794,-0.0977189742720906,-0.8208581359387278
0.22992268903387358,-0.35826248631158997,-0.6821363355741237,-1.9597478734756235
-0.17928129368310447,-0.3092548800033126,1.6706075653062753,1.2379040819164298
0.13898847065232287,-0.3165749108185893,-0.22641155027821408,-1.4341064561509023
-0.23544654621288577,0.46769319073015453,-0.7360478151052066,-0.29521671861400683
-0.042879966110778454,-0.3633499077282073,-0.14243454268154357,-0.45582937390767153
0.36632401660619957,-0.3629107058792907,-1.413582756370584,-0.7040489320887896
-0.24389244884894312,-0.25043843240256447,-1.880627700520303,0.595453460741771
-0.09911226828544213,1.329919620461595,-1.880627700520303,0.5662511597792864
-0.17125768617885,0.6754356652677068,-0.9934090010457205,-0.2222109662077955
0.15095349938673747,-0.20520064196415455,0.45280231768522033,2.756423731965624
-0.09568048000974338,-0.19689240698881552,-1.880627700520303,-0.20760981572655304
0.5936595625600762,-0.3494418491791816,-0.23485027827843669,-0.5142339758326406
-0.3156826212554305,-0.27009271514158234,-0.5528999069479412,-1.1274822960448152
0.063209955334364,-0.22555032763062371,1.1436935807925221,1.7927478002036354
0.22992268903387358,-0.29190640697110687,0.703384627136268,1.9095570040535736
-0.17928129368310447,-0.3438420256054949,-0.2985986260760509,-0.4412282234264293
-0.021714242866796865,-0.06187443860103709,-0.6578734230789287,-1.2004880484510265
-0.3156826212554305,0.34061745577695135,0.9754707640295419,1.383915586728852
-0.25637769622398443,-0.13943016508889355,-1.8719940132389625,3.1214524939966806
0.36632401660619957,-0.3498078507199454,0.503967521724033,-1.638522562888294
0.025320697675384536,-0.35028365272293843,-0.012447923921427715,0.3180316015981679
0.5368256760716071,-0.3527724632001325,0.055861370631082395,0.3326327520794101
-0.042879966110778454,-0.3308123707543024,-0.3357384430573217,0.08441319389829205
-0.3156826212554305,-0.36415511111788773,-1.394362799821213,-1.2880949513384798
-0.2294810387747784,8.956110724587225,0.18470144511302,-0.193008665245311
-0.19168141437149774,-0.3408774131253079,0.426587351332283,0.08441319389829205
-0.170574825965722,-0.3156965071207561,1.7076957802257218,0.595453460741771
1.0483306544678295,-0.3481242436324318,-0.03854484758297257,-1.4779099075946291
-0.145180961790023,-0.3293483645912471,-0.8744294519806955,-0.7478523835325167
-0.26568213460868345,0.7354233177988992,0.9773532964048985,2.0263662079035116
-0.145180961790023,-0.3584454870819719,0.6424660132336635,-0.00319370898916195
0.36632401660619957,-0.364850514045339,1.7000502046275414,2.259984615603387
-0.145180961790023,-0.2490110263935855,0.5538338191246833,-0.3974247719827025
-0.08050791854452356,-0.33249597784181606,-0.20384090138658736,0.17202009678574523
0.40221910280944323,-0.36711972359807477,0.05828709874025161,-0.12000291283909967
-0.30230994208167306,0.9069316398008319,-0.2840835532695219,-0.7770546844950009
-0.2382917971009193,0.05279384412027215,-1.880627700520303,1.0918925771040071
0.7452165931959942,-0.26654250019617315,-0.5893424734455163,-1.244291499894753
-0.145180961790023,-0.29022279988359323,-0.1201135282129621,-1.2588926503759956
-0.25884873476696135,-0.25153643702485595,0.4993098938132389,-0.12000291283909967
-0.145180961790023,-0.25413504796427916,1.5156226740416952,3.5448858579527056
-0.0094755593583721,0.19421683947141768,0.6772328412283953,0.37643620352313695
-0.0818517739885859,-0.26097927677656285,-0.19770908510081622,0.37643620352313695
-0.11108062989694148,-0.2979088322396337,0.06024741993265321,0.1428177958232607
-0.30230994208167306,0.026624733955658012,0.4732070406216897,-0.04699716043288834
-0.20201484827849217,-0.2689764104422526,0.05828709874025161,-0.5580374272763672
0.24596990404238248,-0.06139863659804411,1.1843605697786417,1.0626902761415227
-0.145180961790023,-0.29099140311919724,1.6690635689099158,0.9896845237353112
0.11505841318349373,-0.3354971904760795,-1.880627700520303,2.143175411753449
0.025320697675384536,-0.3242243430205534,1.2478826875952198,3.1506547949591646
-0.145180961790023,-0.12021508419879225,-1.880627700520303,-0.20760981572655304
-0.145180961790023,-0.1072952298098289,0.14652323634252074,2.9024352367780466
-0.25637769622398443,-0.2968474277714186,-0.9239153227386132,-1.0982799950823305
-0.0009103268577550642,-0.3268229539599766,-1.880627700520303,2.479001872822021
-0.27021551206465516,-0.07896671055470815,0.7040277719749594,-0.6310431796825785
0.09352136146154753,-0.3468432382397584,0.3492168432992029,2.5520076252282324
-0.12082358186639335,-0.13825896015844927,-0.6981393150844644,-1.0252742426761192
-0.23544654621288577,-0.33494818816493377,-0.38154980621494844,-0.8500604369012124
0.13898847065232287,-0.3384252028021902,-0.2136029104961152,-0.33902017005773344
-0.17210227644245576,0.22602237336379485,0.5873577493440323,-0.7770546844950009
0.43066426546107034,-0.14473718742996913,0.49666898634052703,0.08441319389829205
-0.3156826212554305,-0.34274402098320345,-1.880627700520303,-0.12000291283909967
-0.042879966110778454,-0.3118900910968122,-1.6765599073839779,-1.4487076066321445
-0.1523277379352796,1.1647797252689531,-0.6563275810466247,-1.2150891989322685
-0.30838843261519916,0.2211179527175595,-1.4163337262589724,-1.5655168104820827
-0.12082358186639335,-0.2935534139045441,0.5919996290046761,-0.8646615873824546
0.0015297684476532505,-0.2388361835603509,1.1146783245562961,0.21582354822947203
0.025320697675384536,-0.16171965892141105,-0.008619686674298816,2.80022718340935
-0.22474840287387984,-0.335826591862767,-0.4274169015889555,-0.5580374272763672
-0.025467030676013445,-0.08698214429743611,0.6086311358125528,-0.543436276795125
0.10826745092882602,-0.2156682860300002,0.37005940225629036,2.40599612041581
-0.2872656780111959,0.15765328554911065,0.68113781426604,1.0918925771040071
-0.3156826212554305,-0.3097306820063056,1.277585018114562,0.4202396549668637
-0.3156826212554305,-0.35643247860777083,1.6632624179308169,-0.12000291283909967
-0.24482478875032607,-0.12632730992954827,0.5767002736007667,0.12821664534201843
-0.042879966110778454,-0.3327887790744271,-0.02157637876443908,-0.2806155681327644
0.025320697675384536,-0.33542399016792673,0.4513611430170923,-0.33902017005773344
-0.05337237592403431,-0.2972866296203352,0.11989779575202524,0.37643620352313695
-0.26112209022650007,-0.33655859494429463,0.40929086396945624,-0.09080061187661513
-0.2889372629079156,-0.28476937692621207,1.0523453568963534,0.49324540737307504
-0.06768020748756501,-0.11384665738950153,0.6491315882467217,-0.660245480645063
-0.291105805476633,0.20252507444675671,-0.037144530772829434,-0.3974247719827025
-0.21825310156091193,-0.3631669069578254,0.05828709874025161,2.4644007223407787
-0.2889372629079156,-0.16526987386682024,0.4768412883449413,0.15741894630450337
0.5027253441785255,-0.2134356766313408,0.22735891094087127,-0.2222109662077955
-0.3156826212554305,-0.1512520148555654,0.746295543897249,0.15741894630450337
-0.145180961790023,-0.18532675830067835,-0.0005375099373398872,-0.12000291283909967
-0.30176411844192785,0.04302160298187778,-0.4123772120182197,-1.0982799950823305
-0.1857765949960724,-0.3213695310025955,-0.5486155198053049,-0.3536213205389757
-0.19041609593390663,0.20903990187235297,0.964216573376539,0.1428177958232607
0.25863875799646846,-0.21731529296343746,0.8610885356715721,1.1648983295102184
0.6586125756897554,-0.21599768741668765,0.4287317718479966,-0.25141326717028006
-0.17928129368310447,0.4799908424998194,0.29732795075087226,-0.4266270729451868
-0.1396809082588808,-0.21211807108459102,-1.392776189004292,-0.12000291283909967
-0.30041381593017014,1.2328926120051027,-1.0146173726968937,-0.9960719417136348
-0.2972500094213324,0.05601465767899389,-0.8244810301151347,0.28882930063568335
-0.17928129368310447,-0.34655043700714727,1.2413156687367142,-0.20760981572655304
-0.2936824071308618,0.6429713286019547,-0.19097017610765077,-1.069077694119846
-0.29353954859758535,1.4602893692816727,0.26409287131873693,-0.17840751476406871
-0.0009103268577550642,-0.3388644046511068,1.5655428739937491,2.011765057422269
-0.23698954765601163,-0.3060706665986672,1.1741113036915571,0.7852684169979199
-0.24583091719139016,4.9105126937541845,0.028370235040428748,-0.45582937390767153
-0.3156826212554305,-0.20296803256549514,0.5647717250020711,1.3693144362476102
-0.13381418449232915,-0.30541186382529234,0.6891352088681263,1.1064937275852493
-0.10901394311554259,-0.3348383877027046,-0.3622903575211036,-0.83545928641997
0.1803222062803005,-0.33161757414398285,0.356373135066907,2.420597270897052
-0.19168141437149774,-0.3146717028066173,-0.21147707899988433,-0.6456443301638206
-0.2994443679730107,-0.15363102487053032,-1.880627700520303,-0.5142339758326406
0.7860204091364335,-0.2689764104422526,0.05828709874025161,-0.12000291283909967
-0.005679604045598659,-0.3151841049636867,0.13303048715269208,-0.33902017005773344
-0.311400005005122,1.1250319579420007,-0.2787246783222717,-0.83545928641997
-0.10171975447531126,-0.19264678911595504,1.5498224762806632,0.6538580626667395
-0.2884023557409653,-0.11022324213593958,1.7000502046275414,1.0334879751790385
-0.30769425653669985,1.9722157243480476,-0.1760578491539242,-0.9960719417136348
-0.24389244884894312,-0.33824220203180827,0.42026418529713333,0.8728753198853731
-0.145180961790023,-0.2860869824729619,1.6757908692268106,-0.12000291283909967
-0.145180961790023,-0.2827197682979346,0.8041043454470094,0.49324540737307504
-0.19959638502366367,0.07530293887724795,0.13927986360967326,0.8582741694041313
0.020649419333866503,-0.2513168361003976,0.5864639029001462,4.917394003189476
-0.2802537050028783,0.1710123417869906,-0.5129417102251053,-1.112881145563573
-0.145180961790023,-0.34596483454192517,1.681465371209819,-0.12000291283909967
-0.21825310156091193,-0.28824639156346854,1.2663810940736724,0.3326327520794101
-0.24573322250039153,-0.06685205955542524,0.5617752196658666,0.6392569121854977
-0.19809526989997703,0.446355300903623,-0.1776066380116257,-0.7332512330512744
-0.2084006782210168,0.9352967592100291,-1.6863242289777853,1.4423201886538215
-0.24118155899407914,11.405905437535875,0.7671388207799311,0.49324540737307504
-0.145180961790023,-0.2689764104422526,0.05828709874025161,-0.12000291283909967
-0.145180961790023,-0.05067479145366376,0.7818958077141973,3.0922501930341952
-0.17928129368310447,-0.32554194856730323,-0.024096638784316764,-0.0615983109141306
-0.2972500094213324,10.971132207262515,1.5992021550889393,-0.01779485947040381
-0.145180961790023,-0.34973465041179264,-0.4558948077351607,-0.45582937390767153
-0.2384743226295856,-0.3018250487258068,0.7707599187063237,0.4640431064105901
-0.09363394846327186,-0.30738827214541703,-1.880627700520303,1.8365512516473623
-0.03327821634378242,1.5428959170320702,1.353413467249568,0.3910373540043788
-0.16688117299471122,0.029113544432852082,0.40649475598231494,-0.7332512330512744
-0.145180961790023,-0.29099140311919724,0.8255384854856639,-0.7332512330512744
0.13898847065232287,-0.35928729062572873,-1.880627700520303,-0.5726385777576095
-0.24472239303861348,1.199440071179288,-0.19385585337540356,-0.83545928641997
-0.2878456156284252,0.23513581172881434,1.3867000871305561,0.3034304511169256
1.1392648728493802,-0.202858232103266,1.2748048117033433,1.5445282420225168
-0.17928129368310447,-0.31514750480961035,-1.880627700520303,-1.3318984027822067
-0.3156826212554305,-0.3394500071163289,0.942234774966622,0.8582741694041313
-0.145180961790023,-0.35972649247464533,-0.0016581067298499217,-0.29521671861400683
0.0480542522707722,-0.3102430841633749,0.20925316175067188,-0.7332512330512744
-0.145180961790023,-0.3496980502577163,1.406675334247781,-0.12000291283909967
-0.24573322250039153,-0.1860953615362824,1.7000502046275414,0.6684592131479818
-0.145180961790023,-0.14239477756908062,0.3628361270210254,-0.03239600995164607
-0.27633608445572105,-0.032887116572541425,-1.880627700520303,-0.4412282234264293
-0.18151738102035572,0.339153449613896,1.0788080619921587,-0.0615983109141306
-0.145180961790023,-0.3531750648949727,-0.36753283771504586,-0.12000291283909967
-0.23217160437441456,-0.005254000244871945,0.2894362225752651,0.09901434437953431
0.26889449691168094,-0.33952320742448167,-0.32773423237263033,-0.6456443301638206
-0.145180961790023,-0.24703461807346078,1.0397910968511177,-0.29521671861400683
-0.042879966110778454,-0.35108885611261886,0.08956265368204992,0.6246557617042551
-0.18508560549469283,-0.17185790160056924,1.6691765057265477,1.0626902761415227
0.36632401660619957,-0.311011687398979,0.4013829409209521,-0.193008665245311
-0.145180961790023,-0.3535410664357365,1.37190182518003,-0.12000291283909967
-0.145180961790023,0.27107716303182283,0.3767785167928961,0.5078465578543169
-0.16953834171365265,-0.3014590471850429,0.5603807041596376,0.04060974245456525
1.7303372923294595,-0.2953102213002105,-1.880627700520303,-1.6239214124070518
-0.3156826212554305,-0.21936490159171493,-0.6495202117055376,-0.587239728238852
-0.22474840287387984,-0.35002745164440374,-0.5311645071455264,-0.7186500825700319
-0.145180961790023,0.2311829950885649,-1.053306452111212,-1.0544765436386039
-0.145180961790023,0.04217979943812096,-0.1768999768959017,-0.12000291283909967
-0.19707277119253833,-0.16973509266413903,-0.9245408873526975,-1.244291499894753
-0.145180961790023,-0.08562793859660993,-1.880627700520303,-0.9960719417136348
-0.26782250631777227,-0.25380564657759175,0.7875324826761042,0.9896845237353112
-0.31444260918659117,-0.2689764104422526,0.05828709874025161,-0.12000291283909967
-0.2872656780111959,-0.27250832531062363,0.6293097710959037,1.1502971790289767
-0.12082358186639335,-0.3511620564207716,-0.1313515679595441,-0.01779485947040381
-0.22474840287387984,-0.34966145010363986,-0.4318418814562905,-0.00319370898916195
-0.145180961790023,-0.18865737232162924,0.04997160477782736,-0.5142339758326406
0.05632099939636769,-0.3284699608934139,-1.154997897772539,-1.0252742426761192
-0.145180961790023,-0.27598533994788005,1.6871079953318262,1.0334879751790385
0.31386196753992035,-0.2942854169860718,1.2898016808216575,0.5662511597792864
0.26889449691168094,-0.32546874825915045,0.7624034421195821,0.36183505304189467
1.9576728382833364,-0.3610806981754715,-0.3832533038221136,-1.0836788446010883
-0.24389244884894312,0.04023999127207264,0.446652080777047,-0.6748466311263053
-0.3156826212554305,-0.23649377369946237,-0.3616738343410268,-0.8646615873824546
-0.06768020748756501,-0.33564359109238506,0.1095630421083828,-0.07619946139537287
-0.22768176475715565,-0.2744847336307483,0.3970852300557656,0.9604822227728271
-0.00767962351146854,-0.18137394166042894,1.0664642422979325,0.8144707179604045
-0.20799736264569943,-0.3107554863204443,-1.4993087547772859,-1.5509156600008405
-0.2994443679730107,-0.035375927049735495,-1.055380994446401,-1.2588926503759956
-0.24195217391903806,-0.06143523675212049,-0.0045445452369018416,-0.952268490269908
-0.3095384173107311,1.4504805279892021,0.9934465625251094,0.6830603636292241
-0.12082358186639335,-0.35800628523305533,0.348308344852853,1.1941006304727027
-0.10583442499031355,-0.34709943931829307,0.5544951161433133,0.08441319389829205
0.33904375109173435,-0.22467192393279053,1.5252483541706834,1.8073489506848777
-0.30475302769995566,3.952064458955932,0.19659634308974197,-0.7916558349762433
-0.3156826212554305,-0.3391206057296415,-0.38750841719721485,-0.36822247102021816
-0.29022902555038615,4.799687427210896,1.1599390236160003,0.6830603636292241
-0.02339406217187477,-0.33831540233996105,0.8219424083206366,0.5808523102605282
-0.29115000838271,2.5847193028163242,-1.880627700520303,0.08441319389829205
0.7755279993231776,-0.35617627752923614,-1.593215427197399,-1.6093202619258096
0.7073273355370145,-0.33516778908939204,1.1340323914426587,-0.5142339758326406
-0.145180961790023,-0.3551514732150974,-1.1688721536254716,-1.2150891989322685
-0.04572166043520194,0.3695681776513706,0.8401040105951149,1.661337445872455
2.607202969580127,-0.07527009499299342,0.8024109856169394,1.0626902761415227
-0.2262586739833636,3.0135633081293087,0.894893872457085,0.026008591973322986
-0.145180961790023,-0.23898258417665644,0.49933159261852417,0.5224477083355595
-0.04558098249834927,0.03980078942315604,1.3937698765293582,0.15741894630450337
-0.26696786140817125,-0.21552188541369466,1.341290829775693,1.004285674216554
-0.27556458373415815,-0.31730691390011695,-0.08108053878545703,-0.9084650388261813
-0.10583442499031355,-0.30742487229949345,-1.2088389580462133,-1.0252742426761192
-0.3156826212554305,-0.25237824056861274,-1.077687806638665,-1.010673092194877
0.13898847065232287,-0.3661681195920888,0.46058477592251834,-1.696927164813263
-0.2525338584904648,1.4097445565021873,1.123651633548807,2.639614528115686
0.025320697675384536,-0.358738288314583,1.7000502046275414,2.522805324265748
-0.145180961790023,-0.35496847244471547,-1.880627700520303,-0.12000291283909967
-0.21582806227129725,1.451432131995188,-1.880627700520303,0.24502584919195655
0.7661210112147413,-0.2906254015784334,0.8451419392357832,0.28882930063568335
0.025320697675384536,-0.3650701149697973,-1.880627700520303,1.3109098343226406
-0.145180961790023,-0.2761317405641856,-0.08452739974823462,-0.01779485947040381
-0.003908158232971048,-0.2929312112852456,1.7000502046275414,1.354713285766368
-0.20568155063258697,0.5772374518807701,0.4292856291125111,-0.2222109662077955
-0.20387825439286822,-0.17269970514432606,-0.8196361676319921,-0.9814707912323924
-0.17928129368310447,-0.23524936846086533,0.099031024723801,-0.12000291283909967
-0.18260815533121,0.451223121395782,0.6217951692788928,-0.660245480645063
-0.08834707530155382,-0.35859188769827743,-0.5743718123762396,-0.8062569854574857
-0.145180961790023,-0.2344075649171085,-1.880627700520303,-0.8500604369012124
0.005261678914748353,-0.13017032610756854,-0.49680686043999606,-1.0836788446010883
-0.3156826212554305,-0.3169775125134295,-0.03801607779823715,1.3255109848038833
0.22992268903387358,-0.348051043324279,1.7000502046275414,3.3258686007340716
-0.145180961790023,-0.1675756835736324,-1.017639665420474,-0.601840878720094
-0.07233752981184419,0.7869197345843707,0.49471845856052077,-0.07619946139537287
0.29054550128824064,-0.33066597013799687,-0.5037204337817243,-1.1274822960448152
-0.2654295005708893,4.341746299407187,-0.037339901676502335,0.11361549486077617
0.025320697675384536,-0.3143423014199299,1.4293886986212203,0.20122239774822975
-0.145180961790023,-0.35749388307598595,1.4141405620111736,-0.03239600995164607
-0.145180961790023,1.2159467406677371,0.697943852656241,0.8290718684416464
-0.04775144209550441,-0.06849906648886249,-1.1130574521928633,-1.4341064561509023
-0.145180961790023,-0.32016172591807485,-1.0405777788916972,-0.7916558349762433
-0.3156826212554305,-0.133171538741832,0.29119461460144186,-0.09080061187661513
0.13898847065232287,-0.29567622284097433,-1.880627700520303,-0.12000291283909967
-0.27021551206465516,-0.2719593229994779,1.4686833246026036,-0.0615983109141306
0.13898847065232287,-0.3661315194380124,-0.28921529823237224,-0.9960719417136348
-0.145180961790023,-0.19586760267467676,1.6824490950275413,2.40599612041581
-0.3156826212554305,-0.36166630064069366,-1.880627700520303,-0.12000291283909967
-0.27671081337762304,-0.3178559162112627,-0.1408332354633266,-0.49963282535139814
-0.145180961790023,-0.2689764104422526,0.05828709874025161,-0.12000291283909967
-0.219962391380114,-0.1790681319536168,-0.5474558763576275,-1.1420834465260574
-0.145180961790023,-0.34073101250900234,-1.880627700520303,0.3180316015981679
-0.06768020748756501,-0.3526992628919797,-0.38110522755229714,-0.7770546844950009
0.05632099939636769,-0.34885624671395943,-0.5531218639424449,-0.543436276795125
0.10401377127480342,-0.2527076419553002,1.3335060812598798,1.6467362953912128
-0.27978753505218684,-0.2969572282336478,0.4504552549437082,1.2087017809539453
-0.3156826212554305,-0.15879164659530037,0.9948604766460353,0.4640431064105901
-0.21075852312287202,-0.3447570294574045,-0.7847410094194079,-1.0252742426761192
-0.23773900549981564,-0.05199239700041357,-1.2152287866716907,-1.5071122085571136
-0.2576395031395471,0.8740281012861633,1.0746379421702066,2.055568508865996
-0.20201484827849217,-0.3271523553466641,1.204919834959662,1.383915586728852
-0.3156826212554305,-0.36031209493986743,-0.7063193552836444,-0.12000291283909967
-0.145180961790023,-0.10089020284646182,-1.079233195491338,-0.7040489320887896
0.025320697675384536,-0.17474931377260355,0.948625598581485,1.6321351449099706
0.6694380778780351,-0.3242243430205534,0.6826732913048178,1.5737305429850015
-0.16822172658264561,-0.12131308882108376,-1.1768613463220965,-0.8500604369012124
0.5027253441785255,-0.0786373091680207,1.2062419220982712,0.4348408054481056
-0.12082358186639335,-0.32770135765780983,0.6561014003411689,0.7998695674791623
-0.145180961790023,-0.3354971904760795,0.8587566690430362,-0.12000291283909967
0.10867706452513932,0.6674202315249789,0.8805707817024228,0.1428177958232607
-0.1434587228055239,1.9043224385363564,-0.37302850518807873,-0.2222109662077955
-0.22351956208493995,0.004774441972057112,-0.43087778399848103,-0.3098178690952491
0.31386196753992035,-0.35851868739012466,0.0849359154970244,-0.3536213205389757
-0.22474840287387984,-0.3514182574993063,-0.30312624580481906,-1.2734938008572376
-0.20656155919756966,-0.3046066604356119,0.9013158475658736,0.09901434437953431
-0.300856389997569,-0.08233392472973541,-1.5801287065527485,-1.4487076066321445
-0.145180961790023,-0.3458916342337724,-1.880627700520303,-0.12000291283909967
-0.145180961790023,-0.3644479123504988,0.8171433239061551,-0.12000291283909967
0.13898847065232287,-0.3558102759884723,-0.7334202163467217,-1.346499553263449
-0.3156826212554305,0.0025418325733977233,1.6840966892085658,1.602932843947486
-0.1857765949960724,-0.26943391236820746,-0.2760976238785563,-0.193008665245311
0.17536215800494315,-0.1152740633984805,1.0162817454843547,-0.193008665245311
-0.01256855998359493,-0.332203176609205,0.8705640232463322,-0.4412282234264293
-0.24195217391903806,-0.32389494163386595,0.05828709874025161,0.3472339025606524
-0.19168141437149774,-0.3051190625926813,-1.880627700520303,-0.12000291283909967
-0.145180961790023,0.123322341025463,-0.04272451905710335,-1.0982799950823305
0.4421025319241585,-0.19334219204340633,-1.880627700520303,1.004285674216554
0.4187860656724788,-0.23609117200462215,0.684858005262999,0.9896845237353112
-0.21464460083148532,-0.2517560379493142,-1.4160029342749132,-1.0982799950823305
-0.3156826212554305,-0.2019798284054328,-0.7576979053553651,-1.1274822960448152
-0.01256855998359493,-0.3535410664357365,-0.28814291790738034,-1.4487076066321445
0.32279167801928704,-0.2896005972642947,-0.5213901954500165,0.3326327520794101
-0.145180961790023,-0.13350094012851943,-0.5264437019260846,-0.3098178690952491
-0.2660821385018574,0.3780228132430152,-0.3605236121960817,-0.7624535340137587
0.29054550128824064,-0.32407794240424787,0.15329478301605745,0.6100546112230127
-0.25072960812575146,-0.17116249867311797,1.4432365483748755,0.21582354822947203
0.36632401660619957,-0.3644113121964224,0.8290744979699577,0.06981204341704937
0.025320697675384536,-0.26965351329266574,0.5450361901619017,0.6684592131479818
0.36632401660619957,-0.34332962344842555,1.4191047074544028,-0.12000291283909967
-0.25637769622398443,-0.3435492243728839,-0.7185753990049312,-1.3903030047071756
0.0740354575226438,-0.3544194701335697,1.607179596136675,0.01140744149208072
-0.25440694794601637,6.2157107882720934,-0.6933328962457801,-1.112881145563573
-0.10583442499031355,-0.26910451098152,1.3818271495770609,1.3109098343226406
-0.13381418449232915,-0.32876276212602495,-1.3510427050070244,-0.12000291283909967
-0.08351014879189686,-0.28374457261207336,1.7000502046275414,0.595453460741771
1.0483306544678295,-0.3130978961813329,0.8873624687030643,0.8582741694041313
1.0483306544678295,-0.3595434917042634,-1.880627700520303,0.11361549486077617
-0.3156826212554305,-0.02384687851567472,-1.2862023355224146,-1.1712857474885419
-0.301904709379438,-0.16856388773369474,-1.1374307749541328,-1.2004880484510265
-0.145180961790023,0.01795049743955514,-1.880627700520303,0.7706672665166777
0.31386196753992035,-0.3236753407094077,0.01981634349245334,0.24502584919195655
-0.145180961790023,-0.29040580065397514,0.6784636648954749,-0.10540176235785739
-0.07846292112964613,-0.2757657390234218,-1.5578502451283698,-1.638522562888294
-0.25884873476696135,-0.29432201714014816,-1.743809439690119,-1.711528315294505
-0.145180961790023,-0.2459000132970929,0.7410944975423547,0.08441319389829205
-0.051680051760605965,-0.2688483099029853,-0.8711032408566464,-1.1420834465260574
-0.3156826212554305,-0.364374712042346,0.029067182225213983,-0.2222109662077955
-0.145180961790023,-0.2595884709216603,-0.2475070766611772,-0.7478523835325167
-0.052740303043717685,-0.046538974043032436,1.671025415123546,0.40563850448562144
0.5936595625600762,-0.34995425133625097,-0.12464493253735166,-0.193008665245311
-0.3156826212554305,-0.3480876434783554,-1.880627700520303,-0.12000291283909967
-0.145180961790023,-0.2689764104422526,0.05828709874025161,-0.12000291283909967
-0.145180961790023,-0.2689764104422526,0.05828709874025161,-0.12000291283909967
-0.145180961790023,-0.2689764104422526,0.05828709874025161,-0.12000291283909967
-0.145180961790023,-0.2689764104422526,0.05828709874025161,-0.12000291283909967
-0.3156826212554305,-0.17306570668508992,-1.880627700520303,0.12821664534201843
2.41234393019109,-0.036144530285339545,-0.4939712785554958,0.11361549486077617
0.5237101638050373,-0.28711178678710064,0.22257011750798264,0.2596269996731988
-0.042879966110778454,-0.26317528602114587,1.3596336432226408,3.179857095921649
0.5669142042125614,-0.33820560187773185,-1.880627700520303,-1.5071122085571136
-0.2651636110434579,-0.16918609035299326,0.6155179545106461,1.004285674216554
-0.2686476807132491,-0.3032158545807093,0.8059061229296833,-0.6456443301638206
-0.26322057218915124,0.3850134426716044,-0.7119850382416367,-0.83545928641997
0.21806170402758437,0.8739915011320869,0.8822280172087841,-0.1492052138015842
1.0483306544678295,-0.34186561728537024,-0.11104630101970164,-0.4704305243889138
-0.145180961790023,-0.3447570294574045,1.6824691347168317,-0.12000291283909967
0.5237101638050373,-0.3055582644415979,0.965606757971176,0.06981204341704937
-0.06768020748756501,-0.23847018201958706,0.6171880102684634,1.2817075333601566
-0.2651636110434579,2.2967492905433393,1.1274998912286625,0.6976615141104664
-0.145180961790023,-0.06696186001765439,-0.4262638300109175,-1.0398753931573614
0.21806170402758437,-0.273020727467693,1.1457484519053158,0.5808523102605282
-0.05993013205731922,-0.3296777659779345,0.05828709874025161,0.8874764703666158
-0.17101454655750895,-0.09536357958092792,0.4905767788887141,-0.193008665245311
0.36632401660619957,-0.1492756065354407,0.07996189841733578,-0.7916558349762433
-0.30907723008970045,1.349390902430231,-0.7039414625591828,-1.0398753931573614
0.42162185210849396,-0.22942994396272037,1.1441980258379771,0.08441319389829205
0.19582235714079205,-0.3402552105060094,1.017087116452203,-0.12000291283909967
-0.1832541478842402,0.844601577408751,-1.096506070281324,-1.2880949513384798
0.5936595625600762,-0.3558834762966251,-0.39937006549171583,0.4640431064105901
-0.005679604045598659,2.1827398105954052,1.235478987072403,1.9971639069410263
-0.3156826212554305,-0.10692922826906508,-0.7518755292674798,-1.1420834465260574
-0.3156826212554305,-0.16929589081522242,-0.9485252375151194,-1.2588926503759956
-0.15521047117034106,-0.2561846565925566,0.09931824769077825,-0.5580374272763672
-0.31423769193792706,2.9245151332614676,-0.28065969811555214,-0.7624535340137587
0.025320697675384536,-0.3161357089696727,1.5226871210272535,1.1941006304727027
-0.145180961790023,-0.22335431838604072,0.7401586989960036,0.6538580626667395
0.0740354575226438,-0.24443600713403757,0.1425835024480792,-0.7040489320887896
-0.02339406217187477,-0.2915038052762666,0.001567945651313363,-0.601840878720094
-0.08661168945457765,1.0296885565730218,0.9318238476589179,-0.04699716043288834
0.1803222062803005,-0.19191478603442735,-0.7623671055347113,0.1428177958232607
-0.145180961790023,-0.35028365272293843,-1.2501170259181826,-1.7845340677007164
-0.2943699138222546,-0.24070279141824646,0.1211930970594561,0.6684592131479818
-0.239052661945135,-0.23060114889316463,-0.03557061373902773,-1.112881145563573
0.2773666290590304,-0.28747778832786447,0.6913390116791825,0.4640431064105901
-0.22161274017106775,-0.26489549326273587,0.02701595249079331,-0.3974247719827025
0.19582235714079205,-0.35592007645070145,-1.155130870065511,-0.9960719417136348
-0.145180961790023,-0.2689764104422526,0.05828709874025161,-0.12000291283909967
-0.07319137223796202,-0.058617024888238965,1.1316616606617311,0.40563850448562144
-0.145180961790023,-0.3545658707498753,0.5099706676396281,0.5078465578543169
0.13898847065232287,-0.35925069047165237,1.6001243096001596,1.1794994799914607
-0.2846823195344473,0.014546683110451484,-0.10265012161202354,-0.952268490269908
0.6694380778780351,-0.30054404333313334,-0.528277111825103,0.9020776208478577
-0.01256855998359493,-0.36093429755916595,-0.524631334073782,-0.17840751476406871
0.22992268903387358,-0.35540767429363207,0.22302056875405565,-0.12000291283909967
0.04014692893324605,-0.2628458846344584,-1.880627700520303,-0.6456443301638206
-0.2584512950013077,0.10297265535899382,0.3092060697176537,0.44944195592934827
-0.042879966110778454,-0.3500640517984801,-0.4744816562240465,-1.0836788446010883
-0.11108062989694148,-0.24209359727314902,-0.6919600352867973,1.0626902761415227
0.025320697675384536,-0.28989339849690576,1.2859812904777432,-0.8938638883449391
-0.24968197888172436,-0.2704221165282698,-0.755736458554856,-1.3903030047071756
-0.15200102816863928,-0.13705115507392862,0.563073892397968,0.09901434437953431
-0.1828241853083597,0.13748660065302337,0.8746788850830537,0.6976615141104664
-0.3156826212554305,-0.3584820872360483,0.7593636363259891,0.595453460741771
-0.145180961790023,-0.15421662733575245,0.485562065233232,0.4348408054481056
-0.30124861833772404,1.8726999054143612,-0.136131863437064,-0.5288351263138829
0.005261678914748353,-0.30801047476471555,-1.880627700520303,-0.2368121166890378
0.13898847065232287,-0.34351262421880746,-1.2255579442296898,-1.3757018542259334
0.8209951085139531,-0.3588480887768121,-0.12197616303618478,0.026008591973322986
-0.2600086100014199,-0.12014188389063948,0.6138546397434812,0.09901434437953431
-0.19959638502366367,-0.30998688308484024,1.2596337038021819,0.5662511597792864
0.36632401660619957,-0.3571278815352221,0.23105414097714375,0.8874764703666158
-0.3156826212554305,-0.258417265991216,1.6494143554638345,2.1577765622346914
-0.145180961790023,-0.2829027690683165,1.5273186759567847,0.5662511597792864
-0.08834707530155382,-0.3562494778373889,-0.4941699257997571,-1.010673092194877
-0.3156826212554305,-0.21962110267024962,-1.1165128125731203,-1.0252742426761192
0.0740354575226438,-0.35365086689796565,-0.0221780269245467,-1.1712857474885419
-0.2904231161494442,-0.03124010963910417,1.3988315773229607,0.1866212472669875
-0.31234762547126604,2.4868870909701513,0.473276102779202,-0.33902017005773344
-0.2835881912384126,-0.22569672824692927,1.6917101163391537,1.3255109848038833
-0.08661168945457765,0.051183437340911284,0.37229511126709297,-0.2660144176515221
0.2089378694073619,-0.2926384100526345,0.5317110748888837,-0.6894477816075476
0.29506959175498454,0.24549365533243084,0.35381970772854604,-0.2660144176515221
-0.145180961790023,-0.2745945340929775,0.4748578043297228,0.3472339025606524
-0.145180961790023,-0.3522234608889867,0.7850858259165443,-0.12000291283909967
0.13898847065232287,-0.3203081265343804,1.282911027249098,2.040967358384753
-0.145180961790023,-0.2689764104422526,0.05828709874025161,-0.12000291283909967
-0.13776784616109222,-0.2774493461109354,-0.3577434649431382,-0.8062569854574857
-0.3156826212554305,-0.14338298172914296,1.6982929604404904,2.1577765622346914
0.7073273355370145,-0.26588369742279827,-1.8223737215862272,-1.6823260143320207
1.0483306544678295,-0.3292385641290179,0.4303798749760836,-0.9376673397886659
-0.145180961790023,-0.3346919870863991,-0.8096574467232615,-0.8208581359387278
-0.23883680290482429,-0.2875875887900936,1.6456726754651487,2.3913949699345673
-0.02339406217187477,-0.3366317952524474,-0.2944690606648954,-0.17840751476406871
0.4866781291700167,-0.30614386690682,-1.880627700520303,0.09901434437953431
-0.3112540067238615,0.4238828063007236,-1.1817891199209318,-1.5217133590383558
-0.145180961790023,-0.27931595396883097,1.7000502046275414,-0.12000291283909967
-0.3028749848636628,0.3574169264980113,1.122684884702712,0.09901434437953431
-0.23301514999947534,-0.2445824077503431,1.0038072786265717,2.055568508865996
1.438048733245904,-0.3200519254558457,1.1041986714225347,0.6976615141104664
0.13898847065232287,-0.1649038723260564,0.9210502332270509,0.5808523102605282
-0.25637769622398443,-0.21204487077643824,0.7493155708556921,0.1428177958232607
-0.3156826212554305,-0.35046665349332035,-1.7625833739769674,-0.952268490269908
-0.145180961790023,-0.35262606258382695,-1.356184977039053,-1.580117960963325
0.0740354575226438,-0.34925884840879967,0.32794617130244524,-1.2004880484510265
0.13898847065232287,-0.34914904794657053,-0.2543727660030539,-0.4266270729451868
-0.13620719023921207,-0.24377720436066266,-1.880627700520303,0.5662511597792864
0.6471502792551062,-0.3476484416294388,0.41450606950867236,-0.193008665245311
-0.2968686450385579,0.22163035487462884,0.627137889396122,0.23042469871071428
-0.24293524655018994,-0.14100397171417803,0.28296417709654764,-0.2222109662077955
-0.145180961790023,-0.33300837999888544,0.8663515936650068,-0.12000291283909967
-0.145180961790023,-0.1327323368929154,1.6200944050591244,2.1139731107909645
-0.20201484827849217,-0.35720108184337485,-0.28187483512218797,-0.8208581359387278
-0.21648165574828432,-0.004046195160351292,-1.880627700520303,0.21582354822947203
-0.19809526989997703,-0.12255749405968079,0.9332213985415543,1.763545499241151
0.13898847065232287,-0.3171971134378878,1.1067707276748928,0.8290718684416464
-0.145180961790023,0.24681126087918065,0.7765964894928346,2.143175411753449
0.10401377127480342,-0.3526992628919797,-0.6173936172321041,-0.5580374272763672
3.77635720591435,-0.31097508724490264,0.7010083901534362,2.0701696593472376
-0.145180961790023,-0.07925951178731921,-1.880627700520303,-0.4266270729451868
-0.3156826212554305,-0.0784177082435624,-1.6581971511386544,-0.5726385777576095
-0.19168141437149774,-0.3232361388604911,-1.880627700520303,-0.04699716043288834
-0.145180961790023,-0.3597630926287217,-0.2773390862749995,-1.0252742426761192
-0.145180961790023,-0.3505032536473967,-0.9105321447203363,-1.302696101819722
-0.25884873476696135,0.291426848698292,0.6242349011634584,-0.8500604369012124
0.0480542522707722,-0.32173553254335935,0.1291721559175193,-0.7186500825700319
-0.145180961790023,-0.33465538693232266,0.8523136092712309,2.274585766084629
-0.27659914630633997,0.451698923398775,1.1598755251230726,0.28882930063568335
-0.145180961790023,-0.35244306181344504,-1.2287835930993738,0.11361549486077617
-0.2930996200017341,1.4771254401568092,0.207491139757722,-0.8208581359387278
-0.145180961790023,-0.28092636074819183,0.29514728133386475,0.20122239774822975
-0.13381418449232915,-0.3449400302277864,-0.1493758420907346,-0.4704305243889138
0.4421025319241585,-0.3050824624386049,-0.9321177421655054,-1.2880949513384798
-0.145180961790023,-0.34673343777752924,-0.7620676367936873,-1.244291499894753
-0.145180961790023,0.47329301430384124,0.19430045059446124,0.6246557617042551
-0.24128189712507087,0.2934398571724931,0.6108479828156139,-0.2806155681327644
-0.3156826212554305,-0.2927116103607873,0.5622647020571981,-0.3828236215014602
-0.30921810336100747,0.32535519152709946,-0.13873766674753563,-0.9084650388261813
-0.26856644592820217,7.851005672404905,-0.06282824080431776,0.04060974245456525
-0.2828148314789664,-0.18529015814660196,1.6805899986213029,-0.2222109662077955
0.025320697675384536,-0.3552612736773266,-0.6760169237884665,-1.0836788446010883
-0.16953834171365265,-0.2266849324069916,-1.880627700520303,-1.5363145095195982
0.13898847065232287,-0.351198656574848,1.7000502046275414,0.6830603636292241
-0.145180961790023,-0.2689764104422526,0.05828709874025161,-0.12000291283909967
0.13898847065232287,-0.34706283916421665,1.7000502046275414,3.617891610358917
1.0483306544678295,-0.36217870279776304,-1.0849214993763376,-1.6531237133695362
-0.145180961790023,-0.1595968499849808,-0.00503451210952727,-0.7332512330512744
0.1803222062803005,-0.3095476812359237,0.9488590357154062,0.4202396549668637
-0.145180961790023,-0.18243534612864407,-1.880627700520303,1.8657535526098468
0.479991789583138,-0.33381358338856587,0.2520397990292922,-0.13460406332034192
-0.19959638502366367,-0.22697773363960266,-0.2721748415873459,-1.0836788446010883
-0.06768020748756501,-0.325615148875456,0.11179536662986436,1.705140897316182
-0.3156826212554305,-0.3366317952524474,0.34601234133633973,2.362192668972083
-0.12082358186639335,-0.3129514955650273,-0.6564229572738102,-1.1420834465260574
0.22992268903387358,-0.3588846889308885,-0.225558802140855,-0.8500604369012124
-0.2967379924259408,6.584493940745733,0.8824104907049831,0.9166787713291004
-0.3100578242421387,1.7438307629114151,-0.8906580445891092,-1.2004880484510265
-0.3156826212554305,-0.2549402513539596,-1.3665988984762405,-1.463308757113387
0.0740354575226438,-0.28817319125531576,-0.1326194324995889,-0.2222109662077955
-0.2651636110434579,-0.052541399311559316,-1.2486453407635512,-1.3172972523009643
-0.08145811936355755,-0.2375185780136011,-0.06955903965619975,-0.2368121166890378
-0.23043179152272675,-0.34113361420384253,-0.5340910798520291,-1.0398753931573614
-0.3156826212554305,-0.301751848417654,0.8199171697115818,2.099371960309723
-0.10031210403596838,-0.33428938539155884,-0.8746847438901394,-0.9376673397886659
0.20394148378200191,-0.20095502409129407,0.15184079321670016,-0.601840878720094
-0.145180961790023,-0.2760585402560328,0.24504001085564814,0.6976615141104664
-0.3156826212554305,-0.34592823438784875,1.1743893722655951,-0.12000291283909967
-0.2844695028178273,0.4390718702424227,0.5996911570974303,1.5883316934662441
-0.02339406217187477,-0.09796219052035114,0.932692524655689,0.08441319389829205
-0.145180961790023,-0.2689764104422526,0.05828709874025161,-0.12000291283909967
-0.19707277119253833,-0.32294333762787997,0.27311891019828444,0.5224477083355595
-0.3156826212554305,-0.30768107337802814,-1.880627700520303,-0.9668696407511504
0.24002649107626806,-0.18130074135227617,1.1139672148347783,2.1285742612722074
-0.2672561144250189,0.34746168458923504,-1.409843015900629,-1.361100703744691
-0.3156826212554305,-0.2502920317862589,0.8508731450420408,2.5082041737845056
-0.3156826212554305,-0.359506891550187,-1.6224057362067565,-0.12000291283909967
-0.20939587249777386,-0.1808249393492832,-0.7839131908689297,1.1064937275852493
-0.145180961790023,-0.2689764104422526,0.05828709874025161,-0.12000291283909967
-0.2751673754418683,-0.04115875139380407,1.6843701643961506,0.09901434437953431
-0.17928129368310447,-0.31357369818432584,-1.880627700520303,0.4786442568918328
0.025320697675384536,-0.35434626982541695,0.3047144020484387,1.3255109848038833
-0.12517797380804782,0.3176691591710589,1.7000502046275414,1.8511524021286045
0.3353237148852164,-0.20293143241141878,1.0311674394661738,0.5808523102605282
0.5027253441785255,-0.36104409802139514,-1.880627700520303,-0.12000291283909967
-0.13817404427774596,-0.0887755518471789,-0.8655137539721436,-1.0982799950823305
-0.3156826212554305,-0.3518208591941465,-1.6579061083340734,-1.244291499894753
0.13898847065232287,-0.35321166504904905,0.7389208721931202,0.20122239774822975
-0.145180961790023,-0.36426491158011687,-1.7429093195530783,-0.09080061187661513
-0.17578382374535254,-0.2706783176068045,1.6959735314907507,0.6976615141104664
-0.22474840287387984,-0.2657372968064927,0.17470727030463312,0.36183505304189467
-0.145180961790023,-0.2689764104422526,0.05828709874025161,-0.12000291283909967
-0.09298657623938804,-0.25457424981319576,0.7486961075524879,1.0918925771040071
0.5237101638050373,-0.3404016111223149,0.21872866030610452,0.49324540737307504
-0.145180961790023,1.4858728769810647,0.2561942467861641,0.3180316015981679
0.7335583600701544,-0.24868162500689805,-1.3826965950454793,-1.0836788446010883
-0.145180961790023,-0.2689764104422526,0.05828709874025161,-0.12000291283909967
-0.21075852312287202,0.6081645820753141,0.00840933894261567,0.3472339025606524
-0.24389244884894312,-0.18518035768437283,-1.880627700520303,1.2087017809539453
-0.27633608445572105,0.9975536212939573,0.022453725385260272,-0.17840751476406871
0.09352136146154753,-0.35046665349332035,-0.7552717874738376,-0.16380636428282647
-0.145180961790023,-0.2689764104422526,0.05828709874025161,-0.12000291283909967
-0.15654773908771683,0.3052251067850886,0.8878191305529053,-0.32441901957649116
-0.30431584395773664,0.08298897123328847,0.6105318503371497,1.4569213391350633
-0.145180961790023,-0.2501822313240298,0.05828709874025161,-0.12000291283909967
-0.24249166499710922,0.506306353280739,-1.880627700520303,0.3910373540043788
-0.028521931629481013,-0.16984489312636816,1.6787920055617287,0.5808523102605282
-0.300856389997569,-0.2633582867915278,-1.5901317858169506,-1.1566845970072996
0.0740354575226438,-0.16808808573070175,0.12568446884076379,-0.5142339758326406
-0.07846292112964613,-0.2988970363996961,1.6712357365067163,0.726863815072951
-0.1953285086916134,-0.2454608114481763,-1.6080911451645856,-0.12000291283909967
-0.28928236430594806,0.5693318186002713,0.22809014028199961,-0.660245480645063
-0.19443699674669623,-0.024652081905355155,0.6653004925916569,-0.3974247719827025
-0.019157996098200042,-0.27382593085737345,0.9133967613624207,0.6538580626667395
-0.2788173975872343,-0.29194300712518323,0.2409326746330205,-0.12000291283909967
-0.12501409884250167,1.2074189047679398,0.7867359635027784,0.8728753198853731
-0.145180961790023,-0.2689764104422526,0.05828709874025161,-0.12000291283909967
-0.3156826212554305,-0.2689764104422526,0.05828709874025161,-0.12000291283909967
-0.145180961790023,-0.2689764104422526,0.05828709874025161,-0.12000291283909967
-0.20656155919756966,-0.22727053487221374,0.8126118439431633,0.3180316015981679
-0.22122186808899974,1.2409080457478305,0.28000395859826993,0.12821664534201843
-0.2158767718122651,-0.012683831522377778,1.2489528229381186,1.602932843947486
-0.23043179152272675,-0.26837250789999234,-1.4094858708955866,-1.638522562888294
-0.15521047117034106,-0.3366317952524474,1.6484678098354955,0.6538580626667395
-0.3156826212554305,-0.35939709108795787,-0.21756402893504817,-0.04699716043288834
-0.3156826212554305,-0.3353141897056976,1.1025838107881427,-0.12000291283909967
-0.145180961790023,-0.35573707568031954,1.584915866841437,-0.12000291283909967
-0.3156826212554305,-0.3281771596608028,1.185159490823387,-0.12000291283909967
-0.3156826212554305,-0.3200519254558457,1.6193039688193862,-0.12000291283909967
-0.145180961790023,-0.34548903253893215,1.6031113780922357,-0.12000291283909967
-0.042879966110778454,-0.3320201758388231,-1.100271410451586,-0.7916558349762433
-0.145180961790023,-0.2689764104422526,0.05828709874025161,-0.12000291283909967
0.11505841318349373,-0.2973964300825644,-0.688948019751939,-0.6310431796825785
0.36632401660619957,-0.34914904794657053,0.24881822270407697,0.08441319389829205
-0.20201484827849217,-0.22745353564259566,1.0929488931415208,1.4131178876913366
0.13898847065232287,-0.36031209493986743,0.5257418593908826,-0.03239600995164607
0.025320697675384536,0.026148931952665027,0.40707391128425263,-0.3828236215014602
-0.08834707530155382,-0.35592007645070145,0.43628153222241994,0.975083373254069
-0.07497439612779634,-0.3252491473346921,0.197667866803271,0.1866212472669875
-0.25637769622398443,-0.3377297998747389,-0.19507820096129283,-1.7991352181819587
1.0483306544678295,-0.3621421026436866,1.7000502046275414,-0.20760981572655304
-0.23424899285404183,-0.11578646555554986,-1.641290121015008,-1.4341064561509023
-0.145180961790023,-0.27342332916253326,-1.880627700520303,-1.1712857474885419
0.025320697675384536,-0.3599460933991036,1.7000502046275414,0.6392569121854977
0.8300885303521081,-0.23360236152742808,-0.20022184152548123,-0.48503167487015586
-0.2758574161248244,0.7671556513831237,-1.4083031135032855,-1.2150891989322685
-0.3156826212554305,-0.3095476812359237,-0.6946561883893259,-1.2004880484510265
1.5598356328640521,-0.20102822439944684,-0.6457751395779546,-0.7916558349762433
-0.145180961790023,0.06545749743070081,-1.0923271751632768,-1.4341064561509023
-0.17928129368310447,-0.27097111883941555,-0.11823084808171799,-0.7916558349762433
-0.145180961790023,-0.18327714967240089,1.1012507938522695,1.661337445872455
-0.2399041059374716,-0.3222113345463523,-0.12093024591219369,1.705140897316182
-0.06768020748756501,-0.33084897090837884,-0.6087824708411492,-0.9668696407511504
-0.0009103268577550642,-0.3283601604311847,-0.311756550389425,-0.41202592246394476
-0.3156826212554305,-0.35123525672892436,-0.4368059645735916,-0.7186500825700319
0.25265624362926126,-0.33187377522251754,1.3505343966484165,0.6538580626667395
-0.042879966110778454,-0.3483438445568901,0.366893323763529,0.06981204341704937
-0.019157996098200042,-0.0002763792904837999,1.2856447002903668,1.1210948780664916
-0.3156826212554305,-0.2749971357878177,-0.8051439912267907,0.3326327520794101
-0.3156826212554305,-0.2891613954153781,0.6056739998147493,0.6538580626667395
0.0740354575226438,-0.3544194701335697,0.42049959875338355,-0.7624535340137587
-0.2606820859440087,0.4977785173809417,0.8557551139634226,1.004285674216554
0.5936595625600762,-0.3354971904760795,-0.6207595487090244,-0.36822247102021816
0.13898847065232287,-0.35401686843872954,-0.16030200307496995,0.2596269996731988
-0.145180961790023,-0.26698170204508975,-0.1374029309088524,0.20122239774822975
0.0025871430799968725,-0.2677503052806938,1.7000502046275414,0.6100546112230127
0.0015297684476532505,-0.08288292704088117,0.44593690279878295,-0.07619946139537287
-0.145180961790023,0.032151357221191904,-0.42459257473096973,0.6392569121854977
0.13300595628511563,0.10447326167612554,-1.880627700520303,0.7998695674791623
-0.145180961790023,0.144513830235689,0.39113940304620615,0.8290718684416464
-0.3156826212554305,-0.27444813347667196,1.7000502046275414,1.3109098343226406
-0.24293524655018994,-0.2591858692268201,1.4827082768481368,1.8219501011661199
0.025320697675384536,-0.36254470433852687,-0.30512942225525147,1.1941006304727027
-0.145180961790023,-0.251060635021863,0.1654739595641794,-0.6894477816075476
-0.3057984670835228,-0.06209403952549539,1.6686859753167909,1.3985167372100946
0.21806170402758437,-0.2891247952613017,-1.3614210028709908,-1.4779099075946291
-0.2286179440816054,-0.30643666813943105,0.3805120863854831,3.0484467415904692
-0.13776784616109222,-0.3336671827722603,-0.2940034646506344,0.8290718684416464
-0.06768020748756501,-0.2791695533525254,-1.880627700520303,0.5078465578543169
-0.30361170731097686,0.2720287670378088,0.3898210450389983,-1.0982799950823305
-0.145180961790023,-0.3385350032644193,-0.41809728855850736,0.5078465578543169
-0.23544654621288577,-0.34541583223077943,-0.35295230422619733,-1.1420834465260574
-0.145180961790023,-0.34600143469600153,0.291360630158632,-0.12000291283909967
-0.12082358186639335,-0.2814387629052612,0.029780972495356058,-0.20760981572655304
-0.277793363596451,-0.06579065508721012,-0.9838272826392324,-0.9960719417136348
-0.12754285908670496,-0.24289880066282946,-1.880627700520303,1.4277190381725788
-0.3156826212554305,-0.24714441853568994,-0.8625704071713735,-0.9376673397886659
-0.3156826212554305,1.164596724498571,-0.5350286225212553,-0.13460406332034192
-0.20201484827849217,-0.3260543507243726,0.5958482837887231,-0.3098178690952491
-0.17210227644245576,-0.2837811727661497,0.5159261543085571,0.37643620352313695
-0.145180961790023,-0.2215975109903743,1.2083373937093513,2.040967358384753
-0.3156826212554305,-0.35705468122706935,-0.7348107708729927,-0.8792627378636968
-0.3156826212554305,-0.32294333762787997,-1.5454026770888973,-1.9743490239568657
0.0690390718972839,-0.24487520898295417,-0.05169461483700301,-0.3974247719827025
-0.06494488674747825,0.4181731822648078,0.6523481218293419,0.4786442568918328
-0.23043179152272675,-0.15202061809116943,0.5363451171964738,-0.3974247719827025
0.1803222062803005,-0.2949442197594467,0.6886721147860864,0.4640431064105901
-0.145180961790023,-0.34490343007371005,1.186839368140124,-0.12000291283909967
-0.10583442499031355,-0.33648539463614185,-1.880627700520303,-0.10540176235785739
0.30432341316423317,-0.3405846118926968,-0.7792605655575866,-1.069077694119846
0.10401377127480342,-0.3296777659779345,-0.7990739637747664,-0.8792627378636968
-0.145180961790023,-0.31415930064954795,-0.014814887471598847,-0.2806155681327644
0.36632401660619957,-0.35522467352325016,0.1576043377946237,0.37643620352313695
-0.08834707530155382,-0.35782328446267336,-1.880627700520303,-1.5655168104820827
0.8778289950024221,2.032166776725164,0.009068318128365834,0.09901434437953431
-0.09568048000974338,-0.2081652544443416,0.6068015511101473,0.6830603636292241
0.03860654127009158,-0.06429004877007839,1.1906886026987267,0.6100546112230127
-0.12082358186639335,-0.35903108954719404,0.42007936975568766,-0.9376673397886659
-0.08834707530155382,-0.35877488846865935,0.44367199229496446,-0.10540176235785739
-0.145180961790023,-0.311011687398979,-0.297001073194642,-0.12000291283909967
-0.145180961790023,-0.356066477067007,1.1427923849522146,-0.12000291283909967
0.028808536500011292,15.29024318950837,1.0388976719246623,0.40563850448562144
0.0740354575226438,0.03621397432367047,0.8965096910675941,0.12821664534201843
1.0483306544678295,-0.3611538984836243,-0.9799663869555078,-0.7916558349762433
-0.2614718372202753,2.62230766105277,-0.9582561546412334,-1.5217133590383558
-0.2737129820024071,-0.17778712656094336,0.5440996727124243,-0.4266270729451868
-0.12082358186639335,-0.3474288407049805,-0.13022195878446077,-0.29521671861400683
-0.145180961790023,-0.3546756712121044,1.6684559878174134,-0.12000291283909967
-0.17359790503425754,-0.2689764104422526,0.05828709874025161,-0.12000291283909967
-0.145180961790023,-0.32945816505347625,1.369472555464232,3.7347008142088547
0.04014692893324605,-0.29128420435180835,-0.05399809350231498,0.08441319389829205
-0.04067994469832162,-0.07958891317400667,1.4931220263005145,0.5662511597792864
0.46375353630071814,0.07087432023400556,1.431058023067592,0.3910373540043788
-0.24261048148454156,-0.03577852874457571,0.01946913548215404,-0.601840878720094
-0.2155715551473013,0.3704099811951274,1.3588809535787665,1.5007247905787902
-0.2550598090010634,-0.28996659880505854,0.10335322605117814,0.01140744149208072
1.7303372923294595,-0.1532284231756901,-0.8929389970469414,-0.7916558349762433
-0.25532805153316235,0.5565583648276134,-0.24373421113207613,0.49324540737307504
-0.145180961790023,-0.31664811112674207,1.102837791151106,3.1068513435154377
-0.08834707530155382,-0.32718895550074045,-0.5875139565897342,-0.8500604369012124
-0.10583442499031355,-0.18408235306208132,0.9933657230476727,0.3472339025606524
-0.16822172658264561,-0.2851719786210523,-0.16465298313591853,0.6538580626667395
-0.042879966110778454,-0.3262007513406781,0.0954709287070852,-0.41202592246394476
0.05632099939636769,-0.09580278142984451,0.6311118255512999,-1.1858868979697843
-0.21719790820681967,1.5080525703513532,-0.003556865206628347,-0.48503167487015586
-0.2536820178134641,-0.2980918330100156,-0.7111167834624705,-1.0836788446010883
0.10401377127480342,-0.3584088869278955,-0.962890926511822,-0.4412282234264293
0.36632401660619957,-0.35921409031757595,-1.4993518124721528,-1.638522562888294
-0.08834707530155382,-0.26932411190597827,-1.880627700520303,-1.5947191114445671
-0.042879966110778454,-0.3529920641245908,-0.7767399525602163,-0.8062569854574857
-0.19168141437149774,-0.3548952721365627,0.07052014000936059,0.12821664534201843
-0.051680051760605965,-0.22529412655208905,1.7000502046275414,1.7343431982786663
-0.08834707530155382,-0.35035685303109115,-1.1300925937644228,-0.0615983109141306
-0.1313565029144494,-0.30533866351713956,0.501541308650923,-0.07619946139537287
-0.22768176475715565,-0.3389742051133359,-1.880627700520303,-0.8646615873824546
-0.09568048000974338,-0.3008734447198208,0.05828709874025161,1.705140897316182
1.0483306544678295,-0.35529787383140293,0.43628153222241994,0.09901434437953431
0.22992268903387358,-0.3288725625882541,-0.9109321530017958,0.08441319389829205
-0.12082358186639335,-0.15956024983090442,-1.880627700520303,-0.7770546844950009
-0.01256855998359493,-0.35313846474089633,0.6127239297658923,0.37643620352313695
0.5936595625600762,-0.3638623098852766,0.5735447962664219,0.6684592131479818
-0.145180961790023,-0.3445740286870226,0.5665563872511944,-0.12000291283909967
0.36632401660619957,-0.3546756712121044,0.35203028739541176,1.004285674216554
-0.042879966110778454,-0.34636743623676536,0.695944760326823,-0.2806155681327644
0.0740354575226438,-0.3312881727572954,-0.6297677990284105,-1.0252742426761192
-0.145180961790023,-0.35833568661974274,-0.612470942447108,-1.0544765436386039
-0.145180961790023,-0.2589296681482854,0.39303008972411624,1.7489443487599086
0.30432341316423317,-0.32287013731972725,-0.49752051962365845,-0.3828236215014602
0.5368256760716071,-0.3171971134378878,-1.1928435281238696,-0.6456443301638206
0.025320697675384536,-0.3458184339256196,1.7000502046275414,0.24502584919195655
-0.145180961790023,-0.3356801912464614,1.0039230682367497,-0.12000291283909967
-0.27021551206465516,-0.27426513270629005,-1.880627700520303,2.2161811641596603
0.7452165931959942,-0.3331181804611146,0.25081996529967315,0.6100546112230127
-0.27021551206465516,0.08705158833576702,-0.9338790336825178,0.44944195592934827
-0.028521931629481013,-0.12885272056081873,0.05436843931228027,0.3326327520794101
-0.24293524655018994,-0.22690453333144991,-1.880627700520303,0.3910373540043788
-0.2904231161494442,0.010593866470202074,-0.6541067320418504,-0.4704305243889138
0.46375353630071814,-0.35306526443274355,1.131244599903535,1.763545499241151
-0.19168141437149774,-0.33941340696225253,-0.37645917497603026,-0.49963282535139814
-0.2585687648827817,3.651467393526595,-1.880627700520303,1.2379040819164298
0.36632401660619957,-0.35021045241478566,0.359233586466119,-0.16380636428282647
-0.11108062989694148,0.06534769696847166,0.22820249090859418,-0.9084650388261813
0.5027253441785255,-0.26811630682145765,-1.5364590294155194,-1.361100703744691
0.025320697675384536,-0.33718079756359315,0.05828709874025161,-0.12000291283909967
-0.12082358186639335,-0.33099537152468433,1.417078698445645,1.8949558535723312
-0.24914538829332028,-0.21863289851018725,-1.6829269731963896,-1.2880949513384798
-0.16822172658264561,-0.2820975656786361,1.5983176425355232,1.1941006304727027
-0.3133589189117793,1.768243065680363,-0.056011994779333,-0.01779485947040381
0.36632401660619957,-0.34647723669899455,-0.5918376034546782,-1.0398753931573614
-0.2943699138222546,-0.29106460342735,0.06479354823422827,-0.41202592246394476
-0.15663256578396825,11.860625751780862,0.13879146859595815,0.28882930063568335
-0.145180961790023,-0.2689764104422526,0.05828709874025161,-0.12000291283909967
-0.3156826212554305,-0.29838463424262673,1.4903193369138763,-0.33902017005773344
-0.145180961790023,-0.2689764104422526,0.05828709874025161,-0.12000291283909967
-0.12754285908670496,-0.3215891319270538,1.5302270563930374,-0.5726385777576095
-0.2943699138222546,-0.10129280454130203,-1.2426823323169007,-1.0836788446010883
-0.145180961790023,-0.09155716355698404,0.7212967010023236,0.05521089293580711
-0.145180961790023,-0.20556664350491838,-0.1422061439430872,-0.36822247102021816
1.503001746375583,-0.3640087105015822,0.09927655291438754,0.5808523102605282
0.26889449691168094,-0.3555174747558612,-0.16370958827275608,-0.8938638883449391
0.46375353630071814,-0.0023259879187612713,-0.8761553996480873,-1.0982799950823305
-0.23733929464978684,2.103390676557806,1.0704344112023598,1.5153259410600328
-0.145180961790023,-0.34977125056586905,1.3827749472093778,-0.12000291283909967
-0.16620171432685404,-0.21987730374878428,-1.880627700520303,-0.2368121166890378
-0.2894515967222909,0.7017877762027028,0.1681012087425109,0.4786442568918328
-0.29699750788935847,-0.35306526443274355,1.000699051278353,-0.12000291283909967
-0.15979538974420077,0.14707584102103582,1.104417471740467,0.8144707179604045
1.092331082716967,-0.2689764104422526,0.05828709874025161,-0.12000291283909967
0.30432341316423317,-0.3231629385523383,0.2510831256085138,-0.12000291283909967
-0.019157996098200042,-0.25698985998223706,1.3073537245016562,1.2963086838413989
-0.281582289362349,-0.27298412731361665,-0.6596889280418194,-0.8938638883449391
0.17146497721716242,-0.3319103753765939,-0.5369429564887315,-0.6164420292013363
-0.21755216976454847,0.04635221700282867,-1.880627700520303,0.8144707179604045
-0.20201484827849217,-0.33915720588371784,-0.13715625979386561,0.28882930063568335
0.16929987677950645,0.017547895744714923,-0.5083184139422328,1.5591293925037593
-0.145180961790023,-0.3293117644371707,0.2996689135532636,0.5370488588168014
0.87603424069226,0.38120702664766054,0.7370184233300752,0.3034304511169256
-0.17457779962888637,-0.34395182606772406,0.2971937741746734,-0.12000291283909967
-0.11728069024113813,-0.028312097312993497,0.4464067898512464,-0.32441901957649116
-0.30299412566730716,0.6145330088846048,0.7386967280618046,0.9604822227728271
-0.0029763428547393634,5.5091814139815884,-0.2314159063091469,-0.9814707912323924
-0.25224014331481376,-0.012354430135690327,-0.40927310481166124,1.6175339944287281
-0.29175256378660136,-0.26145507877955587,0.44489050943889635,0.37643620352313695
-0.3156826212554305,-0.2194381018998677,-0.9053699513858591,-1.41950530566966
0.7273863542976506,-0.15410682687352328,-0.7732015442890109,-1.302696101819722
-0.145180961790023,-0.24337460266582245,-1.6952924052227953,2.3913949699345673
0.27071560942933554,0.7913849533816895,0.6244780464704724,0.04060974245456525
-0.22474840287387984,-0.33674159571467654,1.6741657860361112,1.8949558535723312
-0.21825310156091193,-0.24491180913703056,-1.5374659965229054,-1.7407306162569895
-0.19168141437149774,-0.34098721358753703,-0.43632064634302115,-0.2806155681327644
-0.145180961790023,-0.3621421026436866,0.05828709874025161,-0.12000291283909967
-0.10583442499031355,-0.3275549570415043,-0.6451116425923235,0.1866212472669875
0.22992268903387358,-0.35573707568031954,-0.683230587544818,-0.2806155681327644
0.34280654633510893,-0.282280566449018,0.6758959979351251,0.24502584919195655
-0.20201484827849217,-0.3362657937116836,-0.10515514494284274,0.026008591973322986
-0.3156826212554305,-0.34925884840879967,-1.1101949545356233,-1.6677248638507784
-0.145180961790023,0.06446929327063847,-0.6162159979223024,-0.8646615873824546
-0.2686476807132491,-0.27975515581774757,-1.364602061906621,-1.5071122085571136
-0.20201484827849217,-0.22386672054311008,-0.2979570883829063,0.04060974245456525
0.17146497721716242,-0.18616856184443517,0.9714575726334612,1.3255109848038833
-0.29236615500375085,0.017621096052867692,0.2493170236891214,-0.3098178690952491
1.0483306544678295,-0.349002647330265,-1.4755409072106478,-0.8062569854574857
0.025320697675384536,-0.2605034747735699,-1.880627700520303,0.5516500092980438
-0.02339406217187477,0.7016413755863974,-0.5494459143388367,-0.8500604369012124
0.2089378694073619,-0.3465138368530709,-1.0665481767921963,-1.346499553263449
-0.21464460083148532,0.4514427223202403,-0.15488984496078517,-1.2004880484510265
-0.24748195746926752,-0.31975912422323466,0.13661665253439445,-0.3536213205389757
-0.27021551206465516,0.2248511684333506,0.37461935152254916,-0.8938638883449391
-0.26023492712033863,0.22115455287163588,-1.3014102206855245,-1.3757018542259334
-0.17210227644245576,-0.3447936296114809,-0.03745907393600263,-0.00319370898916195
-0.145180961790023,-0.36539951635648477,1.7000502046275414,0.3180316015981679
-0.3156826212554305,-0.0009717822179350847,-0.5129977249535383,-0.83545928641997
-0.2878456156284252,-0.36711972359807477,0.05828709874025161,-0.12000291283909967
-0.019157996098200042,-0.3242975433287062,0.7666256225163512,-0.8938638883449391
-0.026346471859587432,0.1654857185214567,-0.0991469395753886,-0.660245480645063
-0.12754285908670496,-0.3103528846256041,0.8735623322594381,-0.12000291283909967
0.04326824077700636,-0.33996240927339827,-0.42326283885635557,-0.3536213205389757
-0.2399041059374716,-0.34380542545141857,0.20482206841195816,0.9020776208478577
0.13898847065232287,-0.2763879416427203,-1.8199627259272375,-1.828337519144443
-0.27238061250231116,-0.3129514955650273,0.824235744044082,-0.17840751476406871
-0.145180961790023,0.0955062239274116,-1.880627700520303,0.726863815072951
-0.145180961790023,-0.011476026437857126,0.5838751120379745,0.9896845237353112
-0.145180961790023,-0.2572094609066954,1.6523555272362946,1.7927478002036354
-0.3046825141931462,0.5568145659061482,0.28148105039748317,-0.01779485947040381
-0.19168141437149774,-0.3487464462517303,-0.37560172843624884,-0.12000291283909967
-0.145180961790023,-0.36232510341406854,-1.798627443150505,-0.6894477816075476
-0.145180961790023,-0.013818436298745664,0.37690941029807257,-0.12000291283909967
-0.145180961790023,1.645705749832631,0.05728114880818942,-0.12000291283909967
-0.145180961790023,0.33487123158695914,-0.09551601496119512,-0.12000291283909967
-0.145180961790023,0.04935342963709211,0.9523842671434672,-0.12000291283909967
-0.145180961790023,-0.024103079594209403,0.6543486012995803,-0.12000291283909967
-0.3156826212554305,-0.09056895939692168,-0.22771550714342617,-0.6164420292013363
-0.145180961790023,0.28681522928466774,1.0186652559790457,-0.12000291283909967
-0.145180961790023,0.20662429170331165,1.2007288279591828,-0.12000291283909967
-0.145180961790023,0.5212026159898271,0.9485371541218711,-0.12000291283909967
-0.145180961790023,0.6386525104209415,1.2135053975743373,-0.12000291283909967
-0.2578854485552924,-0.2807799601318863,-0.35060509416632796,-0.12000291283909967
-0.145180961790023,1.2756781921203948,0.9923707193525824,-0.12000291283909967
-0.145180961790023,0.8373913470557034,0.8865367225008189,-0.12000291283909967
-0.145180961790023,0.283118613722953,1.1957804692521103,-0.12000291283909967
-0.145180961790023,0.3438382693356731,0.2945073975875254,-0.12000291283909967
-0.145180961790023,0.19502204286109812,0.7152996693489104,-0.12000291283909967
-0.145180961790023,0.6422027253663507,0.11895310012069502,-0.12000291283909967
-0.1857765949960724,-0.22657513194476245,0.8160703467941675,1.5737305429850015
1.0483306544678295,-0.34204861805575215,-1.3683555330684947,-0.4266270729451868
-0.145180961790023,-0.15205721824524582,0.8566774645450673,-0.12000291283909967
-0.145180961790023,0.29728287335051334,0.9674639797766026,-0.12000291283909967
-0.145180961790023,0.04236280020850288,0.8196028577325003,-0.12000291283909967
-0.145180961790023,0.35752672696024046,1.0592935089389304,-0.12000291283909967
-0.145180961790023,1.3429126751587113,0.7894381831180453,-0.12000291283909967
-0.145180961790023,0.8926941798651188,0.7818129695460497,-0.12000291283909967
-0.145180961790023,0.79563057125455,0.5501847386601421,-0.12000291283909967
-0.25637769622398443,-0.23298015890812956,-0.6877197272091111,-0.8646615873824546
-0.145180961790023,-0.06762066279102928,1.07300493540148,-0.12000291283909967
-0.145180961790023,1.5021965456991317,0.8431244491624886,-0.12000291283909967
-0.145180961790023,0.9030520234687353,0.6523841301441617,-0.12000291283909967
-0.145180961790023,0.6985303624899047,0.28000322802559885,-0.12000291283909967
-0.145180961790023,1.1475776528530528,0.7172564309275445,-0.12000291283909967
-0.145180961790023,0.9921733986447289,0.5059767008914134,-0.12000291283909967
-0.145180961790023,0.497705317072789,0.5873108649389966,-0.12000291283909967
-0.145180961790023,0.9507420242302629,0.5887641882966289,-0.12000291283909967
-0.145180961790023,1.8400891681323035,0.23223707669400454,-0.12000291283909967
-0.145180961790023,-0.009755819196267104,1.091657676499697,-0.12000291283909967
0.5145863291848148,1.158081897072975,0.7515211348702209,1.763545499241151
0.13898847065232287,-0.18576596014959496,-0.41945096505936635,-1.3757018542259334
-0.2925637521753752,-0.21317947555280614,-0.3048229448311303,-0.9668696407511504
-0.3156826212554305,-0.28692878601671873,-1.880627700520303,-1.1566845970072996
-0.042879966110778454,-0.34065781220084956,0.20438668131544055,-1.0398753931573614
-0.145180961790023,-0.15019061038735027,-0.2893495493208055,-0.6748466311263053
-0.22351956208493995,0.2849486214267722,-0.03662681481467483,-0.7916558349762433
0.025320697675384536,-0.36415511111788773,0.1970496024667179,0.6976615141104664
-0.15521047117034106,-0.3628741057252143,1.607446465701304,-0.12000291283909967
0.3236986017398477,-0.2611988777010212,1.6740674002017968,1.5591293925037593
-0.22474840287387984,-0.3419022174394466,0.790589198240208,-0.36822247102021816
-0.145180961790023,-0.2689764104422526,0.05828709874025161,-0.12000291283909967
-0.24195217391903806,-0.323419139630873,0.29656841266004447,0.6100546112230127
-0.3156826212554305,-0.14634759420933002,-1.002673021854245,-0.12000291283909967
0.025320697675384536,-0.3524796619675214,0.07979345254814176,0.5662511597792864
0.46375353630071814,-0.35445607028764614,0.7686599980861945,-0.48503167487015586
-0.3156826212554305,-0.33385018354264223,0.7270827210505142,-0.12000291283909967
-0.01256855998359493,-0.3482340440946609,0.31219055146946206,0.09901434437953431
-0.25804825749247584,-0.16882008881222943,-0.5396909213499492,-0.9814707912323924
-0.017304717190967343,-0.30566806490382703,-0.03590680239470115,-0.5726385777576095
-0.11108062989694148,-0.27298412731361665,-1.880627700520303,-1.5071122085571136
-0.2824140047743754,0.1862380058827661,-0.14653658196136943,-0.5580374272763672
-0.20656155919756966,-0.3173801142082697,1.7000502046275414,0.40563850448562144
-0.12082358186639335,-0.35463907105802805,-0.7675723986268381,-0.952268490269908
0.15875677899613824,-0.3174533145164225,-0.0942467559476495,-0.7332512330512744
-0.0009103268577550642,-0.30178844857173037,-0.3059318150631278,1.486123640097548
-0.145180961790023,-0.348526845327272,0.13526576576371963,-0.20760981572655304
-0.145180961790023,-0.35676187999445824,0.0931735475470601,0.3180316015981679
-0.2651636110434579,0.4726342115304663,-1.2531039096991958,-1.3903030047071756
-0.281582289362349,-0.10670962734460678,-1.6013197261904288,-1.5947191114445671
-0.3156826212554305,-0.3339599840048714,-0.2602326220317642,-1.0982799950823305
-0.09449127924625317,0.19674225010268812,0.4135999771192121,-0.9376673397886659
-0.2536820178134641,-0.3308855710624552,0.21352634703586051,0.975083373254069
-0.145180961790023,-0.2689764104422526,0.05828709874025161,-0.12000291283909967
-0.3065777633638851,-0.2689764104422526,0.05828709874025161,0.4786442568918328
-0.2878456156284252,-0.1574008407403978,-0.2621362913871586,-0.8062569854574857
-0.145180961790023,0.8827389379563425,0.8730623971397365,-0.03239600995164607
0.0740354575226438,-0.35870168816050657,1.2797097548927945,0.8874764703666158
-0.2600086100014199,-0.2531834439582932,-1.880627700520303,-0.07619946139537287
-0.17928129368310447,-0.28692878601671873,0.6426797780503367,-0.45582937390767153
-0.26322057218915124,0.2131757192829843,0.6699983644900881,-0.3828236215014602
-0.22474840287387984,-0.33827880218588463,0.2550558215856446,0.7998695674791623
-0.10783297924045751,0.006824050600334583,0.8841729252711565,0.24502584919195655
-0.12082358186639335,-0.34801444317020264,-0.1245864290301725,-0.3828236215014602
-0.145180961790023,-0.3571278815352221,0.690115410867893,0.5808523102605282
0.13898847065232287,-0.3618493014110756,1.202733828912563,-0.12000291283909967
-0.12082358186639335,-0.2999218407138348,-0.6402621516782393,-1.2880949513384798
-0.145180961790023,-0.35687168045668743,-0.5762378922164454,-0.12000291283909967
-0.2691821686739557,-0.014550439380273332,-0.6361441931565551,-0.33902017005773344
-0.3156826212554305,1.5270846504710724,-1.8804201410328152,0.12821664534201843
-0.07016023162524368,0.3089217223468033,1.1264361111116261,0.2596269996731988
-0.28081109208256444,7.229644856650143,-0.1404121316909525,0.026008591973322986
-0.145180961790023,-0.2820975656786361,0.6549793395004478,-0.12000291283909967
0.29539532626859005,0.5392464919494842,0.14525172643117673,-0.7478523835325167
-0.17578382374535254,0.03471336800653874,1.7000502046275414,1.6175339944287281
-0.145180961790023,-0.34146301559053,-0.7977408019591858,-0.4412282234264293
-0.2743488856274529,-0.2165466897278334,-1.3671128818432907,-1.2734938008572376
0.09352136146154753,-0.2893809963398364,0.8234247287909693,0.2742281501544411
-0.026346471859587432,-0.2812557621348793,1.033061183080394,0.726863815072951
-0.0009103268577550642,-0.2742285325522137,0.7265798521641796,0.975083373254069
-0.145180961790023,0.3918576714838881,-0.1584074456162861,-0.9668696407511504
-0.24389244884894312,-0.33761999941250975,-0.3213002256978546,-0.41202592246394476
-0.25884873476696135,-0.16036545322058485,-0.882931290057795,-1.229690349413511
-0.15829647405659278,0.2528136861477075,0.4578691105993956,-0.5288351263138829
0.5936595625600762,-0.34622103562045986,0.025722707824608913,1.6467362953912128
-0.2686476807132491,-0.2529638430338349,0.6496108704786868,1.8365512516473623
-0.1641255906195127,0.2716261653429686,1.00697606048421,-0.543436276795125
-0.10255554692367111,0.039251787112010286,-0.43036123745177596,-0.7040489320887896
0.36632401660619957,-0.32371194086348404,0.9935758118749313,0.5662511597792864
-0.145180961790023,-0.25881986768605625,-0.9331215160894945,-0.12000291283909967
-0.24966068148179738,6.544563172648399,-0.019175005402272707,-0.3098178690952491
-0.145180961790023,0.40265471693642124,1.5905800689766254,0.6538580626667395
0.22992268903387358,-0.34611123515823067,-0.6080522777848321,-0.8208581359387278
-0.27021551206465516,0.010520666162049308,-1.4725178714396803,-1.1274822960448152
-0.042879966110778454,-0.36302050634151983,1.0606434358511405,1.7489443487599086
-0.3156826212554305,-0.3600558938613328,0.4755696774785376,-1.244291499894753
-0.18368133650801824,-0.30932808031146536,0.3575794510825613,0.09901434437953431
-0.2012815078076732,0.6547199780604738,-0.812926724111556,-0.7332512330512744
1.0483306544678295,-0.3574206827678332,0.7947467342694069,-0.12000291283909967
-0.01256855998359493,-0.3091084793870071,-1.880627700520303,1.5883316934662441
0.05632099939636769,-0.350247052568862,-0.4902994032936997,0.4348408054481056
-0.23043179152272675,-0.20227262963804388,-1.3106130340036501,-1.244291499894753
-0.27671081337762304,0.07120372162069301,-0.9038345545518655,-1.1274822960448152
0.1105715274080883,-0.24553401175632908,1.5513044036310326,2.259984615603387
-0.145180961790023,0.15084565689090332,0.6085405605625469,-0.41202592246394476
-0.30761153678369524,0.3105321291261642,0.7965164658832407,0.2742281501544411
-0.06768020748756501,-0.13503814659972754,0.3882831688826365,-0.660245480645063
-0.3156826212554305,-0.3642283114260405,0.20432399108477092,-0.6164420292013363
-0.145180961790023,-0.30826667584325024,-1.880627700520303,-0.12000291283909967
0.0740354575226438,-0.3600192937072564,0.647995356207814,0.05521089293580711
-0.3156826212554305,-0.3416460163609119,0.6248179026506742,0.06981204341704937
-0.3156826212554305,-0.07226888235872998,0.10527955869029379,0.17202009678574523
0.36632401660619957,-0.36711972359807477,0.05828709874025161,-0.12000291283909967
-0.26696786140817125,-0.2256235279387765,1.0554170380515195,0.7998695674791623
-0.12082358186639335,-0.3484170448650428,1.2726111591989335,-0.3098178690952491
-0.145180961790023,-0.25128023594632126,0.5008342237565414,0.11361549486077617
-0.3156826212554305,-0.348526845327272,-1.880627700520303,-0.12000291283909967
0.5368256760716071,-0.3503202528770148,0.28806174965638714,-0.2368121166890378
2.41234393019109,-0.36104409802139514,1.3117839257560884,0.9604822227728271
-0.3156826212554305,-0.3145619023443882,-1.117614163629467,-1.229690349413511
-0.24881922538664325,0.033322562151636176,-0.18274295763509904,-0.17840751476406871
0.1635652864311204,-0.25684345936593156,0.3428865246810303,0.17202009678574523
-0.29699750788935847,-0.19586760267467676,-1.100056753042038,-1.2004880484510265
0.22992268903387358,-0.35862848785235385,-0.1983264433603243,-1.0982799950823305
0.1287711427442835,0.09675062916600864,0.8474002190084632,1.252505232397672
-0.21464460083148532,-0.32008852560992207,-0.3759070244270454,-1.0982799950823305
0.48391136796165296,-0.28813659110123935,-0.3856366011050074,-1.069077694119846
-0.21825310156091193,-0.21076386538376482,1.7000502046275414,1.1064937275852493
-0.2611891591029954,3.9639595090307567,1.5909066274621357,1.3255109848038833
-0.3156826212554305,-0.35302866427866714,1.672148818353662,-0.12000291283909967
-0.017304717190967343,-0.17500551485113822,0.8507562454145359,2.1285742612722074
-0.057626055578056945,0.6540245751330225,0.9742891453583279,1.004285674216554
-0.2878456156284252,-0.24154459496200328,1.7000502046275414,0.3910373540043788
0.7073273355370145,-0.3125854940242635,0.5970091586793128,-0.13460406332034192
-0.145180961790023,-0.3485634454813484,1.0785518700062193,-0.12000291283909967
0.21806170402758437,-0.3478314423998207,-0.032535878508512396,0.7706672665166777
-0.27556458373415815,3.062387913667204,-0.03300676698741935,-0.32441901957649116
-0.2237266700830759,-0.20106482455352323,-1.6367596219021225,-1.302696101819722
-0.21825310156091193,-0.33934020665409975,0.39326788614802516,-0.6894477816075476
-0.145180961790023,-0.35705468122706935,-0.12284036526590666,-0.9668696407511504
-0.042879966110778454,0.023220919626554353,0.8858782477608258,-0.36822247102021816
-0.20729525827008585,0.36612776316819057,1.5250734815997018,0.8874764703666158
-0.145180961790023,-0.34655043700714727,-0.5171667188447893,-0.7040489320887896
-0.28919692658119245,-0.07731970362127089,1.0181024550742512,0.21582354822947203
-0.28200328111411543,0.4797346414212847,-0.2730521936192828,-0.8792627378636968
0.7073273355370145,-0.35053985380147307,-1.880627700520303,0.2596269996731988
-0.12082358186639335,-0.30361845627554956,-0.13878784349161102,0.7998695674791623
0.25265624362926126,-0.1545460287224399,-0.7320734757802145,-0.952268490269908
0.025320697675384536,-0.35200385996452843,1.240544323337382,2.303788067047114
-0.3156826212554305,-0.23601797169646938,-0.9629665288492474,-1.4779099075946291
0.009082444392964755,-0.30288645319402185,0.34326911806154925,-0.2660144176515221
-0.145180961790023,-0.33977940850301636,0.36268857740364774,1.0626902761415227
0.36632401660619957,-0.34552563269300857,-0.1267024215580538,0.12821664534201843
0.6763270338160314,-0.2426059994302184,0.9232893892250987,1.5007247905787902
-0.27096087451040557,-0.24026358956932986,1.6783553875449955,-0.13460406332034192
-0.06768020748756501,-0.34267082067505067,0.8638439872576856,0.5224477083355595
-0.145180961790023,0.15289526551918078,1.1385531344790758,1.5883316934662441
-0.22631623422528585,1.2703711697793192,-0.5242278539301003,-0.32441901957649116
-0.2948579910917166,0.12226093655724787,1.6979078500361733,0.5078465578543169
-0.145180961790023,-0.28725818740340614,0.15750335273067004,0.6830603636292241
0.03406437251976438,-0.29260180989855816,1.7000502046275414,0.6538580626667395
-0.145180961790023,0.7307018979230457,-0.8824070423157263,-0.03239600995164607
-0.08421370173875603,0.9102256536677065,-1.3513234795272449,-1.3172972523009643
-0.1641255906195127,-0.21189847016013272,-0.879287451639062,-1.346499553263449
0.025320697675384536,-0.35687168045668743,-1.3946785562502384,-1.5509156600008405
-0.145180961790023,-0.35767688384636787,-0.20131752019902713,2.011765057422269
-0.27633608445572105,4.432368280900311,0.6782983455781243,-0.660245480645063
-0.3127044263302705,2.9671909129145306,-0.18805865485250978,-1.1566845970072996
-0.3156826212554305,-0.35427306951726417,-1.880627700520303,-0.12000291283909967
0.059915237277061426,-0.15084941316072517,-0.4002425046705512,0.20122239774822975
0.052969615426531724,-0.08028431610145795,0.28048069444579443,-1.2880949513384798
0.22992268903387358,-0.36225190310591576,0.4885426427354134,0.9020776208478577
0.5027253441785255,-0.3537972675142712,-0.41491064594055355,0.4202396549668637
-0.145180961790023,0.3914184696349715,1.0065476178355777,1.135696028547734
-0.3156826212554305,-0.3607146966347077,1.638667154825007,-0.12000291283909967
-0.3156826212554305,-0.2689764104422526,0.05828709874025161,-0.12000291283909967
-0.145180961790023,8.807367698420803,1.379019378035026,4.231139930571092
-0.20656155919756966,-0.2668353014287842,-0.5280723604370844,2.566608775709475
-0.28200328111411543,0.07325333024897049,-1.880627700520303,0.37643620352313695
0.25265624362926126,-0.332203176609205,0.4276709490246909,1.8511524021286045
-0.20201484827849217,-0.2562944570547858,-0.5916782564611385,-0.9668696407511504
-0.17210227644245576,-0.008365013341364535,-1.880627700520303,-0.4266270729451868
0.005261678914748353,-0.3348383877027046,-0.029392865205771133,0.08441319389829205
-0.13381418449232915,-0.336595195098371,-0.5840273080087334,0.28882930063568335
-0.04953368940698949,-0.18111774058189425,0.23099994248010836,-1.2150891989322685
-0.30699463860751164,0.1959004465589313,0.34277705472719167,0.026008591973322986
-0.27021551206465516,-0.2339683630681919,-1.880627700520303,0.21582354822947203
-0.1641255906195127,-0.3419754177475994,-0.7756732377963684,-1.302696101819722
-0.145180961790023,0.4743544187720563,0.7557828765899882,0.7414649655541932
-0.145180961790023,-0.33996240927339827,-1.2050280957754267,-1.346499553263449
-0.145180961790023,-0.3524796619675214,-1.880627700520303,-0.12000291283909967
-0.3156826212554305,0.2683687516301705,1.5101173387264204,2.274585766084629
-0.17457779962888637,-0.3147815032688465,-1.5125440277533568,-1.6239214124070518
-0.17928129368310447,-0.3425610202128215,-0.09829324400855934,-0.12000291283909967
-0.145180961790023,-0.30317925442663296,0.4620825717086531,0.6246557617042551
-0.0009103268577550642,-0.29970223978937655,1.0488411393590682,0.6538580626667395
-0.30527030617357354,0.17350115226418467,-1.880627700520303,-0.36822247102021816
-0.06768020748756501,-0.31452530219031183,1.2889076476690207,2.3475915184908405
-0.145180961790023,-0.34951504948733436,0.8216302611609184,3.296666299771587
0.025320697675384536,-0.2911744038895792,0.806174949270152,-0.01779485947040381
-0.17526948993097727,0.35657512295425453,0.4867521737525828,-0.6164420292013363
0.05155172220852414,-0.13485514582934563,0.11396675184301727,-0.9230661893074235
-0.25884873476696135,-0.3114508892478956,-0.12913239386021344,-0.5142339758326406
-0.2921651509843398,0.19030062298524464,0.025383840978946668,-0.7040489320887896
0.05632099939636769,-0.3532848653572018,0.5159635957823547,0.01140744149208072
0.4117911257969749,-0.23828718124920514,-1.3170778256760116,-1.1566845970072996
-0.2936824071308618,-0.005949403172323229,0.9714323252662855,0.23042469871071428
-0.24293524655018994,0.5161151945732099,1.0286360027050319,0.21582354822947203
-0.19857037030949404,0.43943787178318655,1.6995627501775052,1.471522489616306
-0.3062103068406856,0.6763506691196164,0.4442382658841778,-0.3098178690952491
-0.24389244884894312,-0.27287432685138746,1.1855450299072687,1.3693144362476102
-0.16207752263794625,0.7158422353680342,1.495657863494191,1.2233029314351875
-0.2857043075032709,-0.12270389467598633,1.663589273577818,1.6467362953912128
-0.3156826212554305,-0.19993021977715533,-1.6462532054153982,-1.5071122085571136
-0.145180961790023,-0.2815851635215667,0.2935194742357054,-0.10540176235785739
-0.10583442499031355,-0.2613452783173267,0.15998700874561372,-0.17840751476406871
0.0740354575226438,-0.2546840502754249,-0.6043118456580342,-1.010673092194877
0.10401377127480342,-0.24626601483785673,-0.763699098975094,-0.543436276795125
0.8534716150787925,-0.16113405645618892,1.6224306764775704,-0.03239600995164607
0.005261678914748353,-0.3017152482635776,0.1832213438570219,-0.00319370898916195
-0.145180961790023,-0.3117070903264303,-1.0504969576491712,-1.2004880484510265
0.36632401660619957,-0.35972649247464533,-1.2602132120045875,-0.12000291283909967
-0.145180961790023,1.0758413508633413,0.706360998280742,-0.2806155681327644
-0.01256855998359493,-0.17182130144649288,1.6738795827570832,1.705140897316182
-0.145180961790023,-0.1559002344232661,-0.7253301334807454,-0.587239728238852
0.13898847065232287,-0.3598728930909509,0.09055357049542949,2.318389217528357
-0.145180961790023,-0.2689764104422526,0.05828709874025161,-0.12000291283909967
-0.0009103268577550642,-0.29743303023664075,1.1584350593110606,0.36183505304189467
4.5557933634704995,0.27309017150602394,-0.37912573194841653,-0.8208581359387278
0.013561962539839205,0.050378233951230846,-1.2120168529736293,-1.3318984027822067
-0.145180961790023,-0.2689764104422526,0.05828709874025161,-0.12000291283909967
-0.145180961790023,-0.3058876658282853,-0.38457638211125134,-0.01779485947040381
3.77635720591435,-0.10308621209104482,1.1927792288774586,0.6246557617042551
0.22992268903387358,-0.28861239310423237,0.3645992376726343,0.3326327520794101
-0.3156826212554305,-0.2154852852596183,-1.3102083383678584,-1.5509156600008405
-0.3156826212554305,0.702373378667925,-0.7409033517375747,-1.4487076066321445
-0.145180961790023,-0.3547488715202572,1.0856143510814615,-0.12000291283909967
0.025320697675384536,0.05681986106867433,-0.07962368814083808,-0.9376673397886659
-0.21464460083148532,-0.21310627524465336,0.8491286492216849,-0.01779485947040381
0.17536215800494315,0.019743904989297928,-1.0211972515742216,-0.9960719417136348
-0.3081466363066832,0.29991808444401297,0.4835038348785453,0.4348408054481056
0.36632401660619957,-0.35705468122706935,-0.48741847924459625,-0.4704305243889138
0.052969615426531724,0.0685685105271934,0.8882012743525052,-0.49963282535139814
-0.145180961790023,-0.36137349940808255,-0.8087050155397382,-0.9960719417136348
-0.20201484827849217,-0.3208205286914498,-0.4851540189093248,-0.660245480645063
-0.24748195746926752,-0.31064568585821517,-0.028792983535222,-0.49963282535139814
-0.26782250631777227,-0.24915742700989102,-0.1763894422215772,0.36183505304189467
0.2147669859702818,-0.3401088098897038,-1.2692924484218904,-1.0398753931573614
-0.21464460083148532,-0.28831959187162126,-1.7575574891961316,-1.41950530566966
-0.181955829517856,-0.26010087307872964,-0.8299363042765101,-0.6748466311263053
-0.28070792187791105,-0.28001135689628226,-1.09979919935571,-0.5726385777576095
0.025320697675384536,-0.3604950957102494,0.4339541497686351,1.3985167372100946
-0.3156826212554305,-0.2008818237831413,-0.18489054200576896,-0.7916558349762433
0.13898847065232287,-0.3633133075741309,1.0803174902750297,-0.13460406332034192
-0.145180961790023,-0.3640087105015822,0.05715093050088325,-1.010673092194877
-0.23043179152272675,-0.26507849403311784,-1.2577335886133072,-0.6456443301638206
-0.08682133338240026,1.0537348578012058,0.5607561760248218,0.28882930063568335
-0.3156826212554305,0.5007065297070524,-0.33153259904813454,-1.0252742426761192
-0.19633145962964524,0.8156508555343317,0.6598408911751351,0.5662511597792864
-0.145180961790023,-0.18067853873297765,1.6768538224387153,-0.12000291283909967
0.13898847065232287,-0.2816217636756431,-0.8842918108173498,-0.9230661893074235
-0.3156826212554305,-0.2297959455034842,-1.880627700520303,0.17202009678574523
-0.3024718389239704,1.0749263470114319,0.9754627696594257,0.04060974245456525
0.38295832484672715,-0.06432664892415478,0.6855320117511307,0.24502584919195655
-0.2940316168788708,0.23081699354780108,1.3570398036018712,-0.0615983109141306
-0.22051890434450536,-0.18887697324608754,-1.382862004055192,-1.4341064561509023
-0.1641255906195127,-0.35021045241478566,-0.33055068530478593,0.08441319389829205
0.15319694227444017,-0.31642851020228374,0.7693324819898344,2.011765057422269
-0.15200102816863928,0.36107694190564965,-0.015781276458081153,0.1428177958232607
-0.0009103268577550642,-0.3486000456354248,-0.238893957448564,0.2596269996731988
-0.21120500864684036,1.2892202491286566,1.2710493074512819,1.9971639069410263
0.13898847065232287,-0.36210550248961026,-0.2079022557797042,0.8874764703666158
0.13898847065232287,-0.23696957570245536,-0.265496271989048,-0.8208581359387278
-0.08437862437467814,3.069378543095793,0.12748532655700892,-0.13460406332034192
-0.3156826212554305,0.09459122007550201,-1.2998851722656466,-1.2588926503759956
0.13114931389529264,-0.0030579910002889394,0.7482745555664275,0.4786442568918328
-0.145180961790023,1.41841879301829,-0.029552641222801074,-0.49963282535139814
-0.145180961790023,0.008983459690841205,1.157861140749569,1.0626902761415227
-0.16848694401910747,1.0280415496395847,0.027363842000828517,-0.1492052138015842
0.2089378694073619,-0.2798649562799767,-0.9974739219016232,-1.2734938008572376
0.009082444392964755,-0.09060555955099807,-0.6668466131498688,0.975083373254069
-0.15979538974420077,-0.057958222114864066,0.9433898446548997,1.9095570040535736
0.32843475894722013,0.3477544858218461,-0.5562975148358862,-0.7770546844950009
-0.1313565029144494,-0.039841145847054275,-1.1498362470540968,-1.1858868979697843
-0.1641255906195127,-0.34314662267804363,0.4099128220093868,0.595453460741771
0.30432341316423317,-0.21120306723268142,0.02822664750569558,0.04060974245456525
-0.13381418449232915,-0.33846180295626654,-0.22519296020929455,-1.069077694119846
-0.20656155919756966,-0.3445740286870226,1.1129585351146642,3.7785042656525816
-0.3156826212554305,-0.3662047197461652,-1.880627700520303,-0.12000291283909967
-0.09568048000974338,0.1155631083612697,0.5830568089816336,0.2596269996731988
-0.145180961790023,-0.35764028369229145,-0.09720125355477431,-1.010673092194877
-0.31011522013002946,-0.3639721103475058,0.8256986231379515,-0.12000291283909967
-0.3156826212554305,0.09342001514505774,0.23966404797024685,-0.09080061187661513
-0.12754285908670496,0.142317820991106,-0.44130785862776833,-1.0252742426761192
-0.26112209022650007,-0.30402105797038975,-0.6157594614048523,0.6392569121854977
-0.145180961790023,-0.2689764104422526,0.05828709874025161,-0.12000291283909967
-0.145180961790023,-0.20629864658644606,-0.7405802746436907,-0.8938638883449391
-0.24094216779114228,0.06362748972688165,0.8031313105519321,-0.2660144176515221
0.09352136146154753,-0.34636743623676536,1.6747896903055106,1.354713285766368
-0.24573322250039153,-0.028531698237451796,0.7145993402338097,-0.2806155681327644
-0.145180961790023,-0.04430636464437305,-0.9578520907242655,-0.5142339758326406
-0.06768020748756501,-0.24886462577727997,0.7004304366165988,-0.587239728238852
0.09945185396469218,-0.14199217587424037,-0.5295053760449092,-0.8500604369012124
-0.21825310156091193,-0.31174369048050665,-0.6310586761197334,-0.601840878720094
-0.266151412919111,1.2827054217030605,-0.1669829493666226,-0.8208581359387278
-0.08834707530155382,-0.35903108954719404,0.05828709874025161,-0.12000291283909967
-0.24389244884894312,-0.3308855710624552,-0.6364325496406479,-1.3903030047071756
0.05632099939636769,-0.3010198453361263,1.0219816312274512,-0.6164420292013363
-0.2317433427493837,-0.15461922903059266,1.262795531057128,0.28882930063568335
-0.23674666779922332,0.9624174733806292,0.594185936118659,0.05521089293580711
-0.3156826212554305,0.27707958830034973,-0.20024593263659213,-0.12000291283909967
-0.2399041059374716,-0.1949525988227672,-1.880627700520303,-1.6239214124070518
-0.145180961790023,0.18063818230907944,-1.880627700520303,-1.069077694119846
-0.22203394859383355,2.8494116170967287,0.3537563819337302,-0.3098178690952491
-0.28070792187791105,-0.21574148633815296,-1.027013480385928,-1.112881145563573
-0.23043179152272675,-0.34530603176855024,-0.1683907827902096,-0.45582937390767153
-0.042879966110778454,-0.3496980502577163,0.30087774589329946,0.756066116035435
-0.1641255906195127,-0.34709943931829307,-0.11319984971606536,-0.41202592246394476
0.0740354575226438,-0.3570912813811457,1.621641199405326,0.44944195592934827
-0.145180961790023,-0.02812909654261158,1.5709262119348852,0.9312799218103426
-0.1857765949960724,-0.22060930683031196,-0.1587178910250243,0.49324540737307504
-0.1544517376001988,1.5081989709676586,-0.6234979367569912,-0.543436276795125
-0.17928129368310447,-0.35749388307598595,0.3521904608646646,-0.4266270729451868
0.4421025319241585,-0.27243512500247086,1.1450243677646554,2.2891869165658716
-0.15034767874352017,-0.14975140853843366,1.340113395505928,1.1064937275852493
-0.145180961790023,-0.2689764104422526,0.05828709874025161,-0.12000291283909967
-0.145180961790023,-0.3563958784536944,0.2213402164948137,-0.8062569854574857
-0.2651636110434579,-0.05239499869525378,-0.9870197479156659,-1.0398753931573614
-0.145180961790023,-0.35496847244471547,1.6676946813882536,-0.12000291283909967
-0.21075852312287202,-0.25742906183115366,-1.880627700520303,0.15741894630450337
-0.23544654621288577,-0.20417583765001582,-0.8977911326652567,-0.5580374272763672
-0.22051890434450536,-0.25680685921185514,-1.880627700520303,0.5078465578543169
-0.283206114690591,-0.3611538984836243,1.216768524178139,-0.12000291283909967
-0.20656155919756966,-0.2110200664622995,-0.13772328525959374,0.026008591973322986
-0.145180961790023,-0.24516801021556522,1.0305537055557805,0.8582741694041313
-0.17210227644245576,-0.29545662191651606,1.0526753433291056,0.7706672665166777
-0.145180961790023,-0.3259445502621434,1.2576375567914966,-0.13460406332034192
-0.3156826212554305,-0.3450132305359392,-1.880627700520303,-0.12000291283909967
-0.277793363596451,-0.017075850011543787,-0.7608234748514193,-0.9230661893074235
0.19582235714079205,-0.34838044471096646,-0.20917844401574281,-0.8208581359387278
0.025320697675384536,-0.18089813965743595,-0.21977867218914873,-0.3098178690952491
-0.13381418449232915,-0.31884412037132503,-0.3766886865309886,-0.6748466311263053
0.13898847065232287,-0.3524796619675214,-0.5915836546670791,-0.7916558349762433
-0.1641255906195127,-0.35017385226070924,-0.8288519011680203,-1.1858868979697843
0.36632401660619957,0.21478612606234515,-0.3725945378767427,-0.8792627378636968
-0.0009103268577550642,0.18147998585283626,0.44493767452901756,0.12821664534201843
-0.145180961790023,-0.3626179046466796,1.612716597184911,-0.12000291283909967
0.13898847065232287,-0.3644479123504988,-0.06576355681523108,-0.7332512330512744
-0.25943465112251257,-0.022419472506695768,-1.055224033916356,-1.1712857474885419
-0.2967379924259408,-0.1077710318128219,-1.4015869646918868,-1.404904155188418
-0.19686613382309076,1.383941447878337,0.7808376545987844,0.11361549486077617
0.4064420541274719,-0.19334219204340633,0.8621957074457269,1.1502971790289767
-0.145180961790023,-0.2618210803203197,0.9271614388657023,1.1064937275852493
0.13898847065232287,-0.35833568661974274,0.8347197108834788,-0.587239728238852
0.013561962539839205,-0.2501822313240298,-0.2768874556794374,-0.7478523835325167
-0.3156826212554305,-0.35174765888599374,1.0009654707653433,-0.12000291283909967
0.025320697675384536,-0.3065830687557366,-0.7852087041449648,-0.6310431796825785
-0.3047705150496444,0.1981330559575907,0.721646892032106,0.40563850448562144
0.01498726376839015,-0.2678967058969993,-1.294194284848727,-0.8792627378636968
-0.24389244884894312,-0.33959640773263444,-0.7949966335339884,-1.1420834465260574
-0.3156826212554305,-0.24033678987748264,-1.4330429623768224,-1.5217133590383558
-0.06768020748756501,-0.26299228525076396,-0.5641464742339601,-0.7478523835325167
-0.26322057218915124,-0.337546799104357,0.04265721387841551,-0.10540176235785739
0.0480542522707722,-0.3368513961769057,-1.0060243911613374,-1.3757018542259334
-0.1857765949960724,-0.32312633839826194,-0.6294756870743007,-0.9814707912323924
-0.2901870460082668,-0.27272792623508196,0.8420203692722223,-1.010673092194877
-0.3156826212554305,-0.3591408900094232,-1.880627700520303,-0.12000291283909967
0.10401377127480342,-0.3462576357745362,-0.5991219239410744,-1.2004880484510265
-0.145180961790023,-0.35324826520312547,-1.880627700520303,-0.6164420292013363
-0.29884295118477294,-0.1865711635392754,0.24905179952100567,-0.3974247719827025
0.025320697675384536,-0.3618493014110756,-1.3833113248053246,-1.010673092194877
-0.3025671089888607,-0.2689764104422526,0.05828709874025161,-0.12000291283909967
-0.28200328111411543,-0.23459056568749043,-0.5456607930501042,-0.9814707912323924
-0.14602922875253743,0.6838171005511986,0.3674903350722769,0.23042469871071428
31.05662272037955,0.11109788956395093,0.18074220630061258,0.975083373254069
-0.145180961790023,-0.27364293008699153,-1.1039262285344353,-1.4341064561509023
-0.2550598090010634,-0.30768107337802814,-0.5334637842362309,-0.7332512330512744
-0.2897836350075205,1.4233964139726782,-0.5617618724943222,-0.83545928641997
0.22992268903387358,-0.3605682960184021,-1.880627700520303,1.5445282420225168
-0.3156826212554305,-0.23766497862990663,0.20886033912491916,-0.25141326717028006
-0.181955829517856,0.3034316992353458,1.6627209387641473,0.8582741694041313
-0.042879966110778454,-0.3632767074200545,-1.880627700520303,2.2015800136784187
-0.145180961790023,0.33703064067746574,-0.6967464096712235,-0.12000291283909967
-0.145180961790023,-0.3460746350041543,0.5044151476042611,-0.12000291283909967
-0.145180961790023,-0.2696169131385894,-1.509656566203184,-0.5580374272763672
9.23241030880739,-0.3545658707498753,1.3764320849203016,-0.12000291283909967
-0.145180961790023,-0.3167213114348948,1.5960363221250624,0.4202396549668637
-0.145180961790023,-0.31533050557999226,1.0395859408511543,0.17202009678574523
0.025320697675384536,-0.34973465041179264,-0.3503590378992243,-0.601840878720094
-0.1641255906195127,-0.3525162621215978,-0.4537410165140192,-1.1274822960448152
0.0480542522707722,-0.3248099454857755,-0.32259916566791047,-0.7186500825700319
0.8352035801360702,0.9294041344037314,0.8387427173374333,0.9896845237353112
0.13898847065232287,-0.36389891003935304,0.27591694689828516,1.8949558535723312
-0.145180961790023,-0.2689764104422526,0.05828709874025161,-0.12000291283909967
-0.20201484827849217,-0.30621706721497277,-0.30117001880244376,0.595453460741771
-0.145180961790023,-0.2689764104422526,0.05828709874025161,-0.12000291283909967
-0.145180961790023,-0.2689764104422526,0.05828709874025161,-0.12000291283909967
0.33667155409047655,-0.1764329208601172,0.1997392896682814,-0.3974247719827025
-0.27021551206465516,-0.2912110040436556,0.06163972633183051,-1.2880949513384798
-0.145180961790023,-0.3511254562666952,-0.18451711387132416,-0.04699716043288834
-0.2730572063890786,-0.31888072052540145,-1.880627700520303,1.2963086838413989
2.41234393019109,-0.2225491149963603,-1.4219383283671867,-1.0836788446010883
-0.145180961790023,-0.23415136383857382,-0.6427164842071479,-1.010673092194877
-0.18780637665637487,0.1745625567323998,1.7000502046275414,0.6392569121854977
-0.2899465217134822,-0.1340133422855888,0.9956084688526553,0.17202009678574523
0.36632401660619957,-0.1670998815706394,-0.8113383425694737,-1.112881145563573
-0.2979681631291544,-0.09847459267742051,0.4277875375123399,0.1866212472669875
-0.25637769622398443,-0.2972134293121825,0.44775028806274547,0.7998695674791623
-0.145180961790023,-0.2689764104422526,0.05828709874025161,-0.12000291283909967
-0.09174014315161166,-0.23671337462392067,-0.34705641697957595,0.21582354822947203
-0.1047527332569882,0.954475239946054,0.20467168930921353,-0.41202592246394476
-0.1822465399346768,0.6690672384584161,0.15830093177415513,-0.2368121166890378
-0.145180961790023,-0.30698567045057684,-1.122212660355087,-0.12000291283909967
0.25265624362926126,-0.32718895550074045,-0.08536572607862496,-0.49963282535139814
-0.20201484827849217,-0.27920615350660183,1.3094850043158281,2.5520076252282324
-0.12082358186639335,-0.22200011268521452,-0.8393864332730231,-0.6310431796825785
-0.145180961790023,-0.2934070132882386,1.6680481180869946,0.3034304511169256
0.0740354575226438,-0.3130978961813329,0.25419381474399455,0.2596269996731988
1.0483306544678295,-0.2264653314825333,-0.6497987875095557,-1.1566845970072996
0.26889449691168094,-0.36016569432356194,0.060476637533528506,0.05521089293580711
-0.145180961790023,-0.35002745164440374,-1.5739315202078539,-0.12000291283909967
6.504383757360871,0.026661334109734394,0.298597034390756,0.9896845237353112
0.13898847065232287,-0.3399990094274747,1.4874323533097207,2.8294294843718353
1.7303372923294595,-0.3482706442487373,1.623569705682636,-0.12000291283909967
-0.145180961790023,-0.3319103753765939,0.05828709874025161,-0.12000291283909967
-0.145180961790023,-0.2689764104422526,0.05828709874025161,-0.12000291283909967
-0.145180961790023,-0.36206890233553385,1.6222093806025883,-0.12000291283909967
0.8967736238319117,-0.31141428909381924,1.1401281668974579,1.4131178876913366
-0.145180961790023,-0.3597630926287217,-1.880627700520303,-0.193008665245311
-0.145180961790023,0.18492040033601628,-0.6893632486186997,-0.9084650388261813
-0.09744049713970887,-0.2820975656786361,-0.07102121724713494,-0.41202592246394476
-0.21825310156091193,-0.08672594321890142,1.7000502046275414,1.2233029314351875
-0.2682386812302736,0.05949167231625032,-0.7510675892275247,-0.7040489320887896
-0.3156826212554305,-0.35701808107299293,-0.11623568928803175,-0.8500604369012124
0.36632401660619957,-0.3573474824596804,-0.7273007348172519,1.6759385963536972
-0.25884873476696135,-0.2800479570503586,-1.4667199981597914,-0.9668696407511504
1.0483306544678295,-0.35086925518816053,1.595210536233573,-0.12000291283909967
-0.10690507905289068,0.13580299356550973,-0.03778117223229216,-0.10540176235785739
-0.2985252215607983,0.1670229249926648,-0.7527411492002646,-0.9376673397886659
-0.26112209022650007,-0.3244439439450117,1.1564996135373453,0.6538580626667395
1.8155881220621635,0.10348505751606318,0.7434761959027906,0.5516500092980438
0.025320697675384536,-0.2117154693897508,1.3230923563936539,0.7998695674791623
-0.23301514999947534,0.42988523156925046,-0.9241249739293308,-0.952268490269908
-0.145180961790023,0.07398533333049816,-1.880627700520303,-1.0836788446010883
-0.145180961790023,-0.2689764104422526,0.05828709874025161,-0.12000291283909967
-0.27671081337762304,-0.2459000132970929,0.27621179850444005,-0.09080061187661513
0.025320697675384536,-0.3589212890849649,1.3164061433617011,0.5516500092980438
-0.3014741496333132,-0.048259181284622456,-0.527598354360213,-0.4412282234264293
-0.145180961790023,-0.3551880733691738,0.33807455972468026,-0.12000291283909967
0.025320697675384536,-0.33319138076926735,-1.2201143005415742,-1.3903030047071756
-0.3047705150496444,0.17646576474437173,-0.026158642723560405,2.040967358384753
0.5368256760716071,-0.27558273825303986,-0.7367006128701119,-1.0398753931573614
-0.05993013205731922,-0.22104850867922857,-1.2140169053499577,-1.3903030047071756
0.025320697675384536,-0.3406212120467732,-0.8222505296616859,-0.8062569854574857
-0.14080912436783305,-0.29523702099205773,0.21782457484892762,0.5370488588168014
0.05632099939636769,-0.3425244200587451,0.45853539525336323,0.843673018922889
-0.3156826212554305,-0.3603852952480202,-0.7908561641709589,-0.6164420292013363
0.36632401660619957,-0.36470411342903347,-1.880627700520303,-0.6456443301638206
-0.145180961790023,-0.31576970742890886,-0.0736997198754893,0.15741894630450337
1.0699816588443891,-0.22027990544362452,-0.13580583996097212,-1.2150891989322685
-0.2730572063890786,0.08895479634773897,-1.3093743761134404,-1.3318984027822067
-0.145180961790023,1.1521892722666771,0.3605414674484591,0.6392569121854977
-0.145180961790023,0.872564095123108,0.9796014454063032,1.0334879751790385
-0.145180961790023,-0.2689764104422526,0.05828709874025161,-0.12000291283909967
-0.145180961790023,-0.31174369048050665,0.3865827642064881,1.3693144362476102
0.22992268903387358,-0.35401686843872954,-0.29032661974234975,-1.1712857474885419
0.46375353630071814,0.5151635905672238,1.2551763007895842,0.7852684169979199
-0.20201484827849217,-0.2491940271639674,-1.880627700520303,-1.41950530566966
0.5936595625600762,-0.3443178276084879,-0.22535444741824973,-0.6310431796825785
-0.042879966110778454,-0.11077224444708533,-0.4087870824562476,-0.193008665245311
0.17536215800494315,-0.15337482379199563,0.9250541648832133,0.3034304511169256
0.5936595625600762,-0.31503770434738115,0.8218656727255049,0.36183505304189467
-0.145180961790023,-0.34402502637587684,-1.880627700520303,4.537764090677178
-0.1857765949960724,-0.2284783399567344,1.3767683029484064,1.0480891256602802
0.7073273355370145,0.10311905597529936,0.8544885013104057,0.9166787713291004
-0.17928129368310447,-0.3302267682890803,-0.9073085080495596,-0.9084650388261813
-0.19707277119253833,-0.2564408576710913,-0.12107499977635568,0.17202009678574523
-0.2846823195344473,-0.29190640697110687,0.24861239684741762,0.7414649655541932
-0.24748195746926752,-0.14975140853843366,-1.880627700520303,0.37643620352313695
-0.10583442499031355,-0.3054484639793687,0.39953098922666247,-0.09080061187661513
-0.15521047117034106,-0.2717397220750196,-0.05593842268594487,-1.069077694119846
0.13898847065232287,-0.34600143469600153,1.45802864778046,0.3910373540043788
-0.2399041059374716,-0.3390108052674123,-0.49591241688891,-1.0544765436386039
-0.145180961790023,-0.22745353564259566,-1.6910844780779903,-1.711528315294505
-0.145180961790023,-0.34204861805575215,-0.23926585786859036,-0.5726385777576095
0.025320697675384536,-0.3016420479554248,0.22294551262133155,-0.10540176235785739
-0.28396138228512213,-0.16146345784287636,-0.37163227795577275,-0.8646615873824546
-0.1641255906195127,-0.3389742051133359,-1.880627700520303,-0.12000291283909967
-0.3156826212554305,-0.20523724211823094,0.5715254477258694,1.9095570040535736
-0.11360658040754013,0.09433501899696733,-0.33310914839858635,-0.9376673397886659
0.17146497721716242,-0.22800253795374142,-0.09923808761986265,-0.5726385777576095
-0.20201484827849217,-0.32762815734965706,-0.7656065919663866,-1.2004880484510265
-0.3084272314909451,0.18872681635996016,0.3804311728824643,-0.8062569854574857
-0.01256855998359493,-0.2302717475064772,1.564062972070442,1.8949558535723312
-0.3156826212554305,-0.27964535535551843,-0.8079225205680618,-0.49963282535139814
-0.1641255906195127,-0.3482340440946609,0.4162800254563182,2.917036387259289
-0.17928129368310447,-0.3604950957102494,0.5130851531973165,0.49324540737307504
-0.2901073723356194,0.4381934665445895,0.10409927903626244,-0.33902017005773344
0.36632401660619957,-0.3635329084985892,1.0789122006733236,0.026008591973322986
-0.01256855998359493,0.1811505844661488,0.028748474801524676,-0.6164420292013363
-0.145180961790023,-0.3654361165105611,0.3767561962033381,-0.12000291283909967
-0.3156826212554305,-0.35965329216649256,-0.845039482854995,-0.12000291283909967
0.40221910280944323,-0.2677503052806938,1.0023785243979981,-0.193008665245311
-0.145180961790023,-0.3518208591941465,-1.0411386222798993,0.05521089293580711
-0.2317433427493837,-0.11596946632593177,1.6995283920502828,0.7706672665166777
-0.145180961790023,0.08745419003060725,1.1404611696926006,1.0772914266227653
-0.01256855998359493,-0.3553344739854793,-0.19036980740703482,0.44944195592934827
0.025320697675384536,-0.34237801944243956,1.7000502046275414,3.807706566615066
-0.3011911123500041,2.028579961625678,-0.2556576874975591,-0.8646615873824546
-0.1895973604742888,0.6903685281308712,0.49979874194257035,0.05521089293580711
-0.145180961790023,-0.2689764104422526,0.05828709874025161,-0.12000291283909967
0.15466678416638338,0.32162197581130836,0.35420394981243347,-0.7624535340137587
-0.145180961790023,-0.33985260881116913,1.5126053210023525,2.318389217528357
-0.12082358186639335,-0.3517110587319174,-0.8429965736128515,-1.346499553263449
0.46375353630071814,-0.35460247090395164,-0.18451711387132416,-0.33902017005773344
0.5027253441785255,-0.3565056789159236,1.5395370571553966,0.11361549486077617
1.0483306544678295,-0.3670831234439984,-1.880627700520303,-0.6456443301638206
-0.12424216150479751,-0.24893782608543272,-1.5302114050645212,-1.5947191114445671
0.24232280972226686,-0.16219546092440404,0.5700166524939031,-0.2660144176515221
0.5936595625600762,0.12676275550864305,-0.9566673873644712,-0.8646615873824546
-0.28070792187791105,-0.2501822313240298,1.4265962425442633,0.8144707179604045
-0.30699463860751164,0.35961293574259434,-1.880627700520303,-0.4412282234264293
-0.145180961790023,-0.35965329216649256,0.7171190149791135,0.4640431064105901
-0.19809526989997703,-0.1300605256453394,-1.880627700520303,0.7852684169979199
-0.145180961790023,-0.32642035226513644,-0.23197024779036016,-0.12000291283909967
0.1617220252477105,-0.2421667975813018,1.431551802835553,0.7998695674791623
-0.30204248849819787,-0.16168305876733466,-1.880627700520303,1.0626902761415227
-0.301904709379438,-0.06403384769154372,-1.880627700520303,-0.6894477816075476
-0.27071515062719115,-0.19502579913091994,-1.880627700520303,0.756066116035435
-0.2967379924259408,-0.2646026920301248,-1.880627700520303,0.6100546112230127
-0.283206114690591,-0.28681898555448954,-1.880627700520303,0.6684592131479818
-0.2946978016289188,-0.1205444855854797,0.6567266588645582,-0.1492052138015842
-0.28070792187791105,-0.21577808649222935,-1.880627700520303,0.6392569121854977
-0.292758028386132,-0.0600810310512943,-1.880627700520303,-0.587239728238852
-0.145180961790023,-0.3132442967976384,1.5492336080791944,0.6246557617042551
0.025320697675384536,-0.3362657937116836,-0.9121881247507792,-1.5071122085571136
0.025320697675384536,-0.09529037927277514,0.5125977096256373,0.08441319389829205
0.13898847065232287,-0.3402552105060094,-1.4123101543429282,-1.9013432715506544
-0.2974957775791204,-0.23100375058800485,-1.880627700520303,2.1139731107909645
-0.3084272314909451,1.9915040055463016,0.08070788866415088,-0.41202592246394476
-0.2990483130149029,0.030614150749983804,-1.880627700520303,1.2817075333601566
-0.2828148314789664,-0.20655484766498072,-0.695502485504422,-1.2588926503759956
-0.26112209022650007,-0.3216257320811302,-1.880627700520303,0.6538580626667395
-0.2878456156284252,-0.30142244703096654,-1.880627700520303,1.1064937275852493
-0.09744049713970887,-0.28799019048493385,-1.880627700520303,0.595453460741771
0.005261678914748353,-0.2558186550517928,1.2643873223833115,0.4202396549668637
-0.24860000113789313,0.059747873394785,-1.880627700520303,0.15741894630450337
-0.145180961790023,-0.3558834762966251,0.7203207452385546,0.975083373254069
-0.145180961790023,-0.35529787383140293,0.9129662069015446,2.2161811641596603
-0.17928129368310447,-0.31921012191208886,-0.43632064634302115,-0.8208581359387278
-0.145180961790023,-0.2689764104422526,0.05828709874025161,-0.12000291283909967
0.5178810472421175,-0.3156233068126033,-1.3563777726877115,-0.7040489320887896
-0.145180961790023,0.5748584418658051,0.01189907197556413,-0.49963282535139814
-0.29982200177027635,0.09697023009046693,-0.8888815804194173,-0.7332512330512744
-0.145180961790023,-0.35280906335420886,-0.5985435401093101,0.6538580626667395
-0.06768020748756501,-0.34691643854791115,0.6102786682781973,0.9896845237353112
-0.3156826212554305,-0.029263701318979464,-0.976439617224926,-1.0836788446010883
-0.15521047117034106,-0.3540534685928059,-1.1384143532347553,-0.12000291283909967
0.025320697675384536,-0.3386082035725721,0.03611515756268928,-0.952268490269908
-0.19168141437149774,-0.23964138695003134,0.34508796547024606,-0.8208581359387278
13.32445013597717,-0.19261018896187865,0.09670554701624776,-0.8646615873824546
0.03506364964483636,-0.28308576983869843,-0.6205285074194936,-0.9814707912323924
-0.15521047117034106,-0.3070222706046532,-0.6180135061959413,-1.3318984027822067
-0.01256855998359493,-0.36119049863770064,-0.46603889848658675,-1.7845340677007164
-0.15200102816863928,-0.30998688308484024,0.05828709874025161,0.12821664534201843
-0.145180961790023,-0.32327273901456743,0.3251655332018248,-0.32441901957649116
0.13898847065232287,-0.34750204101313326,0.01659715966997267,-1.1420834465260574
-0.12082358186639335,-0.3624349038762977,-0.8455879935635042,-0.83545928641997
-0.145180961790023,-0.12105688774254907,-0.08043562564305858,-0.7770546844950009
-0.12082358186639335,-0.33985260881116913,0.2870041588376538,0.4786442568918328
-0.145180961790023,-0.2689764104422526,0.05828709874025161,-0.5288351263138829
0.04224994045918385,0.021354311768658797,0.8576766669269416,-0.601840878720094
-0.145180961790023,1.3456210865603635,0.933275837427641,0.5224477083355595
-0.10583442499031355,-0.3467700379316056,-0.12248908882001248,-0.13460406332034192
-0.13620719023921207,-0.3208205286914498,1.0122203777888645,1.1210948780664916
-0.3156826212554305,-0.08090651872075647,1.5388739101758737,0.5224477083355595
0.09352136146154753,-0.33465538693232266,0.9532346325279346,0.09901434437953431
-0.145180961790023,-0.19791721130295425,1.6566762131310502,0.20122239774822975
-0.145180961790023,0.40188611370081717,-0.9574668698989202,-0.8792627378636968
-0.08834707530155382,-0.31770951559495714,1.379115370166142,-0.5288351263138829
-0.23043179152272675,-0.2592956696890492,1.6854649585780594,1.267106382878914
-0.281582289362349,0.04920702902078658,-0.34542188571537674,0.2596269996731988
1.0483306544678295,-0.3563226781455417,-0.7153901449467672,-0.6310431796825785
1.0483306544678295,-0.3655093168187139,1.130396901535839,-0.7478523835325167
-0.145180961790023,-0.3410604138956898,0.7696774343292953,-0.12000291283909967
-0.042879966110778454,-0.3629107058792907,0.5168696794482537,0.843673018922889
0.0740354575226438,-0.3221015340841232,1.5370274707346314,0.756066116035435
-0.145180961790023,-0.329531365361629,-1.5145408650378067,-0.12000291283909967
-0.3156826212554305,-0.3440982266840296,-1.880627700520303,1.354713285766368
0.025320697675384536,-0.35800628523305533,0.5208711354623878,-0.07619946139537287
0.36632401660619957,-0.3096940818522292,0.33533039119324526,-0.5580374272763672
0.13898847065232287,-0.3367049955606002,-0.7086127905320795,0.026008591973322986
-0.24389244884894312,-0.33319138076926735,-1.880627700520303,1.0480891256602802
-0.170574825965722,-0.15070301254441965,1.161707120291936,0.8728753198853731
-0.1396809082588808,-0.32502954641023385,1.0057100543249593,3.0484467415904692
-0.145180961790023,-0.2975794308529463,0.9292621713615055,-0.12000291283909967
-0.17928129368310447,-0.34947844933325795,0.05828709874025161,1.9533604554973003
-0.25224014331481376,-0.16204906030809849,-0.2037226812256494,-0.2660144176515221
-0.3156826212554305,-0.25281744241752935,1.556731364363859,0.2596269996731988
0.22423930038502662,-0.01828365509606444,0.7619584273581923,-0.6310431796825785
-0.16878888386984864,-0.2781081488843103,-0.2566607065326087,-0.13460406332034192
0.13898847065232287,-0.35200385996452843,1.1104954890099783,2.7126202805218966
-0.145180961790023,-0.15886484690345315,0.6390619887963875,0.726863815072951
0.017003543555120747,0.5371602831671303,-1.880627700520303,0.8144707179604045
0.5368256760716071,-0.35705468122706935,-0.12284036526590666,0.3034304511169256
-0.30069346437935074,0.02852794196762995,-1.0823452073282305,-1.0544765436386039
0.033251007417961644,-0.16878348865815304,-1.0123843406080928,-1.463308757113387
-0.23698954765601163,-0.23502976753640703,-1.880627700520303,1.6905397468349395
-0.2925637521753752,-0.17522511577559652,0.22898779614223572,0.24502584919195655
-0.2984166304234905,0.2021224727519165,1.1113667735555268,1.0334879751790385
0.13898847065232287,-0.30566806490382703,-1.592723282893764,-0.3536213205389757
-0.145180961790023,-0.2689764104422526,0.05828709874025161,-0.12000291283909967
-0.145180961790023,-0.34819744394058455,0.05828709874025161,-0.12000291283909967
0.05632099939636769,-0.357786684308597,0.9417890011844683,-0.660245480645063
0.2773666290590304,-0.31642851020228374,0.16695128928265213,-0.7186500825700319
-0.06616799764751706,-0.1973316088377321,-1.880627700520303,3.019244440627984
0.13898847065232287,-0.2309305502798521,0.3076178131336067,1.1794994799914607
-0.22474840287387984,0.060553076784465434,0.7366226193656822,-0.1492052138015842
2.41234393019109,-0.3611538984836243,1.4803767135141768,-0.12000291283909967
-0.30281457148445634,0.049390029791168494,0.4112578760259973,0.6830603636292241
-0.22161274017106775,-0.14715279759901045,-0.8934091832441002,-1.5071122085571136
-0.145180961790023,-0.35097905565038967,-1.880627700520303,-0.12000291283909967
-0.3156826212554305,-0.3557736758343959,-1.880627700520303,-0.12000291283909967
-0.145180961790023,-0.36192250171922835,-1.880627700520303,-0.12000291283909967
-0.26944488309532,-0.2757657390234218,0.024476569526306505,-0.32441901957649116
-0.145180961790023,-0.2689764104422526,0.05828709874025161,-0.12000291283909967
