1p. Locale broad type (name),1q. Census Region,2a. Total number of buses,4b. Number of students in district,4c. Number of schools in district,4f. Median household income,4g. Percent of population below the poverty level,5f. PM2.5 concentration,5h. Ozone concentration
Town,South,9.0,1354.0,3.0,47178.0,0.198,7.372506794,56.84137998
Rural,Midwest,12.0,372.0,4.0,58886.0,0.12,8.492545805,59.8161815
Rural,Northeast,5.0,283.0,1.0,102969.0,0.109,8.300322466,65.85462
Rural,Midwest,14.0,1445.0,3.0,39019.0,0.293,4.798754207,52.46105034
Rural,Midwest,7.0,270.0,2.0,51563.0,0.079,5.508393595,54.81314652
Rural,Midwest,15.0,355.0,3.0,55214.0,0.114,6.605510473,55.61178452
Rural,Midwest,9.0,139.0,2.0,53125.0,0.218,4.944911475,54.138157
Rural,South,38.0,1958.0,4.0,48000.0,0.19,8.95871937,63.26147638
Suburban,West,2.0,3100.0,10.0,42708.0,0.19899999999999998,0.0,0.0
Suburban,Midwest,17.0,1138.0,3.0,68776.0,0.06,8.698699392,59.24673552
Rural,Midwest,5.0,172.0,2.0,45250.0,0.115,7.515027323,57.20584797
Rural,West,11.0,119.0,2.0,50227.0,0.066,4.706484438,55.61582
Suburban,West,41.0,3893.0,7.0,82126.0,0.09300000000000001,6.950728982,51.24955244
Suburban,Midwest,47.0,3895.0,7.0,81115.0,0.057,8.332232168,60.35029708
Suburban,Northeast,7.0,1609.0,3.0,202946.0,0.027999999999999997,7.769973391,70.79761211
Town,South,142.0,8115.0,14.0,43713.0,0.223,7.760115346,56.11083634
Rural,South,102.0,10941.0,19.0,65681.0,0.125,5.506995235,58.72422268
Rural,South,13.0,606.0,3.0,51667.0,0.114,5.805419197,60.85534223
Suburban,Midwest,22.0,1886.0,3.0,77083.0,0.063,9.204414241,58.76405568
Suburban,Midwest,4.0,1933.0,5.0,81016.0,0.105,8.54933199,61.96864037
Suburban,Midwest,108.0,8595.0,9.0,97606.0,0.047,9.252271728,61.3964522
Rural,Midwest,12.0,776.0,3.0,60529.0,0.107,7.171838376,59.7539199
Rural,West,15.0,1820.0,4.0,45274.0,0.134,4.266495634,62.53815738
Town,Midwest,18.0,1541.0,4.0,53003.0,0.153,7.437039356,58.55596278
Rural,West,15.0,673.0,3.0,51698.0,0.125,4.61981637,55.62651849
Town,South,58.0,8929.0,24.0,73153.0,0.11,5.942793011,54.04514022
Urban,West,11.0,13876.0,17.0,168042.0,0.048,6.986880558,62.66642818
Rural,South,20.0,789.0,3.0,65179.0,0.17800000000000002,5.646817673,61.94679569
Rural,Midwest,10.0,762.0,2.0,35707.0,0.33299999999999996,7.394031729,55.54790213
Town,South,14.0,604.0,3.0,47228.0,0.156,7.199233986,61.13938039
Rural,South,26.0,1251.0,3.0,47750.0,0.302,8.126717983,57.60059403
Rural,Midwest,8.0,269.0,2.0,68920.0,0.083,7.186035617,54.00617565
Rural,Midwest,10.0,232.0,2.0,48199.0,0.16899999999999998,6.79010963,54.2297303
Rural,Midwest,6.0,184.0,2.0,61146.0,0.094,6.937224068,58.1935275
Urban,West,2.0,4448.0,3.0,177354.0,0.046,7.096000912,58.23060819
Rural,South,7.0,283.0,1.0,31941.0,0.254,8.54728137,59.72304
Suburban,Midwest,14.0,279.0,3.0,55612.0,0.114,9.967649389,62.7193966
Suburban,West,198.0,33386.0,50.0,92979.0,0.055999999999999994,6.685368211,64.99152034
Rural,South,16.0,768.0,2.0,43438.0,0.127,8.696205403,63.21134421
Urban,Midwest,95.0,9149.0,22.0,61443.0,0.141,8.144924573,58.33862575
Rural,Midwest,6.0,306.0,2.0,55063.0,0.204,7.130765512,55.12201564
Suburban,West,20.0,3416.0,10.0,94151.0,0.21,5.598023015,57.01622576
Rural,Northeast,2.0,0.0,0.0,46250.0,0.158,4.764812795,48.39648
Suburban,South,24.0,1527.0,5.0,78537.0,0.040999999999999995,9.275135329,60.72109796
Suburban,Midwest,24.0,19159.0,29.0,106997.0,0.040999999999999995,7.668443195,56.80985497
Rural,Midwest,4.0,91.0,1.0,60000.0,0.039,7.085514384,55.15267
Suburban,Northeast,46.0,3665.0,6.0,81658.0,0.078,6.705987268,61.61780815
Suburban,Northeast,2.0,2197.0,4.0,204792.0,0.022000000000000002,7.89854722,71.72712622
Suburban,Northeast,5.0,2044.0,6.0,90162.0,0.077,7.948033353,63.97126607
Rural,Midwest,17.0,1010.0,3.0,65049.0,0.113,8.002809613,55.83031548
Rural,Northeast,18.0,742.0,3.0,56382.0,0.133,6.404611769,52.68359932
Rural,Midwest,12.0,840.0,3.0,72538.0,0.066,7.128886996,58.88646844
Town,West,49.0,5730.0,12.0,66313.0,0.08199999999999999,5.903820481,44.94510864
Town,South,2.0,3641.0,8.0,52411.0,0.172,7.475879428,59.26921082
Town,West,40.0,3083.0,9.0,68111.0,0.14300000000000002,7.957617108,52.27981663
Suburban,West,16.0,1603.0,7.0,84806.0,0.048,7.508088978,48.55574077
Suburban,Northeast,24.0,2726.0,4.0,102143.0,0.033,6.728548392,63.8691016
Urban,South,1159.0,95230.0,168.0,61497.0,0.138,9.836448627,63.07925682
Urban,West,90.0,9664.0,21.0,59235.0,0.14800000000000002,8.144194631,52.87589039
Rural,Midwest,2.0,35.0,1.0,41778.0,0.05,4.447320685,54.63254
Rural,South,34.0,1932.0,4.0,62204.0,0.106,8.97019312,60.62842646
Suburban,Northeast,7.0,2889.0,6.0,71811.0,0.076,5.447760823,58.47508532
Town,West,13.0,1349.0,6.0,65968.0,0.147,5.425336698,51.42328124
Suburban,South,706.0,92667.0,74.0,105213.0,0.077,10.07601539,68.35638424
Town,Midwest,7.0,799.0,3.0,53092.0,0.102,8.02760929,58.71615097
Rural,Northeast,5.0,123.0,1.0,81023.0,0.07400000000000001,7.359083014,64.58222
Town,Midwest,10.0,1452.0,5.0,50550.0,0.16699999999999998,7.749425791,63.92109123
Rural,South,16.0,1065.0,4.0,58045.0,0.128,9.054286031,66.10032522
Rural,Midwest,3.0,150.0,1.0,48036.0,0.163,5.028875918,53.52536
Rural,South,40.0,2381.0,4.0,63498.0,0.127,8.219639292,61.84722978
Rural,Northeast,13.0,412.0,2.0,58298.0,0.063,5.555487634,52.5924635
Rural,Midwest,5.0,238.0,1.0,66422.0,0.022000000000000002,5.666816368,56.03816032
Rural,West,6.0,66.0,2.0,50560.0,0.09300000000000001,8.342726356,52.53549
Rural,Midwest,9.0,151.0,3.0,66250.0,0.025,4.162037451,54.80274106
Rural,South,7.0,685.0,3.0,44189.0,0.14400000000000002,8.664976388,58.02257872
Town,Midwest,59.0,3253.0,8.0,48101.0,0.17,8.6465285,61.47135153
Suburban,Midwest,2.0,212.0,1.0,67393.0,0.086,9.95662411,65.27329
Rural,Midwest,9.0,423.0,2.0,60607.0,0.18600000000000003,5.764917758,56.72358528
Urban,Midwest,123.0,11855.0,27.0,77264.0,0.087,9.038478219,59.28773261
Town,South,22.0,2716.0,6.0,49860.0,0.126,8.752844103,59.40924973
Rural,Midwest,1.0,2335.0,5.0,64678.0,0.107,7.446143957,56.68804339
Rural,West,7.0,360.0,2.0,31381.0,0.26,3.925564822,60.45769
Rural,Midwest,10.0,475.0,2.0,57589.0,0.086,9.107562527,60.67942082
Rural,Midwest,4.0,231.0,1.0,55000.0,0.09300000000000001,8.443092754,59.74577502
Rural,West,1.0,106.0,3.0,43125.0,0.076,3.758551229,61.07364592
Rural,Midwest,32.0,3154.0,5.0,52676.0,0.105,9.47491642,60.16527169
Town,West,106.0,7178.0,14.0,47152.0,0.166,4.112225867,61.80275032
Suburban,Northeast,1.0,137.0,1.0,59348.0,0.063,8.27070137,63.365
Rural,West,3.0,138.0,1.0,41429.0,0.096,9.78737903,71.62155245
Rural,West,12.0,581.0,4.0,66860.0,0.113,6.164386569,50.40047916
Suburban,Midwest,37.0,3680.0,8.0,51525.0,0.132,10.25626983,63.54291038
Rural,West,8.0,519.0,2.0,57879.0,0.156,7.306318469,53.04285248
Rural,Midwest,18.0,1236.0,6.0,64972.0,0.109,5.861517145,57.21598975
Town,Midwest,12.0,997.0,3.0,41654.0,0.205,7.168666911,55.84331433
Rural,West,11.0,314.0,2.0,40610.0,0.22,3.90733591,65.58064927
Rural,South,13.0,1647.0,5.0,45955.0,0.256,6.766822958,65.04927701
Rural,West,11.0,762.0,2.0,64820.0,0.084,7.830186219,52.8088068
Town,West,72.0,7086.0,14.0,147635.0,0.040999999999999995,5.589046023,51.47271905
Rural,Northeast,13.0,557.0,3.0,74717.0,0.063,4.29366074,52.37794
Town,South,29.0,1409.0,4.0,46207.0,0.151,7.291786302,60.99666718
Urban,Midwest,89.0,8683.0,18.0,63586.0,0.10400000000000001,7.604445606,55.01067246
Rural,West,6.0,122.0,3.0,79375.0,0.14300000000000002,3.499143918,55.59282196
Rural,South,9.0,206.0,1.0,57946.0,0.14400000000000002,5.947779288,60.40653733
Rural,South,13.0,794.0,2.0,44444.0,0.17300000000000001,6.925743448,60.36546254
Rural,Midwest,1.0,58.0,1.0,92150.0,0.063,5.08223663,56.90889
Rural,Midwest,10.0,497.0,3.0,62738.0,0.106,7.930336296,65.15412819
Suburban,Midwest,83.0,6371.0,8.0,81432.0,0.063,9.403527957,60.95019578
Rural,South,13.0,1266.0,4.0,72926.0,0.114,8.699788836,70.80159458
Rural,Midwest,53.0,5062.0,17.0,78687.0,0.091,5.897268469,58.12812811
Suburban,South,44.0,10386.0,12.0,67883.0,0.08199999999999999,8.697619812,64.91356026
Suburban,Midwest,16.0,521.0,1.0,57588.0,0.16899999999999998,10.16333807,65.2774189
Suburban,Northeast,66.0,3116.0,5.0,99319.0,0.036000000000000004,7.072206106,52.72502681
Suburban,South,266.0,31105.0,34.0,119818.0,0.051,7.768682221,57.57242268
Town,Midwest,13.0,1585.0,3.0,74543.0,0.10800000000000001,8.748308445,62.95241125
Rural,Midwest,35.0,1075.0,3.0,70769.0,0.11,8.480677967,59.56809865
Rural,Northeast,4.0,1121.0,3.0,90592.0,0.08800000000000001,7.29252675,65.2512782
Suburban,Midwest,10.0,1304.0,5.0,64149.0,0.064,8.291427708,61.74586636
Rural,West,3.0,39.0,1.0,131750.0,0.044000000000000004,5.205649983,51.74110368
Rural,Midwest,6.0,784.0,3.0,63889.0,0.114,8.414013174,64.28878638
Rural,Midwest,16.0,972.0,2.0,69574.0,0.067,8.114275493,58.96357147
Town,Midwest,8.0,1352.0,5.0,46405.0,0.212,8.301219925,59.75327607
Rural,South,5.0,144.0,1.0,61635.0,0.035,6.146725205,68.134
Suburban,West,349.0,22372.0,28.0,52507.0,0.157,7.725315434,79.71958768
Rural,Midwest,19.0,865.0,3.0,57358.0,0.135,7.40808397,58.23580229
Rural,Midwest,28.0,2226.0,5.0,75677.0,0.102,8.818136173,57.90954883
Rural,Midwest,11.0,658.0,2.0,85208.0,0.036000000000000004,7.733136631,55.13980845
Urban,West,123.0,15119.0,24.0,80290.0,0.099,6.619367626,48.66099872
Rural,South,47.0,5038.0,9.0,56275.0,0.14,8.548146104,68.19445327
Rural,Midwest,41.0,1483.0,4.0,56268.0,0.20600000000000002,8.645910736,61.48438488
Suburban,Midwest,16.0,1963.0,5.0,57965.0,0.131,8.717522741,57.79366256
Rural,Midwest,22.0,1419.0,4.0,53552.0,0.114,7.472806447,55.39692473
Urban,Midwest,164.0,22937.0,57.0,46111.0,0.174,7.998752732,57.38926403
Rural,Midwest,13.0,147.0,2.0,60625.0,0.14300000000000002,3.963076582,55.28731949
Rural,West,25.0,2888.0,9.0,80889.0,0.071,4.699629428,55.85507646
Suburban,Midwest,1.0,8134.0,4.0,61778.0,0.12300000000000001,10.27494908,65.43004025
Town,Northeast,15.0,751.0,2.0,79736.0,0.055999999999999994,6.750427523,57.14739921
Rural,Midwest,7.0,238.0,3.0,49410.0,0.166,7.364114553,55.15483575
Suburban,Midwest,22.0,2468.0,5.0,86219.0,0.053,8.091538842,57.48431674
Rural,South,14.0,435.0,2.0,42632.0,0.27699999999999997,8.272511341,60.37209309
Rural,Midwest,14.0,495.0,2.0,63846.0,0.10400000000000001,6.940892018,55.70428825
Rural,West,90.0,6770.0,12.0,69773.0,0.08,4.491770316,55.17144835
Town,Midwest,11.0,1211.0,4.0,63046.0,0.08,8.368965978,61.07341335
Suburban,Midwest,72.0,6377.0,11.0,87722.0,0.063,7.146255298,57.07448894
Rural,West,2.0,122.0,1.0,108958.0,0.083,8.363300822,62.6802
Urban,South,215.0,26821.0,52.0,51132.0,0.203,9.668197355,59.72930261
Rural,South,98.0,6748.0,17.0,60606.0,0.14400000000000002,8.035665774,60.19914884
Rural,West,16.0,470.0,5.0,104722.0,0.069,6.170744252,49.10563144
Suburban,South,372.0,21179.0,31.0,79201.0,0.08199999999999999,10.00269437,65.47284784
Rural,West,4.0,149.0,3.0,39964.0,0.079,4.27994809,55.44244908
Rural,South,14.0,787.0,3.0,52946.0,0.177,8.78554304,57.19154701
Rural,West,5.0,914.0,2.0,50250.0,0.10300000000000001,5.544379781,54.83451
Rural,Midwest,5.0,300.0,2.0,70431.0,0.096,6.808716712,57.62413584
Suburban,Northeast,1.0,973.0,2.0,69621.0,0.18600000000000003,8.385105027,68.03713294
Rural,Midwest,1.0,779.0,5.0,58406.0,0.081,5.643578045,60.12842964
Rural,West,12.0,400.0,5.0,67226.0,0.105,0.0,0.0
Rural,Midwest,11.0,725.0,2.0,76438.0,0.064,6.802309826,59.05725051
Rural,Northeast,16.0,609.0,2.0,66843.0,0.035,6.987045497,56.76377239
Town,West,101.0,5051.0,15.0,74639.0,0.127,4.853927627,62.39698882
Town,Midwest,16.0,782.0,4.0,64623.0,0.11199999999999999,8.177061405,62.90892427
Rural,South,10.0,491.0,3.0,68611.0,0.171,8.590171471,62.09123199
Rural,Midwest,24.0,1686.0,4.0,48024.0,0.12300000000000001,8.625112449,59.85498366
Town,Midwest,34.0,937.0,4.0,59087.0,0.16699999999999998,8.014634442,59.16836841
Rural,Midwest,10.0,510.0,2.0,60833.0,0.028999999999999998,9.40516062,61.11260655
Suburban,Midwest,32.0,2894.0,7.0,37530.0,0.244,9.554444501,67.27177512
Suburban,Midwest,53.0,3562.0,6.0,119497.0,0.034,8.446742051,61.74657113
Rural,Midwest,8.0,593.0,2.0,51875.0,0.13,7.949078891,58.95267133
Rural,West,5.0,73.0,2.0,70921.0,0.039,6.936963425,52.50807
Rural,West,5.0,405.0,1.0,51667.0,0.316,11.15374233,76.82023862
Rural,Midwest,8.0,337.0,2.0,59891.0,0.067,8.776809072,59.83706623
Town,Midwest,32.0,2238.0,5.0,55689.0,0.128,6.981944103,57.82542454
Town,West,34.0,9352.0,18.0,55717.0,0.136,4.938086585,52.8541601
Rural,South,5.0,167.0,1.0,67727.0,0.106,7.81045411,63.32953
Town,Midwest,18.0,1386.0,5.0,44693.0,0.242,7.261161053,56.59245178
Suburban,Northeast,57.0,5138.0,6.0,97564.0,0.059000000000000004,7.62195301,65.69348319
Suburban,Northeast,6.0,1522.0,3.0,85948.0,0.077,7.856495554,61.24399266
Rural,Midwest,10.0,400.0,2.0,62150.0,0.037000000000000005,8.433237351,59.65253033
Rural,Midwest,11.0,453.0,3.0,81591.0,0.147,7.819980493,59.78299603
Rural,South,8.0,370.0,1.0,66964.0,0.006,8.184077808,64.04709
Rural,South,7.0,101.0,2.0,47679.0,0.121,7.228202186,61.1546385
Town,South,58.0,9947.0,14.0,52134.0,0.17,7.774166678,58.75530812
Town,Midwest,5.0,463.0,1.0,94437.0,0.066,8.58062937,59.66183769
Rural,South,8.0,237.0,1.0,37727.0,0.10800000000000001,7.403290629,59.00323743
Urban,West,11.0,8639.0,6.0,130984.0,0.059000000000000004,7.099180197,62.28102529
Town,South,60.0,5776.0,7.0,62500.0,0.11900000000000001,8.99200447,63.15913771
Rural,Midwest,9.0,408.0,2.0,60592.0,0.11900000000000001,8.989992453,58.88639538
Town,Midwest,24.0,1028.0,2.0,61080.0,0.1,7.794521372,60.12353937
Rural,West,5.0,236.0,3.0,56163.0,0.098,5.27581512,53.81655116
Rural,Midwest,16.0,506.0,3.0,73219.0,0.069,7.536387594,59.63356014
Rural,Midwest,10.0,590.0,2.0,65000.0,0.107,7.965168453,56.46926594
Town,Midwest,27.0,1919.0,4.0,56204.0,0.11,6.388031392,56.58712644
Urban,West,140.0,16583.0,37.0,58335.0,0.193,8.853848877,51.65157755
Rural,South,24.0,1497.0,5.0,51599.0,0.139,6.844738665,56.44241531
Urban,Midwest,50.0,2840.0,14.0,32352.0,0.355,7.864072827,57.51342976
Rural,South,86.0,5689.0,15.0,43029.0,0.18,7.1398856,58.7956523
Town,West,1.0,1736.0,6.0,40143.0,0.28,3.585406623,59.15105942
Suburban,Northeast,31.0,6328.0,11.0,86264.0,0.073,8.70501257,63.05025012
Urban,South,38.0,3667.0,9.0,36567.0,0.31,9.197950142,57.98599217
Suburban,West,14.0,4129.0,8.0,85059.0,0.12,10.95928299,64.79944642
Rural,Midwest,10.0,580.0,2.0,65600.0,0.10800000000000001,6.012671696,59.52399346
Town,Midwest,10.0,1135.0,6.0,52760.0,0.136,5.87766051,57.43677571
Town,Northeast,12.0,5377.0,9.0,55052.0,0.161,6.250460096,53.52332688
Rural,Midwest,7.0,493.0,4.0,54509.0,0.096,7.725108508,58.63052778
Suburban,Midwest,6.0,620.0,2.0,57468.0,0.159,8.997000565,61.73997278
Town,Midwest,13.0,1278.0,4.0,53313.0,0.092,7.399914236,59.95743104
Rural,Midwest,20.0,935.0,3.0,45201.0,0.174,6.844718156,59.31876615
Rural,West,8.0,39.0,3.0,53750.0,0.138,4.234848027,54.29866
Suburban,West,2.0,217.0,3.0,109083.0,0.057,6.391261624,50.85408495
Rural,Midwest,11.0,599.0,3.0,59390.0,0.09,6.944431373,60.19142424
Suburban,Northeast,2.0,1613.0,2.0,156145.0,0.038,8.746682604,64.63340099
Rural,Midwest,21.0,498.0,4.0,74265.0,0.076,4.096596144,55.08944543
Town,South,30.0,4840.0,8.0,52211.0,0.136,8.15381751,58.66172337
Town,South,12.0,801.0,3.0,62829.0,0.08199999999999999,7.119263836,63.33694
Town,West,23.0,1398.0,3.0,61375.0,0.10800000000000001,5.647387512,44.81392649
Rural,South,29.0,1020.0,3.0,48311.0,0.131,9.314393125,56.11873925
Rural,Midwest,2.0,356.0,3.0,71667.0,0.059000000000000004,5.302198456,58.44292492
Suburban,West,103.0,33107.0,44.0,153475.0,0.049,7.330266531,59.22280939
Rural,Midwest,15.0,1243.0,5.0,53692.0,0.08900000000000001,8.293409618,57.28908181
Rural,West,5.0,521.0,3.0,42237.0,0.365,3.750181391,61.75117593
Town,South,57.0,4002.0,8.0,63197.0,0.09699999999999999,7.498559476,58.71719434
Suburban,West,2.0,1020.0,3.0,54550.0,0.209,8.847335575,72.9310242
Suburban,Northeast,50.0,2386.0,6.0,131313.0,0.04,7.565895524,60.65317998
Suburban,Midwest,26.0,1776.0,4.0,85479.0,0.042,8.773883566,60.79155296
Rural,Midwest,14.0,365.0,2.0,55511.0,0.081,7.27669768,56.41518388
Rural,Midwest,13.0,922.0,3.0,56406.0,0.133,8.097751323,58.05615102
Suburban,South,1248.0,118010.0,91.0,84451.0,0.083,10.27777817,69.15266941
Rural,South,28.0,2211.0,4.0,58791.0,0.106,9.450136882,61.3353098
Town,Midwest,8.0,847.0,2.0,93727.0,0.033,9.217842982,60.14441309
Rural,Midwest,10.0,871.0,3.0,74713.0,0.052000000000000005,7.673853683,56.40126443
Rural,Midwest,11.0,486.0,2.0,55147.0,0.094,7.836614439,57.57677509
Urban,West,201.0,28714.0,68.0,57792.0,0.153,8.838526275,55.27565122
Rural,West,8.0,214.0,1.0,58125.0,0.159,6.568536985,49.36923683
Urban,Midwest,9.0,9286.0,26.0,60011.0,0.191,5.950602813,58.25342127
Town,Northeast,22.0,1220.0,3.0,44183.0,0.13699999999999998,4.767046005,48.20198149
Town,West,52.0,4405.0,11.0,56413.0,0.177,4.606250204,54.07707411
Suburban,Northeast,19.0,958.0,2.0,99259.0,0.08800000000000001,6.047515891,72.42764606
Rural,Midwest,8.0,737.0,3.0,70643.0,0.07200000000000001,5.43062641,54.40044155
Rural,West,5.0,379.0,1.0,81000.0,0.063,7.42153999,66.42387678
Rural,Midwest,10.0,739.0,3.0,79526.0,0.040999999999999995,7.852240809,59.9995091
Suburban,West,21.0,9943.0,15.0,96517.0,0.081,10.45706926,87.62803587
Suburban,Midwest,14.0,1948.0,4.0,44983.0,0.12300000000000001,8.426066295,62.240276
Rural,Midwest,3.0,59.0,2.0,44135.0,0.174,7.012682796,58.18130043
Rural,Northeast,23.0,681.0,2.0,67179.0,0.10400000000000001,6.616121776,57.80688842
Rural,West,9.0,329.0,1.0,62813.0,0.048,6.542995553,54.34870236
Rural,West,4.0,13.0,1.0,31544.0,0.268,7.715222055,52.89903469
Rural,West,1.0,11.0,1.0,70347.0,0.22399999999999998,5.692164877,52.60409
Rural,South,6.0,77.0,1.0,42065.0,0.035,6.306258904,62.211
Urban,South,171.0,33387.0,57.0,56387.0,0.179,8.955930909,59.16501016
Rural,South,41.0,6003.0,7.0,82333.0,0.09699999999999999,8.94001358,60.80495212
Town,Midwest,16.0,1495.0,3.0,63292.0,0.061,7.140422205,59.51542683
Rural,Midwest,4.0,380.0,3.0,50400.0,0.222,6.987019392,55.48023979
Rural,South,32.0,1200.0,3.0,61291.0,0.155,6.723305664,61.52332396
Rural,Midwest,35.0,2001.0,4.0,78693.0,0.049,7.096644742,58.6665413
Rural,Midwest,9.0,963.0,4.0,53310.0,0.18899999999999997,7.137215324,57.12303602
Suburban,West,211.0,32888.0,50.0,83804.0,0.055,6.350698227,64.69053717
Rural,West,10.0,1055.0,7.0,77481.0,0.096,6.029237603,45.29023263
Rural,Midwest,5.0,139.0,2.0,70000.0,0.226,7.23895863,56.36047
Rural,South,14.0,508.0,3.0,62321.0,0.161,8.768077146,60.63798316
Rural,Midwest,13.0,190.0,2.0,60000.0,0.145,7.083294441,56.65540165
Rural,West,3.0,38.0,1.0,49167.0,0.188,7.455657815,50.49185289
Suburban,Northeast,28.0,3837.0,6.0,154300.0,0.032,6.7547583,60.65317178
Suburban,South,94.0,8920.0,14.0,53489.0,0.179,7.637411162,60.83698698
Town,Midwest,29.0,2088.0,5.0,51504.0,0.16899999999999998,7.882620549,64.18621702
Suburban,Midwest,21.0,2036.0,3.0,74053.0,0.077,10.08188346,65.29727944
Town,Midwest,1.0,980.0,4.0,73333.0,0.076,9.00998346,59.54161987
Rural,Northeast,11.0,435.0,3.0,50744.0,0.09699999999999999,4.271915691,50.64457266
Rural,West,32.0,1679.0,4.0,69127.0,0.098,9.241252007,52.77618195
Suburban,Midwest,32.0,2558.0,6.0,36476.0,0.287,9.843997143,61.97041744
Rural,Midwest,21.0,837.0,2.0,56143.0,0.087,8.388050268,58.9985077
Town,Midwest,14.0,1274.0,5.0,52984.0,0.151,8.169085247,57.4072518
Town,Northeast,34.0,987.0,2.0,51780.0,0.145,6.751449472,58.80396366
Rural,Midwest,6.0,155.0,1.0,42500.0,0.14300000000000002,6.778741108,54.00355942
Rural,West,6.0,219.0,2.0,51979.0,0.16699999999999998,5.393588767,62.77475
Suburban,Midwest,22.0,3574.0,5.0,92693.0,0.035,7.250702799,56.66942495
Rural,Midwest,8.0,309.0,2.0,61957.0,0.115,6.779398169,59.07781898
Suburban,Midwest,23.0,20443.0,29.0,94107.0,0.07,9.375593654,63.01941538
Rural,South,29.0,1885.0,4.0,67051.0,0.10800000000000001,8.982375098,59.63759067
Rural,South,10.0,452.0,2.0,42250.0,0.151,8.559401738,59.00669855
Rural,South,95.0,3977.0,10.0,52540.0,0.14300000000000002,8.214908185,57.28214041
Rural,South,13.0,730.0,6.0,53080.0,0.171,8.182113401,60.02160146
Town,Midwest,23.0,1913.0,5.0,53324.0,0.203,8.575412698,59.92157851
Rural,South,50.0,1937.0,4.0,65047.0,0.094,8.197268538,60.99543875
Suburban,South,42.0,4272.0,7.0,44890.0,0.213,7.909564734,59.84930793
Rural,West,8.0,726.0,2.0,62188.0,0.08900000000000001,4.715240065,46.2844836
Rural,West,5.0,466.0,2.0,84651.0,0.063,5.08578352,64.79164267
Rural,South,14.0,300.0,2.0,33417.0,0.251,9.303038414,60.50468061
Rural,Midwest,1.0,89.0,4.0,46827.0,0.135,3.478911864,55.53215031
Rural,Midwest,22.0,1413.0,3.0,90958.0,0.057,9.604520793,60.71627001
Rural,Midwest,5.0,109.0,2.0,48125.0,0.142,4.97192099,56.42912594
Town,South,41.0,1397.0,4.0,29063.0,0.309,9.111262301,58.44430145
Rural,Midwest,28.0,1762.0,2.0,62641.0,0.11699999999999999,8.518321571,59.19296332
Suburban,South,1033.0,188843.0,234.0,68874.0,0.11599999999999999,6.901360247,56.38216395
Town,South,7.0,829.0,3.0,23512.0,0.475,7.295087536,58.59328082
Rural,Midwest,40.0,2266.0,7.0,66776.0,0.12,8.403898233,60.73281882
Rural,Midwest,11.0,490.0,2.0,80711.0,0.098,8.423265229,59.76565633
Rural,Midwest,32.0,1325.0,3.0,61671.0,0.077,8.335163401,59.22255762
Rural,Midwest,8.0,737.0,3.0,63167.0,0.10800000000000001,7.904720672,60.98717796
Suburban,Midwest,89.0,9293.0,10.0,89835.0,0.05,9.582608322,63.81014239
Rural,Northeast,3.0,188.0,1.0,68158.0,0.078,4.254863014,56.67555
Urban,Midwest,437.0,22027.0,57.0,43171.0,0.24600000000000002,10.22509163,63.01846805
Rural,South,102.0,9129.0,21.0,76791.0,0.105,8.188650754,60.15666004
Town,Midwest,18.0,1172.0,3.0,36556.0,0.245,7.419320093,56.42097846
Town,South,58.0,2827.0,4.0,39350.0,0.182,9.402011286,59.19723876
Rural,South,9.0,556.0,2.0,54835.0,0.121,8.672283793,56.96339997
Rural,Northeast,22.0,584.0,2.0,69698.0,0.076,6.876674124,58.38521392
Suburban,Northeast,6.0,1826.0,5.0,113738.0,0.046,8.764166884,63.92581784
Rural,West,9.0,444.0,1.0,100179.0,0.043,6.007436521,45.68201
Town,Midwest,14.0,1006.0,4.0,47426.0,0.19399999999999998,6.999482488,55.97670275
Suburban,Midwest,40.0,2953.0,5.0,78000.0,0.075,7.825818355,62.69457543
Town,South,73.0,6398.0,13.0,47020.0,0.198,6.910196841,57.97140931
Town,South,28.0,1603.0,4.0,49127.0,0.16899999999999998,9.172030163,56.69346347
Urban,South,165.0,12340.0,21.0,44070.0,0.262,9.725033395,61.55233137
Suburban,Midwest,47.0,6724.0,11.0,68825.0,0.07400000000000001,7.924425658,57.09986167
Urban,West,141.0,37572.0,55.0,65040.0,0.092,4.636559374,61.51667989
Town,Northeast,33.0,1949.0,6.0,62696.0,0.091,5.789068867,52.7501025
Rural,West,36.0,3146.0,6.0,74857.0,0.098,5.808319639,61.63259628
Suburban,South,197.0,38356.0,51.0,62171.0,0.122,9.227344146,63.41808198
Rural,South,14.0,373.0,2.0,42346.0,0.166,8.173368855,56.93599786
Town,South,44.0,2785.0,5.0,41362.0,0.209,9.323453272,59.92315378
Suburban,Northeast,48.0,3028.0,4.0,80062.0,0.071,6.762145733,51.37718141
Rural,Midwest,30.0,2186.0,4.0,97243.0,0.059000000000000004,9.390866828,60.25321339
Urban,Midwest,44.0,5286.0,16.0,34712.0,0.33399999999999996,7.538766718,55.82907947
Rural,Midwest,12.0,764.0,3.0,54564.0,0.157,7.704269309,56.88045402
Town,West,11.0,551.0,7.0,47125.0,0.195,5.171503049,52.61377394
Rural,South,91.0,4702.0,15.0,41694.0,0.18899999999999997,6.53358347,57.5950582
Urban,South,306.0,34810.0,44.0,81816.0,0.084,9.052161696,66.55394926
Rural,Midwest,10.0,777.0,2.0,64819.0,0.071,8.531729987,57.70851452
Town,West,26.0,2606.0,8.0,83052.0,0.08,5.71867505,44.21979194
Rural,South,15.0,974.0,3.0,65592.0,0.05,9.07928274,63.30242
Urban,West,124.0,23631.0,40.0,49684.0,0.20600000000000002,5.499249419,68.7486083
Town,South,16.0,1837.0,4.0,55042.0,0.096,9.013900254,60.23488925
Town,Midwest,42.0,1803.0,4.0,60234.0,0.084,6.884365751,59.07419202
Rural,Midwest,9.0,118.0,2.0,85313.0,0.063,5.094988534,56.41316305
Rural,Midwest,8.0,657.0,2.0,62128.0,0.099,5.751603405,60.89250322
Suburban,South,176.0,10837.0,20.0,111368.0,0.059000000000000004,7.443326621,56.39023309
Suburban,Midwest,45.0,9357.0,16.0,60971.0,0.11,8.566036707,60.28270682
Town,Midwest,11.0,808.0,4.0,57006.0,0.09300000000000001,5.809230354,60.2937162
Rural,West,4.0,183.0,1.0,85908.0,0.034,5.995273228,58.15149872
Suburban,West,105.0,7296.0,14.0,84546.0,0.057,8.676958126,55.88654681
Rural,Midwest,6.0,331.0,2.0,71179.0,0.044000000000000004,5.556907744,58.18594918
Urban,Midwest,199.0,27442.0,45.0,51789.0,0.196,9.517652887,59.8681936
Town,Midwest,56.0,4386.0,8.0,67626.0,0.106,7.904775518,58.56434771
Rural,West,16.0,725.0,3.0,60647.0,0.11800000000000001,2.960571808,57.19013
Rural,Midwest,3.0,56.0,1.0,48125.0,0.247,4.602256356,59.1696186
Town,South,28.0,2298.0,5.0,82154.0,0.063,8.812966957,70.33293804
Suburban,Midwest,186.0,17124.0,23.0,97416.0,0.04,8.937163983,66.88955913
Urban,Midwest,84.0,10518.0,18.0,65960.0,0.1,8.819948986,56.18645151
Suburban,Northeast,78.0,5663.0,8.0,130294.0,0.037000000000000005,7.124889717,68.99187036
Suburban,Midwest,21.0,1932.0,3.0,73092.0,0.033,8.645993366,57.45553704
Suburban,South,377.0,66916.0,75.0,126747.0,0.042,9.384729526,70.32660366
Rural,Northeast,22.0,802.0,2.0,62500.0,0.113,6.246866637,52.62215469
Rural,Midwest,3.0,78.0,2.0,41071.0,0.261,7.062676475,56.54488472
Rural,Midwest,41.0,1716.0,4.0,81263.0,0.077,8.865396064,60.40944301
Rural,Midwest,10.0,535.0,2.0,50303.0,0.124,8.422645871,57.52012193
Urban,South,432.0,36326.0,58.0,61064.0,0.141,8.420896567,59.06960545
Suburban,South,188.0,23181.0,40.0,57580.0,0.133,9.237834956,60.94510084
Rural,Midwest,21.0,923.0,3.0,57987.0,0.1,8.64266815,58.07526193
Rural,West,1.0,28.0,1.0,41500.0,0.115,4.651925288,53.37479999
Town,Midwest,33.0,1745.0,3.0,49139.0,0.159,8.417050643,58.83531841
Town,Midwest,20.0,1283.0,3.0,57708.0,0.077,7.665465312,56.33636675
Rural,South,14.0,473.0,2.0,40391.0,0.166,8.470138689,56.94491129
Rural,Midwest,5.0,122.0,2.0,61042.0,0.051,4.893614962,56.87174064
Town,Midwest,37.0,1928.0,4.0,73071.0,0.07200000000000001,7.675229207,58.15725064
Rural,South,27.0,1726.0,8.0,42519.0,0.183,6.737275752,55.12791596
Rural,Northeast,23.0,660.0,2.0,85913.0,0.114,6.410369148,52.56594252
Rural,South,24.0,1546.0,3.0,52491.0,0.201,7.962551398,59.94481854
Rural,Midwest,4.0,157.0,1.0,71875.0,0.151,6.934078776,56.14778955
Suburban,South,116.0,27019.0,39.0,64821.0,0.146,9.43142345,65.83141191
Suburban,Midwest,15.0,1125.0,3.0,51882.0,0.166,9.151584742,64.92520875
Rural,South,11.0,270.0,2.0,49605.0,0.124,5.748366056,62.65690938
Suburban,South,7.0,566.0,3.0,53194.0,0.203,10.37316575,54.50752
Rural,Midwest,6.0,214.0,2.0,49464.0,0.136,7.333068946,56.33525267
Rural,West,4.0,289.0,2.0,109375.0,0.04,9.250310699,51.92631942
Rural,West,6.0,441.0,1.0,62361.0,0.076,5.579282494,65.96880279
Rural,Midwest,3.0,178.0,2.0,51875.0,0.11900000000000001,8.65725208,59.8962778
Town,South,20.0,2018.0,5.0,39493.0,0.292,9.910013582,54.55038683
Rural,Midwest,23.0,900.0,3.0,56719.0,0.141,8.589384406,57.30913992
Suburban,Northeast,14.0,1173.0,3.0,187102.0,0.038,7.406889991,65.16559901
Rural,South,8.0,120.0,1.0,75000.0,0.087,5.262970188,60.74391182
Rural,Midwest,4.0,280.0,2.0,49018.0,0.172,7.537810918,58.21395291
Rural,South,15.0,724.0,2.0,73750.0,0.099,8.846443166,59.74191481
Rural,Midwest,56.0,1259.0,3.0,45846.0,0.225,7.976403328,56.39710755
Rural,West,11.0,479.0,4.0,45441.0,0.132,4.325925136,46.61461573
Rural,West,11.0,88.0,4.0,31667.0,0.134,4.109457726,59.12408
Suburban,Northeast,3.0,1381.0,4.0,104949.0,0.039,8.964419877,65.14887149
Rural,West,10.0,202.0,2.0,50802.0,0.099,4.558030336,55.10586509
Suburban,South,1848.0,181814.0,140.0,76156.0,0.10400000000000001,10.34032821,64.62165189
Suburban,Midwest,81.0,7965.0,9.0,64025.0,0.107,9.246236829,66.03199133
Rural,Midwest,11.0,697.0,3.0,56679.0,0.11699999999999999,7.102504452,60.2670411
Urban,Midwest,45.0,4685.0,6.0,29980.0,0.35100000000000003,8.226742868,62.34882614
Town,West,5.0,1027.0,4.0,47045.0,0.092,5.799531014,53.33833
Suburban,South,11.0,968.0,2.0,74038.0,0.073,9.313912795,64.6907075
Suburban,Northeast,1.0,1147.0,5.0,84303.0,0.043,8.091354613,65.71633252
Town,Midwest,40.0,2149.0,3.0,60647.0,0.113,8.44031088,59.67815012
Town,West,1.0,163.0,1.0,112875.0,0.083,5.079168965,56.06446852
Town,South,50.0,3134.0,8.0,45469.0,0.18899999999999997,7.860093943,57.26336555
Town,Midwest,13.0,1125.0,3.0,71719.0,0.094,7.341664501,60.42639525
Rural,Northeast,26.0,1135.0,3.0,55717.0,0.096,4.94630523,51.35648938
Rural,Midwest,6.0,419.0,2.0,57429.0,0.129,7.842143436,61.4524246
Rural,Midwest,45.0,3290.0,8.0,60800.0,0.132,7.242183173,55.98398904
Suburban,South,34.0,1944.0,4.0,55086.0,0.10099999999999999,8.614333999,58.82265302
Rural,Northeast,8.0,481.0,1.0,46481.0,0.152,7.241428493,64.74178
Rural,Northeast,10.0,437.0,2.0,47446.0,0.172,7.10132788,59.22955483
Rural,Midwest,8.0,395.0,3.0,71719.0,0.069,6.626548465,60.65172693
Rural,Northeast,22.0,871.0,2.0,71328.0,0.054000000000000006,6.77675565,57.36740614
Suburban,Northeast,16.0,571.0,2.0,75810.0,0.052000000000000005,6.379346153,53.3228551
Town,Midwest,45.0,1817.0,5.0,65225.0,0.09,8.789250415,58.59680017
Rural,South,22.0,1200.0,3.0,43707.0,0.193,8.783701033,64.40015146
Rural,Midwest,14.0,750.0,3.0,57191.0,0.126,8.494281815,59.79468939
Town,Midwest,16.0,861.0,3.0,66848.0,0.08,7.032510941,59.61666665
Rural,Midwest,10.0,335.0,2.0,78056.0,0.09,4.960640922,58.51151264
Rural,West,8.0,300.0,3.0,59600.0,0.133,7.7870607,55.4379648
Rural,South,106.0,3332.0,9.0,41138.0,0.166,7.625053884,57.38289627
Rural,South,6.0,184.0,1.0,67750.0,0.066,6.194779775,58.95924807
Town,West,5.0,2578.0,6.0,64483.0,0.151,4.849703069,58.31401977
Urban,West,102.0,25451.0,42.0,123066.0,0.084,7.180925704,63.5097452
Town,Midwest,29.0,2887.0,8.0,49661.0,0.11900000000000001,7.857571953,59.87627426
Rural,South,6.0,130.0,1.0,81750.0,0.039,5.896645038,60.89627662
Town,Midwest,27.0,1694.0,7.0,57486.0,0.08900000000000001,7.805630732,57.82135693
Suburban,Midwest,1.0,1337.0,3.0,68485.0,0.094,7.491956513,58.32685942
Town,South,13.0,461.0,1.0,56157.0,0.07,8.96186824,61.46466782
Town,West,37.0,3013.0,8.0,63679.0,0.149,7.659496455,55.40430464
Rural,Midwest,18.0,779.0,2.0,73780.0,0.059000000000000004,6.905409627,60.27439004
Rural,Midwest,31.0,1247.0,2.0,75375.0,0.08,8.669769166,60.49483304
Town,Northeast,2.0,142.0,1.0,72904.0,0.11900000000000001,5.478093425,61.10345
Rural,Midwest,11.0,199.0,2.0,49375.0,0.17300000000000001,7.547399033,56.36272514
Suburban,Midwest,44.0,4155.0,9.0,57656.0,0.12,5.231479938,53.09007223
Town,Midwest,18.0,899.0,2.0,55223.0,0.066,8.770916173,60.06697499
Urban,South,24.0,3877.0,9.0,52527.0,0.145,8.343619222,61.65745104
Town,South,56.0,6443.0,9.0,68417.0,0.11699999999999999,9.24132677,60.05102528
Rural,Midwest,13.0,637.0,1.0,41402.0,0.215,8.477001281,60.07952541
Rural,Northeast,27.0,1014.0,3.0,60446.0,0.114,6.944970484,60.54277949
Suburban,Midwest,8.0,843.0,2.0,76620.0,0.034,8.800625331,61.74845448
Rural,South,39.0,6185.0,11.0,64600.0,0.127,8.940841061,59.82435435
Town,West,24.0,1091.0,5.0,65083.0,0.11199999999999999,8.353345425,52.77057747
Suburban,Midwest,274.0,17721.0,22.0,113931.0,0.052000000000000005,10.17320386,66.58515435
Urban,Midwest,81.0,4933.0,13.0,61067.0,0.11,10.11265461,63.08994171
Rural,South,30.0,1654.0,5.0,51884.0,0.21100000000000002,7.277355755,60.82648829
Rural,Midwest,29.0,1712.0,4.0,59063.0,0.10099999999999999,8.696820017,58.72827579
Rural,South,128.0,14469.0,30.0,50157.0,0.16699999999999998,7.696837635,60.04388639
Suburban,Midwest,11.0,749.0,3.0,47775.0,0.163,8.377453061,57.5382325
Rural,Midwest,10.0,616.0,2.0,65257.0,0.08900000000000001,8.485767875,61.19110637
Rural,Midwest,17.0,1261.0,3.0,68409.0,0.132,7.483464856,56.83803783
Town,Northeast,33.0,1433.0,3.0,54501.0,0.141,6.941351755,58.93609432
Town,Midwest,82.0,4053.0,10.0,66842.0,0.09300000000000001,8.639301795,59.33721072
Town,Midwest,26.0,2036.0,4.0,77280.0,0.044000000000000004,7.830781141,55.44888698
Suburban,Midwest,25.0,3129.0,5.0,44773.0,0.22899999999999998,9.432670753,63.18139919
Rural,Midwest,23.0,1147.0,4.0,59063.0,0.133,7.610517992,56.87137561
Rural,Midwest,12.0,394.0,2.0,52978.0,0.109,6.809129414,57.44234831
Suburban,Midwest,61.0,4238.0,4.0,56528.0,0.16899999999999998,9.979856882,62.61028228
Rural,Midwest,20.0,828.0,3.0,40735.0,0.278,7.97107732,57.18852083
Town,West,26.0,2468.0,5.0,54710.0,0.134,5.085937988,58.93969537
Suburban,South,122.0,12360.0,18.0,78667.0,0.11199999999999999,8.69923044,67.16140098
Rural,West,30.0,1319.0,6.0,74983.0,0.091,6.456832282,71.35233355
Rural,Midwest,23.0,1719.0,4.0,63833.0,0.094,7.288782883,59.86223133
Urban,West,39.0,9251.0,4.0,77401.0,0.11800000000000001,5.390892377,48.80334034
Town,Midwest,33.0,1597.0,5.0,55514.0,0.156,8.47246781,60.53045696
Rural,Midwest,22.0,1374.0,3.0,53498.0,0.134,7.347406287,57.23146689
Rural,Northeast,2.0,50.0,1.0,77500.0,0.065,4.773644055,59.64914
Rural,West,2.0,17.0,1.0,49375.0,0.039,3.726608685,55.72167
Suburban,Midwest,16.0,1790.0,5.0,73315.0,0.11,7.448390931,55.6436276
Rural,Midwest,21.0,995.0,3.0,70862.0,0.084,6.480049065,59.72415304
Rural,South,42.0,2194.0,6.0,46592.0,0.183,6.292725472,54.77259588
Suburban,West,10.0,2859.0,5.0,54618.0,0.18600000000000003,7.570375446,66.77782202
Town,South,108.0,12804.0,20.0,115027.0,0.042,7.343606289,64.81349975
Rural,South,84.0,6106.0,7.0,78895.0,0.092,7.775226071,59.5774896
Suburban,Midwest,38.0,3596.0,6.0,83533.0,0.045,8.911648032,60.86944475
Rural,Northeast,8.0,110.0,1.0,34728.0,0.244,4.187323151,49.6689
Suburban,Northeast,5.0,807.0,1.0,91319.0,0.065,8.936256611,64.08170154
Rural,South,110.0,11629.0,23.0,65399.0,0.107,8.798316936,65.40915257
Suburban,Northeast,8.0,2229.0,5.0,107416.0,0.043,8.43366252,62.98912987
Rural,West,32.0,1194.0,6.0,58020.0,0.165,2.988438495,56.04912617
Rural,South,14.0,403.0,3.0,62731.0,0.055,8.854316599,60.01218058
Rural,South,14.0,615.0,3.0,42608.0,0.109,8.628217248,62.54001471
Town,Midwest,13.0,942.0,3.0,32275.0,0.262,7.776194585,58.03953995
Suburban,West,25.0,6881.0,5.0,73386.0,0.124,8.840473599,63.4298651
Rural,Midwest,9.0,877.0,2.0,74250.0,0.085,7.513479323,55.48746206
Rural,Midwest,34.0,1759.0,5.0,74856.0,0.08,8.864986481,60.99587514
Rural,Midwest,11.0,294.0,2.0,52961.0,0.121,4.255966054,54.7239897
Rural,West,23.0,958.0,10.0,62164.0,0.055999999999999994,3.918384851,61.89737977
Rural,Midwest,6.0,176.0,2.0,73542.0,0.06,5.69864375,55.11439405
Rural,Midwest,5.0,432.0,2.0,56528.0,0.114,5.610392906,57.29953012
Rural,West,5.0,105.0,2.0,23750.0,0.522,4.409083397,55.79009
Suburban,Midwest,18.0,1092.0,4.0,76783.0,0.043,10.27270143,65.14770286
Suburban,Midwest,86.0,12680.0,25.0,80200.0,0.087,6.487942001,59.04810792
Suburban,Northeast,22.0,4072.0,7.0,105000.0,0.049,8.779830486,63.31461563
Rural,Midwest,6.0,424.0,3.0,72887.0,0.057,8.927819877,57.68681343
Rural,Midwest,11.0,546.0,3.0,49531.0,0.152,7.855984712,57.09847228
Rural,Midwest,8.0,157.0,1.0,43179.0,0.19399999999999998,6.979216147,54.13067985
Rural,South,14.0,819.0,3.0,95769.0,0.040999999999999995,9.090222882,60.84013557
Suburban,Northeast,1.0,553.0,1.0,244493.0,0.0,8.369127397,63.59266
Rural,South,24.0,1554.0,4.0,54181.0,0.248,8.831657756,59.77495109
Rural,South,10.0,254.0,2.0,42723.0,0.068,7.551198538,59.87757571
Town,Midwest,15.0,1514.0,4.0,65361.0,0.098,9.25122522,57.45182167
Rural,South,9.0,878.0,3.0,73235.0,0.08900000000000001,8.257292323,63.299599
Rural,Midwest,23.0,1665.0,3.0,68460.0,0.057999999999999996,9.356941994,60.72317689
Rural,West,3.0,73.0,1.0,84750.0,0.087,5.666849892,54.47210355
Urban,Midwest,22.0,2834.0,7.0,66353.0,0.102,7.921845247,67.12476759
Town,West,11.0,670.0,3.0,42057.0,0.177,6.875260554,43.76656172
Rural,Midwest,50.0,4256.0,6.0,86235.0,0.034,8.998244611,59.59635983
Rural,West,5.0,44.0,3.0,35208.0,0.251,3.946057096,54.4473
Rural,Midwest,34.0,1361.0,3.0,57191.0,0.075,8.740099845,58.58346519
Town,Midwest,31.0,2420.0,7.0,47809.0,0.135,7.058340281,55.15490097
Rural,Midwest,5.0,145.0,3.0,57679.0,0.20800000000000002,6.594554741,57.33990338
Rural,Northeast,22.0,690.0,4.0,40583.0,0.18100000000000002,4.617885491,51.84680989
Rural,West,2.0,72.0,1.0,116094.0,0.046,4.982698256,55.02437543
Rural,West,11.0,381.0,2.0,54837.0,0.20600000000000002,7.735777552,48.32883898
Rural,Northeast,10.0,181.0,1.0,65000.0,0.171,6.293473502,52.51977213
Rural,South,22.0,356.0,2.0,43329.0,0.06,7.551304362,57.05728643
Town,West,34.0,1685.0,6.0,54472.0,0.11800000000000001,7.346500752,50.06610016
Urban,South,16.0,1929.0,5.0,37539.0,0.252,9.065091634,59.16354617
Rural,Midwest,25.0,868.0,5.0,50270.0,0.158,8.026534454,56.31841317
Rural,Midwest,6.0,244.0,3.0,90375.0,0.106,8.744056389,61.09524492
Rural,Midwest,5.0,225.0,1.0,71115.0,0.08800000000000001,8.455407685,59.63422579
Suburban,South,29.0,2926.0,7.0,40096.0,0.24,10.427629,54.96485357
Rural,Midwest,17.0,894.0,4.0,55844.0,0.127,7.985943935,55.19171514
Town,Midwest,16.0,1068.0,3.0,77373.0,0.075,8.145861775,56.4845993
Rural,Midwest,3.0,115.0,1.0,49464.0,0.12300000000000001,6.238535342,56.34536
Rural,Midwest,29.0,1043.0,3.0,57136.0,0.073,8.695530633,59.41294062
Rural,Midwest,3.0,76.0,1.0,57500.0,0.026000000000000002,7.43433863,54.78436
Rural,South,6.0,141.0,1.0,53472.0,0.145,7.695152565,60.49951494
Rural,South,5.0,279.0,2.0,43611.0,0.168,6.01421039,62.80172906
Suburban,South,35.0,1755.0,4.0,46065.0,0.203,9.02149003,61.85435656
Urban,Midwest,66.0,12660.0,23.0,63583.0,0.11900000000000001,10.13324747,63.58084189
Rural,Northeast,23.0,527.0,2.0,53789.0,0.19,6.788770418,56.76008665
Rural,South,36.0,6972.0,10.0,67756.0,0.084,9.074652137,66.9261183
Town,Midwest,12.0,1364.0,4.0,40625.0,0.19399999999999998,7.769863164,62.55284064
Suburban,West,14.0,2157.0,6.0,87769.0,0.122,9.01820235,73.37764855
Rural,Midwest,32.0,1921.0,5.0,65085.0,0.113,8.981481697,61.47182765
Rural,Northeast,19.0,990.0,3.0,79597.0,0.042,6.406189287,53.11237133
Town,Midwest,12.0,888.0,4.0,57031.0,0.092,8.720592224,60.53969758
Rural,Midwest,5.0,145.0,2.0,46111.0,0.078,7.051328476,56.39741773
Rural,Midwest,7.0,504.0,2.0,81218.0,0.043,7.877852273,58.88600342
Town,Midwest,19.0,1812.0,3.0,58031.0,0.155,7.057314545,59.5484779
Suburban,Northeast,23.0,2131.0,3.0,102381.0,0.036000000000000004,9.042238457,65.79193699
Rural,South,16.0,694.0,2.0,47973.0,0.182,9.254251907,59.5319213
Town,Midwest,38.0,1824.0,5.0,67011.0,0.076,8.715021067,58.96579058
Rural,Midwest,9.0,870.0,3.0,49931.0,0.12,8.602412375,59.40467609
Rural,Midwest,14.0,1139.0,3.0,66616.0,0.094,8.726627305,58.95512514
Rural,Midwest,4.0,205.0,2.0,57500.0,0.129,7.464698242,57.63732365
Rural,West,1.0,12.0,1.0,35000.0,0.281,4.461657973,61.55313
Rural,West,3.0,124.0,1.0,46273.0,0.08199999999999999,4.654600289,58.68596479
Rural,Midwest,2.0,179.0,2.0,55938.0,0.105,8.628727835,61.34682086
Rural,Midwest,17.0,1038.0,2.0,71456.0,0.106,8.751175286,58.55737472
Rural,West,17.0,384.0,3.0,56696.0,0.126,3.382642547,58.50069725
Rural,Midwest,5.0,263.0,2.0,60658.0,0.091,5.734915987,54.35008398
Suburban,West,85.0,7324.0,16.0,118882.0,0.051,7.056574119,55.58040309
Suburban,West,13.0,1896.0,5.0,122519.0,0.039,6.917976661,75.24928471
Rural,South,14.0,377.0,2.0,36657.0,0.182,7.642450161,56.04767652
Urban,South,433.0,59007.0,75.0,66667.0,0.122,9.307573984,64.55952462
Suburban,Midwest,69.0,6382.0,12.0,69805.0,0.111,8.637446098,63.486858
Urban,West,7.0,1836.0,5.0,108132.0,0.049,6.500534056,52.26836417
Urban,Midwest,37.0,7099.0,17.0,41232.0,0.231,9.717509816,62.41352672
Suburban,West,27.0,5408.0,11.0,38057.0,0.20600000000000002,4.462513435,62.47181257
Rural,South,90.0,3459.0,11.0,30831.0,0.322,7.211140016,58.56008571
Suburban,Midwest,19.0,4139.0,10.0,71525.0,0.079,7.724407841,58.58980833
Rural,Midwest,4.0,477.0,2.0,61250.0,0.13,5.810248406,59.7649896
Rural,South,30.0,1562.0,4.0,53132.0,0.136,9.593402363,62.69958829
Rural,South,120.0,7873.0,15.0,53918.0,0.094,7.400958947,57.26440101
Rural,South,5.0,151.0,1.0,68750.0,0.151,8.162903573,66.09450378
Rural,Northeast,24.0,1002.0,3.0,66821.0,0.102,6.58168902,53.58602284
Rural,Midwest,15.0,987.0,3.0,71599.0,0.099,9.521094752,60.19560217
Rural,South,13.0,774.0,3.0,51265.0,0.141,8.355856703,59.40384081
Town,South,65.0,3158.0,10.0,47652.0,0.14300000000000002,9.470850247,59.59228898
Rural,West,4.0,257.0,1.0,77417.0,0.113,5.782089414,51.90261379
Suburban,Northeast,3.0,539.0,2.0,90048.0,0.049,7.632030137,60.87129
Urban,Northeast,682.0,30124.0,60.0,42186.0,0.276,7.926158759,60.98943843
Rural,West,5.0,326.0,4.0,64909.0,0.107,3.84163183,61.6418474
Rural,Midwest,49.0,3000.0,5.0,58619.0,0.267,9.453509983,63.16452738
Rural,Midwest,1.0,45.0,1.0,36875.0,0.249,5.807936438,54.88815
Rural,Midwest,23.0,1691.0,4.0,49643.0,0.183,8.313602465,56.25291653
Urban,West,119.0,28893.0,41.0,69103.0,0.141,11.43686317,75.74588802
Urban,West,106.0,11380.0,7.0,52579.0,0.184,7.580626032,61.83989623
Rural,West,11.0,990.0,3.0,65838.0,0.12,7.410607041,52.56837926
Rural,South,22.0,1624.0,4.0,59836.0,0.057999999999999996,7.173840389,60.53934277
Rural,Northeast,14.0,372.0,1.0,60938.0,0.113,6.180722041,52.53044997
Rural,West,14.0,759.0,3.0,70462.0,0.09,5.454200787,46.7673848
Rural,South,8.0,329.0,1.0,49688.0,0.215,6.142393861,62.66718585
Town,South,35.0,2048.0,3.0,43167.0,0.17300000000000001,8.725821527,58.14870447
Suburban,Northeast,22.0,1005.0,3.0,180208.0,0.035,7.161858911,64.15822287
Town,South,88.0,6333.0,8.0,74935.0,0.099,9.642755174,60.51974012
Urban,South,77.0,8274.0,15.0,53128.0,0.179,9.226677391,61.71489727
Rural,West,4.0,60.0,3.0,49028.0,0.149,3.687731696,55.795533
Town,Midwest,20.0,1802.0,5.0,89232.0,0.059000000000000004,7.098032062,56.42231966
Rural,West,15.0,728.0,3.0,60313.0,0.12300000000000001,3.485128019,55.59015613
Rural,Midwest,7.0,270.0,1.0,56765.0,0.095,5.235191057,54.11006108
Town,South,17.0,1836.0,6.0,44287.0,0.18600000000000003,8.137938295,57.10347692
Rural,Midwest,17.0,828.0,3.0,74904.0,0.04,8.078639775,60.10324161
Rural,Midwest,9.0,348.0,2.0,39509.0,0.187,7.135777054,55.85102493
Rural,West,6.0,157.0,3.0,66250.0,0.073,4.278853534,56.66535
Suburban,South,475.0,60609.0,93.0,62911.0,0.127,8.458906376,60.23174044
Rural,Midwest,19.0,727.0,3.0,40921.0,0.20800000000000002,7.138690733,55.49670214
Rural,West,35.0,2037.0,9.0,70430.0,0.114,9.197397803,55.4815834
Rural,Northeast,17.0,495.0,2.0,44956.0,0.18100000000000002,6.355616776,52.90854415
Rural,Midwest,6.0,151.0,1.0,38906.0,0.183,6.925107218,59.13251075
Town,Midwest,17.0,1576.0,4.0,53846.0,0.209,8.449392612,55.73597136
Town,Midwest,21.0,3215.0,9.0,59972.0,0.098,7.280373618,59.42272239
Rural,West,2.0,89.0,2.0,52500.0,0.055,4.341786061,65.89199952
Town,South,22.0,1083.0,3.0,52500.0,0.19,7.866306857,64.74907532
Rural,Midwest,27.0,1558.0,5.0,35041.0,0.218,7.766804859,55.65975717
Rural,Midwest,7.0,220.0,2.0,53462.0,0.11900000000000001,7.170304031,56.22631275
Town,South,24.0,2691.0,6.0,47485.0,0.16699999999999998,6.388336539,63.11292905
Rural,South,69.0,3987.0,9.0,60876.0,0.113,7.032215431,56.54955135
Rural,Midwest,18.0,637.0,3.0,40396.0,0.19899999999999998,7.948217582,56.11129659
Suburban,Northeast,31.0,6835.0,13.0,118326.0,0.07200000000000001,8.505708703,62.65944766
Town,West,8.0,1066.0,3.0,51304.0,0.147,5.434720537,44.14754173
Town,West,23.0,642.0,3.0,60805.0,0.129,2.982950933,56.95781418
Rural,Midwest,3.0,284.0,2.0,76719.0,0.07400000000000001,5.90682748,54.80093563
Rural,Midwest,91.0,6069.0,9.0,81620.0,0.078,8.394056366,60.56219465
Suburban,Midwest,107.0,9257.0,16.0,61075.0,0.105,9.409086813,62.28585683
Rural,Midwest,9.0,278.0,2.0,77045.0,0.048,4.97418348,58.03898733
Rural,South,34.0,1039.0,4.0,64460.0,0.109,6.733118291,59.66947637
Rural,South,7.0,409.0,2.0,54519.0,0.095,7.038255616,60.69510593
Suburban,Midwest,94.0,6510.0,11.0,80252.0,0.057,8.535118902,61.2583574
Urban,West,160.0,22003.0,43.0,73049.0,0.114,7.621334324,53.98655505
Suburban,Northeast,88.0,3920.0,6.0,89498.0,0.071,7.021826873,52.47698577
Rural,South,7.0,775.0,2.0,35909.0,0.201,8.445844002,58.30535714
Town,Northeast,33.0,1951.0,6.0,51868.0,0.122,6.460540367,51.49614688
Rural,South,13.0,560.0,3.0,51014.0,0.139,8.609009829,62.47583109
Rural,South,28.0,1116.0,3.0,42019.0,0.272,8.003202418,59.83212496
Town,South,31.0,1931.0,4.0,41333.0,0.248,9.308044832,58.1124467
Rural,South,19.0,846.0,3.0,45521.0,0.16,8.93132107,56.36137731
Suburban,Northeast,5.0,735.0,2.0,127953.0,0.042,6.936927123,58.91715
Rural,Midwest,15.0,1020.0,3.0,58164.0,0.147,7.301985618,55.90882011
Urban,West,32.0,5249.0,15.0,46212.0,0.28300000000000003,7.432812257,69.20937525
Suburban,Midwest,154.0,16525.0,24.0,105744.0,0.052000000000000005,9.782956442,60.28156438
Town,South,33.0,2187.0,6.0,54277.0,0.233,6.339594764,63.79885167
Rural,Midwest,9.0,327.0,2.0,45100.0,0.183,7.04800185,55.9525142
Rural,Northeast,18.0,575.0,3.0,44321.0,0.222,5.022263606,51.16833192
Town,West,32.0,3618.0,7.0,55044.0,0.142,8.616994046,53.50646911
Town,West,11.0,1573.0,6.0,56182.0,0.166,9.065872667,62.8568429
Town,Midwest,20.0,2350.0,6.0,62106.0,0.098,7.657106171,58.70082386
Town,West,15.0,1206.0,4.0,57116.0,0.14300000000000002,5.236160252,45.55108905
Town,Midwest,29.0,2922.0,7.0,77390.0,0.078,8.638110771,59.58638306
Rural,West,6.0,467.0,2.0,40929.0,0.40299999999999997,6.114991285,58.98307618
Urban,West,37.0,8266.0,12.0,73816.0,0.11199999999999999,7.391581765,66.84810662
Suburban,Midwest,8.0,2486.0,6.0,121182.0,0.044000000000000004,9.821630461,60.22766019
Suburban,Midwest,28.0,2722.0,5.0,85665.0,0.061,9.178117538,59.17932827
Suburban,Northeast,2.0,1185.0,3.0,67070.0,0.073,5.956410282,62.1111695
Urban,Midwest,35.0,7604.0,18.0,54111.0,0.175,6.302504499,56.23034843
Town,Midwest,53.0,4036.0,7.0,58320.0,0.12300000000000001,8.780453645,61.15093915
Suburban,Midwest,30.0,2464.0,5.0,23250.0,0.462,10.50352188,61.89133366
Rural,West,2.0,258.0,3.0,184226.0,0.135,6.350836534,54.38866387
Rural,West,20.0,423.0,2.0,59688.0,0.244,3.584110326,58.64500447
Rural,South,46.0,1176.0,9.0,31961.0,0.215,9.087125799,58.97562049
Rural,Midwest,4.0,340.0,2.0,49866.0,0.113,7.175493908,56.62616859
Town,Midwest,21.0,1485.0,4.0,71888.0,0.06,8.266699016,57.13959208
Rural,Midwest,7.0,604.0,3.0,35353.0,0.281,7.90944476,58.39346097
Rural,West,20.0,470.0,3.0,56667.0,0.14400000000000002,5.831980575,53.16856888
Suburban,Northeast,105.0,5459.0,7.0,79590.0,0.052000000000000005,7.520735953,59.78535704
Rural,West,21.0,691.0,3.0,58952.0,0.172,6.897330145,50.97826522
Rural,Midwest,15.0,897.0,3.0,85030.0,0.039,9.170790514,58.18998314
Suburban,Midwest,38.0,3564.0,4.0,78044.0,0.06,8.26734224,60.27877189
Suburban,West,67.0,5734.0,12.0,109963.0,0.055,6.684418462,48.27675793
Suburban,Northeast,68.0,3149.0,6.0,122809.0,0.036000000000000004,7.917653397,64.26642331
Rural,Northeast,18.0,587.0,4.0,46447.0,0.18600000000000003,4.692627958,51.20218483
Suburban,Midwest,7.0,763.0,3.0,71000.0,0.078,9.177908628,60.66594834
Rural,South,112.0,5951.0,15.0,56121.0,0.161,8.733427925,60.65672595
Rural,West,16.0,687.0,3.0,45719.0,0.222,5.842003743,70.06902407
Rural,West,18.0,765.0,4.0,86858.0,0.124,7.865958119,49.93984897
Town,South,58.0,6477.0,12.0,46189.0,0.191,7.042125646,59.89031794
Rural,South,29.0,871.0,2.0,49976.0,0.139,7.881649206,56.02789114
Rural,Midwest,19.0,1055.0,5.0,56343.0,0.099,7.585457341,57.24289993
Town,Midwest,23.0,1572.0,4.0,57349.0,0.14400000000000002,7.542393283,56.46397734
Suburban,Midwest,23.0,1572.0,3.0,56538.0,0.107,8.095465687,62.41175769
Rural,South,178.0,17558.0,33.0,49488.0,0.18600000000000003,7.348278576,60.93861422
Rural,Midwest,6.0,182.0,2.0,83929.0,0.02,7.892179423,56.62856519
Rural,South,8.0,343.0,5.0,54010.0,0.153,7.167453629,61.02156218
Rural,South,15.0,1329.0,3.0,40372.0,0.16899999999999998,8.584916375,57.97676288
Rural,Midwest,23.0,999.0,2.0,63996.0,0.091,7.391107458,56.03915397
Rural,South,14.0,769.0,2.0,46635.0,0.134,8.779099363,62.12694949
Rural,Midwest,5.0,338.0,2.0,41667.0,0.14400000000000002,4.872657165,56.31064546
Suburban,Northeast,6.0,957.0,3.0,134018.0,0.053,8.064855906,62.09300674
Rural,South,14.0,493.0,2.0,51000.0,0.168,8.750652746,58.31383042
Suburban,Midwest,80.0,6321.0,10.0,90675.0,0.038,9.592348062,67.14162948
Rural,Midwest,8.0,501.0,3.0,71481.0,0.043,8.790742782,60.60844081
Town,South,91.0,6678.0,15.0,38926.0,0.25,7.843322908,60.61838285
Urban,Midwest,81.0,6603.0,15.0,63632.0,0.1,7.895520229,58.68763044
Urban,South,158.0,18674.0,24.0,90671.0,0.055999999999999994,8.841629274,57.79687826
Town,South,49.0,2245.0,5.0,44575.0,0.322,8.474707042,58.55777582
Rural,Northeast,2.0,74.0,1.0,54191.0,0.091,4.475761452,57.91616
Suburban,Midwest,4.0,2946.0,5.0,146964.0,0.017,8.545035454,60.68935841
Suburban,Midwest,73.0,4057.0,7.0,78726.0,0.059000000000000004,8.129306762,58.00794467
Suburban,West,41.0,4057.0,6.0,170000.0,0.049,7.0066739,47.33524895
Town,Northeast,15.0,867.0,2.0,59808.0,0.163,6.247302999,51.83528661
Rural,Midwest,12.0,697.0,3.0,55150.0,0.109,6.987477999,55.4264853
Rural,West,15.0,148.0,2.0,62829.0,0.099,7.905737719,53.73747258
Rural,West,64.0,5435.0,15.0,66463.0,0.132,5.33491459,73.02761484
Rural,South,19.0,2285.0,4.0,87094.0,0.107,8.74136319,68.41330548
Rural,Midwest,24.0,2183.0,3.0,52712.0,0.141,8.672445596,60.85364803
Rural,West,4.0,224.0,1.0,56563.0,0.175,11.6825917,74.95233824
Rural,West,9.0,273.0,3.0,32750.0,0.177,4.50909463,61.53651
Rural,Midwest,8.0,667.0,3.0,71602.0,0.08900000000000001,7.560273297,56.27381313
Rural,Midwest,4.0,198.0,2.0,64886.0,0.075,5.018734968,54.62312802
Urban,West,64.0,10250.0,22.0,62272.0,0.122,4.784390366,55.83673226
Rural,Midwest,13.0,601.0,2.0,84519.0,0.121,4.873023762,58.07630132
Rural,South,164.0,11050.0,15.0,50583.0,0.225,8.852035054,57.8037174
Suburban,Midwest,46.0,5010.0,11.0,65311.0,0.147,9.347472519,65.41401711
Urban,Midwest,170.0,11318.0,20.0,53195.0,0.141,8.463282561,60.24439206
Rural,Midwest,5.0,254.0,2.0,62500.0,0.057999999999999996,6.888611496,55.92796957
Rural,Midwest,4.0,38.0,1.0,69688.0,0.069,7.075065992,53.98883946
Suburban,South,485.0,57676.0,77.0,129549.0,0.055,7.905617587,67.63146631
Town,Midwest,12.0,1161.0,4.0,59048.0,0.132,7.698583115,65.65588823
Rural,South,10.0,295.0,2.0,49000.0,0.17600000000000002,8.536517054,61.12210175
Rural,South,23.0,2450.0,3.0,53048.0,0.08199999999999999,8.024525562,61.05377118
Town,Midwest,38.0,3296.0,7.0,58691.0,0.10400000000000001,9.023309513,56.24946746
Rural,Midwest,12.0,383.0,5.0,41289.0,0.146,8.216746769,59.18792013
Rural,Midwest,5.0,187.0,2.0,79821.0,0.10099999999999999,7.787607893,57.01558761
Rural,West,10.0,462.0,6.0,55685.0,0.126,5.621853795,44.57573635
Rural,West,18.0,1381.0,6.0,57823.0,0.106,7.090157948,48.91294096
Town,Midwest,32.0,2300.0,4.0,87250.0,0.040999999999999995,8.343229329,57.23432546
Suburban,West,74.0,10414.0,15.0,103486.0,0.037000000000000005,6.332916562,53.73530531
Rural,West,6.0,210.0,2.0,78103.0,0.045,8.737762554,54.0992754
Rural,Midwest,11.0,224.0,2.0,56000.0,0.21899999999999997,7.398573428,56.25791278
Rural,Northeast,23.0,808.0,3.0,66118.0,0.08800000000000001,6.433140135,55.50967731
Rural,Midwest,5.0,342.0,2.0,38939.0,0.19399999999999998,7.081424395,55.24911893
Rural,South,5.0,142.0,1.0,42143.0,0.121,8.229832701,63.18712063
Rural,South,82.0,4495.0,12.0,58989.0,0.11699999999999999,8.514961801,57.76796787
Town,Midwest,6.0,421.0,2.0,78587.0,0.071,9.319199812,60.09384223
Suburban,Midwest,25.0,1963.0,5.0,70851.0,0.09699999999999999,8.982868125,60.59890105
Town,Midwest,6.0,342.0,1.0,62500.0,0.125,8.113307415,59.57822009
Rural,Northeast,13.0,451.0,3.0,58897.0,0.08,4.545263589,53.22348
Town,Midwest,47.0,4357.0,8.0,49305.0,0.16699999999999998,7.973866877,64.27042709
Town,Northeast,18.0,1651.0,5.0,41245.0,0.231,5.433768903,51.71175811
Suburban,West,98.0,9094.0,16.0,102887.0,0.064,9.360151227,53.41429801
Town,West,25.0,3648.0,8.0,67934.0,0.10400000000000001,4.065554358,59.94542252
Town,Midwest,33.0,1746.0,3.0,51019.0,0.166,8.205133014,59.7363334
Rural,Northeast,20.0,530.0,2.0,71473.0,0.124,5.875797729,52.35716835
Rural,Midwest,6.0,753.0,3.0,61938.0,0.11599999999999999,8.012400666,55.096983
Rural,Midwest,20.0,741.0,2.0,34018.0,0.22,8.102459164,56.69181473
Rural,South,25.0,1268.0,2.0,37895.0,0.209,8.424621185,58.19351134
Urban,West,68.0,19773.0,25.0,86387.0,0.095,9.082943715,98.86625136
Rural,Midwest,8.0,480.0,2.0,57165.0,0.136,5.87422112,60.6022852
Rural,Northeast,8.0,495.0,1.0,67816.0,0.08199999999999999,4.039413367,58.71973293
Rural,Midwest,8.0,423.0,3.0,71250.0,0.059000000000000004,6.674554961,56.63665649
Rural,Midwest,43.0,3273.0,6.0,68205.0,0.091,9.059869377,61.59688718
Rural,Midwest,9.0,404.0,3.0,48826.0,0.192,8.618573785,60.65277623
Suburban,Northeast,3.0,4208.0,7.0,132682.0,0.035,7.655002798,70.00451354
Suburban,West,14.0,4944.0,8.0,53981.0,0.228,11.01906048,77.94356161
Rural,Midwest,15.0,743.0,3.0,51230.0,0.147,6.275195934,54.68877787
Town,West,24.0,3816.0,11.0,41527.0,0.23399999999999999,5.604128329,53.46850848
Rural,Midwest,3.0,28.0,1.0,85536.0,0.044000000000000004,3.86030011,57.42217
Rural,Northeast,21.0,1300.0,5.0,66609.0,0.09,5.981260544,52.32562999
Rural,Midwest,12.0,1071.0,3.0,62919.0,0.09300000000000001,7.655119586,57.84932372
Rural,Midwest,14.0,705.0,5.0,76586.0,0.10400000000000001,8.335640488,56.61503652
Rural,Northeast,12.0,385.0,2.0,68869.0,0.069,6.230805137,53.02292991
Suburban,Midwest,10.0,923.0,2.0,120618.0,0.05,10.36498324,66.15412959
Suburban,Midwest,78.0,7267.0,13.0,76802.0,0.051,8.500642502,67.71140752
Town,South,51.0,2998.0,10.0,48803.0,0.19399999999999998,7.563008264,60.13549294
Rural,Midwest,10.0,632.0,2.0,64569.0,0.08800000000000001,7.61739155,56.38207885
Urban,South,129.0,9693.0,21.0,60666.0,0.248,6.980872937,58.43848276
Rural,South,18.0,2132.0,2.0,99266.0,0.059000000000000004,8.521259217,61.29005868
Rural,Midwest,11.0,582.0,2.0,64104.0,0.08199999999999999,7.587274316,58.36830414
Suburban,West,4.0,567.0,2.0,114619.0,0.078,7.799956947,65.71553989
Urban,South,209.0,21130.0,53.0,54795.0,0.198,8.338863266,59.1504432
Rural,Midwest,6.0,237.0,1.0,54917.0,0.12300000000000001,8.743573112,61.68490874
Town,Midwest,24.0,1521.0,4.0,61533.0,0.102,8.459981742,57.23979045
Town,Midwest,34.0,3046.0,5.0,62795.0,0.10400000000000001,8.939364198,60.44862007
Rural,South,42.0,2743.0,6.0,43938.0,0.14,6.404812236,57.70095965
Urban,Midwest,140.0,11976.0,20.0,85935.0,0.06,8.033796796,59.81667941
Rural,Northeast,11.0,321.0,1.0,61518.0,0.094,6.185131873,52.70580892
Town,South,15.0,2800.0,5.0,44063.0,0.193,9.015694258,60.31847288
Town,Midwest,30.0,959.0,4.0,65802.0,0.087,6.798314376,56.81261548
Rural,Midwest,2.0,216.0,1.0,102880.0,0.025,6.081935145,58.89343853
Rural,Midwest,1.0,575.0,3.0,53285.0,0.11199999999999999,7.509746878,57.30327254
Town,South,259.0,21206.0,37.0,36736.0,0.273,7.221968065,61.06720099
Rural,Midwest,13.0,284.0,2.0,33125.0,0.27,7.24216571,55.52103789
Rural,West,55.0,1094.0,6.0,71686.0,0.16899999999999998,3.518215902,57.602868
Rural,South,36.0,2877.0,8.0,45133.0,0.218,7.035604196,60.14037345
Rural,Midwest,6.0,330.0,2.0,57415.0,0.161,8.659591254,57.89275133
Urban,South,51.0,5732.0,7.0,80759.0,0.139,8.783899408,59.27318722
Rural,West,6.0,336.0,2.0,69167.0,0.146,4.099688247,53.07513
Town,South,39.0,2484.0,4.0,46102.0,0.18,8.357357131,58.80806236
Rural,Northeast,1.0,2809.0,5.0,111402.0,0.048,6.184118025,58.95586139
Rural,Midwest,69.0,621.0,2.0,71139.0,0.092,9.026746061,60.0253524
Town,Midwest,43.0,5009.0,9.0,107750.0,0.016,8.774097603,58.87823462
Suburban,Midwest,19.0,1844.0,4.0,64611.0,0.08900000000000001,7.599421962,59.79074124
Town,Midwest,26.0,1770.0,5.0,66126.0,0.134,7.953703512,59.28481133
Town,Midwest,19.0,2205.0,4.0,56324.0,0.114,8.976694388,59.90293133
Suburban,South,7.0,582.0,2.0,51484.0,0.17600000000000002,8.09000812,56.61394529
Suburban,Midwest,72.0,5695.0,9.0,95149.0,0.046,9.073202802,59.61683308
Town,West,101.0,5122.0,18.0,55093.0,0.138,5.913400895,44.78103507
Rural,West,6.0,262.0,2.0,38077.0,0.195,8.024447671,67.62668
Rural,Midwest,25.0,1965.0,4.0,55050.0,0.134,8.763480418,60.23959553
Rural,Midwest,3.0,31.0,1.0,48646.0,0.40399999999999997,7.560808987,55.26827565
Urban,Midwest,123.0,16073.0,22.0,132713.0,0.043,10.18809784,66.06753349
Rural,Northeast,14.0,1770.0,3.0,87511.0,0.051,6.052343901,62.08067359
Rural,Midwest,8.0,612.0,1.0,82854.0,0.022000000000000002,8.613151427,61.24789745
Town,West,29.0,2966.0,7.0,48045.0,0.166,4.876573953,56.18265902
Suburban,South,280.0,41497.0,52.0,88465.0,0.07200000000000001,8.637404039,65.55007236
Rural,Midwest,13.0,431.0,2.0,61983.0,0.126,8.197412139,61.61077051
Town,West,18.0,2813.0,6.0,47982.0,0.233,5.627243928,56.95055304
Town,Midwest,16.0,1090.0,3.0,60941.0,0.217,9.739594497,62.36060919
Urban,South,222.0,29589.0,52.0,46237.0,0.221,10.10212921,61.34654786
Rural,Midwest,5.0,279.0,2.0,59167.0,0.191,6.903571046,55.61928218
Town,Midwest,26.0,1016.0,3.0,64715.0,0.135,8.803333492,57.49678083
Rural,West,2.0,185.0,1.0,46136.0,0.204,10.66617205,70.33816
Rural,South,22.0,407.0,3.0,39020.0,0.264,9.171505803,59.88625642
Urban,Midwest,62.0,6877.0,11.0,54963.0,0.126,9.088507548,60.54123858
Rural,South,23.0,1722.0,4.0,33956.0,0.341,8.563050876,58.71255875
Town,West,23.0,3009.0,6.0,44994.0,0.226,5.855210645,71.41676001
Suburban,Northeast,15.0,1679.0,4.0,90942.0,0.113,7.028700005,54.02675425
Rural,West,2.0,136.0,3.0,58125.0,0.12300000000000001,5.289236183,66.62572265
Rural,South,85.0,10763.0,13.0,111098.0,0.057,8.701212022,63.76310597
Town,South,18.0,1214.0,5.0,50196.0,0.13699999999999998,8.639492466,61.66287271
Rural,Midwest,9.0,712.0,2.0,48125.0,0.134,5.189918328,56.64997688
Rural,Midwest,5.0,252.0,1.0,44360.0,0.139,5.023268065,53.77714964
Rural,West,7.0,199.0,2.0,74141.0,0.147,5.932253232,52.25690161
Suburban,Midwest,74.0,8012.0,20.0,56070.0,0.10300000000000001,7.90288076,58.58935964
Suburban,Midwest,63.0,5012.0,11.0,70030.0,0.10800000000000001,10.05097867,63.53031069
Town,Northeast,1.0,10.0,0.0,62813.0,0.055,4.170009479,49.72868
Rural,West,3.0,75.0,1.0,66719.0,0.213,5.267987672,46.35897576
Town,Midwest,24.0,1282.0,4.0,54723.0,0.141,7.112344303,56.14522044
Rural,Northeast,26.0,1046.0,3.0,68329.0,0.08800000000000001,6.7529642,52.81207224
Rural,Midwest,7.0,600.0,2.0,99201.0,0.03,8.495730117,60.34263266
Rural,West,1.0,152.0,1.0,90500.0,0.149,5.145535544,44.44193518
Rural,South,9.0,245.0,3.0,48482.0,0.166,9.818083572,57.28719608
Rural,South,4.0,97.0,1.0,65491.0,0.142,7.743560802,62.04442203
Town,Midwest,11.0,750.0,3.0,89583.0,0.063,9.255470006,62.30911831
Rural,Midwest,3.0,151.0,2.0,59671.0,0.16399999999999998,7.032552937,56.50014687
Rural,Midwest,12.0,896.0,3.0,45168.0,0.16699999999999998,6.374712391,57.68768317
Rural,West,2.0,19.0,1.0,51250.0,0.457,4.702032454,56.11421327
Rural,Midwest,8.0,547.0,2.0,61375.0,0.085,8.03070333,59.08807072
Rural,Midwest,7.0,366.0,2.0,60000.0,0.168,7.212550347,56.43852961
Urban,South,139.0,11297.0,18.0,56466.0,0.193,7.256988041,57.84600949
Suburban,South,253.0,39215.0,52.0,74059.0,0.096,8.021225471,60.69673474
Rural,West,4.0,318.0,1.0,71500.0,0.057,7.209852473,49.23008877
Rural,Midwest,9.0,316.0,2.0,41375.0,0.145,7.642943348,56.03784874
Rural,Midwest,18.0,462.0,2.0,51618.0,0.14300000000000002,7.290329705,55.62450329
Suburban,South,277.0,51234.0,81.0,64964.0,0.10400000000000001,7.537380776,62.34756184
Rural,Northeast,8.0,240.0,1.0,59224.0,0.086,5.410578299,51.70795878
Rural,Midwest,20.0,1108.0,5.0,76811.0,0.045,7.468422146,60.9185172
Suburban,Northeast,23.0,1538.0,2.0,61811.0,0.085,6.104825278,57.70096574
Rural,Northeast,32.0,1427.0,2.0,81511.0,0.04,6.439079905,55.18096026
Rural,Midwest,7.0,274.0,2.0,49044.0,0.168,8.642437822,57.95030861
Urban,West,18.0,5525.0,12.0,61840.0,0.177,11.65161503,71.87071642
Rural,Midwest,20.0,1666.0,5.0,58086.0,0.132,7.81725955,62.41506196
Rural,Midwest,8.0,420.0,3.0,69537.0,0.051,7.311683482,59.42703831
Suburban,West,66.0,5499.0,11.0,49666.0,0.133,8.457149084,51.67045959
Rural,West,3.0,185.0,2.0,48229.0,0.22699999999999998,6.624146767,54.10636
Suburban,Midwest,56.0,3598.0,6.0,85944.0,0.066,7.855060847,57.68370044
Town,South,45.0,2213.0,5.0,52823.0,0.162,7.025627964,56.40797716
Rural,Midwest,10.0,211.0,2.0,60729.0,0.095,5.01217403,56.30240433
Rural,South,101.0,11118.0,14.0,66612.0,0.14800000000000002,9.546026244,61.79334826
Rural,Midwest,3.0,174.0,2.0,42188.0,0.23,7.703003464,56.84122721
Rural,Northeast,19.0,753.0,2.0,58750.0,0.141,6.0046751,53.35664641
Rural,Midwest,6.0,267.0,1.0,44665.0,0.188,5.645166854,53.0988871
Rural,Midwest,24.0,961.0,4.0,57271.0,0.11199999999999999,7.63054966,58.8187133
Suburban,Northeast,41.0,2211.0,5.0,59369.0,0.14400000000000002,6.792554958,51.5823796
Rural,South,32.0,968.0,3.0,34470.0,0.245,8.480329437,59.86126531
Town,South,164.0,14406.0,28.0,45646.0,0.183,8.41221774,63.77416845
Rural,West,12.0,150.0,1.0,73906.0,0.067,7.128785342,55.24517
Rural,South,20.0,1020.0,2.0,35441.0,0.321,9.040188666,59.31209481
Suburban,Northeast,7.0,1491.0,4.0,104744.0,0.039,8.443164959,67.21801498
Rural,Northeast,1.0,22.0,1.0,59500.0,0.091,5.951289315,58.69383
Rural,Midwest,17.0,812.0,3.0,68201.0,0.068,8.878019382,61.33110102
Town,West,25.0,3852.0,10.0,40839.0,0.23600000000000002,4.819318547,60.94362531
Rural,South,23.0,1009.0,4.0,54648.0,0.11800000000000001,8.88814121,61.29131881
Town,South,41.0,2530.0,6.0,55870.0,0.14400000000000002,8.831207241,57.93407303
Rural,Midwest,20.0,895.0,3.0,51788.0,0.121,8.835444334,57.85581607
Rural,Northeast,15.0,565.0,2.0,70813.0,0.14300000000000002,6.507510174,52.55176713
Suburban,West,17.0,577.0,1.0,103047.0,0.052000000000000005,5.919611726,46.98118
Suburban,Midwest,24.0,1714.0,4.0,125000.0,0.027999999999999997,8.972649584,64.00023428
Rural,South,27.0,1751.0,5.0,64451.0,0.10800000000000001,7.007231335,68.6272519
Rural,South,5.0,276.0,1.0,57273.0,0.131,7.991030939,60.89930901
Town,Midwest,20.0,1528.0,5.0,70359.0,0.064,8.838553743,61.18598376
Rural,South,5.0,247.0,1.0,54537.0,0.12,8.740310891,61.02011986
Rural,Midwest,22.0,1267.0,4.0,47183.0,0.245,8.091901333,55.4894728
Rural,Northeast,16.0,792.0,3.0,55497.0,0.14,6.381314817,52.77077788
Rural,South,5.0,290.0,1.0,48092.0,0.145,8.999052536,59.05595344
Town,South,111.0,9523.0,12.0,61636.0,0.16,7.73387386,58.87071775
Rural,West,37.0,1605.0,5.0,64329.0,0.094,8.773792406,55.47152934
Rural,West,5.0,146.0,3.0,55000.0,0.045,4.410181945,60.77311
Rural,Midwest,46.0,4172.0,8.0,107660.0,0.05,9.454209777,61.41141625
Rural,South,26.0,1172.0,6.0,57879.0,0.17600000000000002,7.255808331,60.59471652
Rural,Midwest,5.0,176.0,2.0,68523.0,0.11599999999999999,7.203337534,55.97284
Rural,Northeast,29.0,830.0,2.0,81220.0,0.062,6.693534897,52.01511643
Suburban,Midwest,93.0,3493.0,6.0,59544.0,0.09300000000000001,8.746015103,60.05106253
Suburban,Midwest,30.0,2843.0,5.0,44713.0,0.11900000000000001,10.00940673,62.30990827
Suburban,Midwest,39.0,4014.0,6.0,61802.0,0.147,9.139610963,64.37971614
Rural,South,66.0,3983.0,13.0,39259.0,0.24600000000000002,6.616218137,59.82236611
Rural,Midwest,8.0,493.0,2.0,61518.0,0.146,7.946280435,58.83761274
Rural,Northeast,31.0,1994.0,6.0,78612.0,0.09,5.603463602,51.60518125
Town,Northeast,23.0,921.0,3.0,56735.0,0.17300000000000001,6.638768183,56.47342834
Rural,Midwest,11.0,717.0,3.0,71186.0,0.086,8.211086143,57.05801227
Rural,West,1.0,35.0,1.0,49375.0,0.115,5.485655175,53.89174416
Rural,South,42.0,1887.0,5.0,54823.0,0.215,7.69698133,56.68150714
Rural,West,5.0,225.0,2.0,67940.0,0.079,4.099688247,53.07513
Suburban,Northeast,16.0,1555.0,3.0,113531.0,0.08900000000000001,7.668336708,62.85419991
Rural,Northeast,3.0,283.0,1.0,126997.0,0.05,7.814179452,66.51577
Suburban,Midwest,60.0,2116.0,4.0,81250.0,0.025,8.176316296,62.1657886
Rural,Midwest,17.0,1049.0,3.0,79429.0,0.04,9.044836902,60.9655192
Suburban,Midwest,25.0,2004.0,3.0,57748.0,0.105,9.396641415,60.4112964
Rural,West,17.0,139.0,2.0,63071.0,0.162,3.633617468,56.53427232
Rural,Midwest,11.0,974.0,4.0,55726.0,0.16699999999999998,8.161910225,60.95977005
Rural,Midwest,10.0,629.0,3.0,65306.0,0.094,8.113628426,56.47622601
Rural,Northeast,22.0,809.0,3.0,68393.0,0.172,5.874585927,54.39323056
Rural,South,9.0,371.0,3.0,79464.0,0.038,8.652285205,60.97263
Suburban,Midwest,28.0,1837.0,1.0,87374.0,0.08800000000000001,8.897543409,63.29579859
Urban,South,64.0,7974.0,9.0,57258.0,0.193,9.382832814,61.53531885
Rural,West,6.0,109.0,3.0,64091.0,0.079,4.414986256,55.00831397
Rural,West,9.0,1176.0,6.0,67396.0,0.179,5.745969688,59.27424407
Suburban,Midwest,58.0,6010.0,12.0,86155.0,0.034,8.147202068,64.56771069
Rural,Northeast,43.0,1200.0,4.0,66039.0,0.08900000000000001,5.44939006,53.04081604
Town,Midwest,27.0,1348.0,4.0,53169.0,0.09,7.795487132,56.33939398
Rural,Midwest,14.0,491.0,2.0,40814.0,0.14300000000000002,7.500206058,57.45850462
Town,West,45.0,3599.0,10.0,60193.0,0.095,3.829095044,55.53385067
Rural,South,137.0,6303.0,15.0,60947.0,0.13699999999999998,9.179733384,57.87866418
Rural,West,1.0,124.0,2.0,53750.0,0.226,0.0,0.0
Rural,West,5.0,551.0,3.0,59602.0,0.10400000000000001,5.288020532,61.05581585
Town,South,23.0,1414.0,4.0,46056.0,0.179,8.548298793,61.49140487
Rural,Midwest,7.0,124.0,2.0,54444.0,0.16899999999999998,4.919741819,54.81390448
Rural,South,5.0,124.0,1.0,51806.0,0.21600000000000003,7.663231299,60.28646573
Rural,South,20.0,920.0,3.0,52771.0,0.071,8.701349155,59.93687929
Rural,West,3.0,1778.0,1.0,49432.0,0.1,6.157540947,54.47238682
Rural,Midwest,7.0,240.0,2.0,69400.0,0.05,7.30540386,56.16192551
Town,South,27.0,1762.0,5.0,62138.0,0.10300000000000001,6.568932746,62.708632
Rural,Midwest,2.0,468.0,2.0,58889.0,0.07,6.111512129,59.28283246
Suburban,West,173.0,42802.0,49.0,93261.0,0.08,9.652268996,75.71828304
Urban,West,43.0,10330.0,20.0,78104.0,0.113,7.778795665,55.24677538
Town,South,58.0,4472.0,8.0,49313.0,0.17800000000000002,7.950893683,56.61886729
Suburban,Midwest,61.0,7719.0,14.0,101479.0,0.04,7.945033785,60.28681956
Suburban,Midwest,48.0,8815.0,15.0,58433.0,0.136,10.25788702,65.41369349
Rural,Midwest,13.0,619.0,2.0,35676.0,0.21600000000000003,7.31280061,55.3760291
Rural,Midwest,15.0,672.0,2.0,47872.0,0.09,7.224826996,54.13574221
Rural,Northeast,14.0,547.0,1.0,54274.0,0.201,6.246617726,53.56393801
Rural,Midwest,11.0,412.0,2.0,74961.0,0.037000000000000005,7.410599557,59.23593224
Rural,Midwest,8.0,391.0,2.0,76833.0,0.059000000000000004,8.376974077,57.03524873
Rural,West,35.0,2687.0,6.0,100304.0,0.092,8.839720496,52.41300176
Urban,West,41.0,8273.0,15.0,72362.0,0.154,4.917378671,53.82299333
Suburban,West,5.0,2705.0,4.0,215739.0,0.044000000000000004,7.042271615,54.83514813
Suburban,Midwest,57.0,2973.0,6.0,66625.0,0.076,9.622335116,62.03959096
Suburban,Northeast,82.0,5682.0,10.0,138574.0,0.078,7.795925689,61.63484596
Rural,West,2.0,181.0,1.0,81563.0,0.067,5.626301798,57.56670389
Rural,Midwest,6.0,480.0,1.0,63164.0,0.09300000000000001,5.927140436,55.9495227
Rural,Midwest,28.0,1684.0,3.0,65365.0,0.065,8.890767404,59.17744609
Town,Midwest,26.0,2170.0,8.0,45192.0,0.193,7.419679442,55.35717707
Rural,Midwest,15.0,337.0,2.0,51898.0,0.16699999999999998,8.310106575,60.61768
Rural,South,67.0,7857.0,11.0,131437.0,0.055999999999999994,8.807803191,66.15890421
Rural,Northeast,3.0,27.0,1.0,54375.0,0.069,3.869927836,50.21157
Urban,South,97.0,8254.0,18.0,49203.0,0.182,8.800699544,58.04617913
Rural,South,30.0,1463.0,4.0,41890.0,0.17,6.924515361,57.86146424
Rural,South,130.0,8380.0,17.0,55565.0,0.111,7.334131533,60.21609832
Rural,Midwest,19.0,900.0,2.0,62465.0,0.10099999999999999,8.474758376,56.4083774
Urban,Midwest,196.0,21814.0,57.0,39185.0,0.268,9.075334781,60.48941921
Rural,West,4.0,247.0,2.0,50288.0,0.247,4.541606817,68.56634642
Rural,Midwest,6.0,149.0,2.0,32667.0,0.28300000000000003,8.024552742,63.03194203
Rural,South,72.0,7538.0,12.0,44450.0,0.222,8.808981572,57.41621165
Rural,Northeast,6.0,302.0,1.0,48875.0,0.21100000000000002,6.396646794,54.02188218
Rural,Midwest,3.0,110.0,1.0,59783.0,0.098,8.237281644,58.82669
Rural,Midwest,13.0,584.0,3.0,57140.0,0.111,8.117043005,56.64425747
Town,Northeast,25.0,1715.0,4.0,52338.0,0.136,6.322936611,52.74914241
Rural,Midwest,13.0,238.0,3.0,79375.0,0.107,5.648051404,57.89915646
Rural,Midwest,10.0,452.0,4.0,59897.0,0.121,7.086992687,57.14765134
Rural,South,7.0,323.0,1.0,91087.0,0.079,8.279145733,64.50759131
Rural,Midwest,6.0,261.0,1.0,51350.0,0.182,8.347592858,57.53680335
Suburban,Midwest,53.0,11505.0,17.0,48091.0,0.21100000000000002,10.03611126,64.98749962
Rural,Midwest,15.0,650.0,5.0,60863.0,0.073,7.509724398,59.61970344
Rural,Midwest,13.0,653.0,3.0,65625.0,0.096,7.629981664,60.78064258
Rural,Midwest,28.0,493.0,1.0,65979.0,0.081,9.079074943,61.54352636
Town,Midwest,25.0,2563.0,7.0,67720.0,0.057999999999999996,8.555235454,57.693095
Suburban,South,139.0,24747.0,40.0,76809.0,0.087,9.517679959,68.96006582
Rural,Midwest,68.0,4258.0,8.0,94975.0,0.022000000000000002,7.959348551,58.25452073
Rural,Midwest,1.0,18.0,1.0,40972.0,0.19399999999999998,7.080486171,56.77177975
Town,South,38.0,3838.0,6.0,80043.0,0.061,8.586840897,70.51921702
Rural,Midwest,13.0,745.0,3.0,68192.0,0.059000000000000004,7.061810862,57.88913714
Town,Northeast,33.0,1470.0,3.0,42252.0,0.195,6.126184577,51.36927456
Rural,South,90.0,4241.0,6.0,101395.0,0.045,7.710919477,56.76100471
Suburban,Midwest,28.0,6175.0,9.0,118093.0,0.047,8.954706483,66.50134221
Town,Midwest,25.0,1694.0,4.0,55532.0,0.16399999999999998,8.304373026,56.53797908
Rural,West,3.0,62.0,3.0,67500.0,0.085,4.799061918,52.56753
Town,South,40.0,2768.0,5.0,62588.0,0.111,8.951938088,60.78450669
Rural,West,7.0,173.0,1.0,53846.0,0.11699999999999999,7.943657808,53.69441234
Rural,West,8.0,139.0,1.0,62167.0,0.12300000000000001,7.124684614,50.65574055
Town,Northeast,1.0,281.0,1.0,92500.0,0.057999999999999996,7.283348767,59.29949
Rural,Midwest,60.0,3000.0,6.0,48904.0,0.147,8.805776345,60.82252113
Rural,Midwest,2.0,19.0,1.0,47813.0,0.353,5.08223663,56.90889
Rural,South,36.0,2784.0,4.0,61475.0,0.125,8.62927038,61.22595387
Suburban,Midwest,2.0,4425.0,3.0,67192.0,0.105,10.27303669,65.46414364
Rural,South,10.0,494.0,2.0,60610.0,0.128,9.042241849,62.59351894
Rural,Midwest,10.0,419.0,2.0,58047.0,0.081,4.947729712,55.37151573
Suburban,Midwest,70.0,7285.0,13.0,69280.0,0.084,7.633079464,59.75302672
Town,South,25.0,2063.0,4.0,47675.0,0.098,8.519403402,59.81890877
Rural,Midwest,10.0,589.0,3.0,58090.0,0.129,8.943411099,59.55472041
Suburban,South,144.0,28510.0,32.0,64836.0,0.11599999999999999,8.270972926,62.71485831
Town,Midwest,6.0,802.0,3.0,87050.0,0.04,7.790955521,67.03718998
Town,West,76.0,6510.0,9.0,62913.0,0.16,7.722556672,50.08264753
Rural,South,5.0,256.0,1.0,66250.0,0.237,9.244411781,59.98688
Rural,Midwest,4.0,599.0,3.0,61875.0,0.111,5.02538321,54.54081388
Town,Midwest,12.0,721.0,3.0,45038.0,0.213,7.78456387,58.49457487
Rural,Northeast,31.0,1099.0,3.0,58169.0,0.153,6.289675508,52.72189952
Rural,Midwest,12.0,692.0,2.0,59750.0,0.079,8.259349576,61.0725251
Rural,West,8.0,324.0,3.0,48508.0,0.14300000000000002,6.999485879,52.22723733
Rural,South,41.0,3146.0,13.0,43319.0,0.16899999999999998,6.953606045,59.77492488
Rural,Midwest,15.0,972.0,4.0,67136.0,0.034,8.59039294,56.9653538
Town,Midwest,33.0,3137.0,6.0,45526.0,0.17800000000000002,8.774751141,60.38240516
Town,Northeast,27.0,1314.0,3.0,77731.0,0.052000000000000005,6.357976071,54.35752569
Suburban,Midwest,28.0,1794.0,5.0,53812.0,0.14,8.213249422,59.40898676
Suburban,South,88.0,8286.0,15.0,73932.0,0.107,7.171590188,63.25516623
Rural,Midwest,10.0,567.0,2.0,52223.0,0.11800000000000001,7.346755205,56.79736721
Suburban,South,50.0,4216.0,5.0,54615.0,0.102,9.77493667,57.65926788
Rural,Midwest,29.0,1424.0,2.0,64513.0,0.10800000000000001,8.027866739,55.72313895
Rural,West,3.0,337.0,3.0,37438.0,0.244,4.946520576,46.87325835
Town,South,35.0,1662.0,4.0,61953.0,0.11800000000000001,8.654517018,61.70720394
Suburban,Northeast,1.0,1381.0,4.0,130167.0,0.04,8.350671422,68.07360975
Rural,South,16.0,711.0,3.0,67679.0,0.11199999999999999,8.510026301,61.47648
Rural,South,118.0,5910.0,11.0,56452.0,0.174,9.263374984,56.78851298
Rural,South,12.0,829.0,4.0,56892.0,0.153,6.108285337,63.86861499
Rural,Midwest,24.0,1217.0,3.0,83710.0,0.066,8.787040642,60.41403475
Suburban,Midwest,137.0,16940.0,22.0,104206.0,0.038,9.813816443,64.64286049
Town,Midwest,31.0,3253.0,11.0,53696.0,0.142,8.175238833,58.93206613
Suburban,Northeast,5.0,2176.0,6.0,141040.0,0.038,8.50721861,62.67100234
Rural,Midwest,5.0,113.0,1.0,58279.0,0.157,7.14861055,55.15856419
Rural,Midwest,5.0,121.0,1.0,37500.0,0.11900000000000001,7.441347671,55.19128
Rural,South,7.0,198.0,1.0,60870.0,0.18100000000000002,6.172698669,60.49722057
Rural,Midwest,22.0,1394.0,4.0,52479.0,0.11699999999999999,6.383767734,57.87188146
Rural,West,11.0,555.0,2.0,62679.0,0.13,7.561793347,52.66951284
Town,Midwest,52.0,3702.0,9.0,41897.0,0.253,8.391302064,61.48696372
Rural,Midwest,16.0,822.0,5.0,64102.0,0.062,7.608392567,57.91867946
Rural,West,5.0,50.0,3.0,60096.0,0.102,4.405500585,54.43704897
Town,South,50.0,2774.0,5.0,45996.0,0.129,7.618689681,56.15178876
Rural,Midwest,9.0,496.0,2.0,45448.0,0.122,5.818875889,54.20321174
Rural,Midwest,31.0,2115.0,5.0,60108.0,0.156,7.72699083,58.16274957
Rural,South,57.0,2980.0,4.0,55913.0,0.11199999999999999,8.820527016,58.24582067
Rural,South,167.0,24983.0,25.0,149734.0,0.034,9.162729308,70.35112014
Rural,West,17.0,606.0,4.0,59961.0,0.073,4.224582493,54.08317
Town,Midwest,30.0,1432.0,5.0,57897.0,0.12,8.826943547,61.67989499
Rural,Midwest,18.0,515.0,2.0,59250.0,0.107,7.791591765,59.64207609
Town,South,17.0,1593.0,4.0,58154.0,0.174,8.770803457,57.50080728
Suburban,Northeast,21.0,878.0,1.0,114716.0,0.037000000000000005,7.653728522,61.56880014
Rural,South,20.0,562.0,2.0,59543.0,0.12300000000000001,7.618925575,57.59746286
Rural,West,11.0,224.0,2.0,50862.0,0.085,6.276796849,54.85015
Town,West,48.0,9082.0,9.0,94044.0,0.051,4.954053576,64.2560819
Rural,Northeast,2.0,0.0,0.0,61250.0,0.044000000000000004,4.271145589,50.66308
Suburban,Midwest,16.0,1386.0,3.0,39052.0,0.247,8.087727764,56.52516879
Rural,West,3.0,145.0,1.0,78393.0,0.09,8.267028896,65.07052931
Rural,West,4.0,82.0,2.0,120348.0,0.065,5.238021611,51.53984772
Rural,Northeast,4.0,181.0,2.0,36154.0,0.233,4.536401297,50.75520534
Rural,South,25.0,861.0,4.0,45053.0,0.26899999999999996,8.75360973,60.07646414
Town,West,40.0,3468.0,9.0,51725.0,0.163,4.500082402,64.82409956
Suburban,Midwest,12.0,753.0,3.0,47657.0,0.21100000000000002,9.73026873,63.74529573
Suburban,Northeast,17.0,3639.0,8.0,130446.0,0.048,8.653645666,64.07557115
Urban,Midwest,21.0,3988.0,7.0,65625.0,0.138,8.152211594,57.8131293
Rural,Midwest,31.0,1101.0,4.0,74701.0,0.08,8.752369202,60.0775026
Rural,Midwest,15.0,929.0,3.0,67188.0,0.126,7.1827417,59.45713834
Rural,Midwest,5.0,262.0,2.0,65385.0,0.129,7.421316577,58.74657991
Rural,Midwest,14.0,633.0,2.0,52639.0,0.087,6.974924257,55.48258292
Rural,South,13.0,661.0,3.0,50708.0,0.085,7.78245429,57.44137034
Suburban,Midwest,56.0,5595.0,7.0,70850.0,0.084,9.415100436,60.33404893
Town,Midwest,17.0,864.0,3.0,50722.0,0.13699999999999998,6.201289849,55.22836165
Rural,West,2.0,140.0,2.0,53125.0,0.177,4.760642767,52.43285804
Town,Midwest,12.0,997.0,4.0,80515.0,0.10800000000000001,6.824515115,56.56134186
Rural,Midwest,10.0,785.0,2.0,53420.0,0.126,7.941472366,61.11149593
Rural,Northeast,7.0,334.0,1.0,67500.0,0.066,5.778121755,51.88525322
Suburban,West,42.0,11626.0,20.0,98445.0,0.12300000000000001,11.16361343,70.87458687
Rural,Northeast,2.0,432.0,1.0,117267.0,0.043,7.301491897,58.87622729
Rural,South,78.0,4486.0,11.0,46124.0,0.151,8.18185135,57.41016537
Suburban,West,95.0,20446.0,29.0,63574.0,0.158,11.34516785,68.49645684
Rural,Northeast,7.0,266.0,1.0,53750.0,0.261,6.216256657,53.26630628
Rural,West,5.0,80.0,1.0,34203.0,0.146,4.437670192,59.0113
Rural,West,14.0,82.0,1.0,78125.0,0.182,3.713065479,55.24903
Rural,South,19.0,721.0,3.0,46307.0,0.19,8.785625697,57.88933581
Rural,West,6.0,103.0,1.0,58056.0,0.158,7.139214957,50.46098563
Rural,Midwest,38.0,2037.0,5.0,57536.0,0.132,6.550050461,57.01822191
Urban,West,34.0,3815.0,8.0,55153.0,0.174,7.66235995,67.26883283
Rural,Midwest,70.0,1946.0,9.0,49532.0,0.146,8.019682773,57.2568675
Rural,West,3.0,74.0,1.0,49732.0,0.115,3.89713927,47.16578448
Suburban,West,32.0,5745.0,7.0,59801.0,0.171,11.61899543,73.22668707
Rural,Midwest,15.0,618.0,4.0,62891.0,0.071,7.767874019,59.52400212
Suburban,Midwest,7.0,2026.0,5.0,54835.0,0.128,8.650383699,60.95367335
Urban,West,33.0,21776.0,32.0,100852.0,0.07200000000000001,9.913471414,56.58203202
Rural,Midwest,6.0,91.0,2.0,55000.0,0.131,5.055833461,53.67183379
Rural,Midwest,11.0,2138.0,5.0,84429.0,0.047,4.881141621,53.3135899
Town,South,61.0,13859.0,15.0,38843.0,0.259,6.929014426,58.6541925
Rural,Midwest,13.0,867.0,2.0,58015.0,0.125,8.60271073,59.18394758
Suburban,South,42.0,5971.0,8.0,69648.0,0.09699999999999999,9.111699342,66.68334528
Town,Midwest,49.0,3540.0,7.0,59859.0,0.15,8.207682274,55.54019119
Rural,Midwest,4.0,301.0,2.0,67054.0,0.1,8.669717808,61.14959
Rural,South,20.0,937.0,3.0,46136.0,0.221,8.423916141,58.335201
Suburban,Midwest,43.0,4870.0,8.0,110141.0,0.039,8.812159489,58.06446907
Rural,Midwest,35.0,1346.0,3.0,62708.0,0.10300000000000001,8.511210286,59.07905699
Suburban,South,59.0,7733.0,10.0,171250.0,0.045,9.560995048,63.16238373
Rural,Midwest,9.0,451.0,2.0,53443.0,0.068,8.013340431,59.10627672
Suburban,Midwest,32.0,2734.0,5.0,89558.0,0.040999999999999995,9.277833465,62.61266376
Rural,Midwest,10.0,578.0,3.0,79250.0,0.059000000000000004,5.826468862,57.88400959
Rural,Midwest,17.0,791.0,4.0,64403.0,0.073,8.943862644,60.26540984
Rural,South,117.0,9905.0,13.0,45744.0,0.182,6.505787228,59.39847912
Urban,West,78.0,20550.0,36.0,98298.0,0.08,7.298428767,67.39864561
Rural,Midwest,20.0,960.0,2.0,69500.0,0.061,8.813911284,60.08951551
Rural,Midwest,18.0,677.0,3.0,64479.0,0.046,8.628214963,55.93556597
Urban,South,318.0,41381.0,51.0,66079.0,0.184,10.2297474,56.84894696
Suburban,Northeast,16.0,12848.0,14.0,53177.0,0.2,8.916274979,64.01277951
Suburban,South,209.0,37932.0,46.0,70786.0,0.114,7.580537603,61.70746429
Rural,West,1.0,172.0,1.0,56042.0,0.218,4.960192093,44.97324757
Town,South,45.0,3394.0,5.0,53847.0,0.081,8.922149315,56.35304549
Town,Northeast,46.0,1828.0,4.0,79678.0,0.09,6.843372272,54.27860763
Rural,West,5.0,176.0,1.0,66250.0,0.099,4.358878137,56.47688
Rural,South,63.0,3469.0,5.0,53296.0,0.16699999999999998,8.341754023,57.89007447
Rural,Midwest,23.0,610.0,3.0,60395.0,0.134,7.385359583,55.41689482
Rural,West,5.0,157.0,1.0,81667.0,0.09699999999999999,4.809401517,45.85563764
Rural,Midwest,4.0,166.0,1.0,81394.0,0.03,8.614203836,59.81175
Urban,West,8.0,65554.0,84.0,74188.0,0.14400000000000002,10.63005759,58.36426918
Rural,West,6.0,41.0,1.0,60152.0,0.064,6.587078338,50.17016481
Urban,South,0.0,10289.0,18.0,45275.0,0.172,9.054636975,59.75291491
Rural,Midwest,6.0,188.0,2.0,57368.0,0.129,6.943135856,59.94021332
Rural,Midwest,31.0,1092.0,4.0,51486.0,0.09699999999999999,8.877974317,60.81162667
Town,West,6.0,953.0,5.0,52221.0,0.136,4.587478418,53.84153025
Rural,Northeast,14.0,504.0,2.0,62691.0,0.081,6.687478355,52.12658012
Rural,South,9.0,335.0,3.0,61429.0,0.132,6.350001116,63.56428264
Town,South,124.0,10293.0,19.0,39975.0,0.237,7.306550625,58.33663484
Rural,West,6.0,122.0,2.0,45694.0,0.154,6.556558982,54.42430067
Rural,South,36.0,2129.0,6.0,38098.0,0.182,8.061924596,58.22231757
Town,Midwest,5.0,994.0,2.0,90299.0,0.081,7.79900914,56.96449982
Rural,Northeast,22.0,770.0,2.0,82531.0,0.065,6.427768614,54.2113544
Town,West,130.0,2432.0,7.0,80867.0,0.128,5.956429442,51.61151349
Rural,South,5.0,222.0,1.0,72730.0,0.115,9.086056849,64.67228263
Rural,Midwest,7.0,135.0,3.0,62188.0,0.131,7.508737598,56.1685856
Rural,South,58.0,3567.0,5.0,68798.0,0.087,8.420856408,62.15383547
Urban,South,306.0,41422.0,80.0,61526.0,0.157,8.547837115,58.24046351
Rural,West,82.0,3017.0,12.0,51890.0,0.217,3.946136319,59.45714628
Town,Northeast,19.0,1274.0,4.0,93397.0,0.040999999999999995,6.568908588,54.54962859
Suburban,South,278.0,40693.0,47.0,94053.0,0.08199999999999999,9.103449154,67.90909126
Rural,Midwest,4.0,128.0,1.0,73906.0,0.109,7.776194585,58.03953995
Town,West,32.0,5358.0,8.0,56825.0,0.163,9.127465075,68.94077824
Rural,South,72.0,3749.0,5.0,64179.0,0.121,8.21241664,61.25090939
Rural,Midwest,3.0,261.0,3.0,49500.0,0.133,7.616632877,59.79467
Rural,Midwest,28.0,1398.0,4.0,58139.0,0.12300000000000001,8.69449764,57.9054405
Town,West,10.0,1186.0,2.0,47035.0,0.308,7.598994359,69.48121856
Rural,South,18.0,1229.0,4.0,36293.0,0.287,9.390353668,60.37612986
Town,West,47.0,5133.0,9.0,43093.0,0.252,7.721178805,62.99241264
Rural,South,23.0,1563.0,3.0,73081.0,0.114,9.109066849,62.73448
Town,Midwest,17.0,1790.0,5.0,47260.0,0.175,8.068611484,59.59284508
Town,Midwest,13.0,778.0,4.0,51433.0,0.165,5.994765001,54.70322627
Rural,South,21.0,1155.0,3.0,58018.0,0.094,9.392930223,59.16788315
Rural,South,33.0,1009.0,3.0,46292.0,0.195,9.20509188,59.08091757
Rural,South,12.0,1068.0,2.0,36962.0,0.198,7.265840394,61.54762215
Town,Midwest,40.0,5855.0,14.0,91877.0,0.043,6.75974946,58.45561185
Rural,Midwest,26.0,1409.0,4.0,95651.0,0.08,8.83842452,63.56208175
Rural,Northeast,9.0,234.0,3.0,56196.0,0.13,5.204697699,48.71337
Urban,West,165.0,20359.0,33.0,93093.0,0.085,7.565045118,46.89983408
Rural,South,33.0,2864.0,9.0,45699.0,0.171,8.826696984,62.05553919
Rural,West,8.0,182.0,3.0,48397.0,0.14,2.698824115,59.90924657
Town,South,14.0,804.0,3.0,42424.0,0.19699999999999998,8.105229071,65.44552785
Urban,Midwest,72.0,6310.0,12.0,104959.0,0.034,7.384834626,59.36359307
Rural,South,7.0,233.0,1.0,39101.0,0.147,5.293870995,62.10833675
Town,Midwest,27.0,1651.0,4.0,59504.0,0.132,7.201808517,58.63716449
Rural,Midwest,21.0,2331.0,6.0,85660.0,0.040999999999999995,7.674203429,67.14383423
Town,West,11.0,769.0,3.0,55393.0,0.10800000000000001,4.421248698,54.96803556
Rural,South,9.0,319.0,1.0,60893.0,0.10400000000000001,7.162773951,61.3390256
Rural,South,83.0,2488.0,12.0,44036.0,0.19899999999999998,9.16990691,58.88649724
Rural,Midwest,4.0,180.0,2.0,40000.0,0.24,7.405919726,58.92852
Rural,Northeast,11.0,426.0,2.0,61068.0,0.139,5.812010712,52.44761771
Rural,South,0.0,9.0,1.0,42969.0,0.049,5.881476027,61.13694
Rural,Midwest,16.0,763.0,3.0,62880.0,0.10400000000000001,8.405819878,57.89702203
Rural,South,9.0,286.0,1.0,83750.0,0.08,6.908270309,65.07513312
Rural,West,5.0,124.0,2.0,41211.0,0.076,4.29998804,62.2639005
Rural,Midwest,6.0,338.0,2.0,68750.0,0.064,5.608104222,59.98881718
Rural,Midwest,7.0,300.0,3.0,60729.0,0.10300000000000001,7.60711501,58.01751264
Rural,West,15.0,407.0,2.0,51853.0,0.135,4.290249249,53.74022276
Rural,South,14.0,644.0,3.0,44136.0,0.15,7.094847346,60.34977588
Rural,West,11.0,394.0,6.0,61950.0,0.084,4.260196201,62.46118458
Rural,South,330.0,42461.0,45.0,95424.0,0.079,9.829136887,68.66754049
Town,Midwest,34.0,3173.0,8.0,63677.0,0.059000000000000004,8.081984489,58.25509766
Town,West,29.0,1876.0,7.0,61064.0,0.105,3.280694033,56.16723602
Rural,West,10.0,171.0,4.0,33403.0,0.317,3.710939075,61.65452881
Suburban,Midwest,21.0,1631.0,4.0,73205.0,0.077,9.128174076,58.69714295
Rural,Midwest,10.0,577.0,3.0,83221.0,0.079,8.825873869,60.59232254
Urban,West,50.0,10570.0,8.0,104451.0,0.069,7.93651272,67.63736452
Rural,Midwest,27.0,770.0,3.0,48461.0,0.131,8.691919987,59.83998478
Suburban,Northeast,32.0,2480.0,5.0,94460.0,0.043,6.714824297,61.26396515
Suburban,West,169.0,19524.0,30.0,154967.0,0.044000000000000004,6.344402548,50.54312584
Rural,Midwest,5.0,119.0,1.0,51161.0,0.128,6.751038778,60.37235985
Rural,Northeast,11.0,454.0,1.0,67885.0,0.113,6.333762534,53.72928164
Rural,West,28.0,4142.0,4.0,45078.0,0.20600000000000002,10.15018495,70.94162076
Town,Northeast,17.0,1097.0,3.0,70156.0,0.098,6.491669219,51.53354609
Rural,West,5.0,61.0,1.0,83750.0,0.078,4.54336395,53.90708041
Rural,Midwest,6.0,239.0,1.0,82572.0,0.066,8.457570949,59.68093569
Rural,West,7.0,136.0,1.0,42200.0,0.276,7.055592081,66.32110065
Town,Midwest,55.0,5190.0,10.0,58377.0,0.139,7.578085611,59.27203357
Rural,Midwest,15.0,1169.0,5.0,75219.0,0.071,7.356081512,55.70665015
Rural,West,14.0,108.0,2.0,44025.0,0.306,3.690460224,59.14937774
Suburban,South,39.0,5904.0,7.0,61718.0,0.10400000000000001,9.618904522,56.10362055
Rural,Midwest,7.0,382.0,2.0,63182.0,0.125,6.896640274,57.00055
Rural,Northeast,12.0,325.0,1.0,62700.0,0.098,5.976580378,53.40479684
Rural,South,169.0,15678.0,28.0,60005.0,0.124,8.544164373,63.19240056
Rural,Midwest,5.0,140.0,2.0,54028.0,0.157,7.245630604,55.49748538
Suburban,Northeast,4.0,2067.0,5.0,69491.0,0.08,7.93657545,64.04882145
Rural,Midwest,19.0,779.0,3.0,74984.0,0.11900000000000001,7.996826763,59.64566178
Rural,South,69.0,5667.0,10.0,63027.0,0.126,7.079259872,62.33049619
Rural,South,9.0,254.0,2.0,71639.0,0.154,8.819660136,61.155026
Rural,Midwest,5.0,103.0,2.0,35156.0,0.22,7.409473233,55.9859
Rural,Northeast,5.0,502.0,3.0,23525.0,0.337,3.990767041,51.47984
Suburban,Midwest,33.0,4464.0,9.0,72917.0,0.07200000000000001,9.098860729,57.43714518
Rural,Northeast,18.0,515.0,2.0,57243.0,0.134,5.863256158,51.16277154
Rural,West,13.0,235.0,1.0,57031.0,0.113,7.558540404,47.69097142
Town,Midwest,20.0,2523.0,7.0,73412.0,0.066,8.68841812,58.8397171
Suburban,Midwest,32.0,2302.0,5.0,112652.0,0.032,9.248789529,63.34179292
Urban,Midwest,17.0,15270.0,38.0,70311.0,0.08800000000000001,8.239164181,58.05646803
Rural,Midwest,7.0,360.0,2.0,66210.0,0.087,7.993966956,57.83014411
Suburban,Midwest,16.0,898.0,3.0,51571.0,0.14400000000000002,8.368922761,57.71839107
Suburban,West,13.0,4930.0,10.0,59901.0,0.17,9.232618188,70.73253249
Urban,West,19.0,7529.0,22.0,90521.0,0.11599999999999999,7.112824533,65.43040998
Rural,Midwest,57.0,3243.0,5.0,75005.0,0.064,8.498255846,58.97121398
Rural,Midwest,5.0,224.0,2.0,61600.0,0.073,8.4371387,59.83279327
Rural,West,12.0,65.0,1.0,47401.0,0.20600000000000002,4.794749075,52.10973862
Rural,Midwest,14.0,508.0,2.0,54342.0,0.184,8.571136801,58.3305437
Rural,South,30.0,1630.0,4.0,35741.0,0.26899999999999996,8.692768454,57.47310131
Urban,South,226.0,24091.0,39.0,50422.0,0.207,6.892623123,60.66807523
Town,Northeast,46.0,2425.0,6.0,88094.0,0.054000000000000006,6.571574643,56.04531787
Rural,South,31.0,1150.0,7.0,24349.0,0.34600000000000003,7.504295936,56.86642838
Rural,Midwest,19.0,916.0,3.0,36570.0,0.295,7.232555853,55.19606045
Rural,South,9.0,562.0,2.0,47273.0,0.13699999999999998,8.635453636,59.18754208
Rural,Midwest,16.0,876.0,4.0,59707.0,0.094,7.610270942,59.1949225
Town,West,73.0,3661.0,13.0,76742.0,0.073,7.994945978,54.1811894
Rural,Midwest,17.0,971.0,4.0,61875.0,0.133,8.178093384,58.84934089
Town,West,7.0,1167.0,3.0,67593.0,0.11800000000000001,5.102034795,64.8136841
Rural,Midwest,16.0,1402.0,3.0,82358.0,0.081,8.343771724,60.42196642
Rural,South,41.0,2839.0,7.0,50983.0,0.122,7.265095951,58.70895297
Suburban,Northeast,3.0,2918.0,4.0,155845.0,0.035,7.495358975,64.04990422
Rural,South,18.0,961.0,3.0,49808.0,0.099,6.037026301,55.25345269
Suburban,Northeast,159.0,14594.0,18.0,85837.0,0.073,6.764270251,63.39904077
Rural,West,4.0,180.0,1.0,120476.0,0.027000000000000003,4.962662102,55.44212471
Rural,Midwest,2.0,98.0,1.0,50938.0,0.139,5.611843585,53.05936002
Rural,Midwest,12.0,269.0,3.0,69219.0,0.040999999999999995,7.47629969,59.87774857
Suburban,Northeast,73.0,3447.0,8.0,130685.0,0.035,7.297312463,64.65588784
Rural,Midwest,19.0,1140.0,2.0,50976.0,0.115,8.074710017,55.62674127
Suburban,Northeast,3.0,1403.0,2.0,50551.0,0.18100000000000002,7.168667748,55.10354468
Rural,South,73.0,4023.0,14.0,57345.0,0.121,6.510224129,54.8350272
Suburban,South,1248.0,131133.0,199.0,91124.0,0.092,8.024141599,65.17567457
Rural,Midwest,10.0,854.0,3.0,58639.0,0.066,8.516059007,60.26108207
Rural,Midwest,9.0,296.0,2.0,72813.0,0.057999999999999996,8.876225479,60.07784
Suburban,West,11.0,1941.0,4.0,35446.0,0.259,9.96998902,75.5936156
Rural,West,2.0,193.0,1.0,53641.0,0.152,5.832588488,54.81644018
Town,Northeast,5.0,443.0,2.0,40755.0,0.17600000000000002,4.145282344,49.57637696
Rural,South,24.0,753.0,2.0,81635.0,0.034,7.270737861,64.38521668
Rural,Midwest,11.0,555.0,2.0,50658.0,0.166,7.763182208,56.92913191
Suburban,South,944.0,89935.0,108.0,86404.0,0.085,10.16995947,66.78631257
Rural,South,63.0,4070.0,14.0,41938.0,0.19,8.056391893,58.84771479
Rural,South,7.0,265.0,2.0,32083.0,0.294,9.177920682,59.54157389
Rural,South,6.0,207.0,1.0,40455.0,0.287,6.039208767,61.78038
Town,Northeast,15.0,3766.0,6.0,48699.0,0.2,6.640567451,52.17374267
Town,West,35.0,3965.0,11.0,94106.0,0.094,4.497644199,60.5705612
Suburban,Northeast,65.0,2849.0,6.0,51081.0,0.081,6.966858949,63.74270779
Rural,Midwest,19.0,753.0,2.0,67455.0,0.142,8.678969596,63.17010632
Town,South,46.0,4332.0,7.0,64947.0,0.17,8.773218714,60.62015619
Rural,Midwest,6.0,622.0,3.0,84180.0,0.09,7.791608391,56.84523415
Rural,Midwest,62.0,4040.0,6.0,117794.0,0.036000000000000004,9.550420009,63.01063976
Suburban,Northeast,100.0,4119.0,7.0,96671.0,0.032,6.974484053,55.78048627
Suburban,West,112.0,12042.0,22.0,60477.0,0.142,4.279627744,63.02778916
Rural,Midwest,7.0,211.0,2.0,50338.0,0.11,7.869982212,58.75336436
Town,West,12.0,1501.0,3.0,52176.0,0.203,8.34850179,52.91728863
Rural,South,18.0,1012.0,2.0,27019.0,0.40700000000000003,8.495283174,58.40531947
Rural,Midwest,4.0,189.0,2.0,53281.0,0.134,5.629508518,56.39288363
Rural,West,10.0,441.0,2.0,58375.0,0.10400000000000001,5.987780067,51.41425846
Rural,South,4.0,258.0,3.0,81615.0,0.044000000000000004,7.287833602,60.47540413
Suburban,Midwest,42.0,3463.0,7.0,87071.0,0.05,8.951196577,61.09949576
Rural,Midwest,14.0,714.0,8.0,69609.0,0.069,6.050407656,53.88048601
Rural,South,34.0,2700.0,4.0,77907.0,0.121,9.160058109,62.71171838
Town,Midwest,10.0,703.0,3.0,51389.0,0.13699999999999998,7.956158711,55.34762611
Urban,West,14.0,9967.0,15.0,148857.0,0.062,7.252395509,63.29370552
Town,South,53.0,3862.0,7.0,72549.0,0.10300000000000001,9.162812382,57.09066807
Rural,Midwest,12.0,1172.0,4.0,61016.0,0.096,9.259690826,61.48364808
Rural,Northeast,33.0,1333.0,4.0,56250.0,0.172,6.167221604,53.63733798
Rural,South,50.0,1640.0,6.0,49581.0,0.153,8.847033166,56.76607089
Suburban,Midwest,7.0,1907.0,5.0,43566.0,0.228,7.742601466,56.9769702
Suburban,Northeast,48.0,5197.0,9.0,137945.0,0.031,6.596857068,55.15810714
Rural,Midwest,13.0,542.0,2.0,58250.0,0.14800000000000002,8.606784323,59.13907405
Rural,Northeast,47.0,2911.0,7.0,83701.0,0.055,5.946206517,52.92734045
Rural,West,55.0,5758.0,11.0,53098.0,0.263,4.141744242,55.462283
Suburban,Northeast,50.0,2536.0,5.0,94347.0,0.077,6.575230389,55.03220411
Rural,Midwest,20.0,1925.0,3.0,82840.0,0.06,5.57487072,57.9364164
Town,South,8.0,2064.0,4.0,40968.0,0.215,9.104996059,58.39778624
Town,Northeast,7.0,1735.0,5.0,53181.0,0.192,6.048732537,52.59267815
Rural,Midwest,13.0,162.0,2.0,70208.0,0.135,5.405754263,56.95628769
Urban,South,270.0,33649.0,49.0,76032.0,0.152,10.43657718,70.28117515
Rural,Northeast,2.0,87.0,1.0,49250.0,0.156,4.085871452,50.69501
Rural,West,2.0,1858.0,2.0,43750.0,0.276,0.0,0.0
Rural,West,83.0,12551.0,28.0,38055.0,0.29100000000000004,5.912262442,68.87835588
Rural,Midwest,21.0,1493.0,3.0,64653.0,0.076,5.940637324,55.78182767
Rural,Midwest,13.0,665.0,3.0,64844.0,0.091,7.468847537,59.65657861
Town,South,41.0,2896.0,7.0,53862.0,0.16899999999999998,8.221518145,58.24605983
Rural,Midwest,7.0,223.0,2.0,47697.0,0.168,7.104778258,56.27708054
Rural,Midwest,12.0,1161.0,4.0,67179.0,0.09699999999999999,5.559952446,62.64881805
Rural,Midwest,25.0,834.0,3.0,78343.0,0.045,8.717297567,60.06559428
Rural,South,7.0,284.0,1.0,62366.0,0.085,8.474394688,62.2465085
Rural,Northeast,17.0,795.0,2.0,77263.0,0.067,6.146211052,52.45527471
Suburban,Northeast,2.0,3041.0,3.0,75523.0,0.092,7.078472564,60.74854431
Rural,South,17.0,1298.0,4.0,98900.0,0.065,8.526631978,69.69531672
Rural,South,9.0,442.0,2.0,62000.0,0.037000000000000005,8.957689917,58.90518598
Town,South,70.0,7661.0,11.0,46245.0,0.221,9.102860468,58.87365451
Rural,Midwest,19.0,1054.0,3.0,48711.0,0.142,8.695246129,59.85414293
Rural,South,217.0,22297.0,26.0,83980.0,0.084,9.423403567,61.8831502
Suburban,West,96.0,9687.0,15.0,103619.0,0.055999999999999994,7.182143238,47.37946625
Suburban,Northeast,4.0,3843.0,8.0,125368.0,0.057999999999999996,8.955237254,65.45253647
Town,Midwest,21.0,1493.0,4.0,86977.0,0.064,9.325266164,59.57142901
Suburban,South,9.0,1132.0,5.0,58108.0,0.158,8.029982689,55.99130814
Town,South,36.0,3352.0,4.0,57239.0,0.146,8.08290201,63.37733221
Rural,South,30.0,1686.0,4.0,45494.0,0.213,7.78694165,57.15409972
Urban,South,73.0,7371.0,10.0,44392.0,0.205,8.670824149,64.37026058
Rural,Midwest,11.0,498.0,3.0,53099.0,0.059000000000000004,8.281675964,57.70018848
Rural,South,41.0,1574.0,5.0,35042.0,0.22899999999999998,7.169884151,56.2644458
Town,Midwest,27.0,1675.0,3.0,55865.0,0.11699999999999999,8.585888574,60.3603944
Rural,Midwest,17.0,713.0,3.0,74708.0,0.075,7.603238125,59.04317787
Town,South,74.0,3788.0,12.0,49957.0,0.165,8.168591977,57.73792138
Rural,West,9.0,776.0,4.0,47642.0,0.205,7.073653844,50.28258953
Town,South,14.0,829.0,4.0,55032.0,0.109,7.373611673,60.5564662
Rural,Midwest,7.0,142.0,2.0,69500.0,0.159,7.492601848,55.07817002
Town,South,81.0,12032.0,22.0,49228.0,0.163,6.796932573,58.87535628
Rural,South,52.0,2017.0,5.0,29615.0,0.29,7.38678427,56.90974572
Rural,Midwest,10.0,338.0,2.0,63580.0,0.08199999999999999,7.845228443,61.1995205
Suburban,South,278.0,48758.0,50.0,99027.0,0.071,9.883025534,66.87890936
Suburban,South,103.0,17199.0,28.0,61594.0,0.107,6.767123877,57.72980426
Rural,Midwest,5.0,102.0,2.0,71375.0,0.096,3.788968521,58.04244
Suburban,Midwest,39.0,2086.0,1.0,112185.0,0.032,8.861374155,59.13064662
Town,South,58.0,4059.0,6.0,42880.0,0.249,9.022259134,58.74522596
Rural,Midwest,5.0,149.0,2.0,56750.0,0.153,6.871129316,57.15889229
Town,Midwest,45.0,2279.0,5.0,55727.0,0.057999999999999996,8.639569082,57.55402198
Rural,Midwest,14.0,791.0,2.0,44375.0,0.139,8.401517666,58.62469133
Rural,Midwest,7.0,330.0,3.0,55182.0,0.111,7.867751076,55.22516886
Rural,Midwest,4.0,80.0,1.0,45313.0,0.083,7.176753867,60.51475967
Town,South,43.0,4901.0,11.0,41395.0,0.262,7.251018417,60.34612327
Rural,West,13.0,454.0,2.0,72535.0,0.098,5.382720606,48.08149742
Rural,West,3.0,527.0,3.0,56641.0,0.195,6.639743288,71.72745
Rural,Midwest,11.0,375.0,2.0,65096.0,0.036000000000000004,7.669753763,57.20976083
Town,Midwest,31.0,1695.0,4.0,69707.0,0.099,6.824092119,57.00392111
Rural,Midwest,6.0,251.0,2.0,61302.0,0.091,6.839832864,57.98546076
Suburban,Northeast,86.0,4050.0,5.0,112757.0,0.066,7.215790317,68.84054309
Suburban,South,18.0,1502.0,2.0,88312.0,0.048,9.252448381,58.24945179
Rural,Midwest,11.0,385.0,2.0,45357.0,0.174,6.037505068,54.7288
Suburban,Midwest,33.0,2074.0,5.0,105451.0,0.015,8.775509777,60.67959907
Suburban,Northeast,95.0,6005.0,8.0,91565.0,0.079,6.906246265,52.08360301
Rural,Midwest,2.0,265.0,4.0,62529.0,0.094,4.63117789,53.96164
Suburban,South,38.0,4971.0,8.0,42552.0,0.22,6.341555812,58.02199604
Rural,South,13.0,677.0,2.0,48730.0,0.115,9.06415341,56.81588515
Rural,South,12.0,697.0,2.0,43381.0,0.158,8.360194605,58.86309278
Rural,Midwest,10.0,1020.0,3.0,92647.0,0.008,9.173978039,60.27255614
Rural,South,61.0,3435.0,5.0,101628.0,0.046,7.491648753,57.39966243
Rural,Midwest,19.0,1037.0,3.0,57597.0,0.132,7.212412381,58.97734318
Rural,Northeast,14.0,691.0,4.0,48221.0,0.192,3.939006726,53.26358265
Town,Midwest,34.0,1782.0,4.0,42338.0,0.19899999999999998,7.197252024,55.78871046
Rural,South,16.0,1106.0,3.0,42282.0,0.201,8.595119818,56.56487609
Rural,West,110.0,12224.0,33.0,39636.0,0.34600000000000003,3.953254135,60.25958787
Rural,South,5.0,235.0,1.0,55000.0,0.042,7.19008983,60.18741384
Rural,South,69.0,4061.0,7.0,52659.0,0.168,8.745594484,61.16833006
Rural,West,52.0,4807.0,14.0,60262.0,0.122,4.203059399,62.08501196
Rural,Midwest,1.0,305.0,2.0,68393.0,0.067,4.102778704,54.60826491
Rural,South,6.0,106.0,1.0,41806.0,0.111,7.233976112,60.79841545
Rural,Midwest,9.0,296.0,2.0,49598.0,0.08800000000000001,6.179268666,57.05058744
Rural,Midwest,10.0,608.0,3.0,64886.0,0.07400000000000001,6.293821779,61.1204782
Rural,Northeast,14.0,34.0,1.0,75682.0,0.057,6.775400511,67.41199763
Rural,Midwest,31.0,1015.0,3.0,56302.0,0.129,5.435430283,53.76996724
Rural,Midwest,14.0,959.0,3.0,41250.0,0.262,7.070524465,57.80548594
Rural,Midwest,12.0,539.0,2.0,53787.0,0.149,8.786661308,60.00675563
Rural,South,37.0,5654.0,6.0,119525.0,0.039,8.82155715,68.82667767
Rural,Midwest,5.0,224.0,2.0,75573.0,0.065,4.93064567,58.71806723
Rural,South,38.0,1265.0,4.0,43859.0,0.214,9.296331984,60.57035058
Rural,South,19.0,662.0,3.0,37309.0,0.27399999999999997,9.449019836,59.96975451
Rural,Midwest,8.0,589.0,3.0,67796.0,0.151,9.135666279,59.29049038
Rural,South,4.0,146.0,1.0,55724.0,0.126,8.752548564,60.48373888
Suburban,Midwest,7.0,716.0,3.0,47150.0,0.187,9.081069021,67.86503645
Town,Midwest,28.0,954.0,1.0,90967.0,0.036000000000000004,8.662532661,59.71818603
Rural,Midwest,7.0,569.0,2.0,67500.0,0.1,8.438485388,59.52063166
Town,South,33.0,3097.0,5.0,49348.0,0.196,8.878486135,58.61177708
Rural,Northeast,16.0,353.0,2.0,54971.0,0.1,6.313195104,52.68429451
Urban,South,36.0,3190.0,8.0,84140.0,0.066,7.73880832,59.73939097
Suburban,Northeast,77.0,2762.0,2.0,95029.0,0.047,6.675691817,61.40741198
Urban,West,23.0,8826.0,14.0,74446.0,0.106,8.384971241,66.90733063
Suburban,West,14.0,6754.0,16.0,76351.0,0.126,10.19940315,86.44951717
Rural,West,6.0,425.0,4.0,39906.0,0.27399999999999997,4.394254756,60.79376342
Rural,Midwest,12.0,535.0,2.0,58510.0,0.12300000000000001,8.029522748,59.67951765
Suburban,Northeast,81.0,4752.0,6.0,101699.0,0.063,7.375858819,60.54774377
Rural,Midwest,7.0,197.0,3.0,31343.0,0.095,6.873308735,54.5991498
Suburban,Midwest,42.0,3610.0,5.0,104439.0,0.075,8.059425863,60.10662095
Town,Midwest,24.0,2641.0,8.0,58369.0,0.141,8.045360841,56.74708365
Rural,West,19.0,507.0,4.0,41925.0,0.163,3.985505948,62.92886724
Town,South,14.0,700.0,4.0,45023.0,0.195,8.774174925,56.72378935
Town,South,77.0,7954.0,10.0,75856.0,0.086,8.552597834,64.82105838
Rural,Northeast,16.0,402.0,1.0,61042.0,0.138,7.187103852,63.71666591
Rural,South,4.0,133.0,1.0,31625.0,0.191,8.60264411,62.66094
Suburban,Northeast,10.0,1082.0,3.0,135396.0,0.033,8.607972877,64.46281
Rural,Midwest,6.0,290.0,2.0,85441.0,0.027999999999999997,6.903935903,55.57578961
Rural,Midwest,13.0,452.0,2.0,47625.0,0.17,6.827250436,54.36860055
Suburban,West,60.0,8234.0,16.0,58085.0,0.162,5.090462644,64.53278317
Town,South,53.0,4395.0,11.0,57297.0,0.147,7.331866757,59.68993617
Rural,Midwest,25.0,1486.0,5.0,47685.0,0.175,8.282425434,58.00809949
Suburban,South,72.0,7890.0,14.0,54320.0,0.172,8.359484231,67.48146344
Rural,Midwest,1.0,439.0,2.0,64205.0,0.084,6.143874839,59.44156638
Rural,Midwest,15.0,1226.0,4.0,73782.0,0.039,8.910289483,58.60359357
Rural,Midwest,48.0,3090.0,5.0,70357.0,0.075,8.700320054,63.23272859
Rural,Midwest,33.0,989.0,3.0,52793.0,0.09,8.626763759,59.41805406
Rural,West,3.0,5.0,1.0,66250.0,0.14800000000000002,8.223371315,54.6709
Town,Midwest,12.0,429.0,1.0,52941.0,0.147,8.169750459,59.66243737
Suburban,Midwest,110.0,15017.0,22.0,114101.0,0.039,9.427437973,62.14759991
Suburban,Midwest,13.0,891.0,3.0,72434.0,0.124,9.079362466,60.7098
Town,South,22.0,1851.0,4.0,53750.0,0.188,8.639503069,60.73898561
Suburban,West,57.0,8013.0,13.0,139350.0,0.040999999999999995,6.283109574,63.6442317
Rural,West,8.0,436.0,2.0,134265.0,0.033,6.217809909,59.02791897
Suburban,West,24.0,5871.0,12.0,71866.0,0.064,7.141096936,65.4458271
Rural,Northeast,24.0,1989.0,3.0,132817.0,0.02,7.267730605,53.57567844
Suburban,Midwest,27.0,2261.0,8.0,47505.0,0.192,10.10392887,63.68630761
Suburban,Northeast,18.0,9027.0,10.0,141995.0,0.045,7.759190562,66.03382334
Rural,West,2.0,124.0,3.0,28598.0,0.298,4.675150178,68.2000369
Rural,Midwest,18.0,988.0,5.0,54131.0,0.136,6.004022777,54.60297262
Town,South,14.0,1203.0,4.0,46006.0,0.203,6.170457448,61.66253051
Urban,South,496.0,50325.0,86.0,69412.0,0.185,10.23755128,68.87000981
Rural,Midwest,11.0,445.0,4.0,70743.0,0.113,8.489674957,61.03690646
Suburban,South,176.0,12367.0,22.0,109815.0,0.042,9.054327642,62.81076141
Rural,Northeast,34.0,1377.0,3.0,91781.0,0.044000000000000004,6.890326928,52.469734
Suburban,Midwest,182.0,23281.0,27.0,141374.0,0.034,9.650858484,60.77112402
Suburban,Northeast,11.0,593.0,1.0,51483.0,0.122,6.463312761,53.31070222
Town,South,89.0,7239.0,14.0,58822.0,0.158,9.209243263,59.91747617
Rural,Midwest,20.0,1246.0,6.0,65529.0,0.084,7.56372727,56.97980508
Rural,West,7.0,323.0,2.0,75625.0,0.036000000000000004,8.122072468,52.86922303
Suburban,South,36.0,3739.0,7.0,44020.0,0.267,10.78146225,54.63181617
Rural,Midwest,61.0,220.0,2.0,61250.0,0.055,5.61556876,56.66757902
Rural,South,39.0,2195.0,5.0,48355.0,0.182,8.103925783,57.15430324
Rural,Midwest,39.0,2695.0,5.0,55556.0,0.162,9.837364716,61.75824252
Urban,West,22.0,822.0,4.0,58894.0,0.138,7.690117243,67.39882146
Suburban,Midwest,8.0,1510.0,4.0,62297.0,0.09300000000000001,9.23804136,66.0188836
Rural,South,195.0,10979.0,28.0,38052.0,0.248,7.958933339,60.04427983
Town,South,37.0,3579.0,5.0,47870.0,0.218,8.769075549,62.66214005
Rural,Midwest,10.0,626.0,2.0,75234.0,0.019,7.549823836,54.85309369
Suburban,Northeast,60.0,3443.0,7.0,75060.0,0.134,6.993790832,52.75942123
Rural,South,71.0,3040.0,8.0,50656.0,0.165,8.62621467,58.08374468
Suburban,Midwest,11.0,1542.0,3.0,108192.0,0.047,10.06974684,64.00563256
Suburban,Midwest,37.0,3688.0,10.0,73171.0,0.063,8.880791352,63.52349871
Rural,Midwest,26.0,3150.0,5.0,57102.0,0.075,6.722129635,56.38010867
Rural,South,8.0,592.0,4.0,51250.0,0.131,6.3482981,63.10218561
Rural,Northeast,6.0,295.0,2.0,40694.0,0.218,4.035980192,49.80735
Suburban,Midwest,14.0,839.0,2.0,113523.0,0.017,8.743573112,61.68490874
Town,Midwest,10.0,6232.0,13.0,61424.0,0.105,5.02666584,58.58277908
Rural,Midwest,7.0,420.0,3.0,51971.0,0.15,8.277347056,57.11240682
Rural,West,15.0,373.0,2.0,58513.0,0.10800000000000001,4.122354699,64.55241619
Rural,West,10.0,84.0,3.0,59250.0,0.153,4.405500585,54.43704897
Suburban,Northeast,57.0,3229.0,7.0,126227.0,0.027999999999999997,6.89755071,63.90707458
Rural,Midwest,15.0,539.0,2.0,66307.0,0.095,7.31316284,57.77301868
Town,West,53.0,6369.0,9.0,49661.0,0.149,8.457014666,53.08716302
Rural,Midwest,27.0,2128.0,5.0,93406.0,0.054000000000000006,8.343497512,58.99975468
Town,Midwest,32.0,2461.0,6.0,51392.0,0.14,8.768342732,61.21934392
Rural,Midwest,2.0,124.0,1.0,75179.0,0.032,8.293501451,61.12430699
Rural,South,27.0,1119.0,4.0,58750.0,0.152,7.418946698,56.22332812
Rural,West,2.0,91.0,1.0,48906.0,0.317,10.66617205,70.33816
Suburban,Midwest,34.0,4344.0,11.0,77035.0,0.076,5.288138221,58.24681246
Town,West,38.0,2721.0,9.0,41668.0,0.235,8.113214655,55.58787186
Suburban,West,7.0,1904.0,4.0,50280.0,0.201,9.24678033,71.09782854
Rural,Midwest,11.0,516.0,2.0,68839.0,0.046,6.985084034,55.91196528
Rural,West,9.0,993.0,3.0,104946.0,0.037000000000000005,5.402089513,57.6023342
Town,West,15.0,1473.0,4.0,52018.0,0.145,4.063715719,60.78370832
Urban,West,44.0,5599.0,16.0,58653.0,0.11900000000000001,7.752387728,55.40758208
Rural,Midwest,13.0,302.0,2.0,58750.0,0.07,4.198507845,57.30473741
Suburban,Midwest,49.0,2010.0,4.0,163232.0,0.055,9.135607173,64.27325875
Rural,West,2.0,287.0,3.0,57131.0,0.09,2.390330055,57.81725
Rural,South,12.0,345.0,2.0,67902.0,0.151,8.265013843,65.69607728
Rural,Northeast,7.0,219.0,1.0,66028.0,0.057,6.530558839,55.47722884
Town,South,100.0,4208.0,12.0,36866.0,0.244,8.866141809,57.54089015
Town,Midwest,3.0,341.0,1.0,54891.0,0.152,8.462549853,58.9832351
Town,Midwest,19.0,1905.0,4.0,59481.0,0.094,6.982761037,55.35643001
Urban,West,138.0,12703.0,33.0,78321.0,0.064,0.0,0.0
Rural,South,4.0,94.0,1.0,47321.0,0.223,9.116793973,64.98745
Urban,Midwest,58.0,8616.0,14.0,77192.0,0.069,8.218295788,59.58586575
Rural,Midwest,35.0,2009.0,4.0,71208.0,0.071,8.227922007,57.55202287
Rural,Midwest,1.0,417.0,3.0,65952.0,0.09699999999999999,8.701732757,60.82781054
Suburban,West,167.0,41855.0,59.0,127291.0,0.054000000000000006,8.709519175,64.74487392
Urban,West,37.0,6077.0,12.0,64762.0,0.147,7.675509858,61.910281
Rural,Midwest,12.0,478.0,2.0,55208.0,0.221,6.844776416,58.40473955
Rural,Midwest,18.0,1347.0,3.0,67699.0,0.113,6.999177092,56.20084589
Rural,South,31.0,1722.0,7.0,48320.0,0.13,6.16253548,58.22886057
Rural,Midwest,8.0,248.0,2.0,56250.0,0.165,5.057289624,58.76234987
Rural,Midwest,15.0,711.0,1.0,70691.0,0.079,5.730422918,58.37054144
Suburban,Northeast,47.0,2673.0,2.0,124281.0,0.055,7.604185319,60.78105725
Urban,South,31.0,1892.0,6.0,39928.0,0.228,9.258542909,60.88508211
Rural,West,4.0,337.0,1.0,48250.0,0.157,8.213049843,70.9468258
Town,Northeast,16.0,762.0,2.0,56759.0,0.142,5.236634556,51.79828215
Rural,Midwest,4.0,585.0,2.0,62660.0,0.121,5.803041292,56.43904399
Rural,South,149.0,7204.0,14.0,56680.0,0.129,8.093431797,61.5399593
Suburban,Midwest,31.0,2594.0,4.0,127399.0,0.047,9.159846108,59.98099445
Rural,Midwest,16.0,714.0,2.0,67941.0,0.109,8.979952373,58.03554255
Rural,Northeast,18.0,974.0,2.0,61534.0,0.09,6.549116093,54.36605611
Rural,South,10.0,549.0,3.0,68482.0,0.11800000000000001,8.017500792,61.06255503
Rural,Midwest,5.0,224.0,3.0,55662.0,0.11699999999999999,8.65161829,56.16991042
Urban,West,167.0,28835.0,45.0,44750.0,0.28600000000000003,9.776827871,76.96022997
Rural,Northeast,6.0,212.0,1.0,54737.0,0.147,6.194685448,53.63800075
Rural,Midwest,9.0,254.0,2.0,47450.0,0.237,7.433655079,56.74985724
Town,South,31.0,2302.0,5.0,49986.0,0.174,9.136971729,57.66580634
Rural,Midwest,10.0,319.0,3.0,49667.0,0.063,6.438509898,57.88960071
Town,West,30.0,3542.0,8.0,80042.0,0.09,6.295407403,46.25769662
Rural,West,11.0,708.0,8.0,40889.0,0.205,5.129256611,44.45580261
Rural,Midwest,17.0,813.0,4.0,65551.0,0.052000000000000005,7.172681181,59.2377614
Rural,South,142.0,11575.0,23.0,68111.0,0.128,8.100237592,59.2984953
Town,Midwest,8.0,220.0,2.0,46212.0,0.155,7.744430046,56.07993267
Rural,Midwest,14.0,2024.0,4.0,52962.0,0.122,8.756237162,60.57375497
Rural,Midwest,10.0,731.0,2.0,55294.0,0.08199999999999999,5.395100579,55.30538218
Urban,South,950.0,128657.0,209.0,59541.0,0.145,8.242581093,61.55405161
Rural,Midwest,2.0,645.0,2.0,63229.0,0.091,5.749708576,59.38370822
Rural,South,27.0,1517.0,4.0,49476.0,0.23199999999999998,8.542632406,61.08284926
Town,South,55.0,3652.0,6.0,54115.0,0.14300000000000002,8.420382461,58.24321083
Rural,Northeast,21.0,820.0,2.0,65993.0,0.091,6.534180756,53.73818349
Suburban,Midwest,63.0,4012.0,7.0,89429.0,0.054000000000000006,9.818298256,63.9244436
Rural,Midwest,7.0,411.0,2.0,46076.0,0.2,8.556017687,60.68717742
Town,Northeast,5.0,333.0,1.0,71900.0,0.10099999999999999,3.945600356,58.2576
Rural,Midwest,7.0,294.0,2.0,42813.0,0.258,6.971897335,54.99360183
Urban,South,86.0,5419.0,8.0,99112.0,0.037000000000000005,7.284093413,60.79083237
Rural,Midwest,11.0,582.0,3.0,66071.0,0.105,7.568298552,59.67287745
Rural,Midwest,17.0,1083.0,4.0,74368.0,0.078,8.078152839,58.57244663
Town,South,15.0,816.0,4.0,38189.0,0.255,9.165076311,56.08910154
Rural,West,5.0,151.0,1.0,22813.0,0.757,8.024447671,67.62668
Rural,Midwest,2.0,62.0,1.0,44948.0,0.292,8.481752082,59.99207603
Suburban,South,51.0,6213.0,6.0,132307.0,0.034,9.320360414,69.38066123
Rural,Northeast,1.0,10.0,1.0,54375.0,0.17800000000000002,7.108374521,53.42499
Town,South,41.0,1790.0,7.0,39303.0,0.222,9.375571197,58.27717605
Suburban,Midwest,191.0,16414.0,17.0,65645.0,0.106,9.796551126,64.2409519
Rural,West,3.0,40.0,1.0,55417.0,0.05,4.258406342,56.42499338
Town,Midwest,32.0,3390.0,6.0,39790.0,0.27,8.133581181,57.46956055
Rural,Midwest,10.0,479.0,2.0,62545.0,0.079,7.851105442,59.13008407
Suburban,West,3.0,7177.0,4.0,76250.0,0.16,0.0,0.0
Town,West,73.0,3164.0,8.0,24250.0,0.474,3.603742111,58.78497432
Rural,South,16.0,490.0,3.0,50000.0,0.163,8.697283974,60.60357088
Rural,West,1.0,1911.0,13.0,68654.0,0.205,0.0,0.0
Suburban,Midwest,30.0,2600.0,7.0,57897.0,0.133,8.985297294,61.98949396
Rural,South,33.0,1913.0,4.0,46379.0,0.207,9.418011042,55.55678796
Suburban,Northeast,15.0,1940.0,4.0,63892.0,0.129,8.032796348,66.0881781
Suburban,South,604.0,50389.0,80.0,76345.0,0.081,8.176463721,58.22487126
Rural,South,51.0,3750.0,7.0,67564.0,0.12300000000000001,9.103644151,65.13046608
Rural,Midwest,9.0,621.0,3.0,51031.0,0.23399999999999999,8.048584503,55.92738169
Rural,Northeast,2.0,126.0,1.0,74120.0,0.1,5.721511507,54.58206
Rural,West,10.0,393.0,3.0,42250.0,0.133,6.337111368,51.52224834
Rural,West,2.0,203.0,1.0,41875.0,0.29600000000000004,0.0,0.0
Urban,South,33.0,3690.0,6.0,38438.0,0.24100000000000002,9.285987764,56.48127247
Town,Midwest,18.0,1120.0,5.0,70175.0,0.09699999999999999,7.368369457,57.44657512
Rural,West,22.0,1342.0,4.0,67370.0,0.11900000000000001,5.065341453,54.05317626
Rural,Midwest,7.0,272.0,2.0,47109.0,0.265,7.422805615,56.53276222
Town,South,27.0,3542.0,13.0,30245.0,0.33399999999999996,8.853512545,56.66710514
Urban,Midwest,400.0,32316.0,99.0,63483.0,0.17600000000000002,7.846422389,58.04646422
Rural,Midwest,16.0,998.0,3.0,63452.0,0.076,8.575941022,59.06970462
Rural,South,8.0,497.0,2.0,49643.0,0.175,8.630038441,62.57030104
Suburban,Northeast,81.0,7199.0,11.0,108408.0,0.039,8.066375443,65.80332582
Suburban,Midwest,14.0,2947.0,11.0,55257.0,0.16699999999999998,10.34372939,63.60054202
Rural,Midwest,5.0,95.0,2.0,47589.0,0.142,7.221415342,56.45486
Town,West,7.0,844.0,3.0,36637.0,0.243,3.758551229,61.07364592
Rural,West,6.0,166.0,3.0,59141.0,0.106,6.805761541,52.4096379
Rural,South,17.0,1403.0,3.0,74327.0,0.053,8.908902085,63.71403103
Rural,Midwest,10.0,266.0,2.0,82917.0,0.066,5.65543097,59.03277746
Suburban,West,48.0,9531.0,17.0,76950.0,0.094,7.476684187,58.7647903
Town,South,119.0,5630.0,10.0,58609.0,0.114,6.696870952,55.07212188
Rural,South,22.0,989.0,3.0,52500.0,0.14,9.026726151,56.34082227
Rural,Midwest,3.0,52.0,1.0,42917.0,0.14400000000000002,7.206952,56.05285
Town,South,10.0,1416.0,3.0,50925.0,0.141,9.144552085,59.53574052
Rural,South,18.0,387.0,2.0,39633.0,0.11,7.64737191,55.36676868
Rural,Midwest,14.0,689.0,2.0,56250.0,0.087,8.241427945,59.50478
Rural,South,174.0,9918.0,10.0,74410.0,0.095,9.756162815,61.63046855
Town,West,5.0,1118.0,4.0,78029.0,0.109,5.101174874,62.64771649
Rural,Midwest,7.0,285.0,3.0,74494.0,0.07,8.180299074,59.51397258
Rural,South,93.0,6076.0,19.0,43416.0,0.18100000000000002,8.421726454,59.00042548
Rural,Midwest,25.0,1083.0,2.0,56250.0,0.095,8.703894564,62.00126021
Rural,West,10.0,263.0,3.0,56250.0,0.10800000000000001,7.268906129,50.25384803
Rural,West,10.0,117.0,1.0,57625.0,0.182,5.292432982,47.81663528
Rural,Midwest,14.0,730.0,3.0,45946.0,0.155,7.123175573,55.16353685
Rural,Northeast,9.0,241.0,1.0,52500.0,0.195,4.011093096,51.25074
Rural,Midwest,13.0,513.0,4.0,57391.0,0.125,8.104215003,58.12836198
Rural,West,6.0,532.0,3.0,79505.0,0.079,7.951270049,59.55941704
Rural,Northeast,14.0,386.0,2.0,59607.0,0.18899999999999997,6.152837397,52.66303636
Town,West,18.0,1138.0,5.0,64510.0,0.062,3.289349879,55.74546637
Suburban,West,45.0,3351.0,9.0,79119.0,0.1,5.454820569,45.51362885
Town,Midwest,18.0,1594.0,4.0,78196.0,0.047,8.762320619,58.34726405
Rural,Midwest,14.0,778.0,2.0,53895.0,0.13,6.802070799,59.81916243
Suburban,Midwest,17.0,2655.0,5.0,64529.0,0.078,8.639407679,64.01287135
Suburban,South,66.0,7413.0,11.0,101934.0,0.055999999999999994,8.044727485,59.43741139
Rural,Midwest,8.0,295.0,3.0,75781.0,0.094,8.424047224,60.97602418
Rural,Midwest,18.0,431.0,2.0,53467.0,0.20199999999999999,8.014913291,57.35683524
Rural,South,35.0,1576.0,4.0,43191.0,0.161,8.512971711,58.83113038
Rural,South,39.0,2908.0,4.0,69217.0,0.091,9.209821521,63.69923549
Rural,South,12.0,597.0,3.0,56047.0,0.131,6.221599879,61.64041211
Suburban,South,37.0,3010.0,7.0,28693.0,0.46399999999999997,10.75720641,54.63555545
Suburban,Northeast,4.0,5245.0,7.0,164594.0,0.035,7.49392906,70.59989321
Suburban,Midwest,48.0,5649.0,10.0,95810.0,0.053,8.496447254,59.75915016
Suburban,Northeast,10.0,1420.0,4.0,156689.0,0.046,6.576952055,61.93352
Suburban,West,52.0,6032.0,12.0,72820.0,0.08,6.88669669,51.52511504
Rural,South,35.0,3028.0,6.0,66578.0,0.161,9.36935056,55.31315159
Rural,Northeast,1.0,5.0,1.0,54028.0,0.092,3.869927836,50.21157
Town,Midwest,21.0,1673.0,4.0,58523.0,0.099,8.328279434,60.1597656
Rural,Northeast,29.0,807.0,3.0,76375.0,0.051,6.578807275,54.7757298
Rural,Midwest,10.0,692.0,3.0,56000.0,0.135,8.520230268,61.15266299
Town,West,46.0,5366.0,13.0,33914.0,0.263,4.830462442,61.63096179
Rural,Midwest,12.0,484.0,3.0,61406.0,0.12300000000000001,7.27669768,56.41518388
Rural,Midwest,12.0,326.0,2.0,54375.0,0.124,6.289232368,56.22849836
Rural,Midwest,16.0,749.0,3.0,73658.0,0.062,8.206664652,57.56918654
Town,South,7.0,1239.0,4.0,55901.0,0.124,7.604171259,58.13636498
Rural,Midwest,9.0,542.0,3.0,93804.0,0.015,8.43501615,60.10148941
Suburban,South,63.0,5354.0,11.0,58880.0,0.152,9.265573814,66.12137849
Rural,South,6.0,225.0,1.0,42375.0,0.17600000000000002,6.382443396,62.30661836
Town,West,35.0,11020.0,17.0,68605.0,0.146,7.455747071,65.40483547
Rural,South,5.0,211.0,1.0,49138.0,0.165,7.442032867,58.86661039
Suburban,Midwest,20.0,2075.0,8.0,56923.0,0.136,10.16089282,62.54131316
Urban,Midwest,206.0,18800.0,36.0,59683.0,0.18600000000000003,7.81909937,55.53036623
Town,Midwest,15.0,1374.0,3.0,80809.0,0.039,7.481820264,56.1331163
Rural,South,30.0,1893.0,4.0,68274.0,0.182,8.868468702,62.02809813
Rural,West,22.0,395.0,2.0,56875.0,0.158,4.18452234,61.75859898
Rural,Midwest,7.0,181.0,2.0,55938.0,0.132,7.267157397,54.20519807
Urban,South,94.0,8745.0,20.0,52539.0,0.152,8.45744151,60.1428838
Urban,West,3.0,10759.0,23.0,57495.0,0.205,6.699434031,69.64777337
Suburban,Midwest,17.0,976.0,3.0,87926.0,0.073,8.874297557,60.64645453
Rural,Midwest,1.0,115.0,2.0,56667.0,0.071,6.305128913,59.81495615
Rural,South,10.0,316.0,1.0,34555.0,0.147,9.364772071,56.11403211
Rural,South,8.0,304.0,2.0,71328.0,0.081,8.952215194,59.12910049
Rural,Midwest,13.0,926.0,3.0,56691.0,0.073,8.880785256,60.47159217
Urban,South,133.0,15253.0,28.0,51472.0,0.172,7.360348071,60.99346744
Rural,South,80.0,5419.0,14.0,47258.0,0.196,7.403411844,60.0300357
Rural,South,34.0,2737.0,5.0,44786.0,0.179,8.963456017,63.55725325
Rural,South,3.0,102.0,1.0,54821.0,0.27899999999999997,9.615645205,57.11772
Rural,West,9.0,446.0,2.0,65329.0,0.094,5.126478782,48.37916456
Rural,South,8.0,239.0,1.0,70341.0,0.09300000000000001,7.804233342,61.88055213
Suburban,South,265.0,23200.0,29.0,83486.0,0.085,9.401223424,65.87550174
Rural,West,10.0,565.0,2.0,52316.0,0.209,9.027249184,72.15800605
Town,West,14.0,1524.0,3.0,69657.0,0.09699999999999999,4.18452234,61.75859898
Rural,Midwest,17.0,1039.0,3.0,60755.0,0.08,8.92891368,58.87851221
Rural,Midwest,19.0,636.0,2.0,58477.0,0.13,7.232674768,55.28650566
Rural,Midwest,11.0,1028.0,3.0,52910.0,0.105,4.460193043,56.89906356
Town,South,17.0,1144.0,4.0,30560.0,0.23399999999999999,8.668679085,56.38143117
Town,Midwest,11.0,942.0,4.0,63800.0,0.08,8.982193583,59.37848706
Rural,Midwest,7.0,481.0,2.0,71154.0,0.08,7.85335669,55.77002487
Town,West,28.0,2223.0,8.0,84741.0,0.042,6.889951149,51.48196501
Rural,Midwest,16.0,832.0,2.0,46831.0,0.165,8.045080781,60.27728718
Rural,South,38.0,1917.0,4.0,46288.0,0.22,6.4742143,57.37766811
Rural,West,16.0,2566.0,10.0,98516.0,0.079,8.578099824,70.8305143
Rural,Northeast,1.0,15.0,0.0,51750.0,0.14300000000000002,3.990767041,51.47984
Rural,Midwest,13.0,647.0,3.0,55714.0,0.247,9.206020937,60.68118333
Rural,South,51.0,3611.0,7.0,64628.0,0.111,7.251075812,62.15437668
Rural,Midwest,17.0,676.0,3.0,45000.0,0.215,8.082651248,58.56996895
Town,South,52.0,6486.0,13.0,53934.0,0.182,7.968616548,68.51380253
Urban,South,41.0,3261.0,9.0,39223.0,0.20800000000000002,9.335306475,55.48940605
Rural,Midwest,1.0,5.0,1.0,70625.0,0.053,4.798158237,52.3635507
Town,South,24.0,1557.0,4.0,74128.0,0.121,6.784658642,66.20050267
Town,South,21.0,832.0,3.0,39333.0,0.183,8.044685343,56.93974439
Rural,Midwest,9.0,608.0,2.0,63363.0,0.09,8.669132507,58.45529821
Rural,South,47.0,3256.0,8.0,48791.0,0.198,8.144855527,56.87799396
Rural,Northeast,16.0,625.0,2.0,51091.0,0.195,6.477048193,54.88154638
Rural,Northeast,111.0,4912.0,8.0,81122.0,0.113,7.783063724,65.01797614
Suburban,Northeast,1.0,6762.0,13.0,86113.0,0.07200000000000001,7.873791988,75.00455394
Suburban,Midwest,26.0,1982.0,6.0,45167.0,0.174,8.823881536,60.66227954
Rural,South,32.0,1074.0,4.0,51081.0,0.168,8.740057136,58.65924915
Rural,Midwest,7.0,187.0,3.0,67375.0,0.121,8.03332149,58.74482933
Rural,Midwest,15.0,397.0,2.0,41274.0,0.184,7.354423285,55.5066431
Rural,West,40.0,607.0,7.0,52304.0,0.132,3.332320158,60.43924059
Rural,Midwest,12.0,243.0,2.0,57281.0,0.111,5.366663753,55.27538
Suburban,Northeast,68.0,4683.0,7.0,114375.0,0.052000000000000005,7.160167592,68.5735592
Rural,Midwest,6.0,307.0,2.0,41321.0,0.129,7.203805367,55.90012569
Rural,Midwest,13.0,1466.0,4.0,56599.0,0.18899999999999997,7.58980272,55.92426605
Rural,South,31.0,1002.0,3.0,53084.0,0.142,7.009254308,60.0310398
Town,South,25.0,1170.0,4.0,60573.0,0.22899999999999998,9.214994247,58.9562
Rural,Northeast,10.0,335.0,1.0,47679.0,0.134,4.159923137,48.64798101
Rural,Midwest,15.0,7238.0,5.0,51786.0,0.079,8.623279916,62.66248961
Suburban,Midwest,62.0,4319.0,8.0,66209.0,0.096,9.428230122,60.10050456
Suburban,Northeast,24.0,7265.0,9.0,144981.0,0.027000000000000003,7.881974413,64.55220177
Rural,South,42.0,2183.0,7.0,56616.0,0.08,7.41478143,54.3769212
Suburban,Northeast,23.0,1402.0,3.0,73313.0,0.14800000000000002,6.2727313,54.30571707
Rural,Midwest,8.0,273.0,1.0,62067.0,0.17600000000000002,6.844054321,54.0234824
Rural,South,17.0,543.0,2.0,57643.0,0.08900000000000001,9.430684366,55.23974286
Rural,Midwest,5.0,181.0,2.0,59844.0,0.053,5.563768782,55.53654141
Town,South,55.0,2486.0,7.0,43523.0,0.20800000000000002,7.048920148,56.97821894
Rural,Midwest,5.0,842.0,2.0,101818.0,0.034,7.244636713,58.30530321
Town,West,32.0,1284.0,5.0,48917.0,0.295,4.344797435,55.0646635
Rural,South,23.0,588.0,6.0,69509.0,0.2,8.733667562,60.69724607
Rural,South,21.0,1167.0,3.0,64758.0,0.11599999999999999,8.938014037,62.761385
Town,Midwest,25.0,1060.0,3.0,60089.0,0.073,7.599398739,57.145988
Rural,South,27.0,1502.0,3.0,41386.0,0.27899999999999997,8.544603742,60.1346452
Rural,West,10.0,814.0,3.0,28668.0,0.305,6.322750274,73.25530456
Town,South,88.0,6358.0,19.0,50446.0,0.198,8.260546425,58.13293607
Suburban,Northeast,43.0,2261.0,6.0,76075.0,0.06,6.95809422,52.56463098
Rural,Midwest,32.0,934.0,2.0,57157.0,0.061,8.435301132,58.88835796
Suburban,Midwest,89.0,5724.0,10.0,84966.0,0.08199999999999999,8.666272771,65.80413442
Rural,Midwest,11.0,774.0,2.0,67276.0,0.085,7.476536433,59.27425952
Rural,West,16.0,274.0,2.0,60556.0,0.233,4.146127777,55.07109226
Rural,South,22.0,1522.0,6.0,55929.0,0.121,8.609701896,62.3594149
Suburban,South,91.0,12560.0,19.0,50230.0,0.153,8.976682293,64.19708812
Rural,Midwest,6.0,197.0,2.0,49113.0,0.13,8.069922134,56.59524101
Suburban,Northeast,3.0,336.0,2.0,106053.0,0.053,6.882834471,60.88129381
Town,Midwest,25.0,1852.0,7.0,59842.0,0.10099999999999999,8.057097108,60.11253304
Town,South,16.0,1393.0,3.0,39808.0,0.21899999999999997,6.835843586,57.49108938
Suburban,Midwest,23.0,1497.0,3.0,68242.0,0.076,9.295464685,59.49010902
Suburban,South,34.0,3143.0,4.0,52838.0,0.201,8.759657441,57.91878201
Rural,Midwest,8.0,164.0,2.0,64079.0,0.114,7.343450778,57.30157137
Rural,West,8.0,340.0,1.0,44142.0,0.11900000000000001,4.122680271,63.30874222
Rural,Midwest,14.0,686.0,2.0,41853.0,0.22399999999999998,8.033382799,57.80326947
Rural,West,7.0,190.0,2.0,55313.0,0.141,7.943657808,53.69441234
Rural,South,8.0,243.0,1.0,53304.0,0.066,7.005507383,62.31356236
Suburban,West,141.0,10614.0,7.0,84176.0,0.096,11.46373281,70.42687973
Suburban,Midwest,10.0,925.0,3.0,77194.0,0.045,7.478866924,58.97452456
Rural,Midwest,6.0,123.0,2.0,61250.0,0.052000000000000005,4.987280134,54.05221486
Rural,Midwest,23.0,914.0,2.0,47969.0,0.19399999999999998,7.743460732,58.02400676
Town,Midwest,1.0,4279.0,12.0,60829.0,0.145,5.954638062,59.63349727
Rural,Northeast,26.0,997.0,3.0,68452.0,0.086,6.563231418,58.81161223
Rural,Midwest,11.0,670.0,3.0,65861.0,0.077,8.837137194,60.47229004
Rural,Midwest,17.0,548.0,3.0,54046.0,0.161,7.117449976,57.90354638
Rural,South,25.0,1243.0,5.0,45184.0,0.182,7.58854834,56.36849475
Suburban,Midwest,11.0,910.0,3.0,64116.0,0.051,9.215112552,60.47235865
Urban,West,37.0,8942.0,7.0,142397.0,0.055999999999999994,7.03207453,50.55232982
Rural,South,101.0,5645.0,7.0,82244.0,0.061,9.534753934,60.27132517
Urban,West,28.0,7509.0,13.0,79144.0,0.141,4.861728084,54.73157921
Urban,South,783.0,159778.0,197.0,88471.0,0.085,8.552913871,61.66406846
Rural,West,4.0,16.0,1.0,80000.0,0.13699999999999998,7.918811781,55.56763
Suburban,South,44.0,3354.0,4.0,61216.0,0.078,9.256670003,58.43121417
Rural,Midwest,11.0,505.0,2.0,76392.0,0.091,8.32036019,60.68068832
Town,West,23.0,1441.0,5.0,51261.0,0.174,7.461619703,51.23614146
Rural,Midwest,19.0,570.0,2.0,53030.0,0.198,8.706867717,60.41948835
Rural,Northeast,4.0,335.0,1.0,84034.0,0.08199999999999999,7.807986575,64.7483
Rural,Midwest,9.0,580.0,2.0,97589.0,0.046,7.10589091,56.3308619
Town,West,8.0,2262.0,6.0,55979.0,0.11900000000000001,6.808732557,57.06504028
Suburban,Midwest,26.0,3630.0,7.0,74546.0,0.079,9.593814974,62.60379979
Town,Midwest,36.0,3775.0,7.0,89775.0,0.046,7.490183969,57.68099373
Rural,West,36.0,1053.0,3.0,25179.0,0.40299999999999997,3.664351768,59.17216565
Town,Midwest,18.0,1269.0,3.0,63897.0,0.12300000000000001,8.24132611,59.27124363
Suburban,South,51.0,2634.0,7.0,49139.0,0.16699999999999998,7.956362231,55.7406248
Rural,Midwest,3.0,143.0,1.0,55234.0,0.12300000000000001,8.529086839,58.56831493
Rural,Midwest,3.0,116.0,1.0,62750.0,0.047,7.393518436,60.28086833
Town,South,77.0,5935.0,13.0,47218.0,0.152,7.680504249,59.33908206
Town,West,1.0,780.0,2.0,49120.0,0.188,3.691458633,55.77753996
Rural,West,14.0,868.0,3.0,63591.0,0.109,5.370646746,52.47902455
Suburban,Northeast,74.0,5512.0,11.0,51291.0,0.193,6.675953,52.99694525
Town,Midwest,27.0,1180.0,2.0,45367.0,0.213,8.158545182,56.64044059
Rural,Midwest,16.0,1298.0,4.0,54219.0,0.16899999999999998,7.343258461,59.63952712
Town,Midwest,11.0,215.0,1.0,62791.0,0.142,8.934474468,60.09446168
Suburban,West,18.0,10235.0,13.0,127282.0,0.055,7.392726654,56.46979152
Town,Midwest,14.0,1329.0,7.0,51639.0,0.14,8.462605747,59.59690865
Urban,South,212.0,22297.0,44.0,67349.0,0.131,7.967639535,58.00116005
Town,Midwest,2.0,1960.0,4.0,74229.0,0.077,6.870299702,59.31449711
Suburban,Midwest,40.0,3879.0,7.0,91532.0,0.035,7.915216223,56.54463274
Suburban,South,14.0,1427.0,3.0,56426.0,0.127,7.266985562,58.75975559
Town,South,14.0,688.0,3.0,63726.0,0.085,5.696139987,60.91581248
Suburban,Midwest,94.0,6004.0,8.0,65344.0,0.11800000000000001,9.263682128,63.80816892
Rural,Midwest,7.0,356.0,2.0,56875.0,0.113,7.322349468,57.24002282
Rural,Midwest,53.0,1966.0,5.0,61080.0,0.11699999999999999,8.88958436,61.10897896
Town,West,27.0,9990.0,18.0,60300.0,0.16699999999999998,6.960661171,69.76882593
Urban,West,211.0,18920.0,36.0,94081.0,0.075,8.303126281,51.28459777
Rural,South,8.0,255.0,1.0,85250.0,0.125,7.070902557,62.94811635
Rural,West,9.0,389.0,4.0,36400.0,0.336,7.698853159,54.76133708
Suburban,Midwest,7.0,1119.0,6.0,41295.0,0.268,10.36412422,61.76697855
Suburban,South,208.0,20721.0,38.0,66221.0,0.098,8.903450205,65.43604414
Rural,Midwest,13.0,823.0,3.0,69472.0,0.109,9.275779823,60.49253748
Rural,Midwest,30.0,692.0,3.0,64110.0,0.10800000000000001,9.47417034,62.59403057
Rural,Midwest,10.0,513.0,2.0,51614.0,0.16,7.080880275,55.0528373
Urban,West,36.0,3948.0,9.0,63270.0,0.109,4.242575836,61.1890867
Rural,South,62.0,4374.0,12.0,55759.0,0.183,7.780311129,59.5103577
Rural,Midwest,22.0,1364.0,5.0,73463.0,0.054000000000000006,7.739019276,56.42366462
Town,Midwest,17.0,1846.0,4.0,103142.0,0.039,8.039712988,55.55076774
Rural,Northeast,27.0,1367.0,2.0,73788.0,0.129,7.095837225,53.94147143
Rural,Midwest,9.0,478.0,3.0,54550.0,0.081,6.320230064,56.13005658
Rural,Midwest,20.0,925.0,3.0,43323.0,0.11699999999999999,6.833911893,54.67944944
Town,Northeast,12.0,1467.0,3.0,54469.0,0.177,6.724412359,50.75206463
Rural,Midwest,15.0,809.0,4.0,61799.0,0.07,7.769202871,57.51333721
Suburban,South,385.0,47452.0,61.0,60013.0,0.107,7.430843615,62.36336126
Rural,West,15.0,495.0,4.0,63359.0,0.121,4.561489775,47.62161275
Rural,South,26.0,1048.0,5.0,40582.0,0.132,9.02161744,62.16818942
Rural,Midwest,27.0,1054.0,5.0,82449.0,0.047,8.681426047,62.1608901
Rural,West,4.0,241.0,1.0,80882.0,0.045,5.324941075,46.73573214
Suburban,Midwest,12.0,1664.0,3.0,44650.0,0.17800000000000002,8.746695069,60.90801962
Suburban,Northeast,24.0,2610.0,6.0,87869.0,0.099,7.034180426,58.96078843
Rural,South,37.0,1283.0,4.0,57568.0,0.071,7.30559961,56.27648805
Rural,Northeast,12.0,352.0,2.0,58750.0,0.085,5.926003933,51.25871821
Rural,South,49.0,3113.0,7.0,48554.0,0.132,7.608695003,57.49341876
Suburban,West,82.0,13398.0,25.0,59745.0,0.114,7.986588471,51.26070061
Rural,Northeast,12.0,579.0,1.0,82522.0,0.034,6.713402804,50.73322396
Town,Midwest,4.0,600.0,2.0,65263.0,0.245,4.278781129,54.06342666
Suburban,Northeast,18.0,2298.0,3.0,198929.0,0.01,8.540666283,67.92509608
Suburban,Northeast,3.0,1938.0,4.0,142188.0,0.05,8.25434699,67.49972074
Rural,West,9.0,1012.0,4.0,55738.0,0.207,6.461198669,49.64920929
Suburban,Midwest,7.0,1408.0,6.0,24681.0,0.37,9.303710882,65.92852174
Suburban,Northeast,1.0,4768.0,6.0,108528.0,0.078,7.64928215,70.58375074
Rural,West,10.0,163.0,1.0,41384.0,0.217,5.937626045,57.94877461
Rural,Midwest,4.0,286.0,3.0,64000.0,0.07,6.428211359,55.45375451
Rural,Midwest,3.0,54.0,1.0,39792.0,0.33899999999999997,7.441599078,54.93332977
Rural,Midwest,20.0,418.0,2.0,46218.0,0.258,7.777044226,56.86323659
Town,Midwest,29.0,2654.0,4.0,101667.0,0.017,7.841970394,59.98611314
Suburban,Midwest,5.0,592.0,3.0,47325.0,0.165,9.194893678,67.29058755
Town,South,80.0,11567.0,11.0,47154.0,0.196,9.190552142,64.60638761
Suburban,Midwest,24.0,1744.0,3.0,98347.0,0.07200000000000001,8.947088879,63.32409525
Town,Midwest,17.0,1873.0,5.0,48905.0,0.19,7.229340711,56.49549179
Rural,South,96.0,8793.0,12.0,73700.0,0.076,9.458993401,66.79193689
Rural,South,44.0,2403.0,6.0,45345.0,0.172,6.962717045,54.74781465
Town,Midwest,37.0,1196.0,4.0,59577.0,0.11900000000000001,8.767381896,60.25656818
Suburban,Midwest,15.0,813.0,2.0,115991.0,0.051,9.151730037,62.36254723
Rural,Midwest,9.0,534.0,2.0,72212.0,0.07400000000000001,6.754949309,58.99799232
Urban,West,107.0,14688.0,32.0,70244.0,0.08,9.148967424,55.34931397
Town,South,10.0,822.0,3.0,49076.0,0.2,8.882030433,58.7702173
Rural,South,80.0,4256.0,7.0,68918.0,0.105,7.722271514,58.30784738
Suburban,Northeast,43.0,3175.0,6.0,61926.0,0.10800000000000001,7.966966429,60.75050391
Rural,Midwest,16.0,596.0,3.0,58667.0,0.162,6.306402724,57.41080738
Rural,West,23.0,2549.0,7.0,59400.0,0.182,6.655556844,77.44225329
Rural,South,10.0,530.0,2.0,34426.0,0.262,8.214052207,60.10504832
Suburban,Midwest,94.0,12367.0,20.0,96911.0,0.045,7.625009851,60.09896544
Rural,Midwest,17.0,1307.0,3.0,84670.0,0.045,8.878741874,60.8349058
Rural,Midwest,4.0,27.0,1.0,49224.0,0.27,7.333854875,54.77491619
Rural,South,8.0,232.0,1.0,52083.0,0.157,5.399771455,61.19134296
Town,West,10.0,342.0,3.0,56413.0,0.14400000000000002,4.885903569,52.18372553
Urban,West,1271.0,427795.0,785.0,69016.0,0.165,10.05944572,66.33815714
Suburban,Midwest,28.0,2663.0,4.0,120000.0,0.033,9.826725438,63.85461809
Rural,South,15.0,1283.0,4.0,73068.0,0.177,8.699519084,68.21276596
Rural,Midwest,8.0,685.0,3.0,54817.0,0.098,7.054295238,56.88221949
Rural,Northeast,6.0,140.0,1.0,41875.0,0.156,4.783356219,47.95285
Suburban,Midwest,41.0,5827.0,12.0,87872.0,0.034,8.620567899,58.38528781
Suburban,Northeast,64.0,4914.0,8.0,86490.0,0.066,7.181371364,54.02854795
Rural,Midwest,9.0,558.0,3.0,61450.0,0.107,7.401111933,55.50121612
Rural,West,1.0,16.0,1.0,63523.0,0.13,6.122823268,55.39964561
Rural,Midwest,23.0,1357.0,3.0,72665.0,0.087,8.809553568,61.99446191
Rural,South,23.0,1920.0,5.0,68560.0,0.062,6.385750037,57.1570087
Town,Midwest,15.0,980.0,3.0,68621.0,0.124,6.814894874,55.95813472
Suburban,Midwest,30.0,2778.0,7.0,67438.0,0.106,8.560422956,58.23987846
Rural,South,16.0,542.0,2.0,47500.0,0.161,8.610597655,57.24217362
Suburban,Northeast,10.0,1242.0,2.0,70769.0,0.21,6.005912367,57.64207364
Rural,Northeast,17.0,659.0,2.0,72250.0,0.086,6.609182119,55.92888143
Rural,Midwest,12.0,321.0,2.0,83611.0,0.057,4.055089596,58.17831086
Town,South,24.0,2071.0,5.0,44701.0,0.289,9.041856644,58.90458661
Rural,South,5.0,189.0,1.0,63407.0,0.05,8.665903727,59.89057584
Suburban,Northeast,3.0,806.0,2.0,77368.0,0.055999999999999994,9.000369353,64.83773493
Suburban,South,967.0,99354.0,122.0,63235.0,0.12,7.398412996,59.35679363
Suburban,Midwest,5.0,1619.0,3.0,40504.0,0.26,9.553488734,64.65339937
Urban,West,12.0,5808.0,12.0,105234.0,0.07200000000000001,6.971741461,62.35777114
Urban,South,12.0,2896.0,7.0,61772.0,0.054000000000000006,7.829769075,56.40823417
Town,West,32.0,4453.0,12.0,47441.0,0.132,5.780030035,53.25475683
Rural,Midwest,12.0,565.0,3.0,72695.0,0.077,6.65445002,55.79466434
Suburban,West,50.0,23145.0,11.0,83665.0,0.10800000000000001,11.13361879,90.9598164
Rural,Midwest,9.0,595.0,4.0,44413.0,0.158,8.620034214,57.20522726
Rural,Northeast,22.0,867.0,2.0,56394.0,0.209,6.736744507,55.97309106
Town,Northeast,2.0,1666.0,3.0,76410.0,0.08199999999999999,6.765097015,60.71651148
Town,Midwest,30.0,1164.0,4.0,60521.0,0.073,7.874346521,55.38925329
Rural,South,71.0,2302.0,10.0,45501.0,0.20199999999999999,8.330595954,58.8291823
Rural,Northeast,4.0,76.0,1.0,68516.0,0.086,4.170009479,49.72868
Rural,Midwest,3.0,22.0,1.0,96250.0,0.028999999999999998,5.358848467,57.22801554
Rural,Midwest,13.0,753.0,3.0,82563.0,0.034,7.252103538,57.4370164
Suburban,Northeast,3.0,1965.0,1.0,102749.0,0.057,8.096911361,66.57570332
Rural,South,11.0,699.0,3.0,88125.0,0.039,8.542055904,65.30854272
Suburban,Midwest,3.0,4362.0,12.0,57489.0,0.125,9.357278555,65.80597669
Rural,South,4.0,130.0,1.0,37125.0,0.025,6.881171233,60.94303
Town,Midwest,19.0,2167.0,7.0,53639.0,0.127,5.131668694,56.37001436
Suburban,Northeast,34.0,2314.0,6.0,58142.0,0.133,6.830194163,55.49399952
Town,South,17.0,1798.0,4.0,90692.0,0.037000000000000005,9.178608621,63.3181149
Suburban,Northeast,63.0,14999.0,24.0,68067.0,0.115,6.821587479,58.99031225
Rural,Midwest,7.0,405.0,3.0,50938.0,0.152,6.880272396,59.2482401
Suburban,South,143.0,26135.0,25.0,72343.0,0.10800000000000001,7.76923157,60.96362229
Rural,Midwest,19.0,1932.0,4.0,101847.0,0.065,8.139291557,58.41022908
Town,West,40.0,2572.0,7.0,83923.0,0.076,7.675814512,56.86431484
Suburban,Midwest,60.0,8470.0,13.0,99560.0,0.044000000000000004,9.144848574,59.79817065
Rural,Midwest,12.0,420.0,2.0,53542.0,0.125,6.91502742,55.62899144
Suburban,South,31.0,6026.0,7.0,132949.0,0.024,8.922640445,62.34921703
Suburban,Northeast,11.0,3913.0,7.0,142039.0,0.033,6.998088064,67.82805002
Suburban,Midwest,12.0,914.0,5.0,54482.0,0.111,10.27628134,63.65701051
Rural,South,24.0,1286.0,3.0,38854.0,0.174,8.172808318,57.91816664
Town,Midwest,35.0,2720.0,6.0,83536.0,0.055999999999999994,8.15916881,57.80638152
Rural,Midwest,73.0,4040.0,10.0,62773.0,0.096,8.704612755,60.03671604
Urban,Midwest,32.0,4380.0,9.0,48496.0,0.217,8.865624181,58.17502443
Suburban,South,249.0,20070.0,24.0,96084.0,0.054000000000000006,9.543092631,68.873716
Town,Northeast,32.0,1371.0,3.0,60182.0,0.1,6.229426463,53.9862491
Rural,South,16.0,645.0,3.0,45469.0,0.183,9.391309521,55.57315609
Rural,Midwest,11.0,519.0,4.0,63172.0,0.07200000000000001,5.696341017,55.48074384
Rural,Northeast,21.0,325.0,1.0,63438.0,0.276,8.342759041,67.2141002
Rural,South,8.0,494.0,2.0,55446.0,0.134,9.503908043,58.27426165
Suburban,South,24.0,3665.0,11.0,44032.0,0.273,9.775647268,65.03279711
Rural,Midwest,6.0,283.0,2.0,71316.0,0.135,8.767207215,57.21446502
Rural,West,11.0,187.0,2.0,85956.0,0.113,4.331679169,56.43457099
Rural,South,93.0,5977.0,10.0,27901.0,0.37200000000000005,10.21928955,53.46306733
Rural,Midwest,15.0,497.0,3.0,51109.0,0.133,8.560766871,60.55877724
Rural,Midwest,6.0,432.0,3.0,58654.0,0.083,7.581937658,56.28754663
Suburban,Northeast,43.0,1565.0,3.0,78125.0,0.045,7.136701698,56.99847849
Rural,Midwest,6.0,97.0,3.0,49196.0,0.11199999999999999,5.672000763,54.39226569
Rural,South,127.0,10234.0,22.0,63943.0,0.09699999999999999,7.564052799,60.33295384
Rural,South,72.0,3989.0,9.0,41157.0,0.23199999999999998,9.224755422,56.58057701
Urban,South,765.0,51979.0,92.0,50687.0,0.179,9.24385546,59.42447018
Rural,Midwest,2.0,721.0,2.0,67222.0,0.064,5.682195546,61.76739306
Rural,South,49.0,7869.0,10.0,131664.0,0.04,9.069259819,63.0723513
Rural,West,1.0,142.0,1.0,60583.0,0.11699999999999999,4.974333462,53.41432171
Rural,West,18.0,200.0,2.0,51862.0,0.165,6.565927805,59.35305109
Rural,Midwest,21.0,1261.0,3.0,60242.0,0.106,9.267258328,58.91812436
Town,Midwest,31.0,2102.0,7.0,67116.0,0.078,7.732778089,58.19553759
Rural,Midwest,16.0,596.0,2.0,49619.0,0.106,7.34871073,57.46703547
Rural,South,12.0,656.0,2.0,69265.0,0.099,8.737801174,60.29609614
Town,Midwest,27.0,2071.0,4.0,79660.0,0.07400000000000001,7.161557423,54.93097013
Rural,South,97.0,9255.0,15.0,86547.0,0.102,9.500821909,61.74751732
Rural,Midwest,7.0,358.0,2.0,45000.0,0.19899999999999998,7.365510437,56.14204464
Rural,South,8.0,360.0,3.0,40900.0,0.223,6.393523338,60.13141573
Rural,Northeast,7.0,1330.0,3.0,97402.0,0.06,6.309395254,59.77190575
Rural,South,70.0,3270.0,9.0,49968.0,0.159,8.794216038,57.8601264
Rural,South,57.0,2791.0,6.0,53196.0,0.172,9.251158641,58.59019769
Suburban,Midwest,19.0,1594.0,4.0,113644.0,0.036000000000000004,9.776637481,62.54385963
Town,South,22.0,1203.0,4.0,40435.0,0.266,8.660565252,63.05531332
Town,Northeast,26.0,2213.0,7.0,40438.0,0.193,5.648590939,52.32147658
Town,South,19.0,1503.0,5.0,61410.0,0.19,8.647762459,61.48952338
Rural,Midwest,23.0,642.0,2.0,60592.0,0.1,8.017365012,59.37359788
Suburban,Midwest,154.0,6705.0,3.0,118670.0,0.031,9.966342706,63.53429863
Rural,Northeast,4.0,163.0,2.0,39375.0,0.152,4.208629068,50.06436
Suburban,Northeast,13.0,6047.0,11.0,125701.0,0.046,7.14319968,56.84091757
Rural,South,33.0,1751.0,4.0,54420.0,0.158,7.854086047,61.10902811
Rural,Midwest,8.0,302.0,2.0,54479.0,0.10099999999999999,8.009380988,61.95353007
Town,West,11.0,1023.0,6.0,36662.0,0.233,4.272721011,61.23912671
Suburban,Midwest,343.0,35082.0,58.0,86845.0,0.085,9.700418735,64.68842867
Suburban,Midwest,42.0,3350.0,5.0,89315.0,0.017,8.364824905,59.45696207
Rural,South,16.0,582.0,3.0,53193.0,0.154,9.082064249,60.17580594
Town,South,40.0,3457.0,6.0,57911.0,0.10300000000000001,6.861959036,58.30559101
Suburban,Midwest,60.0,3726.0,7.0,58497.0,0.125,8.746843265,61.09763813
Rural,West,50.0,4693.0,12.0,74402.0,0.067,9.813147406,55.4069245
Suburban,Northeast,3.0,1744.0,4.0,102262.0,0.084,8.911483218,64.40647311
Rural,Midwest,16.0,560.0,2.0,69120.0,0.055,7.530690264,56.19676039
Rural,Midwest,13.0,295.0,2.0,58125.0,0.091,5.212852819,55.24376026
Town,Midwest,32.0,1626.0,4.0,60023.0,0.141,8.486434043,60.73073485
Rural,Midwest,16.0,827.0,4.0,48780.0,0.203,8.180832384,56.67059904
Rural,South,9.0,121.0,1.0,58646.0,0.057999999999999996,7.69863298,60.35556589
Rural,Midwest,11.0,446.0,3.0,57875.0,0.14300000000000002,7.132432612,54.22918937
Urban,Midwest,35.0,3022.0,4.0,76545.0,0.08800000000000001,7.283324769,55.63335889
Rural,South,18.0,760.0,4.0,58262.0,0.15,8.971884797,60.07313082
Rural,West,11.0,328.0,3.0,36786.0,0.185,3.438671783,57.65311227
Rural,Northeast,39.0,2229.0,8.0,52796.0,0.17,5.145081148,51.21687605
Town,Midwest,13.0,685.0,1.0,95054.0,0.10400000000000001,9.150048129,60.12590382
Suburban,Midwest,34.0,4650.0,9.0,59567.0,0.099,9.94863202,63.74446378
Town,West,3.0,1279.0,3.0,58449.0,0.27699999999999997,5.547632877,47.07373
Rural,West,4.0,20.0,2.0,31000.0,0.223,3.902797029,54.53027878
Rural,Midwest,26.0,1814.0,6.0,54616.0,0.136,6.748486627,57.85152152
Rural,West,11.0,232.0,2.0,66404.0,0.057,7.139214957,50.46098563
Rural,Midwest,12.0,866.0,4.0,61121.0,0.114,8.193018636,61.07758172
Rural,South,74.0,4131.0,6.0,57754.0,0.145,9.154334819,56.64277387
Rural,West,6.0,130.0,2.0,73518.0,0.102,5.607201168,45.53646891
Suburban,Midwest,12.0,3913.0,7.0,96879.0,0.059000000000000004,10.20833692,63.57303044
Rural,Midwest,11.0,253.0,2.0,48109.0,0.10300000000000001,6.036478481,54.85189131
Rural,Midwest,5.0,298.0,1.0,46115.0,0.13699999999999998,5.796434675,53.72660745
Town,Midwest,12.0,1066.0,4.0,55381.0,0.114,6.686077588,59.9785876
Town,Northeast,12.0,580.0,3.0,39009.0,0.187,4.146863014,49.56925
Rural,Midwest,5.0,35.0,1.0,55313.0,0.171,6.838041403,60.43327142
Rural,South,34.0,1657.0,7.0,39346.0,0.264,7.825123627,59.30633472
Urban,West,99.0,17452.0,34.0,84416.0,0.1,5.988354462,55.14573807
Rural,West,5.0,97.0,1.0,85481.0,0.109,6.625034507,52.90078946
Suburban,Northeast,29.0,2563.0,4.0,128606.0,0.047,7.548642138,66.56575604
Urban,Midwest,187.0,16072.0,15.0,120765.0,0.03,9.752080447,64.03336632
Rural,South,26.0,1856.0,3.0,105407.0,0.075,8.735854952,62.76462356
Urban,West,268.0,43716.0,44.0,95626.0,0.069,6.723879935,69.25359888
Rural,Midwest,13.0,532.0,3.0,64047.0,0.131,8.823047515,60.04257238
Suburban,Midwest,22.0,1124.0,3.0,109891.0,0.068,8.624776467,66.52989726
Suburban,Midwest,25.0,4923.0,9.0,77913.0,0.09,8.150697392,55.13920374
Rural,Midwest,2.0,70.0,1.0,72059.0,0.09,8.403991206,59.51590098
Rural,Northeast,12.0,390.0,2.0,67500.0,0.154,6.58918676,51.71778979
Rural,Northeast,4.0,59.0,1.0,75333.0,0.098,5.35071507,51.56268566
Rural,West,23.0,573.0,2.0,44829.0,0.156,4.117791512,64.22766845
Rural,South,4.0,131.0,1.0,61563.0,0.043,7.426816164,58.94219
Rural,South,16.0,773.0,3.0,71655.0,0.19899999999999998,8.623854094,63.05683931
Rural,Midwest,13.0,508.0,3.0,80465.0,0.068,5.590962462,57.0956808
Rural,Midwest,21.0,822.0,2.0,72632.0,0.044000000000000004,8.743966015,60.49091028
Urban,Midwest,49.0,6385.0,13.0,51626.0,0.161,7.366886038,56.46001431
Rural,Midwest,19.0,1523.0,4.0,106037.0,0.032,8.561554712,58.79125919
Town,South,87.0,9797.0,17.0,73113.0,0.102,8.482409669,58.89106848
Rural,Midwest,12.0,460.0,3.0,56389.0,0.11599999999999999,8.752684638,57.2655781
Suburban,Midwest,28.0,2036.0,7.0,69885.0,0.095,8.653943516,61.52541286
Rural,Northeast,3.0,185.0,1.0,41968.0,0.075,4.224845362,50.2222622
Town,Midwest,2.0,786.0,1.0,58009.0,0.11800000000000001,8.788942621,60.16940992
Rural,Midwest,22.0,1741.0,3.0,74761.0,0.06,6.968241318,56.09567362
Rural,Midwest,9.0,341.0,2.0,73664.0,0.08199999999999999,5.52290744,62.72393106
Rural,South,6.0,215.0,2.0,41417.0,0.132,7.19539435,59.34947996
Rural,Midwest,10.0,625.0,2.0,56283.0,0.129,7.033174301,55.85014928
Rural,West,2.0,75.0,1.0,51402.0,0.249,4.832289737,52.47772695
Town,West,35.0,1643.0,5.0,68681.0,0.162,3.474788036,60.78996345
Urban,Midwest,975.0,67500.0,156.0,45318.0,0.24100000000000002,8.69665421,60.47554416
Town,West,39.0,3440.0,9.0,49454.0,0.185,6.139120766,50.0700654
Rural,South,54.0,7339.0,9.0,122223.0,0.115,8.677901053,62.81464498
Rural,South,5.0,123.0,1.0,24861.0,0.3,9.088517171,60.64729556
Suburban,Northeast,63.0,3301.0,5.0,181329.0,0.049,7.91056423,72.2216997
Rural,Northeast,46.0,1835.0,4.0,73255.0,0.12,6.062409964,54.68206131
Town,South,78.0,4310.0,6.0,45134.0,0.21,8.999125763,61.45739492
Town,South,2.0,343.0,1.0,44958.0,0.129,7.666271476,61.05714044
Rural,South,44.0,3003.0,5.0,34455.0,0.256,9.047325895,58.09677141
Rural,Midwest,15.0,246.0,2.0,60464.0,0.049,4.820779826,56.19127003
Suburban,Midwest,1.0,4308.0,7.0,82685.0,0.069,7.445507747,58.30350595
Rural,Midwest,9.0,758.0,3.0,73875.0,0.069,7.067051659,60.21061882
Rural,Midwest,8.0,467.0,4.0,56818.0,0.113,6.267090574,55.2011329
Rural,South,58.0,3030.0,9.0,53168.0,0.12300000000000001,6.729615146,55.4963058
Suburban,Northeast,7.0,1004.0,2.0,97661.0,0.039,6.378004561,72.95077811
Town,West,23.0,1706.0,4.0,61635.0,0.158,4.118867075,67.41856029
Rural,Midwest,20.0,889.0,2.0,57425.0,0.124,4.642973418,53.36704664
Town,Midwest,8.0,521.0,1.0,58939.0,0.182,9.074188417,62.16806285
Urban,Midwest,60.0,6527.0,14.0,71884.0,0.086,8.290888496,58.17308973
Rural,South,23.0,955.0,3.0,43313.0,0.264,7.57145607,56.22997555
Suburban,Northeast,5.0,2396.0,5.0,109375.0,0.057999999999999996,6.731953727,59.16536875
Town,South,25.0,1104.0,3.0,90151.0,0.054000000000000006,8.357456379,62.52397535
Rural,Midwest,24.0,1090.0,3.0,79865.0,0.042,7.024516565,60.08466728
Town,West,21.0,3724.0,8.0,123677.0,0.042,3.462972648,62.60709628
Rural,South,15.0,408.0,1.0,40719.0,0.168,9.365803311,60.24095209
Rural,Midwest,7.0,176.0,1.0,62750.0,0.128,7.144929494,60.25804776
Rural,South,58.0,3074.0,5.0,44907.0,0.21100000000000002,8.853090879,58.37106818
Rural,South,49.0,2900.0,7.0,45236.0,0.182,8.796837929,57.9434914
Urban,Midwest,326.0,51754.0,111.0,60157.0,0.146,7.504845515,56.2397537
Rural,Midwest,7.0,315.0,3.0,60568.0,0.138,8.573289239,56.37300965
Rural,Northeast,9.0,269.0,1.0,45893.0,0.158,5.92778581,53.45150696
Town,Midwest,10.0,1630.0,3.0,34473.0,0.341,8.053153393,55.75651632
Rural,West,9.0,1651.0,6.0,56125.0,0.19699999999999998,7.967528444,70.39321679
Urban,South,2.0,2310.0,4.0,86488.0,0.052000000000000005,9.522932906,59.78987917
Rural,West,5.0,112.0,1.0,42679.0,0.257,6.208120548,58.13997
Suburban,Midwest,13.0,1101.0,4.0,35714.0,0.307,8.716725754,61.19759962
Suburban,South,39.0,3434.0,4.0,90544.0,0.044000000000000004,8.104444757,59.93473156
Town,Midwest,8.0,503.0,1.0,50000.0,0.162,4.656413869,54.96240297
Rural,Midwest,8.0,779.0,4.0,67429.0,0.07200000000000001,6.046470635,61.41032537
Rural,South,20.0,589.0,2.0,39297.0,0.191,8.661052189,59.13176876
Rural,West,2.0,54.0,1.0,61500.0,0.134,5.983906027,62.86134
Rural,Midwest,9.0,162.0,2.0,73750.0,0.015,4.784876691,55.2894628
Rural,Midwest,4.0,223.0,2.0,58182.0,0.11800000000000001,7.010891738,55.59823417
Rural,West,6.0,341.0,4.0,58125.0,0.152,5.629887208,47.09355149
Town,South,15.0,1424.0,5.0,41073.0,0.166,9.140301026,55.59869829
Rural,West,6.0,743.0,1.0,120515.0,0.055999999999999994,5.516370712,60.34036
Rural,Midwest,8.0,748.0,3.0,79265.0,0.035,8.032516627,55.71841654
Town,West,65.0,3082.0,9.0,53411.0,0.138,7.17013753,44.09130202
Rural,South,149.0,8717.0,15.0,43865.0,0.201,8.691731611,59.71962781
Suburban,South,292.0,25787.0,44.0,104708.0,0.05,7.939796315,62.74153582
Rural,Midwest,21.0,1613.0,4.0,74534.0,0.073,8.841902963,59.53178099
Suburban,Northeast,10.0,1309.0,3.0,104892.0,0.081,8.920696564,64.15384932
Suburban,Midwest,10.0,1484.0,1.0,78303.0,0.044000000000000004,8.801736773,61.81611393
Rural,Midwest,48.0,1563.0,7.0,64515.0,0.09,8.299600117,59.78667377
Rural,Midwest,7.0,267.0,2.0,52014.0,0.248,8.371428495,57.99433329
Suburban,Midwest,17.0,5132.0,9.0,83474.0,0.035,8.237182733,58.09214421
Rural,Midwest,12.0,1200.0,3.0,52348.0,0.163,6.443150978,59.89921494
Rural,Midwest,2.0,39.0,1.0,65000.0,0.061,7.022914521,59.07962
Rural,South,17.0,1622.0,4.0,48891.0,0.165,9.914340586,55.38791144
Town,South,12.0,619.0,3.0,52885.0,0.149,7.358247325,59.39005343
Rural,South,23.0,1104.0,3.0,63901.0,0.16899999999999998,8.936647931,62.97898711
Town,Midwest,14.0,1214.0,4.0,57003.0,0.11800000000000001,6.717020524,57.82334421
Urban,Midwest,1483.0,321666.0,644.0,65781.0,0.171,9.965035874,65.99300328
Suburban,Northeast,10.0,1604.0,2.0,50614.0,0.155,4.518017047,52.10038613
Town,South,26.0,2385.0,6.0,55463.0,0.17,7.553637365,60.19260584
Rural,Northeast,2.0,93.0,1.0,34141.0,0.272,3.927057068,53.80711
Rural,Midwest,1.0,645.0,2.0,72115.0,0.065,7.360650839,58.62789967
Rural,Midwest,8.0,389.0,2.0,67788.0,0.07200000000000001,8.467585761,58.81303248
Suburban,Northeast,10.0,2102.0,4.0,86502.0,0.10300000000000001,9.013876742,65.20795477
Rural,Midwest,5.0,314.0,2.0,63681.0,0.040999999999999995,7.232573876,55.19676586
Rural,South,67.0,2964.0,9.0,39862.0,0.183,8.098595318,61.2490735
Rural,Northeast,22.0,729.0,3.0,68604.0,0.10400000000000001,6.620967205,55.98609348
Rural,Midwest,32.0,1539.0,5.0,75417.0,0.07200000000000001,9.216131438,60.45683099
Rural,South,20.0,1179.0,3.0,70714.0,0.159,8.622374202,60.52559023
Rural,Midwest,12.0,392.0,2.0,63778.0,0.126,5.528004738,55.71411372
Town,South,42.0,3788.0,7.0,40048.0,0.209,8.254884458,63.11654028
Rural,Midwest,18.0,1072.0,3.0,81197.0,0.062,8.580377534,61.30396
Rural,South,13.0,254.0,1.0,128281.0,0.034,7.098245506,65.10508321
Rural,West,2.0,33.0,1.0,46607.0,0.11800000000000001,4.011223047,61.69273205
Town,Midwest,6.0,2775.0,12.0,64140.0,0.1,5.442724548,59.32517557
Rural,Midwest,1.0,630.0,2.0,95515.0,0.052000000000000005,8.447359706,61.20780992
Suburban,West,55.0,9450.0,14.0,47150.0,0.23,7.264116804,67.99583436
Town,Midwest,19.0,607.0,2.0,60294.0,0.11199999999999999,4.914181667,54.46030455
Rural,Midwest,15.0,756.0,3.0,67452.0,0.049,8.477488634,60.56513815
Suburban,West,17.0,6474.0,10.0,100000.0,0.063,8.183012495,67.04351715
Urban,West,49.0,3670.0,9.0,56821.0,0.126,9.257885957,55.81212645
Rural,Midwest,24.0,1406.0,2.0,49193.0,0.151,8.4588113,57.86153864
Suburban,West,20.0,871.0,3.0,78427.0,0.131,9.849160875,58.15490299
Rural,West,8.0,185.0,3.0,51709.0,0.135,3.703538466,55.32052
Rural,Midwest,5.0,71.0,2.0,66750.0,0.052000000000000005,5.480441568,54.60924492
Rural,South,18.0,817.0,5.0,51528.0,0.11,7.240693714,59.8867546
Suburban,Midwest,27.0,4596.0,8.0,58619.0,0.11199999999999999,7.503198575,55.77622303
Rural,South,43.0,2157.0,7.0,42260.0,0.20800000000000002,6.530839976,55.07189768
Rural,South,28.0,3960.0,12.0,53648.0,0.16699999999999998,7.92266977,59.91832441
Rural,Midwest,24.0,1108.0,2.0,65890.0,0.078,8.650639558,60.57383712
Rural,Midwest,11.0,1719.0,5.0,53988.0,0.128,6.309558002,55.72178629
Suburban,Midwest,14.0,3061.0,8.0,73180.0,0.077,8.306423017,60.59866098
Town,Midwest,17.0,2059.0,5.0,47255.0,0.161,8.488870093,63.42479464
Town,Midwest,20.0,1439.0,2.0,59726.0,0.11,9.2088714,59.13746689
Suburban,South,112.0,18650.0,36.0,69769.0,0.105,6.830241112,57.48728091
Town,South,24.0,1347.0,4.0,64136.0,0.105,5.850042551,61.51520991
Suburban,Midwest,56.0,3477.0,12.0,111814.0,0.047,8.795712487,58.84529521
Rural,Midwest,6.0,206.0,2.0,57269.0,0.251,8.053384991,62.48519559
Town,West,74.0,5753.0,14.0,55464.0,0.129,7.406951404,50.0158525
Rural,Northeast,1.0,231.0,1.0,128929.0,0.124,7.612340811,62.07790137
Suburban,Midwest,26.0,3108.0,5.0,99276.0,0.019,7.981358748,54.95037807
Rural,Northeast,41.0,1231.0,3.0,58125.0,0.133,6.66848498,55.01894644
Town,South,32.0,2114.0,5.0,43244.0,0.14300000000000002,8.81157153,58.28656979
Suburban,Midwest,11.0,2229.0,6.0,61741.0,0.083,8.442026792,57.8900156
Rural,South,13.0,506.0,2.0,68250.0,0.155,8.488753636,62.75158592
Rural,South,3.0,112.0,1.0,62833.0,0.086,8.699751067,60.50359725
Rural,Midwest,6.0,1010.0,5.0,53328.0,0.14300000000000002,4.713276911,55.03810402
Rural,South,15.0,504.0,3.0,55807.0,0.192,6.097565205,56.01636
Rural,Midwest,8.0,654.0,3.0,64395.0,0.086,8.564556331,59.71568172
Town,West,34.0,3311.0,14.0,70315.0,0.134,4.341959467,55.00437753
Suburban,Midwest,26.0,1775.0,4.0,70417.0,0.102,8.480063781,60.49901
Rural,South,61.0,2481.0,7.0,47215.0,0.10800000000000001,7.013206129,57.72489579
Town,Midwest,12.0,1257.0,4.0,79267.0,0.045,8.515122482,57.5997124
Rural,West,31.0,1238.0,6.0,68026.0,0.098,3.438922247,55.65789611
Rural,Midwest,8.0,392.0,2.0,70964.0,0.16,8.789152063,58.73690887
Rural,West,20.0,534.0,3.0,44510.0,0.213,3.641534684,62.87150196
Rural,South,8.0,431.0,3.0,43378.0,0.198,8.402438021,57.96275339
Rural,West,4.0,59.0,1.0,64205.0,0.14400000000000002,3.61374389,63.57568
Suburban,South,88.0,16491.0,22.0,49210.0,0.263,10.6066379,54.51578396
Suburban,Midwest,25.0,2104.0,3.0,88118.0,0.07,10.36856843,65.84949424
Town,South,37.0,1181.0,3.0,54375.0,0.161,7.043600696,57.18919996
Town,South,47.0,2442.0,6.0,37014.0,0.261,7.523749274,56.12757706
Town,Midwest,13.0,1147.0,4.0,51861.0,0.12,6.270705827,56.83774344
Urban,Northeast,2.0,16158.0,21.0,99791.0,0.094,8.098446858,75.60610969
Town,West,17.0,4748.0,11.0,65089.0,0.21600000000000003,4.545472201,57.81829898
Rural,Midwest,6.0,238.0,2.0,64022.0,0.066,7.530690264,56.19676039
Town,South,93.0,11313.0,11.0,43367.0,0.217,8.972293898,65.48192099
Rural,Midwest,14.0,590.0,5.0,78281.0,0.08,7.790177984,59.2628313
Suburban,Midwest,17.0,2051.0,3.0,78929.0,0.065,7.401375438,55.91272347
Rural,Midwest,11.0,1082.0,2.0,83553.0,0.033,5.692137527,58.21504506
Rural,Midwest,26.0,1068.0,3.0,60346.0,0.185,8.705051231,63.08197257
Town,West,13.0,837.0,3.0,56811.0,0.13,3.074963553,56.8328044
Town,South,46.0,5294.0,16.0,46110.0,0.19,7.440088371,59.41774048
Rural,West,6.0,125.0,3.0,71250.0,0.098,5.043578966,52.05707653
Rural,Midwest,10.0,184.0,2.0,44904.0,0.039,5.604398684,58.63264291
Rural,Midwest,10.0,643.0,3.0,59303.0,0.083,8.448569729999999,56.13856938
Rural,Midwest,16.0,534.0,2.0,80052.0,0.08800000000000001,7.673140711,61.61137132
Rural,West,10.0,261.0,4.0,67143.0,0.086,7.7870607,55.4379648
Rural,Midwest,9.0,406.0,4.0,106719.0,0.075,4.222667937,57.96422919
Rural,Midwest,9.0,910.0,3.0,78105.0,0.04,7.505694494,61.42183186
Suburban,Northeast,1.0,73.0,1.0,89653.0,0.08900000000000001,6.576781918,61.54452
Rural,South,21.0,1172.0,3.0,55974.0,0.122,8.731572808,60.73788429
Suburban,South,5.0,3127.0,5.0,89000.0,0.055,9.706996123,65.41067334
Town,Midwest,10.0,976.0,3.0,72528.0,0.028999999999999998,5.867898609,61.73123058
Town,Midwest,20.0,1456.0,4.0,82957.0,0.039,8.678683773,58.63116543
Urban,Midwest,135.0,10683.0,13.0,58731.0,0.135,10.16021935,63.1048167
Town,West,84.0,12739.0,18.0,56308.0,0.153,4.18552028,60.64657412
Rural,Northeast,64.0,2078.0,5.0,65380.0,0.109,6.327559921,56.09855816
Rural,South,71.0,3575.0,5.0,41605.0,0.262,9.356085768,59.90065041
Suburban,Northeast,62.0,3945.0,7.0,185188.0,0.025,7.719939125,69.79580476
Rural,Northeast,2.0,131.0,1.0,73906.0,0.04,4.037102603,56.20542
Rural,West,5.0,196.0,1.0,49306.0,0.122,6.360360136,53.3639923
Town,West,30.0,3312.0,8.0,71749.0,0.099,3.347211578,55.11138397
Suburban,Northeast,10.0,1428.0,4.0,93045.0,0.043,9.039109031,65.10988757
Suburban,South,7.0,4409.0,6.0,150268.0,0.04,10.2722528,66.30700685
Suburban,Northeast,36.0,2200.0,2.0,121032.0,0.037000000000000005,8.203597555,65.7744325
Suburban,Midwest,62.0,5684.0,7.0,108855.0,0.037000000000000005,9.977523522,67.79572932
Rural,West,4.0,53.0,3.0,47639.0,0.153,4.810830907,61.37274294
Town,Midwest,17.0,1032.0,3.0,61607.0,0.19699999999999998,8.109523502,55.90068891
Rural,Midwest,8.0,489.0,2.0,75579.0,0.027999999999999997,8.507698886,60.36042017
Town,Midwest,26.0,3041.0,5.0,40263.0,0.248,8.583423778,57.73617073
Suburban,Midwest,14.0,2341.0,7.0,59910.0,0.12300000000000001,10.21458028,63.6094107
Suburban,Midwest,27.0,2132.0,6.0,90989.0,0.071,8.505809596,57.73591953
Suburban,Midwest,44.0,3977.0,6.0,74200.0,0.09699999999999999,9.030904675,60.4066616
Rural,Midwest,9.0,200.0,2.0,62500.0,0.065,5.539973959,55.31171296
Suburban,Midwest,51.0,5535.0,8.0,93118.0,0.046,8.925798029,59.9289646
Rural,Midwest,9.0,175.0,2.0,68295.0,0.099,4.857704326,58.46156354
Suburban,Midwest,53.0,5101.0,5.0,137872.0,0.024,9.637315596,61.9499461
Rural,Midwest,17.0,941.0,3.0,77321.0,0.053,8.596911635,59.46784795
Rural,South,7.0,230.0,2.0,68333.0,0.11900000000000001,8.482561934,63.72889709
Town,Northeast,2.0,2235.0,4.0,56531.0,0.124,6.503240476,55.67974705
Rural,Midwest,14.0,377.0,2.0,62679.0,0.151,7.64461784,58.83350271
Rural,Midwest,9.0,687.0,3.0,74327.0,0.048,7.635730983,60.37245991
Rural,South,129.0,7204.0,18.0,48284.0,0.16399999999999998,9.355532576,61.16114129
Rural,Midwest,7.0,185.0,2.0,49449.0,0.17300000000000001,6.671644172,59.0163118
Rural,West,3.0,88.0,2.0,42031.0,0.33799999999999997,4.031432863,55.02317314
Rural,Midwest,8.0,408.0,3.0,60054.0,0.126,6.889452905,55.39857019
Town,Midwest,16.0,1217.0,3.0,58496.0,0.135,8.530495473,62.5043563
Rural,West,10.0,406.0,1.0,73750.0,0.136,7.756390899,48.13824073
Town,Midwest,23.0,1864.0,7.0,49728.0,0.187,8.040677456,58.5147784
Rural,Northeast,6.0,198.0,1.0,56625.0,0.038,4.332482959,51.71228
Rural,South,3.0,117.0,1.0,95750.0,0.052000000000000005,7.947934623,61.94786594
Town,West,14.0,1096.0,4.0,47961.0,0.166,3.92158447,62.34679359
Suburban,West,20.0,5811.0,10.0,107299.0,0.07,11.40241946,76.48435384
Suburban,Midwest,52.0,5854.0,9.0,73500.0,0.068,9.689678188,60.95107162
Town,Midwest,10.0,603.0,2.0,24082.0,0.44299999999999995,7.91221722,58.2730838
Suburban,South,113.0,17463.0,23.0,80570.0,0.062,8.278714909,62.93499575
Suburban,South,49.0,3900.0,5.0,88533.0,0.043,9.339316604,69.70200789
Rural,South,14.0,848.0,2.0,67500.0,0.152,8.666414521,61.78729
Suburban,Midwest,14.0,1370.0,4.0,41088.0,0.218,8.310036147,60.97386055
Suburban,West,22.0,2518.0,10.0,55038.0,0.139,7.381646315,53.30417067
Town,South,14.0,1056.0,3.0,43310.0,0.09699999999999999,9.025341285,56.6504512
Town,Midwest,4.0,340.0,2.0,42017.0,0.19399999999999998,8.817737971,61.31557398
Rural,West,3.0,27.0,1.0,38750.0,0.187,5.296614671,53.06577869
Rural,South,69.0,6925.0,11.0,73451.0,0.107,9.021536172,65.83613844
Rural,Midwest,42.0,3061.0,7.0,84187.0,0.067,8.494994906,59.30390214
Town,Northeast,35.0,4533.0,9.0,37382.0,0.273,6.99976305,56.11180765
Suburban,Northeast,73.0,4679.0,6.0,88771.0,0.055,6.755668545,58.1839273
Rural,Midwest,7.0,533.0,3.0,54779.0,0.158,8.15331142,58.80790358
Rural,Midwest,6.0,123.0,1.0,56050.0,0.106,5.26509482,54.01085967
Town,West,17.0,1272.0,4.0,78125.0,0.081,4.496542549,55.04916272
Rural,Northeast,22.0,445.0,2.0,98003.0,0.051,7.32355335,59.93471332
Rural,Midwest,10.0,391.0,2.0,57077.0,0.155,5.644541743,55.04235837
Town,South,37.0,2525.0,6.0,37808.0,0.196,8.400658439,58.04734924
Rural,Midwest,10.0,436.0,2.0,70568.0,0.047,7.899103424,61.18584173
Rural,Midwest,17.0,1555.0,4.0,65183.0,0.11900000000000001,7.993025584,58.66055401
Rural,Midwest,21.0,885.0,4.0,61406.0,0.113,4.560401879,54.21572885
Suburban,Midwest,2.0,278.0,1.0,41534.0,0.26899999999999996,8.976354124,61.34650368
Urban,South,117.0,13155.0,21.0,88552.0,0.07400000000000001,9.308358378,62.86219651
Town,Midwest,13.0,888.0,3.0,55476.0,0.109,8.610658152,59.20228524
Town,Midwest,33.0,2116.0,8.0,66339.0,0.10300000000000001,7.861022382,57.6972512
Suburban,South,162.0,30003.0,43.0,41675.0,0.295,10.75002599,54.3166663
Town,South,23.0,1344.0,3.0,45019.0,0.17300000000000001,8.6854053,58.29252268
Rural,South,57.0,4054.0,9.0,49057.0,0.154,7.204398232,56.75856713
Town,Midwest,2.0,323.0,1.0,43750.0,0.14,8.479260367,59.58529631
Rural,West,6.0,275.0,1.0,95833.0,0.129,8.622749915,71.62836387
Rural,Midwest,17.0,814.0,3.0,59957.0,0.163,8.124762649,60.80892662
Rural,South,12.0,240.0,1.0,57368.0,0.244,7.173048996,65.04923464
Town,Midwest,40.0,2659.0,5.0,98998.0,0.047,8.369711052,65.32644431
Rural,Northeast,23.0,1207.0,6.0,75074.0,0.069,5.45103416,51.84455332
Town,Northeast,19.0,1073.0,4.0,63848.0,0.11699999999999999,5.152029053,53.07103301
Rural,South,26.0,1035.0,3.0,38879.0,0.301,9.336005502,59.64515225
Town,South,40.0,2927.0,6.0,75188.0,0.107,8.891786002,63.68303664
Town,Midwest,32.0,1905.0,6.0,54916.0,0.14400000000000002,5.49510681,53.52323046
Town,South,12.0,1285.0,5.0,26827.0,0.375,9.732406767,56.0171765
Town,Midwest,17.0,1246.0,3.0,53602.0,0.134,6.651950229,60.790741
Rural,South,31.0,2685.0,5.0,75134.0,0.059000000000000004,8.500505211,57.88821336
Rural,South,84.0,5833.0,14.0,69132.0,0.102,7.475027815,57.98917828
Rural,Midwest,12.0,309.0,3.0,63375.0,0.045,5.458739451,57.77799728
Rural,South,12.0,258.0,1.0,148047.0,0.081,7.426196958,65.81094503
Rural,West,1.0,76.0,1.0,45547.0,0.217,4.038685562,61.08572235
Urban,West,13.0,5001.0,9.0,72050.0,0.161,10.79707962,65.61868935
Town,Northeast,16.0,845.0,3.0,48635.0,0.21100000000000002,4.904357584,51.60711363
Suburban,West,12.0,2451.0,6.0,45349.0,0.248,10.61502484,76.23331706
Town,Midwest,18.0,1714.0,4.0,102431.0,0.092,7.663278355,58.2169073
Rural,South,21.0,825.0,3.0,45536.0,0.20600000000000002,9.075459742,60.21876336
Rural,Midwest,2.0,55.0,2.0,49773.0,0.069,7.537810918,58.21395291
Rural,Midwest,12.0,828.0,4.0,61658.0,0.11800000000000001,7.050169992,61.93624328
Rural,Midwest,3.0,229.0,1.0,54810.0,0.126,5.449793219,53.83841115
Town,Midwest,22.0,1803.0,3.0,56791.0,0.073,8.694043723,60.14329071
Rural,West,9.0,812.0,3.0,46667.0,0.205,5.54990995,66.81803293
Rural,Midwest,11.0,597.0,3.0,69362.0,0.047,4.902031632,56.83193878
Suburban,South,35.0,4366.0,9.0,40778.0,0.261,10.48086556,54.36120699
Suburban,Northeast,24.0,2439.0,4.0,66529.0,0.10099999999999999,8.393286289,67.76929785
Urban,Midwest,29.0,3394.0,10.0,37283.0,0.235,8.628720704,60.99904461
Rural,South,118.0,8401.0,15.0,47885.0,0.139,8.963783477,60.18761363
Rural,West,6.0,428.0,2.0,51403.0,0.15,4.670245777,61.32749725
Town,Midwest,12.0,805.0,2.0,71557.0,0.07200000000000001,8.712125801,57.65864813
Rural,West,3.0,71.0,2.0,46484.0,0.32299999999999995,3.817473342,55.01367
Rural,Midwest,8.0,549.0,2.0,64485.0,0.092,9.024888045,60.08170176
Rural,Midwest,8.0,113.0,2.0,44500.0,0.149,8.245807477,64.03361128
Rural,Midwest,8.0,504.0,2.0,40000.0,0.198,7.10283581,57.10105807
Rural,South,38.0,3369.0,6.0,92973.0,0.066,8.877249308,61.13463364
Rural,West,5.0,278.0,1.0,56875.0,0.132,4.615236381,56.31474068
Rural,Midwest,8.0,343.0,2.0,74934.0,0.095,5.647768882,55.27646597
Rural,South,73.0,2462.0,9.0,37093.0,0.252,6.949287151,57.36468171
Rural,Midwest,16.0,1527.0,4.0,106021.0,0.05,8.719061782,62.57423177
Town,Midwest,10.0,602.0,3.0,47917.0,0.087,7.342921422,54.87786865
Rural,Midwest,3.0,92.0,1.0,66027.0,0.13,8.461970787,57.77030497
Town,Northeast,21.0,1456.0,7.0,57702.0,0.152,4.708819785,53.1038128
Town,Midwest,26.0,1496.0,3.0,45080.0,0.182,8.532487281,61.07914228
Rural,South,9.0,404.0,2.0,53393.0,0.086,8.803917892,58.7857606
Rural,Midwest,12.0,494.0,3.0,83810.0,0.066,7.908759647,60.2964451
Town,Midwest,12.0,1106.0,3.0,43387.0,0.174,8.613256036,57.01375039
Urban,West,11.0,5940.0,14.0,143125.0,0.065,7.233375151,64.37261151
Rural,South,44.0,2270.0,4.0,48652.0,0.16899999999999998,6.816079025,61.1072787
Rural,Midwest,20.0,567.0,2.0,54299.0,0.11800000000000001,7.479842328,58.95287781
Rural,Midwest,24.0,629.0,3.0,56068.0,0.128,8.528608474,60.05182453
Rural,South,28.0,3494.0,7.0,52238.0,0.138,8.782361235,63.92415612
Rural,Midwest,7.0,159.0,2.0,61435.0,0.10400000000000001,8.003948338,58.47411429
Rural,Midwest,10.0,394.0,3.0,68088.0,0.09699999999999999,5.815626946,55.11706912
Rural,West,4.0,267.0,5.0,60144.0,0.252,4.249954027,60.112
Rural,Midwest,11.0,398.0,2.0,45435.0,0.18,8.205564658,64.66877
Rural,Midwest,12.0,621.0,2.0,67195.0,0.10800000000000001,7.446887013,54.51747933
Rural,South,59.0,1831.0,7.0,37571.0,0.24,6.772215751,58.0631915
Suburban,South,236.0,29188.0,33.0,90946.0,0.071,9.543535027,70.16649407
Rural,South,40.0,1637.0,5.0,34363.0,0.221,7.943478976,56.10771074
Town,Midwest,11.0,732.0,1.0,60864.0,0.13699999999999998,8.459072483,59.68300514
Rural,Midwest,14.0,961.0,3.0,90125.0,0.045,8.503840594,57.38443676
Urban,South,189.0,13557.0,18.0,95406.0,0.07,10.20057729,66.56688531
Rural,South,162.0,14557.0,15.0,71317.0,0.11800000000000001,10.04581059,64.29125415
Suburban,South,127.0,9563.0,18.0,51972.0,0.174,9.568464063,68.69653194
Town,South,37.0,3413.0,7.0,43025.0,0.18600000000000003,7.58708805,58.13410801
Town,West,46.0,3452.0,5.0,59598.0,0.17800000000000002,7.212055228,44.16154024
Suburban,Midwest,19.0,1182.0,4.0,112359.0,0.036000000000000004,9.625806663,62.82055553
Rural,Midwest,13.0,1078.0,3.0,45848.0,0.166,8.235340942,56.31008424
Town,South,64.0,5186.0,9.0,50560.0,0.18600000000000003,8.872073064,61.30577331
Town,Northeast,27.0,4340.0,9.0,71002.0,0.094,6.453143121,52.8321333
Rural,Midwest,8.0,455.0,3.0,45337.0,0.19399999999999998,7.746399336,59.83612559
Rural,Midwest,14.0,852.0,2.0,75295.0,0.063,7.897640504,56.67803477
Rural,Midwest,24.0,1959.0,5.0,44554.0,0.18,8.112151924,56.83055168
Suburban,Northeast,45.0,2344.0,2.0,59290.0,0.091,6.735848841,63.06200126
Suburban,West,162.0,22944.0,39.0,128060.0,0.042,7.380361207,47.12773027
Rural,West,3.0,1224.0,4.0,72962.0,0.049,4.942018427,63.8308646
Suburban,Northeast,245.0,10479.0,15.0,101407.0,0.047,7.446377743,60.06966246
Rural,West,8.0,119.0,2.0,46667.0,0.155,4.465917036,54.64305121
Town,West,61.0,5312.0,16.0,75688.0,0.07,4.092519237,60.4433486
Urban,West,155.0,27919.0,45.0,83467.0,0.087,6.085363837,70.42994982
Town,West,74.0,10161.0,35.0,82462.0,0.11599999999999999,3.807511623,59.02632068
Rural,Midwest,8.0,400.0,2.0,48750.0,0.17600000000000002,7.800371794,55.60319451
Rural,Midwest,4.0,1277.0,3.0,66353.0,0.055,5.707670105,58.60198731
Town,Midwest,35.0,1974.0,5.0,66041.0,0.076,7.906591327,58.14431823
Town,South,17.0,4835.0,7.0,55500.0,0.204,8.940644528,58.91969181
Rural,South,10.0,145.0,1.0,53103.0,0.09,7.264338425,59.82665215
Suburban,West,101.0,8969.0,18.0,107868.0,0.037000000000000005,6.469664395,47.6171952
Town,Midwest,34.0,1745.0,5.0,62558.0,0.138,9.119692076,62.07669215
Town,South,59.0,4157.0,8.0,60897.0,0.13699999999999998,9.551563912,61.95871846
Urban,South,41.0,9408.0,13.0,66667.0,0.122,7.794835297,60.64828356
Suburban,South,55.0,5861.0,7.0,64054.0,0.078,9.15623206,59.65203668
Suburban,Northeast,14.0,640.0,2.0,99188.0,0.052000000000000005,6.599034362,51.36784211
Suburban,Midwest,30.0,3721.0,12.0,47086.0,0.218,9.227850699,59.41792444
Urban,Midwest,106.0,17026.0,32.0,80791.0,0.175,8.971292596,58.5496396
Town,Midwest,8.0,1139.0,3.0,66157.0,0.10400000000000001,5.672889396,58.98821414
Rural,Midwest,13.0,236.0,2.0,59821.0,0.036000000000000004,6.972787154,57.50627279
Rural,Midwest,16.0,249.0,2.0,83500.0,0.05,5.126433471,56.31761339
Rural,West,7.0,491.0,1.0,97451.0,0.094,7.171291788,66.37620592
Rural,Midwest,12.0,1265.0,3.0,67314.0,0.081,7.933566092,55.88119466
Rural,South,13.0,1387.0,3.0,33138.0,0.27899999999999997,9.281006326,60.61602398
Rural,Midwest,14.0,752.0,3.0,71232.0,0.10099999999999999,8.711971825,56.29190728
Town,West,30.0,7664.0,18.0,50619.0,0.201,5.544522837,60.11606101
Suburban,West,63.0,17272.0,21.0,70462.0,0.07200000000000001,5.384124146,64.50344368
Rural,Midwest,6.0,466.0,2.0,56859.0,0.122,4.793826373,52.54131935
Rural,West,6.0,134.0,5.0,56780.0,0.077,4.829901222,52.23829081
Suburban,Northeast,25.0,670.0,2.0,94474.0,0.057,7.003958655,62.61015091
Town,South,16.0,508.0,2.0,48844.0,0.134,7.64484614,55.93956249
Rural,South,11.0,202.0,1.0,61944.0,0.067,7.142907391,61.7180249
Suburban,West,91.0,13925.0,20.0,97920.0,0.10099999999999999,7.487142774,68.91821302
Rural,Midwest,3.0,75.0,1.0,85357.0,0.066,8.63671851,59.81497171
Rural,Midwest,5.0,140.0,2.0,61250.0,0.039,7.429007503,57.1781642
Town,West,12.0,3811.0,9.0,74885.0,0.07400000000000001,6.572234662,66.53275023
Town,Northeast,7.0,697.0,2.0,96521.0,0.059000000000000004,6.378329567,75.57714922
Rural,West,22.0,161.0,2.0,50577.0,0.08199999999999999,7.159035245,52.75162098
Rural,Midwest,6.0,321.0,2.0,68214.0,0.121,8.752853132,61.19153301
Town,South,18.0,1168.0,4.0,34008.0,0.248,7.791655637,56.70110841
Town,West,15.0,782.0,3.0,54863.0,0.08900000000000001,4.19985467,55.80723129
Urban,West,96.0,35424.0,54.0,52356.0,0.205,8.48144529,67.57230092
Rural,Midwest,12.0,297.0,2.0,78472.0,0.098,5.005484463,54.38814435
Rural,South,175.0,13806.0,19.0,66244.0,0.113,9.788478186,64.16079965
Suburban,Midwest,39.0,3386.0,7.0,122068.0,0.028999999999999998,8.610828849,57.84809676
Town,Midwest,22.0,1054.0,3.0,77422.0,0.077,8.416362733,59.16032262
Urban,West,93.0,27748.0,21.0,80162.0,0.13,10.82710161,66.39702573
Urban,Midwest,93.0,10568.0,25.0,51430.0,0.168,7.981965077,58.76773275
Rural,West,9.0,351.0,2.0,50521.0,0.094,6.676309461,53.95256309
Town,Midwest,10.0,560.0,2.0,71193.0,0.085,8.598709219,60.76759358
Rural,Northeast,29.0,1670.0,6.0,62994.0,0.1,5.510839222,51.17712478
Suburban,Northeast,47.0,4416.0,8.0,107154.0,0.032,8.047011823,66.71108041
Rural,Midwest,45.0,1822.0,4.0,77184.0,0.08900000000000001,8.405607497,59.61242059
Town,Northeast,15.0,950.0,3.0,63729.0,0.062,6.582691882,55.74848511
Suburban,Northeast,84.0,4537.0,8.0,162525.0,0.027000000000000003,7.467521021,64.42746344
Suburban,Midwest,39.0,3873.0,6.0,64885.0,0.077,10.19582139,66.39757934
Rural,Midwest,6.0,276.0,1.0,44306.0,0.247,6.464562762,58.25619087
Rural,West,8.0,359.0,4.0,64813.0,0.149,4.691586158,63.77165923
Rural,Midwest,6.0,200.0,1.0,55375.0,0.10400000000000001,8.106455124,59.640394
Rural,Midwest,37.0,1277.0,3.0,60132.0,0.102,8.470772552,59.91763521
Rural,West,3.0,125.0,1.0,44125.0,0.166,5.826894169,52.40141929
Rural,Midwest,17.0,960.0,4.0,62774.0,0.095,6.633578801,59.30618065
Rural,Midwest,10.0,408.0,2.0,44554.0,0.226,7.092611135,54.87235454
Rural,Midwest,14.0,697.0,3.0,51371.0,0.19,8.527308983,64.02444705
Town,Midwest,12.0,822.0,3.0,62654.0,0.06,8.761271697,56.73447248
Suburban,South,328.0,31518.0,33.0,80234.0,0.063,9.805704656,67.47155353
Rural,Midwest,1.0,76.0,1.0,59375.0,0.139,8.953780028,61.0716346
Rural,West,9.0,270.0,2.0,76464.0,0.11599999999999999,3.499143918,55.59282196
Suburban,Midwest,153.0,14595.0,22.0,80115.0,0.052000000000000005,7.569092275,58.43946791
Rural,Midwest,5.0,227.0,2.0,53942.0,0.19899999999999998,7.229137748,56.50957604
Rural,Midwest,1.0,1347.0,7.0,68019.0,0.079,5.668576941,59.67000226
Town,Midwest,9.0,634.0,3.0,52833.0,0.157,6.634697971,59.46181145
Rural,West,6.0,67.0,2.0,65313.0,0.094,7.909300833,54.26010244
Rural,South,60.0,3906.0,7.0,77630.0,0.09699999999999999,8.797407705,61.73743939
Urban,Midwest,324.0,48548.0,107.0,34763.0,0.318,10.40898278,62.97827551
Suburban,Midwest,21.0,3138.0,5.0,46498.0,0.20600000000000002,9.525373546,63.27817081
Suburban,South,11.0,2392.0,8.0,55211.0,0.134,9.598354798,64.06432793
Rural,South,12.0,675.0,3.0,56947.0,0.14,5.596416107,59.16721344
Suburban,Midwest,55.0,4673.0,7.0,117688.0,0.037000000000000005,9.165382833,62.80276044
Town,West,44.0,3030.0,7.0,67817.0,0.11699999999999999,7.704466664,49.4157591
Rural,Midwest,21.0,1746.0,3.0,85471.0,0.06,9.240493876,64.71549293
Rural,Midwest,10.0,515.0,3.0,62500.0,0.15,5.900210322,55.29705971
Rural,Midwest,65.0,3742.0,8.0,78071.0,0.059000000000000004,8.556452307,56.43313887
Suburban,Midwest,20.0,1183.0,3.0,64045.0,0.13,8.233940903,57.15883589
Suburban,South,9.0,1476.0,6.0,43914.0,0.196,10.22465733,68.34478615
Suburban,Midwest,6.0,1889.0,4.0,71071.0,0.11199999999999999,6.191471479,56.7207816
Rural,Midwest,3.0,171.0,2.0,62500.0,0.09,8.079808048,58.30265052
Suburban,Northeast,56.0,2868.0,5.0,117163.0,0.043,7.781429631,70.4955372
Suburban,Midwest,154.0,29221.0,41.0,104763.0,0.038,7.502640546,58.38493745
Rural,South,13.0,1052.0,3.0,45045.0,0.209,8.63352999,61.47809249
Rural,West,8.0,782.0,5.0,74364.0,0.10400000000000001,5.67316619,43.13494212
Suburban,Midwest,26.0,1690.0,4.0,64586.0,0.11199999999999999,9.094115878,66.8682929
Rural,West,3.0,111.0,3.0,44773.0,0.203,3.85817344,60.88090815
Suburban,Midwest,45.0,5582.0,9.0,58504.0,0.11,7.930280821,58.12594304
Rural,South,8.0,319.0,2.0,65000.0,0.134,8.488516294,63.83325517
Suburban,West,6.0,703.0,2.0,38147.0,0.19699999999999998,8.902479999,73.80209713
Suburban,Midwest,26.0,2160.0,5.0,69771.0,0.114,8.988088715,60.07652668
Urban,West,8.0,5465.0,10.0,160043.0,0.061,7.28128454,60.10033622
Rural,Midwest,42.0,4836.0,15.0,60875.0,0.145,5.315960289,56.4934876
Rural,Northeast,16.0,838.0,3.0,46455.0,0.127,4.646445549,51.13253167
Rural,South,93.0,8673.0,22.0,46079.0,0.17300000000000001,7.369610226,58.01315147
Rural,Midwest,19.0,806.0,3.0,61205.0,0.109,7.436639267,56.36839913
Suburban,South,244.0,13092.0,28.0,68789.0,0.133,7.909907908,65.6381858
Rural,South,61.0,3175.0,9.0,48527.0,0.136,6.801756327,57.34563305
Urban,Midwest,21.0,2004.0,6.0,42592.0,0.228,10.226604,63.70181905
Town,Midwest,13.0,4526.0,10.0,43484.0,0.20600000000000002,8.836456429,62.12488075
Town,Northeast,35.0,1895.0,6.0,53331.0,0.126,5.27908291,51.61759091
Town,South,20.0,1396.0,3.0,39583.0,0.14800000000000002,10.08751626,54.61624354
Town,Midwest,82.0,4916.0,10.0,56705.0,0.105,8.535152863,60.43011507
Rural,Northeast,19.0,824.0,2.0,54702.0,0.122,6.937107095,58.21553223
Town,Midwest,81.0,6345.0,9.0,56150.0,0.125,8.017364488,59.15835183
Rural,West,9.0,283.0,2.0,37538.0,0.19,8.268992824,53.30525421
Town,Midwest,7.0,2163.0,3.0,96161.0,0.027999999999999997,7.467270543,58.41654477
Suburban,West,3.0,4956.0,14.0,101443.0,0.065,7.119055932,49.76522047
Rural,Midwest,7.0,377.0,2.0,72721.0,0.066,7.392499105,60.28344941
Rural,Midwest,12.0,1252.0,3.0,69821.0,0.092,5.129355317,58.19316377
Rural,South,86.0,4339.0,12.0,43224.0,0.175,7.251598581,58.95840835
Rural,West,6.0,214.0,2.0,82500.0,0.098,6.444106024,53.26283849
Suburban,Midwest,19.0,1425.0,4.0,59019.0,0.10300000000000001,8.21105494,57.56120984
Rural,Midwest,8.0,308.0,3.0,32659.0,0.254,7.670150439,65.15281039
Rural,Midwest,4.0,172.0,1.0,90345.0,0.031,8.502270509,60.38689415
Rural,South,48.0,2090.0,8.0,49733.0,0.175,9.091855018,59.89160168
Town,Midwest,4.0,204.0,1.0,93250.0,0.051,8.824418493,60.24934467
Town,Midwest,19.0,1357.0,4.0,41921.0,0.226,7.209101895,56.71269047
Rural,West,7.0,237.0,5.0,77857.0,0.028999999999999998,4.35227572,54.58571113
Rural,Midwest,4.0,49.0,1.0,36250.0,0.32299999999999995,7.409473233,55.9859
Rural,Midwest,5.0,320.0,3.0,65793.0,0.094,8.934562732,57.36869868
Suburban,Midwest,56.0,5935.0,16.0,38515.0,0.3,8.263723635,61.60514817
Rural,South,18.0,604.0,4.0,35357.0,0.262,8.376359061,56.22755509
Rural,South,78.0,3329.0,11.0,42979.0,0.17600000000000002,8.205258471,57.10594924
Rural,Midwest,4.0,541.0,2.0,70192.0,0.09300000000000001,5.358801535,59.59369722
Rural,South,21.0,1755.0,4.0,50884.0,0.205,9.233780822,58.961
Rural,Midwest,20.0,1202.0,3.0,73904.0,0.081,8.538597557,58.97764432
Rural,Midwest,17.0,1150.0,3.0,63870.0,0.11,8.581723633,57.00763695
Rural,South,87.0,6421.0,10.0,51996.0,0.126,9.432073236,60.84012697
Suburban,Midwest,1.0,1077.0,2.0,150962.0,0.018000000000000002,9.050856286,60.17896777
Town,South,34.0,2407.0,5.0,63617.0,0.102,8.666162845,62.03729009
Rural,Midwest,13.0,650.0,4.0,59677.0,0.09699999999999999,6.508509188,60.37175229
Town,West,1.0,171.0,1.0,77662.0,0.168,4.98893454,51.29472485
Rural,Midwest,3.0,83.0,1.0,66500.0,0.099,8.440857367,59.55338194
Suburban,South,32.0,2843.0,6.0,65570.0,0.09,8.035056169,59.89856854
Rural,West,1.0,218.0,2.0,54528.0,0.085,4.4302281,56.59006042
Town,South,24.0,1871.0,3.0,40516.0,0.22899999999999998,8.647508829,58.12733195
Rural,Midwest,3.0,72.0,1.0,70750.0,0.124,7.051749843,55.37772032
Town,West,18.0,2473.0,6.0,43968.0,0.268,3.955124929,46.71044601
Rural,South,141.0,9747.0,20.0,65011.0,0.11800000000000001,9.501644455,62.21354604
Urban,Midwest,113.0,25237.0,54.0,68781.0,0.171,8.699855608,58.67013311
Rural,Midwest,10.0,491.0,2.0,69250.0,0.054000000000000006,5.945363881,61.7192174
Rural,South,71.0,2173.0,11.0,30646.0,0.301,7.581658863,57.28182942
Town,Midwest,14.0,698.0,3.0,49304.0,0.05,5.522516369,53.50604859
Town,Midwest,13.0,1251.0,4.0,56585.0,0.081,8.748223708,60.80754725
Town,Northeast,15.0,1328.0,3.0,58029.0,0.084,4.130588767,55.05341996
Town,Midwest,38.0,3334.0,8.0,51034.0,0.165,8.264629001,60.65998762
Rural,Midwest,12.0,566.0,3.0,93218.0,0.049,6.544138839,59.63245943
Rural,Northeast,2.0,0.0,0.0,76875.0,0.011000000000000001,4.197850986,49.69759
Rural,South,8.0,258.0,1.0,37381.0,0.141,8.673058033,62.56832509
Rural,Midwest,14.0,421.0,4.0,68108.0,0.045,7.86301725,62.80540568
Suburban,Northeast,34.0,1681.0,3.0,62483.0,0.136,6.576812347,55.32748313
Rural,West,2.0,238.0,1.0,67454.0,0.10099999999999999,6.567938203,59.03966012
Town,South,13.0,1179.0,3.0,67804.0,0.054000000000000006,7.091103014,66.59945
Rural,Midwest,66.0,3546.0,7.0,46034.0,0.183,8.085342532,58.86552006
Rural,West,35.0,2900.0,9.0,69169.0,0.163,5.833599323,66.17134061
Suburban,Midwest,25.0,3234.0,7.0,88212.0,0.049,8.810173694,61.75985082
Town,Midwest,26.0,1666.0,3.0,55102.0,0.20600000000000002,7.02302593,54.52835602
Suburban,Midwest,23.0,3256.0,7.0,83975.0,0.054000000000000006,8.124951075,58.70995253
Town,South,63.0,4614.0,11.0,31198.0,0.304,9.309417347,56.85613664
Suburban,Northeast,2.0,1833.0,5.0,243899.0,0.013000000000000001,8.66198,62.97352
Rural,South,7.0,61.0,1.0,40625.0,0.141,5.258449452,62.88734
Urban,Northeast,175.0,10386.0,14.0,60018.0,0.126,7.566915862,63.4908509
Rural,Midwest,16.0,334.0,1.0,58000.0,0.16399999999999998,7.281224981,62.67563231
Town,South,50.0,4766.0,7.0,54179.0,0.231,8.789389944,57.50347509
Suburban,Midwest,77.0,4079.0,8.0,78108.0,0.075,9.013416154,61.73165172
Rural,Midwest,22.0,856.0,3.0,46250.0,0.21600000000000003,7.770788529,56.51175187
Rural,Midwest,15.0,732.0,3.0,53095.0,0.054000000000000006,7.692219753,57.203115
Suburban,Northeast,1.0,1555.0,3.0,168917.0,0.075,8.668701101,69.80825158
Suburban,South,91.0,6955.0,13.0,53635.0,0.16399999999999998,8.776292319,59.50762342
Urban,West,35.0,6041.0,9.0,105945.0,0.07400000000000001,10.26672324,74.37921961
Rural,Midwest,7.0,327.0,4.0,64712.0,0.107,7.650926775,59.98908447
Town,Midwest,22.0,2264.0,4.0,51705.0,0.223,6.736015282,58.82914021
Rural,Midwest,8.0,543.0,3.0,67232.0,0.054000000000000006,8.148226137,58.43185231
Rural,South,119.0,10617.0,15.0,67885.0,0.136,9.229548264,62.11856394
Rural,Midwest,58.0,4794.0,8.0,89090.0,0.055,9.402080208,59.92232443
Town,Midwest,19.0,1421.0,4.0,45840.0,0.146,8.61343969,60.21772914
Rural,Midwest,25.0,2092.0,5.0,58015.0,0.152,7.005983456,60.52241135
Suburban,Northeast,46.0,4611.0,5.0,194624.0,0.040999999999999995,7.853784907,65.36007283
Town,Midwest,5.0,365.0,2.0,48385.0,0.358,7.839521513,57.26343635
Rural,West,2.0,211.0,3.0,128583.0,0.098,5.625288973,48.32910056
Town,Midwest,39.0,2777.0,5.0,45961.0,0.16399999999999998,7.402024356,56.59678972
Urban,South,84.0,14291.0,27.0,46264.0,0.201,9.429698734,57.97565149
Town,West,30.0,2081.0,7.0,70140.0,0.111,6.895815264,44.63346203
Town,Midwest,11.0,1134.0,4.0,44283.0,0.254,8.540223247,57.80472341
Rural,West,2.0,82.0,2.0,41629.0,0.23199999999999998,4.509635444,55.36995183
Rural,Northeast,1.0,78.0,1.0,85556.0,0.131,4.403182521,55.4709
Rural,West,1.0,22.0,1.0,61250.0,0.025,6.461640658,54.58552
Rural,West,9.0,86.0,1.0,50625.0,0.064,7.792747931,53.86558396
Rural,Northeast,20.0,659.0,2.0,61168.0,0.073,6.176468714,51.41986431
Suburban,Northeast,55.0,10826.0,19.0,86616.0,0.087,8.708453156,63.33264373
Rural,Midwest,2.0,109.0,1.0,55188.0,0.10099999999999999,8.304484804,57.84971954
Rural,Northeast,51.0,1718.0,3.0,81066.0,0.07,6.810840833,56.09531585
Town,West,25.0,1131.0,8.0,51453.0,0.134,7.422670642,51.94779641
Town,South,23.0,1013.0,4.0,46595.0,0.16399999999999998,8.931709246,60.90909219
Suburban,Midwest,72.0,4938.0,8.0,66199.0,0.11699999999999999,8.880743023,59.9081214
Town,Midwest,6.0,1089.0,4.0,54764.0,0.153,7.082612396,55.87264771
Suburban,Midwest,25.0,1522.0,3.0,57857.0,0.16,8.545049863,62.58448808
Rural,South,128.0,13747.0,19.0,60115.0,0.171,9.208557648,64.2545874
Town,Midwest,10.0,755.0,3.0,54646.0,0.18600000000000003,8.719462308,57.8687409
Town,Midwest,12.0,945.0,4.0,52000.0,0.10099999999999999,7.183601464,56.30212027
Town,West,1.0,1643.0,4.0,26315.0,0.40399999999999997,3.755936728,59.70071564
Urban,Midwest,154.0,13787.0,51.0,55824.0,0.185,8.540781162,61.05006814
Rural,Northeast,24.0,907.0,3.0,70541.0,0.077,6.862641144,53.00448095
Rural,Midwest,16.0,842.0,3.0,88393.0,0.054000000000000006,7.01283863,55.98411187
Rural,Northeast,14.0,459.0,2.0,67218.0,0.052000000000000005,6.328912551,52.05232919
Suburban,Northeast,2.0,232.0,1.0,60048.0,0.204,8.753621918,62.97251
Town,Midwest,22.0,1089.0,4.0,43284.0,0.22399999999999998,8.458147895,59.49134838
Rural,Midwest,15.0,830.0,2.0,37933.0,0.267,7.185545118,54.89167383
Town,West,20.0,2283.0,7.0,49476.0,0.16399999999999998,7.010389913,65.0130774
Rural,Midwest,5.0,232.0,1.0,70266.0,0.062,6.517714956,60.53396104
Urban,Midwest,44.0,4486.0,13.0,44866.0,0.177,8.233347099,56.62100152
Rural,Midwest,12.0,729.0,4.0,43009.0,0.215,8.005139446,55.84884734
Rural,Midwest,16.0,562.0,2.0,62026.0,0.08900000000000001,7.422214473,56.74681579
Rural,Midwest,17.0,658.0,4.0,52870.0,0.155,8.339483565,62.62771202
Rural,Midwest,10.0,396.0,2.0,97794.0,0.11599999999999999,9.115445095,61.90356176
Town,Midwest,34.0,3665.0,6.0,77567.0,0.081,7.176559424,56.36581719
Suburban,West,6.0,4955.0,10.0,144011.0,0.043,7.42099061,57.50458688
Rural,South,16.0,225.0,1.0,71250.0,0.026000000000000002,7.170768271,64.55913396
Rural,South,22.0,974.0,3.0,39449.0,0.217,9.162468227,56.55339757
Rural,Midwest,6.0,74.0,2.0,99167.0,0.027999999999999997,4.79210663,58.43298
Rural,South,15.0,321.0,1.0,62328.0,0.16699999999999998,7.700352071,62.88216351
Suburban,Midwest,16.0,1966.0,3.0,64044.0,0.083,9.668332291,64.42795665
Town,South,16.0,1410.0,5.0,55799.0,0.184,9.219765313,58.82395299
Urban,South,35.0,4029.0,9.0,43941.0,0.19399999999999998,7.126439383,60.08546451
Rural,South,15.0,1009.0,3.0,67063.0,0.077,8.546272062,64.94331522
Urban,South,78.0,16024.0,25.0,54784.0,0.162,7.676895598,61.99467547
Town,Midwest,11.0,810.0,3.0,65459.0,0.062,8.852493425,57.27227799
Town,Midwest,18.0,1227.0,6.0,43333.0,0.254,7.864613569,57.10500396
Town,South,61.0,3118.0,5.0,54791.0,0.185,9.420910082,60.22458167
Town,South,9.0,1495.0,3.0,39213.0,0.255,9.38498257,58.53082732
Town,Midwest,18.0,1071.0,3.0,54154.0,0.122,7.065055865,60.39643068
Rural,Midwest,12.0,863.0,2.0,62500.0,0.085,9.271197234,60.21711126
Rural,South,7.0,161.0,1.0,53000.0,0.221,4.986101864,59.6854724
Town,Northeast,37.0,1830.0,6.0,56932.0,0.106,6.405111985,54.2580996
Town,South,27.0,1433.0,6.0,51077.0,0.221,8.65050575,62.09427566
Urban,West,25.0,4265.0,5.0,65003.0,0.139,6.124621199,59.68857328
Rural,West,18.0,725.0,3.0,81400.0,0.048,4.799616795,63.16389
Town,Midwest,7.0,952.0,4.0,76542.0,0.085,7.271786238,58.85644055
Town,Midwest,71.0,7025.0,17.0,63971.0,0.114,7.545713311,57.58038782
Urban,West,63.0,14980.0,27.0,86333.0,0.095,6.235980358,61.50112719
Rural,Northeast,15.0,788.0,2.0,57672.0,0.192,5.929812514,51.48649619
Rural,Midwest,11.0,526.0,2.0,49731.0,0.11199999999999999,6.563836919,55.41220139
Rural,Midwest,9.0,298.0,2.0,83846.0,0.08,8.241254036,58.565797
Rural,Northeast,1.0,0.0,0.0,41250.0,0.077,3.961770301,50.28249
Rural,South,27.0,1758.0,5.0,40826.0,0.22399999999999998,7.416711057,56.4088971
Rural,South,14.0,476.0,2.0,50473.0,0.228,9.463998344,55.17020548
Rural,Midwest,36.0,1558.0,3.0,87645.0,0.063,8.974757171,60.15894031
Rural,West,6.0,38.0,1.0,86630.0,0.068,4.503809706,55.39272885
Suburban,South,23.0,2496.0,5.0,155071.0,0.025,8.296450899,63.31745037
Town,South,81.0,6935.0,14.0,73974.0,0.094,8.779408367,61.96902251
Rural,South,56.0,5156.0,15.0,72941.0,0.062,7.981280429,58.8427997
Rural,Midwest,9.0,359.0,3.0,66354.0,0.13,8.592574786,56.75033124
Rural,South,12.0,644.0,2.0,42931.0,0.215,6.913706027,57.01714
Rural,Midwest,5.0,351.0,2.0,74944.0,0.051,4.414311945,53.78932
Rural,Midwest,14.0,1210.0,3.0,80324.0,0.087,7.458518494,56.03009567
Rural,West,19.0,1258.0,6.0,64787.0,0.078,4.536777173,57.32673145
Suburban,Northeast,64.0,4187.0,8.0,103399.0,0.038,8.193278317,67.36994052
Suburban,Midwest,13.0,1592.0,3.0,70561.0,0.052000000000000005,8.298505958,57.51153937
Rural,Midwest,41.0,3289.0,6.0,76188.0,0.092,7.423753823,61.8703392
Suburban,Midwest,9.0,537.0,1.0,47238.0,0.17600000000000002,9.14210792,67.43555633
Suburban,West,24.0,17993.0,29.0,98379.0,0.079,7.422930471,55.14208098
Rural,South,22.0,951.0,3.0,48158.0,0.16899999999999998,8.984831483,58.93071472
Town,Midwest,17.0,1818.0,3.0,52409.0,0.162,8.369044852,60.87664433
Rural,South,8.0,416.0,1.0,65074.0,0.139,7.9781394,59.5217647
Rural,South,32.0,1312.0,6.0,81389.0,0.04,7.308286113,60.40099675
Town,Midwest,18.0,1310.0,5.0,67700.0,0.07400000000000001,8.274423424,59.70490846
Suburban,Midwest,24.0,2956.0,4.0,46334.0,0.235,10.41081112,61.66692015
Rural,Midwest,4.0,169.0,1.0,46607.0,0.207,8.175421213,59.78389074
Town,Midwest,10.0,870.0,3.0,58519.0,0.073,7.21642622,59.15141907
Rural,West,12.0,467.0,2.0,50333.0,0.318,4.301417053,53.3123238
Town,Midwest,43.0,2739.0,4.0,58595.0,0.157,8.558241914,64.35375836
Town,South,34.0,2605.0,5.0,57768.0,0.13699999999999998,8.994020166,59.02297751
Rural,West,8.0,207.0,2.0,67608.0,0.114,7.78293771,52.39184291
Suburban,South,171.0,11971.0,17.0,68589.0,0.10400000000000001,9.588322841,59.21936116
Suburban,South,117.0,9766.0,12.0,72727.0,0.079,9.724802062,56.04335792
Rural,South,8.0,270.0,2.0,62882.0,0.11,7.290476424,59.62654747
Rural,South,68.0,5224.0,11.0,50573.0,0.195,7.880246439,57.06646328
Rural,Midwest,7.0,376.0,2.0,74792.0,0.027000000000000003,6.245317891,57.64034124
Rural,Midwest,24.0,1121.0,4.0,49919.0,0.13699999999999998,7.792802835,61.57996661
Rural,Midwest,11.0,662.0,2.0,73929.0,0.051,8.196884201,60.59941306
Rural,South,39.0,1807.0,5.0,99464.0,0.049,8.791071712,60.96065637
Rural,Midwest,17.0,685.0,3.0,42176.0,0.228,8.240540979,57.20675455
Rural,Midwest,18.0,453.0,2.0,45406.0,0.106,5.885378228,54.42082353
Rural,West,1.0,199.0,1.0,65417.0,0.17,6.810355823,56.39730617
Rural,South,22.0,1404.0,4.0,65625.0,0.081,8.148117461,57.91620497
Town,Midwest,23.0,2369.0,4.0,101929.0,0.043,7.358808292,57.03839142
Rural,South,41.0,1967.0,4.0,89346.0,0.109,8.421280567,65.011327
Suburban,South,32.0,4954.0,10.0,34798.0,0.262,8.717456672,62.50308615
Urban,Midwest,63.0,5121.0,13.0,45101.0,0.201,7.739754981,58.08245148
Rural,South,18.0,1188.0,4.0,70589.0,0.061,8.605694724,60.87104958
Rural,Midwest,12.0,802.0,3.0,59274.0,0.111,9.244124081,60.64286655
Town,South,15.0,1726.0,4.0,37173.0,0.27899999999999997,7.281121167,57.74549902
Rural,Midwest,2.0,790.0,2.0,63770.0,0.11800000000000001,5.502806459,57.12714474
Suburban,West,137.0,30991.0,58.0,148363.0,0.054000000000000006,7.044795866,48.19280178
Rural,South,71.0,3416.0,7.0,45856.0,0.18899999999999997,7.909260075,56.31833218
Rural,South,27.0,739.0,2.0,40885.0,0.159,9.191889837,55.21283874
Rural,Midwest,18.0,1817.0,4.0,66832.0,0.064,7.524086026,55.91346131
Rural,West,12.0,590.0,3.0,49646.0,0.125,5.169965652,52.35914631
Rural,South,31.0,1622.0,4.0,44585.0,0.122,9.008674227,64.44346289
Rural,West,19.0,1539.0,5.0,94123.0,0.09,6.739820828,47.85861924
Rural,Midwest,21.0,807.0,3.0,57101.0,0.158,7.034443082,55.59501753
Rural,Midwest,12.0,740.0,3.0,58854.0,0.138,9.379338094,61.71354149
Rural,South,6.0,183.0,2.0,31000.0,0.268,7.576838471,60.23365763
Urban,South,181.0,31767.0,40.0,61957.0,0.124,9.476784381,66.88589033
Rural,Midwest,3.0,50.0,2.0,68214.0,0.055999999999999994,5.3596485,55.15040122
Rural,South,44.0,2055.0,8.0,50533.0,0.188,8.433433992,57.95768661
Rural,South,16.0,570.0,1.0,46007.0,0.188,8.698147899,61.13605785
Rural,Midwest,14.0,1337.0,2.0,76328.0,0.054000000000000006,7.88021456,57.12466099
Suburban,Northeast,47.0,2118.0,5.0,61209.0,0.16,7.10737697,60.50880451
Rural,South,0.0,515.0,1.0,64444.0,0.162,8.730013827,61.88034213
Town,Northeast,57.0,2887.0,5.0,64093.0,0.163,6.553715053,55.02350016
Rural,Midwest,24.0,946.0,2.0,61213.0,0.081,8.317041224,59.53436439
Suburban,Northeast,15.0,1244.0,4.0,132563.0,0.02,7.908193629,61.57779637
Town,South,29.0,1691.0,5.0,42527.0,0.201,8.821713517,56.25658031
Suburban,Midwest,1.0,3543.0,7.0,71688.0,0.07400000000000001,9.558430474,65.80251978
Rural,South,41.0,1487.0,9.0,37986.0,0.13,8.825792596,57.45626186
Town,Northeast,13.0,477.0,1.0,56488.0,0.096,6.148990413,53.16900355
Rural,Midwest,18.0,699.0,3.0,51970.0,0.146,8.431375242,59.92947195
Suburban,Northeast,24.0,10383.0,13.0,72839.0,0.111,8.622538078,62.92075682
Urban,Midwest,19.0,2420.0,3.0,25625.0,0.39899999999999997,8.893348405,58.98566318
Urban,West,279.0,43727.0,96.0,88871.0,0.091,0.0,0.0
Urban,South,141.0,21439.0,32.0,74210.0,0.10099999999999999,7.787873831,60.00278887
Rural,Midwest,18.0,815.0,2.0,75455.0,0.047,8.451798747,61.32888004
Suburban,Midwest,32.0,3010.0,6.0,63647.0,0.079,8.317748696,61.85810892
Rural,South,11.0,499.0,3.0,40938.0,0.16699999999999998,5.840642466,55.31224
Suburban,South,69.0,4024.0,15.0,42561.0,0.154,7.288292169,59.05641193
Town,Midwest,33.0,2332.0,7.0,60820.0,0.07200000000000001,7.70735307,58.17886201
Rural,Midwest,9.0,469.0,2.0,77663.0,0.083,7.082263476,54.75626606
Rural,South,191.0,7787.0,20.0,36915.0,0.252,7.182894967,56.91800624
Rural,Midwest,14.0,1320.0,4.0,67844.0,0.08800000000000001,8.26098991,57.02514256
Suburban,South,89.0,7032.0,11.0,61144.0,0.13699999999999998,9.292446684,63.00087984
Urban,Midwest,7.0,5080.0,12.0,36059.0,0.301,8.597919534,62.5901595
Suburban,Northeast,1.0,2286.0,9.0,74327.0,0.11800000000000001,8.532605104,67.54517463
Town,Midwest,24.0,2198.0,8.0,57833.0,0.132,8.006429531,61.18323979
Rural,Midwest,14.0,653.0,2.0,47214.0,0.175,7.206062079,56.61413433
Town,South,51.0,4120.0,6.0,81031.0,0.102,8.620589301,69.0328743
Urban,West,12.0,7140.0,11.0,73681.0,0.127,6.730888589,58.73635848
Town,Northeast,13.0,674.0,2.0,59593.0,0.078,5.954578867,51.45169652
Rural,South,10.0,194.0,1.0,78542.0,0.019,7.846059688,60.08484572
Rural,Midwest,12.0,1953.0,6.0,52659.0,0.17300000000000001,5.445632717,51.25473433
Rural,West,1.0,91.0,1.0,51544.0,0.192,4.438992274,48.42463995
Rural,South,32.0,1104.0,5.0,32937.0,0.242,6.270697206,58.05924177
Rural,West,8.0,459.0,2.0,41612.0,0.221,4.975999644,52.54077618
Rural,Midwest,7.0,617.0,2.0,59167.0,0.17300000000000001,7.180952394,56.06710933
Suburban,Northeast,99.0,4463.0,7.0,81886.0,0.055999999999999994,6.712123028,54.95969894
Urban,South,444.0,49661.0,86.0,51007.0,0.184,7.595603714,60.61801156
Rural,West,3.0,178.0,2.0,52250.0,0.075,5.238081062,62.74706546
Rural,Midwest,4.0,289.0,3.0,61667.0,0.124,8.760775919,57.07976794
Rural,West,4.0,331.0,1.0,79021.0,0.09300000000000001,5.752496133,59.76239833
Rural,Midwest,6.0,530.0,2.0,64985.0,0.09,9.073883738,58.68682361
Rural,Northeast,14.0,853.0,5.0,120547.0,0.068,6.345572604,61.8787123
Suburban,Northeast,11.0,7205.0,13.0,97956.0,0.055999999999999994,5.94504754,57.85606058
Rural,West,4.0,258.0,3.0,39963.0,0.218,3.709225123,54.58989
Rural,Midwest,5.0,653.0,2.0,65729.0,0.115,9.769004769,62.82217813
Rural,Midwest,9.0,445.0,3.0,55491.0,0.134,7.867369819,59.19843303
Suburban,South,19.0,1538.0,3.0,46278.0,0.121,9.227940533,60.97569005
Rural,Midwest,4.0,90.0,2.0,85000.0,0.13,5.207653587,56.09242054
Rural,South,50.0,2141.0,6.0,39770.0,0.231,8.63476434,59.27588517
Suburban,South,286.0,29025.0,30.0,85928.0,0.069,9.85738402,60.41166921
Urban,South,58.0,6682.0,10.0,51055.0,0.258,7.019316166,55.12268552
Rural,Midwest,6.0,842.0,2.0,60205.0,0.066,5.550180229,59.35090854
Suburban,South,48.0,8946.0,10.0,85171.0,0.049,8.722999063,62.1150052
Rural,Midwest,28.0,1344.0,5.0,63212.0,0.131,7.59066677,55.14198023
Urban,Northeast,77.0,5090.0,12.0,59049.0,0.213,6.647742882,53.37708023
Suburban,Midwest,25.0,2626.0,8.0,59449.0,0.11,7.612104323,56.43070497
Suburban,West,34.0,5252.0,8.0,98524.0,0.038,4.205678336,63.51570966
Rural,Midwest,9.0,226.0,2.0,46250.0,0.23199999999999998,7.42041241,55.59236686
Urban,Midwest,136.0,11824.0,16.0,57150.0,0.11900000000000001,9.904694734,63.45647303
Suburban,Midwest,11.0,523.0,2.0,73521.0,0.049,8.483652362,60.67328636
Rural,Midwest,21.0,1857.0,2.0,46673.0,0.22399999999999998,8.523315934,58.4209512
Rural,Midwest,12.0,613.0,3.0,85595.0,0.075,7.569712238,55.28829671
Rural,West,18.0,771.0,3.0,57306.0,0.17,7.273750475,50.88938927
Rural,Midwest,22.0,889.0,2.0,79267.0,0.032,8.637249621,60.29868673
Urban,West,413.0,39400.0,65.0,64868.0,0.14,9.242051675,51.29895956
Suburban,Midwest,42.0,4072.0,10.0,69007.0,0.077,9.613723272,60.5813621
Town,Midwest,22.0,3230.0,7.0,56556.0,0.193,4.885992945,53.02239803
Suburban,Northeast,39.0,10097.0,14.0,63750.0,0.171,8.020054911,63.60569765
Rural,West,1.0,659.0,4.0,59878.0,0.106,7.711865216,51.20401359
Rural,Midwest,14.0,693.0,3.0,44034.0,0.165,7.471117571,55.98787096
Town,Northeast,18.0,925.0,2.0,77875.0,0.079,6.628192204,52.52763418
Rural,Midwest,6.0,186.0,2.0,57366.0,0.13,5.341451183,55.15892701
Suburban,Northeast,57.0,5849.0,7.0,125804.0,0.07,7.485106538,71.35427171
Suburban,Midwest,63.0,3711.0,6.0,115563.0,0.036000000000000004,10.1954054,64.93054156
Rural,Northeast,14.0,772.0,3.0,60804.0,0.10099999999999999,6.458900461,54.55258032
Rural,South,5.0,197.0,1.0,70733.0,0.083,8.539300234,62.0769295
Rural,West,5.0,63.0,3.0,63750.0,0.08,3.291161798,55.82098894
Rural,South,45.0,1877.0,8.0,41664.0,0.223,7.411033341,56.57924568
Rural,South,24.0,735.0,2.0,90307.0,0.061,6.743914301,54.94157998
Rural,Midwest,7.0,71.0,1.0,65556.0,0.092,4.832168242,55.80116493
Rural,South,9.0,312.0,2.0,59500.0,0.08800000000000001,7.218901792,60.61842602
Suburban,Northeast,26.0,1335.0,1.0,174914.0,0.027000000000000003,6.789104726,55.17701579
Rural,Midwest,12.0,959.0,5.0,80135.0,0.044000000000000004,7.909808178,58.26097459
Rural,South,43.0,3019.0,5.0,43187.0,0.184,8.932879443,58.89104851
Rural,South,105.0,10217.0,17.0,52842.0,0.154,7.954501587,62.76305315
Rural,South,19.0,888.0,3.0,59896.0,0.156,8.598341097,60.82866079
Rural,Midwest,14.0,837.0,4.0,63644.0,0.057,6.569021953,59.81130778
Rural,Midwest,5.0,305.0,1.0,76932.0,0.08900000000000001,8.0128237,56.69809369
Rural,Midwest,6.0,131.0,2.0,63000.0,0.078,5.290953914,54.66141558
Town,South,26.0,2115.0,5.0,66971.0,0.114,8.712986599,65.27901652
Rural,West,1.0,224.0,2.0,48322.0,0.16,7.784683138,52.78672929
Rural,Midwest,15.0,1454.0,3.0,76545.0,0.059000000000000004,8.385610641,57.60122818
Suburban,Northeast,4.0,5676.0,11.0,91592.0,0.06,6.875778205,59.7740983
Suburban,South,211.0,30281.0,56.0,56819.0,0.131,8.953820412,67.4281862
Rural,West,2.0,105.0,2.0,68229.0,0.09699999999999999,6.232303596,53.21603184
Town,Northeast,10.0,396.0,1.0,56019.0,0.16899999999999998,6.526141044,54.40538503
Rural,Midwest,8.0,275.0,2.0,42045.0,0.158,7.080925756,56.05165957
Town,South,18.0,817.0,3.0,43088.0,0.22399999999999998,7.910812046,61.50789918
Rural,Northeast,10.0,305.0,2.0,41490.0,0.29100000000000004,4.105593997,49.07895984
Rural,Midwest,6.0,454.0,2.0,76806.0,0.07200000000000001,9.068630251,59.09032268
Rural,Midwest,25.0,996.0,3.0,73993.0,0.05,5.739360356,61.94375918
Town,Midwest,22.0,2394.0,7.0,74274.0,0.081,7.780062444,58.68291959
Rural,Midwest,29.0,1388.0,4.0,67250.0,0.11199999999999999,8.557985875,58.36792116
Rural,Northeast,13.0,288.0,1.0,54125.0,0.047,5.647873799,51.5249989
Rural,Midwest,2.0,180.0,1.0,49700.0,0.17800000000000002,8.501425442,60.29994746
Rural,South,15.0,1996.0,4.0,50811.0,0.14,7.375475935,56.74097509
Suburban,Northeast,16.0,3989.0,5.0,57292.0,0.166,8.311822071,61.89657567
Rural,West,5.0,66.0,2.0,37125.0,0.184,4.160051561,62.42181397
Rural,West,3.0,436.0,3.0,46875.0,0.278,4.953798318,47.26915387
Rural,Northeast,1.0,2147.0,4.0,136344.0,0.024,6.841259328,64.23982524
Town,South,26.0,1974.0,4.0,36863.0,0.317,8.407553983,59.40451749
Rural,West,3.0,38.0,1.0,62314.0,0.22699999999999998,8.453838982,54.83226208
Rural,South,49.0,2636.0,9.0,41798.0,0.198,6.7276086,59.52828523
Rural,West,2.0,157.0,2.0,49295.0,0.11,4.417396655,63.712171
Town,Midwest,17.0,1302.0,3.0,88792.0,0.026000000000000002,7.923851684,57.8004095
Rural,Midwest,3.0,416.0,3.0,48333.0,0.157,6.462747878,57.38329097
Town,Midwest,19.0,1642.0,4.0,55868.0,0.09699999999999999,7.70727276,55.65027787
Suburban,Northeast,1.0,1541.0,4.0,54676.0,0.205,6.863956269,63.84565655
Rural,West,8.0,279.0,1.0,83400.0,0.038,6.117015191,59.47071739
Suburban,Northeast,1.0,8560.0,15.0,180447.0,0.051,8.209249509,74.26648754
Suburban,Northeast,1.0,3745.0,7.0,139394.0,0.027999999999999997,8.281039327,63.2511866
Rural,West,6.0,523.0,2.0,74022.0,0.047,4.204913498,56.22547528
Rural,Midwest,5.0,236.0,1.0,52917.0,0.083,7.412944876,55.55943559
Suburban,Midwest,39.0,2631.0,4.0,86715.0,0.057999999999999996,9.357528607,60.65637391
Urban,West,16.0,5976.0,10.0,105422.0,0.057999999999999996,9.730268746,61.4644655
Suburban,Northeast,9.0,1054.0,3.0,61127.0,0.239,6.052384736,57.2688593
Suburban,Northeast,11.0,3650.0,4.0,91520.0,0.094,8.22323149,67.54142085
Rural,Midwest,63.0,5073.0,7.0,86144.0,0.08800000000000001,9.618181402,60.79402903
Suburban,Midwest,10.0,3441.0,9.0,81134.0,0.067,7.743566052,57.71510558
Suburban,South,31.0,2929.0,5.0,65808.0,0.11,8.783642485,59.23948565
Suburban,Midwest,14.0,1986.0,1.0,71455.0,0.113,10.39253084,65.80933141
Suburban,West,37.0,5898.0,9.0,67692.0,0.124,7.267804492,64.93261891
Suburban,South,1345.0,254732.0,329.0,64522.0,0.124,7.501380451,55.95286766
Urban,South,26.0,3261.0,9.0,46844.0,0.221,8.076013495,56.5739239
Rural,West,7.0,180.0,1.0,58284.0,0.096,7.0225152,51.7373289
Town,South,35.0,3312.0,9.0,57830.0,0.131,6.480039345,60.63098407
Town,Midwest,9.0,536.0,2.0,52397.0,0.059000000000000004,8.62362706,61.22239552
Rural,Midwest,9.0,623.0,2.0,59213.0,0.094,6.992392441,56.93942655
Suburban,Northeast,65.0,2865.0,5.0,97128.0,0.036000000000000004,8.097239325,60.99396285
Rural,South,44.0,2201.0,4.0,36763.0,0.249,8.919636311,58.4265449
Rural,Midwest,55.0,2910.0,5.0,74639.0,0.098,8.223922897,62.42283702
Rural,South,10.0,152.0,1.0,52552.0,0.13,7.122568841,61.00446422
Suburban,South,8.0,781.0,3.0,44015.0,0.24100000000000002,6.695274442,70.82360178
Suburban,West,158.0,33199.0,41.0,91975.0,0.07,5.750464741,68.38423493
Rural,South,17.0,548.0,2.0,45385.0,0.204,8.534957092,60.69821954
Suburban,South,28.0,1489.0,3.0,72115.0,0.028999999999999998,8.617037676,66.12529751
Rural,West,2.0,100.0,1.0,72621.0,0.08900000000000001,7.255163334,66.48358247
Town,Midwest,41.0,1981.0,6.0,72845.0,0.055,8.024530942,55.28595472
Rural,South,76.0,4336.0,11.0,38919.0,0.225,7.552714421,57.8550904
Rural,Midwest,26.0,994.0,3.0,72545.0,0.18600000000000003,4.204642593,58.60100688
Urban,South,753.0,65456.0,87.0,81810.0,0.078,6.931802713,61.04045959
Suburban,West,10.0,8477.0,17.0,84402.0,0.105,7.471865577,52.88953559
Suburban,Northeast,115.0,5393.0,10.0,114427.0,0.052000000000000005,6.980442067,67.63781391
Town,Midwest,24.0,1139.0,3.0,47340.0,0.113,8.291974597,58.52160242
Rural,Midwest,5.0,290.0,2.0,38150.0,0.261,8.146342655,58.34932017
Rural,Northeast,7.0,146.0,1.0,73077.0,0.09,6.587795844,56.14521918
Town,South,40.0,2773.0,9.0,48661.0,0.204,6.756915277,59.72665986
Rural,West,7.0,86.0,1.0,65625.0,0.12,5.889104561,49.4201056
Rural,Midwest,7.0,479.0,1.0,43750.0,0.152,5.129029231,52.97916847
Town,South,12.0,574.0,2.0,47164.0,0.23800000000000002,7.255163288,58.84743
Rural,Midwest,2.0,0.0,0.0,63542.0,0.033,4.800855781,56.47651
Rural,South,87.0,3988.0,8.0,55446.0,0.128,6.916132977,57.97173155
Rural,Midwest,16.0,861.0,3.0,58652.0,0.133,8.541599856,62.42329996
Urban,Midwest,74.0,6709.0,9.0,63099.0,0.151,9.987561522,61.39447126
Rural,South,19.0,904.0,2.0,47125.0,0.163,9.120505279,55.99239437
Suburban,Northeast,55.0,2845.0,6.0,81759.0,0.086,6.9133775,51.74676915
Suburban,South,13.0,1244.0,4.0,81033.0,0.09699999999999999,9.51049701,55.9225233
Rural,Midwest,7.0,128.0,2.0,45000.0,0.08,5.509861978,54.64962647
Suburban,Midwest,51.0,4767.0,6.0,101063.0,0.033,8.842947148,59.63077625
Rural,Midwest,1.0,517.0,2.0,52070.0,0.1,5.203734199,59.13041538
Rural,Midwest,12.0,324.0,2.0,55385.0,0.063,5.509861978,54.64962647
Town,Midwest,8.0,1055.0,2.0,77309.0,0.071,7.331136045,57.82843864
Suburban,Northeast,1.0,645.0,1.0,140958.0,0.107,8.587900822,65.22364
Rural,Midwest,6.0,87.0,1.0,46319.0,0.121,7.164668452,56.02018884
Suburban,Northeast,9.0,1324.0,1.0,188023.0,0.036000000000000004,8.139677092,63.45622358
Rural,Midwest,66.0,1235.0,5.0,67500.0,0.139,8.51479262,60.14847421
Rural,West,8.0,269.0,3.0,70646.0,0.134,6.099595302,49.66898054
Rural,Midwest,52.0,3617.0,6.0,68095.0,0.087,8.578409294,59.99266946
Rural,South,7.0,295.0,2.0,44350.0,0.11199999999999999,8.678802428,60.10147996
Rural,Midwest,19.0,1149.0,3.0,49297.0,0.188,8.15944388,56.93986944
Rural,Northeast,4.0,99.0,1.0,27803.0,0.249,4.317704795,51.34862
Urban,South,66.0,4203.0,7.0,60401.0,0.14,9.233567885,60.70401812
Rural,West,7.0,144.0,1.0,62500.0,0.099,7.607135689,51.61707551
Rural,South,17.0,994.0,3.0,66295.0,0.102,7.924208272,63.01228782
Rural,Midwest,10.0,744.0,3.0,54773.0,0.10400000000000001,7.817946779,57.13864575
Rural,West,8.0,483.0,2.0,98047.0,0.08199999999999999,7.043120149,49.77786282
Rural,Midwest,9.0,694.0,4.0,53468.0,0.192,7.918496832,55.48697962
Rural,South,12.0,893.0,3.0,44651.0,0.27399999999999997,8.689875591,62.42425193
Rural,Midwest,26.0,2265.0,4.0,88693.0,0.048,9.209492541,57.89713146
Town,South,88.0,5727.0,7.0,57873.0,0.157,9.007135027,60.23782718
Town,West,11.0,1810.0,5.0,68092.0,0.174,8.270025741,73.01825583
Rural,Midwest,25.0,3011.0,5.0,49945.0,0.127,8.868047653,60.72270572
Rural,South,19.0,1076.0,2.0,58011.0,0.162,8.058673768,59.4019165
Rural,South,5.0,323.0,1.0,56985.0,0.14400000000000002,8.929528466,59.65153781
Urban,Midwest,50.0,9537.0,23.0,60744.0,0.10300000000000001,8.94725242,58.58315237
Rural,Midwest,2.0,62.0,1.0,96136.0,0.042,8.862118621,59.62400239
Town,Midwest,19.0,1151.0,4.0,56205.0,0.128,7.882433521,60.06678268
Rural,South,51.0,2589.0,5.0,65759.0,0.14800000000000002,9.533551936,60.75960256
Rural,Northeast,1.0,0.0,0.0,16667.0,0.5,3.869927836,50.21157
Rural,West,38.0,2150.0,6.0,83638.0,0.121,6.087694081,48.3302984
Town,Midwest,18.0,2882.0,6.0,50732.0,0.102,6.639690364,59.70682807
Town,South,62.0,5602.0,10.0,46801.0,0.179,9.033536697,56.67127585
Rural,Midwest,9.0,406.0,2.0,60660.0,0.078,7.362306614,58.38593811
Urban,Midwest,34.0,4017.0,7.0,47357.0,0.16,9.472550086,59.72329652
Suburban,South,119.0,8993.0,23.0,68740.0,0.105,8.188526863,58.85139049
Rural,Northeast,23.0,803.0,3.0,97070.0,0.013999999999999999,6.46945959,54.55787913
Rural,Midwest,11.0,413.0,3.0,42237.0,0.135,7.141901252,55.75464107
Rural,Midwest,5.0,123.0,2.0,58750.0,0.18899999999999997,7.108378949,55.59640423
Town,South,44.0,4693.0,6.0,50413.0,0.226,9.628053345,61.00777021
Rural,South,26.0,2180.0,4.0,82868.0,0.152,9.320621084,60.22171858
Rural,Midwest,37.0,2227.0,4.0,73682.0,0.11699999999999999,8.607732252,59.80399538
Rural,Midwest,9.0,450.0,2.0,60962.0,0.139,8.496926719,60.28616062
Suburban,Midwest,1.0,1534.0,6.0,39161.0,0.27899999999999997,10.3361365,65.31859939
Rural,West,18.0,1133.0,3.0,48929.0,0.146,6.139406918,62.68742706
Rural,Midwest,84.0,3659.0,8.0,62280.0,0.111,8.115373617,58.18230864
Rural,South,10.0,585.0,2.0,43352.0,0.273,9.01459757,58.77843549
Suburban,Midwest,13.0,1442.0,4.0,70437.0,0.149,9.229567132,63.15472383
Suburban,Midwest,17.0,5116.0,13.0,77854.0,0.086,7.81256819,58.12467942
Rural,Midwest,31.0,1134.0,4.0,71128.0,0.078,8.732531471,59.13633811
Suburban,South,168.0,24058.0,32.0,53301.0,0.132,7.479855157,60.30999859
Rural,West,4.0,379.0,2.0,62929.0,0.10099999999999999,4.603326086,52.73488241
Rural,Midwest,13.0,593.0,2.0,77888.0,0.085,8.903977744,59.64141595
Suburban,South,305.0,24804.0,37.0,37104.0,0.35600000000000004,10.7142595,53.85615356
Rural,South,31.0,3360.0,4.0,78272.0,0.077,9.138396161,62.73232307
Suburban,Northeast,84.0,7746.0,15.0,137168.0,0.027999999999999997,8.188792727,62.24420029
Suburban,Midwest,60.0,6123.0,10.0,45936.0,0.20800000000000002,10.20190187,65.32395297
Rural,South,8.0,251.0,1.0,79821.0,0.113,6.350001116,63.56428264
Rural,South,5.0,242.0,1.0,92115.0,0.003,8.129585882,62.74158793
Rural,Midwest,43.0,3273.0,5.0,59884.0,0.11699999999999999,8.776657301,60.22824375
Rural,Midwest,12.0,910.0,3.0,53072.0,0.128,8.068735765,57.22138341
Rural,Midwest,2.0,50.0,1.0,65313.0,0.146,7.144858714,55.8018217
Town,West,20.0,1634.0,4.0,67368.0,0.102,7.727125185,52.42918254
Rural,West,9.0,65.0,1.0,34205.0,0.252,5.799531014,53.33833
Rural,West,26.0,1443.0,4.0,85583.0,0.044000000000000004,6.753853043,52.60211563
Rural,Northeast,23.0,566.0,3.0,61399.0,0.16399999999999998,6.293753693,54.30995023
Rural,Midwest,31.0,1815.0,7.0,59351.0,0.126,8.780263634,57.52804553
Rural,Midwest,6.0,199.0,2.0,40956.0,0.278,8.332547323,57.28204853
Town,West,49.0,2374.0,4.0,78330.0,0.091,4.112740688,56.12821746
Urban,Midwest,47.0,5892.0,11.0,69328.0,0.16399999999999998,7.938969509,59.02172718
Rural,Midwest,8.0,851.0,3.0,65846.0,0.10099999999999999,5.87100234,59.19896498
Rural,West,8.0,434.0,2.0,69861.0,0.114,11.77163981,72.89755597
Town,Midwest,16.0,1790.0,5.0,55632.0,0.087,7.12383223,62.18429823
Town,South,13.0,1030.0,5.0,46110.0,0.32,7.447308396,58.48562143
Rural,Midwest,2.0,535.0,4.0,73917.0,0.102,5.524765495,59.89729887
Suburban,Midwest,62.0,3371.0,3.0,77384.0,0.044000000000000004,9.285690107,60.94889687
Town,Midwest,9.0,576.0,3.0,54415.0,0.10300000000000001,5.740534054,53.54071113
Rural,West,3.0,31.0,1.0,34167.0,0.11599999999999999,4.392451214,62.08119082
Rural,Midwest,11.0,843.0,3.0,76285.0,0.083,7.52826799,58.44267927
Town,South,12.0,963.0,3.0,46404.0,0.182,9.517232568,59.70866187
Town,Midwest,2.0,684.0,3.0,53125.0,0.16,4.847789856,53.70240399
Town,South,54.0,4010.0,7.0,72765.0,0.073,8.513610025,58.68156771
Rural,West,21.0,1424.0,7.0,60240.0,0.134,4.409771247,60.50464833
Suburban,West,8.0,14001.0,24.0,59416.0,0.20199999999999999,6.569355707,74.74778702
Suburban,South,73.0,11618.0,21.0,70829.0,0.111,8.671434737,63.53603432
Town,West,2.0,182.0,1.0,43125.0,0.25,5.047624113,44.73799755
Town,West,29.0,1307.0,10.0,63590.0,0.111,3.566819376,61.73310303
Rural,Midwest,7.0,321.0,2.0,61389.0,0.092,7.911274741,56.86942886
Suburban,Midwest,82.0,8350.0,16.0,84758.0,0.054000000000000006,8.596461564,58.59635943
Rural,South,20.0,1095.0,3.0,62990.0,0.066,7.254251057,64.50045524
Town,South,14.0,829.0,4.0,60272.0,0.08,6.276586333,59.70706804
Town,Northeast,5.0,3171.0,6.0,55366.0,0.218,6.478166081,56.78189382
Rural,Midwest,13.0,692.0,3.0,65495.0,0.091,6.921703668,55.80492771
Rural,South,9.0,433.0,3.0,39441.0,0.24600000000000002,8.931484408,59.70357123
Rural,West,5.0,295.0,3.0,50750.0,0.157,4.998465647,60.70889507
Rural,West,28.0,1092.0,5.0,95171.0,0.068,3.021952155,62.93879701
Suburban,South,43.0,4315.0,7.0,61021.0,0.11599999999999999,8.819718699,62.02623254
Urban,West,2.0,5844.0,9.0,78426.0,0.083,6.973541899,69.73834054
Suburban,Midwest,52.0,4393.0,8.0,67190.0,0.065,9.111299873,63.53812799
Rural,West,5.0,363.0,4.0,48487.0,0.21600000000000003,3.680085231,61.57854106
Rural,Midwest,15.0,606.0,3.0,76654.0,0.057999999999999996,8.946831455,60.24324757
Rural,Midwest,6.0,376.0,2.0,53468.0,0.11599999999999999,8.169376629,57.1059166
Rural,Midwest,12.0,982.0,5.0,75278.0,0.066,6.192049156,56.51474544
Rural,Northeast,13.0,1153.0,5.0,66198.0,0.15,6.230008426,54.17908684
Rural,South,3.0,183.0,1.0,39482.0,0.231,5.137767123,63.31858
Urban,South,680.0,93702.0,154.0,60451.0,0.115,7.562645957,63.93027667
Rural,Midwest,3.0,42.0,1.0,41563.0,0.153,4.80787615,52.55298551
Rural,Midwest,8.0,244.0,1.0,60150.0,0.172,8.704433478,58.3176177
Suburban,Midwest,25.0,2338.0,5.0,65995.0,0.07200000000000001,8.67502397,57.89239814
Rural,South,9.0,418.0,2.0,53718.0,0.151,7.121953296,61.39025063
Rural,South,52.0,1668.0,5.0,45567.0,0.191,7.387670464,57.06563477
Rural,South,31.0,4143.0,6.0,95078.0,0.034,8.912283096,64.5317171
Urban,South,308.0,49929.0,82.0,70807.0,0.125,7.305338435,61.94551237
Urban,South,110.0,14502.0,24.0,42245.0,0.27399999999999997,10.77233222,54.05016986
Suburban,Midwest,136.0,10269.0,18.0,59810.0,0.113,9.584341559,62.44654167
Town,South,49.0,3075.0,4.0,39668.0,0.212,8.895902844,57.73009961
Town,Midwest,25.0,1888.0,4.0,42714.0,0.198,7.827745675,57.19721961
Suburban,West,28.0,7354.0,16.0,65374.0,0.14300000000000002,10.58382915,59.00636453
Rural,Midwest,8.0,76.0,2.0,68500.0,0.124,4.54037702,55.50072844
Rural,Midwest,17.0,744.0,4.0,64592.0,0.073,8.2533472,60.56816788
Town,Midwest,21.0,1114.0,4.0,80192.0,0.07400000000000001,8.534047412,60.24730555
Rural,South,18.0,537.0,3.0,54284.0,0.09,7.886904743,60.74090543
Rural,Midwest,7.0,416.0,2.0,67917.0,0.021,5.75267819,54.49476047
Rural,South,9.0,474.0,3.0,62446.0,0.038,7.320141613,60.87899341
Suburban,South,44.0,3410.0,7.0,56974.0,0.174,7.357022138,59.99655904
Rural,South,14.0,720.0,3.0,56250.0,0.135,7.696194677,60.69373312
Rural,South,6.0,282.0,1.0,56786.0,0.05,7.739478158,60.94515066
Suburban,South,127.0,12833.0,25.0,67892.0,0.102,9.455536445,61.63512067
Rural,West,4.0,374.0,2.0,36442.0,0.429,10.89760383,70.68153784
Suburban,Northeast,7.0,2236.0,5.0,137390.0,0.045,8.285585913,62.8765357
Rural,Northeast,19.0,801.0,2.0,57304.0,0.099,6.644958486,55.27479947
Rural,Midwest,20.0,1345.0,3.0,52780.0,0.13,8.530884729,59.88436248
Rural,South,9.0,1506.0,3.0,40125.0,0.295,7.384145327,61.69843524
Suburban,Midwest,108.0,19069.0,43.0,65346.0,0.131,8.279684332,64.9665545
Suburban,South,9.0,4371.0,5.0,89433.0,0.079,10.35137813,67.33765934
Suburban,Midwest,1.0,13082.0,17.0,105238.0,0.045,7.278039044,58.11080515
Rural,Midwest,7.0,658.0,3.0,79536.0,0.076,8.478358635,61.40851203
Rural,West,26.0,1878.0,7.0,75837.0,0.081,2.969996301,56.96907
Rural,Midwest,12.0,458.0,2.0,23761.0,0.22399999999999998,6.882154094,54.64650363
Rural,South,25.0,703.0,3.0,33946.0,0.29100000000000004,9.470612107,60.14237362
Rural,Midwest,1.0,573.0,3.0,63164.0,0.094,5.786819587,62.25999684
Rural,Northeast,46.0,2663.0,4.0,78395.0,0.08,6.956758184,65.46015071
Rural,South,18.0,915.0,3.0,40986.0,0.14400000000000002,7.658063319,55.65717584
Suburban,Midwest,53.0,4702.0,9.0,71615.0,0.06,9.666283672,61.44998036
Rural,West,8.0,316.0,2.0,51787.0,0.034,5.309949312,47.17313172
Town,South,24.0,1865.0,5.0,54223.0,0.172,7.160861615,59.89778389
Rural,Midwest,21.0,460.0,1.0,104408.0,0.051,8.545008501,61.08212343
Suburban,West,3.0,2456.0,4.0,137023.0,0.062,8.832460205,63.17461085
Urban,West,376.0,64443.0,112.0,74292.0,0.109,4.95398593,60.21964022
Town,West,23.0,1252.0,7.0,76175.0,0.07200000000000001,5.365756236,50.92234708
Town,West,43.0,3990.0,11.0,56542.0,0.156,4.621585059,56.06503684
Rural,South,33.0,2168.0,6.0,47051.0,0.16699999999999998,8.421924859,58.18488448
Rural,South,105.0,6883.0,15.0,51656.0,0.166,8.783569985,58.12936088
Town,South,73.0,5003.0,9.0,63860.0,0.11699999999999999,7.749857713,59.80162019
Town,West,2.0,519.0,2.0,108561.0,0.036000000000000004,5.137186813,53.34858478
Town,Midwest,5.0,456.0,3.0,71938.0,0.159,8.006414823,56.08965896
Town,Midwest,13.0,772.0,3.0,40333.0,0.275,8.439998104,58.35977161
Rural,Midwest,9.0,171.0,1.0,99417.0,0.055,9.321322475,63.31000492
Town,South,76.0,7878.0,11.0,48958.0,0.18100000000000002,9.388325761,63.8210156
Suburban,Midwest,129.0,3215.0,5.0,61803.0,0.11,7.829320932,57.68131229
Suburban,Midwest,10.0,666.0,5.0,53102.0,0.177,7.850541128,59.01977006
Rural,South,36.0,2055.0,5.0,56530.0,0.12,8.711636091,61.55327191
Rural,South,54.0,9087.0,10.0,77885.0,0.08800000000000001,8.818448461,69.10677906
Rural,South,11.0,318.0,1.0,61629.0,0.172,7.109429348,65.25980051
Rural,Midwest,15.0,583.0,3.0,59665.0,0.098,8.168883014,57.41827
Rural,South,18.0,715.0,3.0,36864.0,0.223,8.990656011,58.81652515
Suburban,South,51.0,6317.0,19.0,54526.0,0.151,7.866107191,60.55278178
Rural,South,22.0,934.0,2.0,100498.0,0.052000000000000005,9.030631338,63.24154988
Suburban,Midwest,8.0,1823.0,6.0,58382.0,0.182,9.83112418,63.75282338
Rural,Northeast,15.0,510.0,1.0,67617.0,0.172,6.06766173,55.91846596
Rural,Midwest,25.0,1868.0,5.0,53681.0,0.14400000000000002,7.565506315,61.7062832
Rural,Midwest,8.0,641.0,2.0,68000.0,0.075,9.519789387,60.78491712
Town,Midwest,20.0,1333.0,3.0,59679.0,0.11599999999999999,7.622331643,57.56763304
Town,Midwest,8.0,589.0,2.0,54042.0,0.08199999999999999,8.06632718,59.3717147
Town,West,24.0,2397.0,8.0,52294.0,0.193,8.175495895,52.91336888
Town,South,166.0,6252.0,14.0,59667.0,0.133,7.188682053,57.77981392
Town,Midwest,9.0,733.0,2.0,54935.0,0.133,8.303758822,59.57426696
Suburban,Midwest,90.0,7196.0,14.0,62286.0,0.065,8.792532683,67.63565775
Rural,Midwest,8.0,314.0,3.0,63636.0,0.079,8.43297365,55.47699603
Town,Midwest,10.0,752.0,3.0,55186.0,0.08,9.469993621,60.3580834
Rural,West,8.0,471.0,3.0,60795.0,0.07400000000000001,4.267867114,62.43774457
Suburban,South,16.0,2738.0,5.0,39927.0,0.21600000000000003,6.718812754,58.76604586
Rural,Midwest,6.0,330.0,2.0,53438.0,0.131,7.697887522,59.05715088
Suburban,West,234.0,73459.0,96.0,92765.0,0.055,6.419158314,66.46807601
Rural,South,36.0,1972.0,5.0,46375.0,0.225,7.81720937,56.05634208
Rural,Midwest,10.0,544.0,2.0,56146.0,0.20800000000000002,7.242085611,55.01820163
Rural,West,21.0,234.0,2.0,48672.0,0.114,3.438922247,55.65789611
Suburban,Northeast,18.0,690.0,2.0,98527.0,0.034,7.297273973,63.31688
Town,Midwest,38.0,1663.0,4.0,62049.0,0.09,7.781108607,55.91159709
Rural,Midwest,9.0,342.0,2.0,52639.0,0.095,6.527400803,59.53524299
Rural,Midwest,2.0,86.0,2.0,54271.0,0.061,4.580378116,55.47409437
Suburban,West,2.0,455.0,3.0,137396.0,0.063,7.274697857,49.52134339
Rural,West,16.0,1053.0,4.0,81389.0,0.063,5.003198643,64.54263513
Suburban,South,409.0,77978.0,92.0,65072.0,0.114,8.625026164,64.75532218
Urban,Midwest,35.0,8610.0,14.0,143060.0,0.034,7.578367865,58.66722264
Urban,West,255.0,28485.0,56.0,92813.0,0.122,6.848081319,66.85019981
Suburban,Midwest,13.0,809.0,3.0,49444.0,0.099,9.103706162,66.39096913
Suburban,South,582.0,60074.0,79.0,44524.0,0.25,10.31972687,69.16753315
Rural,Midwest,2.0,120.0,2.0,65714.0,0.094,5.725813531,60.01710062
Suburban,Midwest,1.0,493.0,2.0,81185.0,0.16,10.34970588,66.05417789
Rural,Midwest,13.0,450.0,3.0,58854.0,0.135,7.416033633,60.89102627
Town,Midwest,8.0,893.0,4.0,50658.0,0.11199999999999999,8.388508973,57.39934369
Town,West,19.0,5834.0,8.0,49420.0,0.228,6.226360074,49.6278586
Suburban,West,16.0,2663.0,7.0,67480.0,0.183,9.487619663,75.69290221
Rural,Midwest,21.0,428.0,1.0,101033.0,0.055,8.568378904,60.95544
Rural,South,10.0,567.0,5.0,39125.0,0.23,10.41864546,55.01571072
Suburban,Midwest,26.0,947.0,1.0,64463.0,0.11800000000000001,8.77856334,62.01461251
Town,Midwest,1.0,1541.0,4.0,90781.0,0.033,7.657347294,57.93189742
Rural,Midwest,29.0,1627.0,5.0,63889.0,0.14400000000000002,8.356186396,61.52846908
Rural,Northeast,18.0,587.0,4.0,40000.0,0.139,4.500979735,51.65095736
Suburban,Midwest,42.0,5348.0,7.0,55269.0,0.125,8.471024768,60.04493603
Town,South,55.0,8255.0,10.0,71981.0,0.08199999999999999,8.557500417,65.90978615
Rural,South,21.0,1119.0,2.0,44306.0,0.193,8.033912159,56.56909225
Town,South,16.0,1023.0,3.0,49424.0,0.198,7.147206069,56.23364669
Rural,South,6.0,323.0,2.0,70284.0,0.031,8.632677555,61.47210177
Town,West,51.0,4245.0,8.0,86202.0,0.081,8.824022153,55.36055832
Urban,South,71.0,5812.0,10.0,50832.0,0.177,9.141979316,59.40218743
Suburban,Midwest,9.0,803.0,3.0,56411.0,0.158,8.57058148,66.50920134
Town,West,3.0,562.0,2.0,80469.0,0.157,5.959203013,43.73128828
Rural,Midwest,17.0,916.0,3.0,56920.0,0.11599999999999999,6.817763979,59.78194024
Town,Midwest,20.0,2864.0,9.0,52479.0,0.14800000000000002,8.828304796,58.73650541
Rural,Midwest,22.0,1517.0,4.0,77734.0,0.063,8.755300497,56.72854028
Rural,West,14.0,480.0,2.0,62058.0,0.102,7.994829007,52.89773884
Rural,Midwest,5.0,318.0,1.0,47958.0,0.128,6.832718248,56.91232878
Suburban,West,5.0,2209.0,9.0,81753.0,0.08,5.610994249,64.15106094
Town,West,28.0,3339.0,8.0,112721.0,0.018000000000000002,5.236347987,64.49610062
Rural,West,15.0,2617.0,3.0,63144.0,0.106,6.242192861,54.64835968
Suburban,West,9.0,3884.0,5.0,112782.0,0.061,7.023912955,49.95794134
Rural,Midwest,45.0,1406.0,5.0,49927.0,0.152,8.52265409,57.71518931
Town,South,56.0,3956.0,6.0,65508.0,0.105,9.117726642,58.00603947
Rural,Midwest,5.0,174.0,3.0,54046.0,0.115,7.111806154,54.77623711
Rural,South,17.0,2205.0,4.0,137656.0,0.079,9.214542719,63.73146793
Rural,Midwest,22.0,1854.0,3.0,57028.0,0.138,9.434319838,61.20845759
Town,South,42.0,4003.0,6.0,49769.0,0.171,8.788982983,56.23980941
Rural,South,42.0,2002.0,6.0,51460.0,0.136,7.238761128,57.69338016
Rural,Midwest,5.0,123.0,1.0,24375.0,0.34700000000000003,7.441347671,55.19128
Suburban,Midwest,27.0,2411.0,5.0,84595.0,0.07400000000000001,9.155285611,61.09702364
Suburban,Northeast,25.0,1341.0,2.0,159848.0,0.021,8.159506318,65.5535191
Rural,West,4.0,293.0,3.0,37847.0,0.22899999999999998,3.823724775,60.75140312
Rural,Midwest,13.0,754.0,2.0,50212.0,0.19699999999999998,7.021605912,57.61573474
Rural,South,21.0,1166.0,2.0,36667.0,0.282,7.253070251,56.6973058
Suburban,South,44.0,3750.0,7.0,66472.0,0.1,7.119090745,57.91347054
Suburban,Northeast,1.0,671.0,2.0,143889.0,0.03,7.992939726,63.27981
Suburban,Midwest,5.0,7412.0,16.0,65016.0,0.172,6.554283994,59.16884308
Suburban,West,13.0,614.0,2.0,74161.0,0.07,6.579171733,53.07161129
Rural,West,5.0,181.0,3.0,45724.0,0.16,4.706484438,55.61582
Town,South,39.0,4754.0,11.0,48786.0,0.23199999999999998,6.372300005,57.77545657
Suburban,Midwest,2.0,5707.0,15.0,72689.0,0.079,9.766661391,65.26904578
Suburban,West,5.0,574.0,2.0,72321.0,0.03,7.155873241,52.8788728
Suburban,Midwest,18.0,1364.0,4.0,65122.0,0.107,9.029389887,63.18995934
Suburban,West,5.0,6826.0,9.0,105346.0,0.061,10.27421211,60.13151888
Town,Midwest,28.0,1040.0,3.0,65118.0,0.083,9.079074943,61.54352636
Urban,West,165.0,34900.0,39.0,129722.0,0.047,8.94221645,62.42034116
Rural,South,21.0,414.0,2.0,42722.0,0.261,9.468951556,56.69252058
Suburban,Midwest,33.0,2289.0,4.0,79102.0,0.055999999999999994,8.783711055,60.76375305
Rural,Northeast,12.0,309.0,1.0,57708.0,0.095,5.921793788,53.88993441
Rural,West,8.0,204.0,3.0,54091.0,0.16899999999999998,6.58743844,63.55639682
Town,Midwest,3.0,1549.0,7.0,92003.0,0.027999999999999997,6.496399354,59.22253426
Rural,South,24.0,1110.0,4.0,39641.0,0.226,9.403966866,60.24389811
Rural,West,11.0,378.0,4.0,50789.0,0.138,6.304366734,50.47063429
Rural,South,5.0,150.0,1.0,61328.0,0.205,8.875670891,59.56930024
Town,Midwest,29.0,2586.0,6.0,44007.0,0.265,8.595245772,59.62369226
Town,Midwest,35.0,1499.0,4.0,55143.0,0.106,8.217035486,58.45935059
Urban,Midwest,61.0,10361.0,24.0,80512.0,0.081,7.57473002,58.67452248
Urban,West,107.0,13866.0,25.0,62025.0,0.135,7.76664984,56.18103963
Town,South,47.0,2674.0,6.0,58763.0,0.11599999999999999,8.305674753,57.84295996
Rural,West,3.0,85.0,1.0,42750.0,0.242,8.037313254,52.95185226
Rural,South,386.0,31517.0,45.0,65543.0,0.09300000000000001,8.61956412,59.00224676
Rural,Midwest,6.0,158.0,2.0,60536.0,0.067,7.329839373,56.86856007
Rural,Midwest,21.0,1250.0,3.0,65528.0,0.113,8.064587951,59.91272874
Urban,South,235.0,33911.0,46.0,49926.0,0.278,10.62148171,53.9790085
Rural,West,3.0,40.0,2.0,67292.0,0.07,4.697539011,50.87748059
Rural,West,3.0,311.0,3.0,58229.0,0.17600000000000002,0.0,0.0
Rural,Midwest,11.0,415.0,2.0,43125.0,0.11199999999999999,8.225217052,61.74153202
Rural,South,18.0,1304.0,3.0,90404.0,0.076,9.033964067,60.1019836
Town,South,26.0,2901.0,4.0,62026.0,0.094,8.69912605,64.41062098
Rural,South,7.0,352.0,1.0,64963.0,0.14,8.804816246,62.14434715
Urban,South,340.0,26531.0,43.0,57463.0,0.158,7.107425624,58.1156318
Urban,South,272.0,21456.0,40.0,53334.0,0.17,10.02922534,56.602809
Rural,South,144.0,13152.0,23.0,66353.0,0.09,6.894149538,58.23044153
Rural,Midwest,13.0,402.0,2.0,59464.0,0.124,7.027573041,54.1237349
Rural,Midwest,6.0,242.0,2.0,65612.0,0.079,5.563768782,55.53654141
Town,Midwest,4.0,644.0,3.0,53709.0,0.10099999999999999,6.384772162,56.12882535
Town,Midwest,16.0,1544.0,4.0,79397.0,0.048,9.297729138,60.50243673
Town,South,53.0,2662.0,5.0,38506.0,0.247,9.509181506,56.81348
Rural,Northeast,10.0,348.0,2.0,55469.0,0.111,4.301857836,48.20257
Suburban,Midwest,3.0,6764.0,18.0,96278.0,0.037000000000000005,7.084763638,59.05262389
Rural,Midwest,8.0,459.0,2.0,53706.0,0.121,5.390422734,54.22798071
Town,South,23.0,2023.0,4.0,67455.0,0.092,8.719563097,58.88071541
Rural,Midwest,7.0,368.0,2.0,65500.0,0.057,7.127414519,55.10093404
Suburban,Midwest,71.0,9201.0,18.0,112793.0,0.03,8.362369105,60.1023326
Urban,Midwest,65.0,14989.0,22.0,59200.0,0.146,6.602202681,60.56829609
Town,Midwest,29.0,3101.0,6.0,76223.0,0.12,8.485449643,59.12115049
Rural,West,7.0,420.0,2.0,82604.0,0.111,0.0,0.0
Town,West,59.0,4540.0,10.0,64602.0,0.18899999999999997,5.342571128,46.64984466
Rural,South,37.0,2004.0,5.0,51452.0,0.141,7.425025317,57.052599119999996
Rural,West,16.0,824.0,2.0,68875.0,0.069,5.951220879,51.17240731
Suburban,Northeast,212.0,9433.0,12.0,106532.0,0.033,7.20311337,53.53994278
Town,South,21.0,1556.0,4.0,59355.0,0.24100000000000002,8.185362101,61.40962851
Suburban,South,39.0,3340.0,6.0,80594.0,0.11,8.636733775,62.077998
Urban,South,73.0,9404.0,12.0,63323.0,0.09699999999999999,7.579170131,61.10463887
Town,South,11.0,1540.0,3.0,36042.0,0.252,7.67295044,57.49708118
Rural,Midwest,13.0,519.0,1.0,48442.0,0.187,7.378869041,55.51238518
Urban,South,937.0,102719.0,124.0,71874.0,0.10800000000000001,9.174795443,65.28609862
Rural,Midwest,1.0,899.0,5.0,67120.0,0.067,7.588018382,56.41164359
Rural,South,183.0,17964.0,36.0,58661.0,0.11599999999999999,8.875016869,61.90411464
Rural,Midwest,7.0,1001.0,3.0,86479.0,0.046,8.06385119,57.98680367
Rural,Midwest,40.0,1171.0,3.0,94076.0,0.026000000000000002,9.127771499,60.77185064
Suburban,Midwest,15.0,1658.0,3.0,67515.0,0.11800000000000001,9.008854599,60.13131964
Rural,West,9.0,655.0,2.0,68355.0,0.17800000000000002,5.036774582,55.60466161
Rural,South,14.0,704.0,3.0,65188.0,0.048,8.806641212,60.95594498
Town,South,22.0,1712.0,4.0,71149.0,0.115,8.615441904,66.65316704
Suburban,West,58.0,18818.0,28.0,88634.0,0.085,9.097366197,59.75472814
Town,West,37.0,2608.0,9.0,59957.0,0.107,6.467413669,52.81342453
Rural,South,80.0,8643.0,23.0,56462.0,0.133,8.589938566,62.95844843
Suburban,Northeast,20.0,335.0,1.0,75615.0,0.043,7.038788325,55.67984806
Urban,Midwest,74.0,7066.0,14.0,55610.0,0.239,7.798064504,61.48076624
Rural,South,12.0,450.0,2.0,56563.0,0.196,9.440823176,57.03033494
Town,Midwest,19.0,918.0,5.0,83233.0,0.141,8.600747068,58.74980947
Rural,Midwest,5.0,144.0,3.0,53264.0,0.129,7.271349843,56.0003725
Rural,West,10.0,174.0,1.0,70278.0,0.11900000000000001,6.303349888,52.75318498
Rural,Midwest,5.0,235.0,3.0,55455.0,0.22899999999999998,8.488365657,58.87092279
Rural,Midwest,36.0,1966.0,5.0,97629.0,0.024,9.629224714,61.39964658
Rural,Midwest,10.0,722.0,2.0,80163.0,0.049,5.650422816,59.56659899
Town,South,9.0,469.0,2.0,40000.0,0.231,8.446353184,57.39704357
Suburban,Midwest,17.0,1018.0,2.0,66234.0,0.086,8.598722466,63.27033
Rural,Northeast,26.0,1437.0,4.0,57696.0,0.147,5.217796709,51.50712731
Town,Midwest,33.0,4114.0,8.0,94793.0,0.05,8.6681679,58.33200478
Town,Midwest,28.0,1594.0,4.0,77289.0,0.07200000000000001,6.611884191,56.45457874
Suburban,Midwest,65.0,7970.0,17.0,96689.0,0.061,8.928170991,59.86193718
Rural,Midwest,27.0,1116.0,3.0,66797.0,0.131,8.199302692,58.7443178
Rural,South,48.0,5965.0,10.0,48991.0,0.223,9.144053468,61.57230237
Rural,South,12.0,857.0,5.0,70714.0,0.161,8.922881274,59.03622911
Rural,Midwest,16.0,1516.0,4.0,59761.0,0.13699999999999998,6.930894538,60.49059669
Town,South,15.0,743.0,3.0,45281.0,0.114,5.891265433,59.51464267
Town,Northeast,15.0,859.0,3.0,45587.0,0.21100000000000002,6.173508803,53.11508465
Rural,Midwest,14.0,962.0,4.0,55250.0,0.095,7.501432937,56.10453701
Rural,South,36.0,1696.0,6.0,39443.0,0.21,8.610234382,56.83856783
Town,Northeast,1.0,618.0,1.0,75869.0,0.08199999999999999,5.991191242,55.53692902
Town,Midwest,48.0,2432.0,6.0,68250.0,0.076,8.395876474,64.69126337
Rural,Midwest,13.0,289.0,2.0,63839.0,0.11,5.954621562,56.91462
Rural,West,4.0,125.0,1.0,54722.0,0.166,3.942916222,53.00554623
Rural,Midwest,7.0,180.0,2.0,59861.0,0.086,4.897620487,55.85558828
Rural,South,309.0,42171.0,50.0,127844.0,0.034,7.691900188,59.78354269
Town,West,6.0,1232.0,3.0,72356.0,0.095,11.36335215,75.27884961
Rural,Midwest,8.0,285.0,3.0,63281.0,0.051,6.637849223,57.36883508
Urban,West,43.0,7766.0,10.0,81359.0,0.132,7.609243037,67.1903472
Rural,West,27.0,2222.0,8.0,61541.0,0.12300000000000001,3.758369673,55.58478293
Town,South,49.0,3752.0,7.0,59887.0,0.13699999999999998,8.46854717,59.24719214
Rural,Midwest,5.0,140.0,1.0,55863.0,0.14300000000000002,6.548842548,60.68459889
Rural,South,12.0,505.0,1.0,52540.0,0.19899999999999998,6.972526936,66.19163473
Rural,South,10.0,153.0,1.0,73500.0,0.09300000000000001,6.165095266,60.16149349
Town,Midwest,10.0,653.0,3.0,56006.0,0.10099999999999999,8.164021298,60.34714352
Rural,South,60.0,3564.0,5.0,53613.0,0.191,9.727441483,68.57477136
Rural,West,1.0,185.0,1.0,59167.0,0.11599999999999999,6.875272329,56.62947
Rural,South,7.0,988.0,3.0,61699.0,0.114,6.560685159,62.7408639
Rural,South,10.0,425.0,3.0,38731.0,0.179,5.766408142,60.47247141
Rural,South,62.0,4343.0,4.0,52742.0,0.184,8.527137959,57.10380553
Town,West,17.0,668.0,2.0,57513.0,0.161,3.756492502,60.88192132
Town,Midwest,17.0,953.0,3.0,85722.0,0.05,8.815909182,61.2876556
Suburban,West,320.0,39496.0,61.0,82589.0,0.073,7.58433211,52.03112525
Suburban,South,102.0,10758.0,24.0,48549.0,0.134,7.498043907,58.97017424
Urban,West,12.0,5256.0,13.0,47493.0,0.249,9.060248444,62.19080092
Rural,Midwest,5.0,93.0,1.0,43083.0,0.258,6.820990068,55.61050667
Town,West,47.0,5825.0,11.0,77385.0,0.065,7.11047625,51.16744057
Rural,Midwest,13.0,664.0,3.0,65828.0,0.09699999999999999,7.962220007,59.10137459
Rural,South,0.0,135.0,1.0,66815.0,0.115,8.849053699,59.97341
Town,West,7.0,508.0,1.0,20089.0,0.501,10.66617205,70.33816
Rural,Midwest,10.0,1242.0,4.0,53563.0,0.10800000000000001,7.769481469,56.06906209
Suburban,Northeast,15.0,1509.0,3.0,129503.0,0.038,7.386045315,56.31036625
Town,South,32.0,1831.0,4.0,43428.0,0.223,9.424166073,55.56407588
Rural,Midwest,10.0,1441.0,7.0,60710.0,0.1,6.809610523,56.41468785
Rural,Midwest,13.0,547.0,3.0,62509.0,0.08900000000000001,5.985352311,61.51566528
Suburban,South,102.0,11138.0,17.0,56449.0,0.147,7.926442296,61.9490086
Rural,Northeast,29.0,1345.0,5.0,67012.0,0.149,6.580484183,53.30176876
Rural,West,5.0,271.0,3.0,66550.0,0.066,5.343325897,59.68839936
Suburban,Midwest,13.0,1567.0,4.0,46458.0,0.198,8.545957865,62.14853456
Urban,Northeast,8.0,9690.0,12.0,49338.0,0.353,7.90095202,65.01549998
Suburban,Midwest,77.0,14703.0,20.0,79490.0,0.061,9.672205599,63.54468771
Suburban,Northeast,55.0,4220.0,6.0,159077.0,0.054000000000000006,7.55044596,61.07132539
Rural,West,13.0,1062.0,3.0,104583.0,0.044000000000000004,6.856875469,50.16316002
Rural,Midwest,8.0,730.0,2.0,56686.0,0.135,7.130030802,55.81135115
Town,Midwest,8.0,1063.0,5.0,62034.0,0.09300000000000001,7.283572901,56.62279131
Rural,West,9.0,488.0,4.0,80870.0,0.092,4.935476199,52.32336545
Rural,Midwest,8.0,379.0,2.0,41250.0,0.18100000000000002,7.935282526,56.03136464
Rural,West,23.0,1385.0,9.0,77266.0,0.08800000000000001,6.575216806,70.0463908
Town,South,25.0,1571.0,3.0,62857.0,0.067,8.739477037,61.294831
Urban,West,23.0,1498.0,4.0,60846.0,0.111,7.168006473,52.93758112
Suburban,Midwest,16.0,2501.0,4.0,71334.0,0.066,9.764480158,62.17647667
Rural,Midwest,15.0,776.0,3.0,58536.0,0.091,6.83266012,57.45474655
Suburban,Northeast,8.0,1924.0,5.0,106439.0,0.069,6.79290783,67.20963838
Suburban,Midwest,10.0,754.0,2.0,50378.0,0.136,8.693259614,61.93106925
Town,South,34.0,2416.0,5.0,43672.0,0.188,8.180870401,58.93300893
Rural,Midwest,32.0,1254.0,4.0,73042.0,0.065,8.698913333,59.89521209
Town,Midwest,16.0,1542.0,3.0,75079.0,0.11599999999999999,7.380809416,59.90491395
Rural,Midwest,9.0,321.0,2.0,69708.0,0.08900000000000001,8.133998925,59.49290783
Rural,Midwest,3.0,92.0,1.0,55417.0,0.105,8.488195304,59.90418506
Rural,Midwest,6.0,267.0,6.0,66154.0,0.09699999999999999,5.781584175,53.994974
Rural,Midwest,17.0,654.0,3.0,46205.0,0.121,7.181763904,56.60594214
Rural,Midwest,6.0,269.0,3.0,62581.0,0.158,8.582049778,59.93649783
Suburban,Northeast,47.0,3703.0,7.0,54197.0,0.159,6.972552816,52.72443169
Rural,Midwest,16.0,769.0,3.0,36272.0,0.212,6.994928043,55.12122007
Town,West,9.0,603.0,5.0,35397.0,0.23,3.953241992,60.72174624
Suburban,Midwest,23.0,1921.0,1.0,66232.0,0.105,9.191982399,58.4617121
Urban,West,53.0,11226.0,9.0,57281.0,0.215,9.104911577,70.66776694
Rural,Midwest,9.0,486.0,2.0,68077.0,0.053,7.483839275,58.71382446
Suburban,Midwest,43.0,3689.0,9.0,55512.0,0.122,7.571178787,57.86414225
Rural,South,10.0,690.0,2.0,55592.0,0.067,9.256429572,56.49953318
Suburban,Midwest,39.0,4136.0,5.0,96938.0,0.061,9.980614983,64.50174966
Town,Midwest,14.0,840.0,3.0,61369.0,0.142,7.948770935,61.65109382
Suburban,West,51.0,5515.0,9.0,64122.0,0.14800000000000002,8.223504743,56.14585149
Rural,Midwest,5.0,178.0,2.0,69750.0,0.045,5.761814573,56.31940369
Rural,South,15.0,536.0,3.0,48106.0,0.205,8.706848699,61.46306572
Rural,Midwest,2.0,48.0,1.0,32455.0,0.222,4.529916927,54.14571542
Rural,South,5.0,253.0,1.0,58906.0,0.028999999999999998,6.744152055,64.37886
Rural,West,14.0,690.0,2.0,74792.0,0.052000000000000005,5.707190854,51.2671574
Rural,Midwest,48.0,4732.0,9.0,65039.0,0.081,7.896119246,57.35557039
Rural,West,3.0,68.0,2.0,74375.0,0.053,4.648824181,53.33584904
Suburban,Northeast,4.0,1423.0,4.0,88429.0,0.026000000000000002,8.485193996,67.35223564
Rural,Midwest,41.0,1354.0,6.0,38833.0,0.25,8.264475907,58.15765432
Suburban,Midwest,16.0,1789.0,1.0,57833.0,0.13,8.977115143,61.89767385
Rural,Midwest,8.0,120.0,3.0,56429.0,0.087,5.605258946,55.88827761
Rural,South,26.0,1188.0,3.0,41406.0,0.26,9.158378003,58.7863933
Rural,South,33.0,1593.0,5.0,44337.0,0.162,8.791773689,59.4333099
Rural,Midwest,9.0,321.0,4.0,59420.0,0.109,7.231065202,56.13912226
Town,South,13.0,751.0,2.0,50549.0,0.239,8.904298792,60.30639683
Suburban,Northeast,20.0,698.0,2.0,66985.0,0.174,6.764847527,56.77749362
Urban,South,79.0,8001.0,13.0,43452.0,0.225,7.0342641,58.99899046
Suburban,Northeast,8.0,4032.0,6.0,92456.0,0.094,9.065608556,65.78907049
Rural,Midwest,3.0,241.0,2.0,63125.0,0.20600000000000002,9.146238845,61.85408581
Rural,South,67.0,2843.0,4.0,57893.0,0.132,9.0581904,61.47447244
Rural,Midwest,2.0,86.0,1.0,71250.0,0.149,8.930607743,61.58172905
Rural,Northeast,8.0,250.0,1.0,84583.0,0.068,5.187302493,64.86329
Rural,Midwest,15.0,293.0,2.0,56838.0,0.055,7.769558295,61.4597778
Rural,South,22.0,1115.0,5.0,56797.0,0.198,8.671090273,59.55057266
Suburban,West,23.0,2786.0,11.0,59596.0,0.16399999999999998,4.846352662,64.27877865
Suburban,Northeast,1.0,360.0,1.0,92981.0,0.039,8.225273699,63.30766
Town,Midwest,22.0,1525.0,4.0,48576.0,0.15,7.943687294,59.52585262
Town,South,52.0,3217.0,7.0,49449.0,0.179,8.454990504,58.40349776
Rural,Midwest,12.0,594.0,3.0,71098.0,0.11599999999999999,8.504588707,58.67886956
Suburban,South,104.0,13165.0,21.0,34617.0,0.381,10.66953344,54.368525
Town,West,8.0,891.0,5.0,60375.0,0.183,5.178040165,52.79811248
Suburban,South,25.0,2784.0,5.0,51311.0,0.215,8.565146446,64.0672171
Town,South,29.0,1792.0,6.0,44155.0,0.18600000000000003,7.301830079,62.06818129
Rural,Midwest,6.0,767.0,4.0,80729.0,0.061,6.922428729,59.49494251
Suburban,Northeast,4.0,2217.0,4.0,122446.0,0.046,8.203035198,64.48435157
Town,West,32.0,2049.0,8.0,64719.0,0.069,2.901280342,56.88163403
Rural,West,8.0,1449.0,6.0,77060.0,0.067,5.670603586,53.32584284
Rural,South,52.0,4866.0,6.0,72683.0,0.132,9.507945838,65.84944871
Suburban,Northeast,23.0,2849.0,8.0,82984.0,0.09300000000000001,6.076404127,64.47746527
Urban,West,8.0,1077.0,2.0,34566.0,0.368,7.134756438,69.65200309
Rural,Midwest,12.0,496.0,2.0,52059.0,0.086,8.457928318,60.00734172
Suburban,Midwest,71.0,6806.0,13.0,95380.0,0.068,8.386687046,62.63180237
Rural,Midwest,6.0,129.0,1.0,74306.0,0.08,5.675486354,59.37203747
Urban,Midwest,104.0,29205.0,97.0,70099.0,0.17,7.77091004,58.5182874
Rural,West,6.0,150.0,1.0,72891.0,0.034,7.833319077,53.33034916
Rural,West,4.0,0.0,1.0,153083.0,0.032,8.579890959,55.65948
Suburban,Northeast,14.0,1563.0,4.0,102045.0,0.044000000000000004,7.405326002,58.99169461
Rural,Midwest,5.0,214.0,2.0,29125.0,0.544,4.689932693,56.16234296
Suburban,Midwest,6.0,408.0,2.0,99764.0,0.021,9.345312603,63.8804
Rural,West,1.0,334.0,13.0,49688.0,0.157,0.0,0.0
Suburban,South,28.0,5671.0,8.0,71503.0,0.084,7.494844195,60.45245602
Rural,Midwest,1.0,853.0,4.0,74144.0,0.081,8.903895849,58.14637796
Rural,South,26.0,1098.0,3.0,36875.0,0.25,8.761578081,56.06597057
Town,South,35.0,1612.0,3.0,34993.0,0.163,7.758050496,56.27798005
Rural,West,12.0,1121.0,3.0,57763.0,0.2,4.880095511,52.4933225
Rural,Northeast,28.0,865.0,3.0,61813.0,0.087,6.881601741,57.86453867
Urban,South,53.0,6076.0,10.0,69118.0,0.14300000000000002,6.802217966,71.31335145
Rural,Midwest,9.0,387.0,2.0,66739.0,0.077,7.42261868,59.86797264
Urban,South,406.0,109797.0,222.0,47728.0,0.222,8.956858089,62.65568697
Rural,Midwest,22.0,1217.0,4.0,45599.0,0.252,7.011783378,54.91348532
Suburban,Northeast,3.0,5548.0,9.0,120907.0,0.043,7.534674329,70.44303432
Rural,South,44.0,4878.0,9.0,59579.0,0.11800000000000001,7.846761413,60.4978393
Town,Midwest,29.0,2150.0,5.0,49310.0,0.17600000000000002,8.263346165,61.03929981
Rural,West,8.0,38.0,2.0,46250.0,0.081,4.511041096,52.59321
Town,West,8.0,335.0,2.0,36681.0,0.198,4.662326135,68.38866099
Rural,South,0.0,549.0,3.0,62774.0,0.193,8.255877452,68.01548
Rural,Midwest,3.0,365.0,3.0,70568.0,0.132,5.618322781,57.18399525
Rural,South,33.0,867.0,4.0,46506.0,0.161,5.902341135,54.98000151
Rural,West,7.0,211.0,3.0,68707.0,0.10800000000000001,3.188205042,57.75932805
Rural,Midwest,17.0,842.0,3.0,57283.0,0.071,9.126059814,61.51231394
Town,Midwest,30.0,2907.0,7.0,60089.0,0.099,6.477491124,56.89145876
Town,Northeast,6.0,125.0,1.0,144773.0,0.006999999999999999,5.749655616,69.61396
Suburban,Northeast,69.0,3590.0,6.0,119710.0,0.054000000000000006,7.168711584,66.19549398
Rural,Midwest,19.0,644.0,4.0,68750.0,0.076,8.958189956,61.04160012
Urban,South,197.0,32212.0,57.0,57359.0,0.193,8.688029876,62.199606
Town,West,29.0,1906.0,3.0,46192.0,0.172,4.563081474,61.76206139
Suburban,West,36.0,4979.0,11.0,76208.0,0.132,8.669827702,62.15091096
Urban,South,54.0,12174.0,29.0,43068.0,0.22,9.321802198,63.38016107
Rural,Midwest,24.0,1380.0,3.0,72703.0,0.087,8.25566038,63.70186616
Rural,South,26.0,1151.0,3.0,54225.0,0.154,8.748740879,57.0773133
Town,Midwest,22.0,4659.0,8.0,51351.0,0.136,6.344955484,57.24126317
Rural,Midwest,10.0,357.0,2.0,58500.0,0.08,8.694040605,60.81255585
Suburban,Northeast,20.0,1537.0,4.0,101352.0,0.046,6.203731671,57.13308334
Town,Midwest,31.0,2531.0,6.0,43596.0,0.203,8.827469558,59.8471367
Suburban,Midwest,128.0,10542.0,12.0,87289.0,0.05,9.862377665,61.30579201
Rural,West,5.0,79.0,1.0,77361.0,0.078,7.618648882,70.64992479
Town,Midwest,27.0,2197.0,5.0,86250.0,0.08800000000000001,7.039276311,56.61226434
Rural,South,42.0,1680.0,4.0,72349.0,0.087,6.90245866,55.29724574
Suburban,Northeast,119.0,6509.0,9.0,67136.0,0.09,8.000307027,60.90102073
Rural,Midwest,5.0,336.0,3.0,61295.0,0.11,6.973577422,55.37372379
Rural,Midwest,10.0,453.0,3.0,64009.0,0.057,6.493078816,59.67952959
Rural,Midwest,13.0,760.0,3.0,65469.0,0.122,8.531034345,61.59551552
Rural,Midwest,9.0,322.0,1.0,54909.0,0.168,8.520523406,60.03719904
Rural,Midwest,3.0,407.0,4.0,43942.0,0.07200000000000001,4.551429411,55.29592388
Town,West,39.0,913.0,9.0,59065.0,0.109,3.191422449,57.89964009
Town,West,31.0,7102.0,14.0,71366.0,0.13699999999999998,6.257260692,75.09654463
Urban,South,117.0,16040.0,19.0,105450.0,0.096,8.279991911,63.81796944
Suburban,Northeast,7.0,3746.0,10.0,90188.0,0.066,5.771866143,52.437448
Town,West,12.0,776.0,3.0,45700.0,0.134,8.565581943,50.59458869
Rural,South,14.0,629.0,2.0,35805.0,0.231,8.299118185,58.06812589
Suburban,Midwest,66.0,6102.0,11.0,65913.0,0.08800000000000001,9.410775274,68.03152086
Rural,West,50.0,2797.0,10.0,94498.0,0.071,2.758295294,58.59468514
Town,South,46.0,3376.0,6.0,34406.0,0.35200000000000004,10.04926298,54.17876025
Rural,West,5.0,313.0,1.0,46875.0,0.258,8.484872531,69.45670263
Rural,West,5.0,631.0,8.0,46250.0,0.233,0.0,0.0
Suburban,South,36.0,4961.0,8.0,60542.0,0.146,7.779995858,61.1475101
Rural,South,18.0,1161.0,3.0,50167.0,0.12,9.603165562,56.15242492
Rural,West,5.0,912.0,4.0,78750.0,0.157,0.0,0.0
Rural,South,3.0,172.0,1.0,88854.0,0.075,5.724129747,58.4496591
Suburban,South,96.0,13361.0,16.0,133538.0,0.025,9.511566095,68.89516484
Town,Midwest,27.0,1496.0,5.0,53135.0,0.182,7.202758176,56.59832478
Suburban,Northeast,3.0,5251.0,6.0,119520.0,0.057,7.272312116,68.92938034
Rural,Northeast,23.0,1835.0,5.0,89269.0,0.043,6.475576485,51.98884771
Suburban,Northeast,31.0,2022.0,5.0,220815.0,0.057999999999999996,7.108507671,56.16079057
Town,West,8.0,1490.0,5.0,50341.0,0.128,6.472038462,54.84634031
Suburban,South,41.0,3246.0,9.0,32416.0,0.28800000000000003,10.05846203,67.25950471
Rural,South,16.0,434.0,2.0,40486.0,0.175,8.12857016,57.46502949
Rural,Midwest,9.0,237.0,2.0,70982.0,0.034,6.29778794,56.62493559
Rural,Midwest,41.0,1609.0,3.0,58190.0,0.158,8.630991461,58.05195031
Rural,Midwest,4.0,93.0,1.0,60625.0,0.063,6.563403451,57.43220524
Rural,South,16.0,467.0,3.0,43549.0,0.261,9.168102245,59.69402934
Town,Midwest,47.0,1385.0,3.0,45647.0,0.22,7.252753603,56.139699
Town,South,17.0,675.0,2.0,61538.0,0.122,7.234611781,59.46087
Rural,Midwest,15.0,715.0,3.0,49474.0,0.243,7.147734177,56.63604336
Rural,West,6.0,1089.0,3.0,48233.0,0.187,5.805132973,53.11315773
Rural,Midwest,3.0,49.0,1.0,47500.0,0.1,7.494843316,55.47040269
Town,South,39.0,4071.0,9.0,50535.0,0.21100000000000002,8.043484297,59.21163091
Rural,Midwest,11.0,871.0,3.0,72021.0,0.068,8.64115185,59.41973028
Suburban,Northeast,62.0,2850.0,5.0,119245.0,0.035,8.449323737,68.13199246
Rural,Midwest,2.0,470.0,2.0,84310.0,0.043,8.182316598,59.51264909
Suburban,Midwest,70.0,5713.0,10.0,69105.0,0.07200000000000001,8.648492974,57.91322672
Town,Midwest,55.0,2933.0,5.0,71692.0,0.07200000000000001,8.423133543,59.64394214
Rural,Northeast,11.0,371.0,1.0,66583.0,0.078,7.118350229,58.34155441
Rural,Midwest,9.0,361.0,3.0,47500.0,0.182,8.49651589,58.24784
Suburban,South,99.0,10565.0,14.0,58829.0,0.207,9.882786673,55.41513587
Rural,South,92.0,10269.0,18.0,60117.0,0.115,8.498866465,61.63237473
Suburban,South,345.0,34114.0,42.0,60182.0,0.156,10.25906907,68.58311358
Town,Midwest,6.0,497.0,1.0,53556.0,0.18899999999999997,8.461619678,59.14950663
Suburban,Midwest,2.0,2341.0,5.0,98693.0,0.07,10.17346191,64.67709422
Rural,Midwest,14.0,273.0,2.0,43750.0,0.316,6.897808181,54.51369145
Rural,West,1.0,65.0,1.0,66042.0,0.022000000000000002,7.231898308,55.07637051
Suburban,Midwest,12.0,863.0,4.0,59423.0,0.07200000000000001,8.599495411,59.360513159999996
Rural,West,8.0,283.0,3.0,36580.0,0.159,7.163399515,49.74834552
Town,Midwest,23.0,1224.0,4.0,78693.0,0.068,8.768718533,60.00302535
Rural,South,2.0,21.0,1.0,41500.0,0.079,9.588629041,57.43564
Suburban,Midwest,32.0,1990.0,4.0,104006.0,0.039,8.392959153,62.08020088
Town,Midwest,22.0,1319.0,3.0,34333.0,0.248,8.391447818,58.8722716
Town,Midwest,64.0,3454.0,8.0,45316.0,0.183,9.05203022,57.66660515
Rural,West,8.0,433.0,4.0,31875.0,0.217,3.581600658,62.15086
Rural,Northeast,18.0,738.0,2.0,83880.0,0.066,4.98946528,56.98338009
Rural,Midwest,37.0,1779.0,4.0,57485.0,0.10400000000000001,7.134841201,57.52222393
Rural,Midwest,7.0,539.0,3.0,52218.0,0.156,5.988652702,58.67797132
Rural,Midwest,22.0,1455.0,3.0,71250.0,0.073,8.764100003,59.63233098
Town,Midwest,20.0,1972.0,3.0,56539.0,0.125,5.45009851,53.32904019
Suburban,South,24.0,2194.0,7.0,43879.0,0.177,7.070300081,59.81287758
Rural,South,5.0,100.0,1.0,56705.0,0.071,7.142568817,60.93919027
Rural,South,11.0,371.0,2.0,40550.0,0.268,8.435566385,57.39015221
Suburban,Midwest,14.0,1006.0,4.0,53711.0,0.151,8.300757984,62.07164297
Urban,Midwest,135.0,10510.0,24.0,51736.0,0.244,8.061416914,57.94942201
Suburban,Northeast,6.0,1591.0,4.0,132315.0,0.036000000000000004,8.269361699,63.40302769
Rural,Midwest,12.0,849.0,4.0,72679.0,0.083,8.510696423,55.95232678
Rural,South,53.0,2339.0,6.0,48294.0,0.16,7.731498421,57.82017717
Rural,Midwest,10.0,654.0,3.0,55982.0,0.158,5.889197808,56.909
Suburban,West,34.0,1190.0,4.0,91412.0,0.055999999999999994,5.203389032,71.19081578
Rural,Midwest,34.0,1642.0,3.0,80879.0,0.046,9.174610021,61.27512863
Town,South,32.0,1363.0,4.0,45000.0,0.152,8.395727629,58.13217385
Suburban,Northeast,12.0,1084.0,3.0,54738.0,0.18100000000000002,6.682235906,53.06174165
Rural,Midwest,7.0,334.0,2.0,77412.0,0.08199999999999999,5.597864585,55.91756404
Rural,Midwest,15.0,537.0,2.0,59643.0,0.21899999999999997,6.941271805,54.77364268
Town,West,6.0,1350.0,4.0,77813.0,0.10099999999999999,6.606406456,54.15644871
Rural,Midwest,60.0,2238.0,6.0,57431.0,0.132,8.388381561,59.03955145
Rural,South,50.0,3010.0,6.0,101759.0,0.039,8.689731951,61.47894759
Suburban,Midwest,60.0,3091.0,6.0,88196.0,0.042,8.307720389,61.41330561
Rural,West,7.0,531.0,2.0,48819.0,0.225,4.921914001,53.31407567
Town,West,7.0,525.0,2.0,57365.0,0.08800000000000001,8.82340374,57.02429376
Rural,Northeast,6.0,309.0,1.0,90861.0,0.047,6.957705479,57.51398
Town,South,11.0,2159.0,5.0,34771.0,0.303,8.413483693,59.63079263
Rural,Midwest,21.0,745.0,3.0,49589.0,0.17,8.436576322,59.661435
Rural,Midwest,24.0,1231.0,3.0,66003.0,0.091,6.891776308,55.71008753
Urban,West,125.0,24764.0,41.0,108145.0,0.086,10.60653123,71.87445479
Rural,South,172.0,14047.0,13.0,72279.0,0.076,8.74481919,57.74195111
Suburban,Northeast,56.0,8159.0,11.0,127125.0,0.039,7.780670288,65.13388822
Rural,West,2.0,16.0,1.0,68106.0,0.015,4.907648438,53.73297
Suburban,Midwest,2.0,1534.0,2.0,57283.0,0.10800000000000001,10.1688074,67.35188444
Rural,South,10.0,486.0,2.0,100833.0,0.015,8.453749223,66.25367409
Town,Midwest,12.0,964.0,3.0,68496.0,0.07200000000000001,5.357193746,54.36062936
Rural,Midwest,11.0,625.0,2.0,70764.0,0.11199999999999999,6.56180081,59.52298814
Rural,Midwest,25.0,796.0,5.0,52857.0,0.071,7.014377024,58.81776073
Rural,West,2.0,40.0,1.0,47188.0,0.258,3.445066521,47.637
Rural,Midwest,10.0,513.0,1.0,47835.0,0.142,4.810175808,52.4433893
Rural,Midwest,8.0,339.0,2.0,55625.0,0.078,7.087566687,54.96198051
Suburban,West,86.0,13778.0,26.0,70918.0,0.069,4.614926308,55.96680406
Town,South,19.0,868.0,2.0,31826.0,0.155,8.373373087,58.28475596
Suburban,Northeast,8.0,1565.0,3.0,54904.0,0.149,9.030772072,65.01808383
Rural,Midwest,7.0,223.0,3.0,55417.0,0.305,5.044746701,54.7046635
Town,West,10.0,2124.0,7.0,51455.0,0.156,7.223073341,61.57696626
Rural,Midwest,5.0,27.0,2.0,61216.0,0.14300000000000002,5.096777323,54.08428714
Rural,Midwest,16.0,997.0,3.0,57108.0,0.14800000000000002,4.934835935,53.01272524
Town,Midwest,24.0,1180.0,3.0,55000.0,0.134,7.258311063,58.21125567
Rural,Midwest,16.0,1217.0,6.0,75806.0,0.065,7.406112821,57.73261811
Rural,Midwest,38.0,2173.0,4.0,89449.0,0.063,8.468321213,59.36253342
Rural,South,50.0,1561.0,4.0,55013.0,0.146,7.090403413,58.89275199
Rural,West,8.0,38.0,1.0,51875.0,0.0,5.840000135,58.43292931
Town,Northeast,18.0,1559.0,4.0,51813.0,0.109,6.808074865,53.00691977
Rural,Midwest,14.0,1117.0,5.0,56944.0,0.11900000000000001,7.454960335,56.89137406
Town,Midwest,13.0,1062.0,2.0,53422.0,0.10300000000000001,6.980762739,55.63941176
Rural,South,21.0,1099.0,3.0,90341.0,0.10800000000000001,8.291981342,64.15544015
Rural,Midwest,13.0,810.0,3.0,60319.0,0.172,8.132015657,55.28089644
Town,West,21.0,1362.0,5.0,47563.0,0.128,7.190024415,50.34510914
Town,Midwest,32.0,3185.0,5.0,42140.0,0.226,8.503538622,63.62972496
Suburban,South,5.0,1501.0,3.0,110875.0,0.026000000000000002,9.682234177,64.53605118
Rural,Midwest,19.0,791.0,2.0,76793.0,0.027999999999999997,8.596992603,63.02538
Suburban,South,20.0,1297.0,4.0,62193.0,0.11699999999999999,5.522083503,61.73630717
Suburban,Northeast,2.0,3258.0,5.0,102721.0,0.054000000000000006,6.986374642,63.88328894
Rural,West,4.0,26.0,1.0,52813.0,0.287,7.024022343,51.63805892
Rural,South,11.0,323.0,2.0,33641.0,0.213,8.697962018,59.03728797
Town,South,93.0,6651.0,10.0,63859.0,0.161,8.770264968,57.94826299
Rural,South,31.0,2076.0,4.0,69389.0,0.043,8.569410836,57.78912405
Rural,West,4.0,21.0,1.0,56250.0,0.182,5.071800114,49.86738041
Suburban,Northeast,1.0,2990.0,5.0,124203.0,0.036000000000000004,7.462719331,70.10412143
Suburban,Northeast,72.0,4704.0,7.0,250000.0,0.026000000000000002,8.535176804,71.40487727
Rural,South,57.0,3188.0,13.0,50598.0,0.17800000000000002,7.265783801,57.68224352
Town,Midwest,25.0,2323.0,6.0,57629.0,0.109,8.217465838,59.58600214
Rural,South,22.0,1175.0,3.0,59345.0,0.13,6.613497482,62.78370055
Rural,South,11.0,328.0,1.0,70682.0,0.039,5.740151233,62.73566
Rural,South,9.0,276.0,5.0,35804.0,0.22,7.073614713,60.87944217
Suburban,West,30.0,3832.0,10.0,68955.0,0.098,7.726747031,52.94707179
Suburban,West,16.0,10079.0,14.0,85091.0,0.102,10.72489063,90.41167925
Rural,South,21.0,1186.0,3.0,85390.0,0.07,9.058489274,60.48457765
Rural,South,53.0,1784.0,4.0,45163.0,0.16899999999999998,8.973054413,59.77646293
Urban,West,13.0,3130.0,4.0,58849.0,0.28300000000000003,8.84731476,70.35304336
Rural,West,14.0,1230.0,3.0,53130.0,0.18899999999999997,6.480490608,75.21337298
Rural,West,5.0,304.0,2.0,71875.0,0.069,6.851478672,52.56926862
Town,Midwest,13.0,1304.0,3.0,64889.0,0.08199999999999999,6.285987483,61.12947285
Suburban,Midwest,45.0,3144.0,4.0,68872.0,0.046,9.178451735,61.33787368
Rural,South,47.0,1561.0,7.0,43022.0,0.17600000000000002,6.638527264,57.53343465
Rural,Midwest,8.0,249.0,3.0,45952.0,0.132,5.59775259,53.71158197
Town,South,12.0,2765.0,5.0,50415.0,0.16399999999999998,7.691285365,56.76684201
Urban,Midwest,19.0,1665.0,4.0,74174.0,0.109,9.339091265,66.64962784
Suburban,West,54.0,8599.0,6.0,154696.0,0.066,6.989379256,53.42564803
Suburban,South,20.0,1841.0,5.0,66510.0,0.154,8.412599677,67.55862749
Rural,Midwest,9.0,294.0,2.0,64516.0,0.055999999999999994,7.197374678,59.08308347
Suburban,South,33.0,3060.0,4.0,74970.0,0.105,8.603451642,59.11210162
Rural,Midwest,7.0,304.0,2.0,46207.0,0.13699999999999998,5.14176126,55.51089
Rural,South,7.0,134.0,1.0,57000.0,0.122,8.882187927,60.28612042
Town,Northeast,37.0,1296.0,3.0,65747.0,0.066,7.234607276,59.1940379
Rural,Midwest,12.0,654.0,4.0,52750.0,0.16899999999999998,7.918322354,63.46603827
Town,Midwest,16.0,1511.0,3.0,76553.0,0.059000000000000004,8.58974542,59.01859604
Town,West,24.0,1228.0,5.0,51105.0,0.141,6.975534208,44.04884234
Rural,South,6.0,401.0,2.0,60975.0,0.09,8.888434814,58.78218966
Rural,Midwest,7.0,212.0,2.0,54659.0,0.022000000000000002,7.457090992,56.99816885
Town,Northeast,46.0,6221.0,8.0,39995.0,0.35100000000000003,7.470394433,64.26414657
Urban,West,36.0,4383.0,13.0,62673.0,0.13699999999999998,5.668537952,45.88966456
Rural,South,65.0,3886.0,8.0,43475.0,0.15,9.090985367,60.85403923
Rural,Midwest,6.0,294.0,2.0,75337.0,0.071,6.033560382,61.11246189
Suburban,Midwest,35.0,3259.0,6.0,71991.0,0.094,9.198845764,65.77969371
Rural,South,10.0,362.0,2.0,61685.0,0.10800000000000001,8.547827221,59.11807644
Rural,South,12.0,711.0,3.0,44145.0,0.257,9.01809399,58.8407122
Town,Northeast,34.0,1841.0,5.0,72820.0,0.065,6.396901226,53.95485926
Suburban,South,431.0,35003.0,42.0,73460.0,0.096,9.067533721,62.26158451
Rural,South,11.0,575.0,3.0,43269.0,0.153,5.330419556,58.51433488
Suburban,Midwest,12.0,1797.0,3.0,41298.0,0.207,9.339102133,63.99623135
Rural,South,4.0,44.0,1.0,79167.0,0.055999999999999994,5.954725479,60.49036
Suburban,Midwest,74.0,3329.0,7.0,66826.0,0.095,8.93478281,59.90461649
Suburban,South,124.0,22947.0,34.0,71253.0,0.08199999999999999,9.457964576,67.13791512
Rural,Midwest,23.0,1497.0,8.0,85067.0,0.059000000000000004,8.995855151,57.8354057
Rural,West,3.0,46.0,1.0,26667.0,0.31,7.353047044,49.78635233
Suburban,West,14.0,6253.0,12.0,123703.0,0.067,7.177318479,62.15716563
Rural,Midwest,9.0,373.0,2.0,56037.0,0.158,5.784707305,54.15896871
Rural,Midwest,40.0,4443.0,6.0,86292.0,0.044000000000000004,8.538368123,60.51619213
Rural,Northeast,51.0,2162.0,2.0,113234.0,0.040999999999999995,7.768077516,66.40022226
Urban,South,271.0,29818.0,53.0,49883.0,0.19699999999999998,9.672124806,60.5999784
Rural,West,9.0,451.0,4.0,79875.0,0.162,4.199883178,55.53093
Rural,South,77.0,7340.0,20.0,52079.0,0.15,7.444581284,58.08526286
Urban,South,26.0,4137.0,9.0,64232.0,0.132,6.585456616,58.83397435
Town,South,60.0,3638.0,14.0,47343.0,0.152,6.040019365,55.00331343
Urban,South,350.0,38773.0,43.0,63880.0,0.12300000000000001,7.460487754,57.22703153
Rural,West,9.0,230.0,1.0,41591.0,0.20199999999999999,5.933210411,55.02243
Urban,West,70.0,5101.0,11.0,57119.0,0.127,9.019854705,50.9178361
Rural,South,22.0,1560.0,6.0,31795.0,0.268,9.252068013,60.9658911
Rural,Northeast,15.0,403.0,1.0,50789.0,0.139,6.040744673,51.00182836
Urban,Northeast,818.0,20034.0,56.0,54080.0,0.198,10.4005873,61.17414904
Rural,West,6.0,165.0,1.0,83125.0,0.035,3.842904307,56.0245839
Rural,West,1.0,2569.0,8.0,53156.0,0.16,4.013398954,63.52051708
Rural,Midwest,4.0,256.0,2.0,42593.0,0.149,5.500128059,52.48375438
Suburban,Northeast,4.0,2267.0,5.0,114141.0,0.033,8.181543887,63.50014989
Rural,Midwest,13.0,265.0,4.0,49022.0,0.195,7.386908858,60.47764172
Rural,Midwest,5.0,351.0,2.0,79271.0,0.021,8.519678168,60.51523489
Rural,South,52.0,3304.0,6.0,68619.0,0.068,8.502162861,62.02426826
Rural,Midwest,8.0,412.0,2.0,55720.0,0.059000000000000004,5.480956612,54.23614853
Suburban,Midwest,71.0,4499.0,7.0,101702.0,0.036000000000000004,9.597960013,63.41268555
Urban,West,46.0,10521.0,24.0,58261.0,0.14300000000000002,6.296966887,64.68543626
Suburban,Midwest,7.0,657.0,4.0,26067.0,0.353,9.467916393,65.33019368
Rural,Midwest,6.0,300.0,3.0,70625.0,0.052000000000000005,8.585662587,57.2687272
Suburban,Midwest,26.0,4022.0,10.0,61836.0,0.092,9.187117812,60.22866005
Rural,South,6.0,193.0,8.0,41734.0,0.129,7.671268204,59.96868719
Rural,South,76.0,7216.0,12.0,52630.0,0.129,6.94354137,59.97311273
Suburban,South,81.0,9620.0,12.0,100969.0,0.064,9.45021143,62.15446797
Urban,South,38.0,3655.0,5.0,71528.0,0.10300000000000001,9.186503428,59.26155541
Suburban,Northeast,38.0,9802.0,19.0,85041.0,0.10800000000000001,7.077048006,59.30776328
Rural,South,7.0,458.0,3.0,51750.0,0.243,8.706593141,60.03720527
Suburban,Northeast,40.0,2576.0,4.0,65259.0,0.136,6.916796629,52.66158073
Suburban,Midwest,26.0,9320.0,23.0,110770.0,0.035,6.808525007,59.10483235
Town,South,53.0,5208.0,9.0,61415.0,0.11599999999999999,8.761815376,60.968273
Rural,South,7.0,335.0,2.0,41231.0,0.154,8.814370959,60.78617
Rural,Midwest,6.0,592.0,3.0,57500.0,0.057999999999999996,5.405890797,53.4762498
Suburban,Midwest,60.0,6831.0,13.0,102065.0,0.038,8.89605626,60.55495015
Suburban,West,20.0,4199.0,7.0,82861.0,0.122,8.347193543,65.92309254
Rural,Northeast,11.0,721.0,1.0,73771.0,0.07400000000000001,4.94479776,56.15952153
Urban,South,241.0,24431.0,34.0,61443.0,0.171,9.095710079,63.91290156
Suburban,Northeast,24.0,1688.0,3.0,149752.0,0.042,7.691679275,60.98747888
Suburban,West,188.0,20459.0,39.0,92258.0,0.081,7.483405017,46.36875915
Rural,South,181.0,18225.0,33.0,53707.0,0.16699999999999998,9.028284751,64.95527469
Rural,Northeast,70.0,2313.0,4.0,218144.0,0.011000000000000001,8.139171021,67.74074693
Town,Northeast,22.0,1304.0,3.0,61279.0,0.122,5.758691014,52.41518956
Rural,Northeast,11.0,714.0,2.0,41788.0,0.11800000000000001,5.613563215,52.18648244
Town,West,33.0,1944.0,9.0,97683.0,0.067,5.332784531,54.52072609
Town,South,97.0,13935.0,24.0,44502.0,0.25,7.986182102,58.1721901
Rural,Midwest,13.0,570.0,4.0,67396.0,0.055,7.94867066,63.59477125
Rural,Northeast,13.0,337.0,2.0,74276.0,0.065,6.292001496,53.71771646
Town,Midwest,16.0,879.0,2.0,36957.0,0.214,8.182211215,58.13452744
Suburban,Northeast,10.0,1761.0,3.0,169575.0,0.039,7.627946682,62.02142952
Rural,Midwest,7.0,326.0,3.0,59621.0,0.09300000000000001,5.462647785,54.89267784
Rural,Northeast,22.0,661.0,3.0,67246.0,0.149,6.564538465,59.13544688
Suburban,Northeast,12.0,674.0,1.0,102390.0,0.04,7.362063078,59.99273585
Suburban,Midwest,33.0,2321.0,5.0,63529.0,0.11800000000000001,8.894007595,66.60874533
Rural,South,27.0,571.0,3.0,44635.0,0.21600000000000003,7.5401436,56.00194394
Suburban,Northeast,23.0,883.0,1.0,95917.0,0.040999999999999995,6.075076197,61.66382315
Rural,Midwest,4.0,97.0,2.0,85250.0,0.063,8.444370685,63.99294
Suburban,Midwest,91.0,10810.0,19.0,94365.0,0.065,9.829897692,60.5720249
Rural,Midwest,22.0,946.0,3.0,55893.0,0.127,5.323864918,57.12661677
Rural,Midwest,10.0,441.0,2.0,68421.0,0.048,4.786796937,57.76515909
Rural,Midwest,45.0,1695.0,4.0,84396.0,0.049,9.000992825,58.281033
Rural,Midwest,37.0,3752.0,6.0,87614.0,0.046,8.303137001,60.06869869
Suburban,Northeast,24.0,4258.0,5.0,155882.0,0.032,7.862921285,70.88021951
Rural,South,7.0,147.0,1.0,88125.0,0.147,8.712771803,62.59634273
Suburban,Northeast,6.0,750.0,3.0,86592.0,0.059000000000000004,8.905236254,63.9201883
Suburban,Midwest,6.0,2581.0,7.0,49014.0,0.26,10.05715177,63.57814951
Town,South,15.0,552.0,3.0,58925.0,0.182,7.664688493,57.89402
Rural,South,164.0,8050.0,19.0,54622.0,0.139,9.242740696,60.98087064
Suburban,Midwest,5.0,752.0,3.0,54069.0,0.122,10.26874122,66.80742567
Rural,Midwest,7.0,536.0,2.0,44489.0,0.13699999999999998,7.456258685,61.6026438
Rural,West,4.0,61.0,1.0,38750.0,0.068,5.749317587,52.99795956
Rural,Midwest,5.0,104.0,2.0,52614.0,0.087,5.758228055,59.37833
Rural,Northeast,1.0,323.0,1.0,93066.0,0.071,7.131628916,58.6203608
Rural,South,8.0,533.0,3.0,56250.0,0.177,8.994886009,60.90819582
Urban,Midwest,116.0,10871.0,24.0,63839.0,0.133,7.695315707,56.27061515
Town,South,36.0,2220.0,7.0,47610.0,0.154,6.407158212,58.15381732
Town,Midwest,20.0,3158.0,7.0,60451.0,0.128,9.263945516,59.9437855
Rural,South,15.0,583.0,2.0,35486.0,0.18,7.875710495,56.33450415
Town,Midwest,15.0,1008.0,4.0,45496.0,0.24100000000000002,6.517795108,57.19342238
Urban,South,85.0,13246.0,27.0,61289.0,0.166,8.863278225,59.93313081
Town,Northeast,18.0,1147.0,3.0,53591.0,0.14400000000000002,6.949990928,56.34063007
Suburban,Northeast,35.0,2296.0,6.0,81051.0,0.07,5.276464437,65.99760129
Rural,West,6.0,413.0,1.0,32935.0,0.32299999999999995,10.60140161,72.39537038
Rural,Midwest,5.0,83.0,2.0,98281.0,0.047,4.062138685,56.10847
Town,South,34.0,1632.0,4.0,44446.0,0.262,8.776414896,56.63473771
Suburban,Northeast,8.0,2637.0,9.0,91367.0,0.063,8.859210128,63.51523748
Rural,Northeast,1.0,179.0,1.0,93274.0,0.02,7.465221918,59.35358
Rural,West,3.0,645.0,1.0,124904.0,0.043,6.136928672,58.50192551
Rural,South,75.0,3831.0,10.0,42691.0,0.16399999999999998,7.633374053,56.44304604
Rural,Midwest,3.0,135.0,1.0,86964.0,0.045,8.560440477,59.02634581
Suburban,Midwest,37.0,1449.0,7.0,67693.0,0.13699999999999998,8.779669215,62.00758083
Suburban,South,104.0,9132.0,15.0,72447.0,0.107,7.85371487,65.44952099
Town,Midwest,10.0,1044.0,3.0,51000.0,0.139,6.892241119,55.60944083
Rural,West,14.0,610.0,2.0,77900.0,0.042,7.007572328,52.52820288
Suburban,Midwest,6.0,814.0,3.0,45503.0,0.175,8.893830766,58.16154636
Rural,South,40.0,2130.0,6.0,39493.0,0.18600000000000003,7.706784284,56.35893611
Rural,South,11.0,491.0,2.0,33636.0,0.272,8.38239857,58.78092598
Rural,Midwest,12.0,634.0,2.0,78906.0,0.07,7.889939268,58.56939807
Rural,Midwest,22.0,1107.0,5.0,55139.0,0.121,7.98583502,56.07919734
Rural,South,9.0,132.0,3.0,56250.0,0.087,7.296240822,59.70434
Rural,West,9.0,147.0,2.0,41667.0,0.21600000000000003,6.961808633,46.22396238
Rural,West,4.0,79.0,1.0,48333.0,0.23199999999999998,7.932559637,68.52438739
Town,Midwest,17.0,1172.0,4.0,54966.0,0.096,8.61959701,60.79067233
Suburban,Northeast,2.0,453.0,1.0,171435.0,0.027000000000000003,7.670215068,65.72509
Rural,Midwest,24.0,4046.0,10.0,70240.0,0.081,5.574528773,59.72763649
Rural,Northeast,35.0,846.0,3.0,85385.0,0.11199999999999999,6.613488077,57.71751791
Town,West,41.0,2090.0,5.0,54126.0,0.147,5.347050127,47.7932993
Urban,South,31.0,2692.0,6.0,53041.0,0.12300000000000001,6.739774964,55.53065549
Rural,Midwest,20.0,1162.0,3.0,45026.0,0.18,6.00062623,56.15541566
Suburban,South,11.0,1045.0,4.0,46929.0,0.201,10.23734635,68.19037552
Rural,West,98.0,16455.0,22.0,39902.0,0.158,6.631587593,68.32166114
Rural,Midwest,32.0,1315.0,3.0,44543.0,0.168,7.58780681,56.82215375
Town,Northeast,11.0,563.0,2.0,57188.0,0.111,6.25054632,53.37578883
Rural,Midwest,9.0,145.0,2.0,61786.0,0.172,8.421748801,62.02396183
Town,South,14.0,878.0,4.0,52407.0,0.12,8.310569315,60.42756
Rural,South,42.0,2163.0,6.0,44936.0,0.20600000000000002,8.67838444,58.76141807
Suburban,West,147.0,12393.0,21.0,96400.0,0.055,6.722363625,53.6158345
Urban,West,127.0,14401.0,26.0,95345.0,0.077,7.058730484,68.86852358
Rural,South,4.0,131.0,1.0,42734.0,0.069,8.867967286,59.24107075
Suburban,West,53.0,3021.0,5.0,57799.0,0.113,5.343155436,70.49393642
Rural,South,30.0,2715.0,6.0,42486.0,0.179,8.554826063,62.10615177
Rural,West,13.0,1166.0,5.0,28628.0,0.414,4.794206644,65.26766437
Town,South,114.0,8392.0,14.0,65196.0,0.126,8.403821681,57.9100029
Rural,South,11.0,519.0,3.0,69250.0,0.106,8.516855141,62.16511815
Suburban,Northeast,22.0,909.0,2.0,83656.0,0.047,6.922535182,55.67823677
Rural,Midwest,22.0,954.0,7.0,51739.0,0.13699999999999998,7.083672511,58.84448338
Urban,Midwest,227.0,12075.0,28.0,37117.0,0.285,10.01004811,62.41882824
Rural,Midwest,5.0,250.0,4.0,46042.0,0.23,7.729562558,56.0844065
Rural,West,1.0,112.0,1.0,120417.0,0.142,5.94204389,51.03427321
Rural,Midwest,22.0,1868.0,3.0,93487.0,0.037000000000000005,9.862528493,61.52028
Rural,South,8.0,288.0,1.0,63940.0,0.022000000000000002,6.832899795,64.32565173
Suburban,South,238.0,22091.0,45.0,58868.0,0.105,6.56410069,58.96111196
Town,South,21.0,1899.0,5.0,50866.0,0.147,8.478157956,63.68125304
Rural,West,26.0,1488.0,4.0,59266.0,0.096,5.289697875,47.19128583
Rural,Midwest,46.0,3269.0,5.0,79518.0,0.049,8.880553002,60.54434456
Rural,West,11.0,98.0,1.0,44265.0,0.109,4.3691102,62.23620695
Town,South,64.0,2946.0,11.0,40124.0,0.22399999999999998,7.167827156,61.39672969
Suburban,South,372.0,27598.0,39.0,107808.0,0.064,7.663383039,60.38074822
Rural,Midwest,4.0,172.0,1.0,58958.0,0.142,8.87384791,59.59749943
Urban,West,98.0,9060.0,20.0,70375.0,0.10099999999999999,9.0345869,50.56617621
Rural,South,123.0,6304.0,18.0,49794.0,0.16899999999999998,7.687916091,58.88881536
Rural,South,12.0,476.0,3.0,61094.0,0.11699999999999999,7.153606849,59.85204
Rural,South,6.0,175.0,1.0,63567.0,0.13699999999999998,6.57157863,62.544
Rural,Midwest,23.0,1042.0,4.0,68320.0,0.066,8.571350464,59.74405843
Rural,Northeast,4.0,783.0,1.0,104136.0,0.063,7.131159952,58.63449329
Rural,South,32.0,1231.0,3.0,44087.0,0.185,9.251223035,59.99610213
Rural,West,20.0,887.0,3.0,45629.0,0.14400000000000002,6.334240363,48.58730044
Rural,South,6.0,187.0,1.0,48833.0,0.17800000000000002,5.954725479,60.49036
Rural,South,19.0,657.0,2.0,40189.0,0.282,8.761070194,58.47080948
Urban,West,47.0,7654.0,13.0,62217.0,0.1,4.416059871,60.61297811
Town,South,0.0,1185.0,3.0,43547.0,0.174,7.467703657,58.71824892
Suburban,Northeast,11.0,4793.0,8.0,250000.0,0.031,8.314611909,62.61730264
Suburban,West,50.0,3098.0,9.0,94862.0,0.087,6.932816313,48.84451536
Suburban,West,762.0,170209.0,295.0,88005.0,0.095,0.0,0.0
Suburban,Northeast,30.0,1726.0,4.0,66824.0,0.092,6.829225323,52.43379988
Rural,South,29.0,1312.0,3.0,52335.0,0.10800000000000001,8.775053955,59.37613768
Suburban,West,19.0,2715.0,8.0,67407.0,0.124,6.89834376,47.87597681
Rural,West,31.0,1158.0,4.0,24419.0,0.42,3.639061953,59.16018802
Rural,West,7.0,298.0,2.0,64645.0,0.054000000000000006,7.106713503,54.99035405
Suburban,Northeast,5.0,399.0,2.0,191875.0,0.024,8.977471507,66.38362
Town,Midwest,14.0,846.0,2.0,46491.0,0.153,5.136043993,53.01946675
Rural,South,25.0,1268.0,5.0,54468.0,0.146,8.567550874,59.03660461
Suburban,Northeast,6.0,277.0,1.0,56303.0,0.106,4.276647562,51.50253
Town,South,18.0,1042.0,2.0,41658.0,0.18600000000000003,8.251285976,57.87656362
Rural,Northeast,15.0,2450.0,4.0,70728.0,0.135,5.74945209,63.06629232
Suburban,West,23.0,5340.0,10.0,113425.0,0.049,7.138595705,58.95244356
Town,Midwest,23.0,1611.0,5.0,40952.0,0.171,7.018019344,55.68274402
Rural,West,2.0,647.0,3.0,54909.0,0.091,5.760571976,74.07250805
Town,Midwest,10.0,886.0,5.0,56582.0,0.133,8.674192305,57.70954262
Suburban,Northeast,38.0,2737.0,5.0,90446.0,0.052000000000000005,6.965110565,52.4830637
Suburban,Midwest,21.0,769.0,3.0,61196.0,0.129,8.77624121,62.05743905
Town,Midwest,16.0,1292.0,4.0,64443.0,0.06,5.635007388,54.07053241
Town,South,30.0,1864.0,5.0,46486.0,0.268,8.709775331,60.69677602
Town,Midwest,10.0,570.0,2.0,45469.0,0.121,4.664228018,55.00160637
Rural,Midwest,25.0,1259.0,3.0,62926.0,0.076,8.404589125,61.28361543
Rural,Northeast,4.0,144.0,1.0,48452.0,0.068,4.081952822,59.11515
Town,South,8.0,835.0,1.0,34036.0,0.252,7.461114475,57.94241028
Town,Midwest,14.0,711.0,2.0,85828.0,0.040999999999999995,8.409413981,61.4796714
Rural,South,22.0,660.0,3.0,46028.0,0.165,9.150238744,60.52079605
Rural,Midwest,5.0,194.0,3.0,59896.0,0.08199999999999999,5.539051438,54.02238161
Rural,Midwest,3.0,84.0,1.0,52614.0,0.125,7.426800471,55.19921468
Suburban,Midwest,34.0,1316.0,1.0,78987.0,0.062,8.378083366,58.96102088
Suburban,South,83.0,7100.0,13.0,84483.0,0.094,9.188613977,66.63915582
Rural,Northeast,32.0,985.0,2.0,165136.0,0.024,7.756575386,65.21876308
Suburban,West,36.0,10745.0,22.0,79206.0,0.111,9.004495038,62.84918637
Rural,South,14.0,282.0,1.0,63056.0,0.122,9.13282274,58.50715
Rural,South,113.0,8129.0,17.0,61388.0,0.10800000000000001,7.092198546,57.76452119
Town,Midwest,13.0,1156.0,3.0,67530.0,0.091,8.52849613,58.61397757
Rural,Midwest,46.0,2594.0,5.0,63196.0,0.061,8.583826028,61.98704748
Suburban,Midwest,37.0,3613.0,6.0,75175.0,0.106,8.938164297,62.41316878
Rural,Midwest,4.0,168.0,2.0,59180.0,0.151,6.747908324,57.78907302
Town,South,31.0,3044.0,4.0,52213.0,0.20800000000000002,8.493771673,59.06294717
Suburban,Northeast,5.0,299.0,1.0,104160.0,0.06,7.291144085,64.14434262
Rural,South,17.0,77.0,1.0,58594.0,0.084,8.996469231,60.32957737
Town,West,10.0,2946.0,4.0,43435.0,0.276,7.672331224,77.31847008
Urban,Midwest,301.0,28612.0,50.0,52049.0,0.163,8.88137129,61.24943148
Town,West,27.0,1722.0,6.0,44844.0,0.191,4.868236835,58.27056777
Rural,South,30.0,3538.0,5.0,88407.0,0.09300000000000001,9.05740354,69.24144165
Suburban,West,74.0,24667.0,30.0,83783.0,0.109,8.479701686,69.41688436
Suburban,Midwest,50.0,3443.0,6.0,68537.0,0.084,8.527282951,57.82354137
Town,Midwest,12.0,920.0,3.0,62781.0,0.12300000000000001,9.290998014,58.02226413
Rural,West,15.0,689.0,4.0,50896.0,0.11199999999999999,4.771099097,45.4935204
Rural,West,4.0,379.0,3.0,58223.0,0.225,4.540989896,63.69213003
Town,West,16.0,4164.0,7.0,62688.0,0.14800000000000002,4.91579535,53.12119677
Rural,West,4.0,787.0,3.0,40725.0,0.27399999999999997,5.114750208,63.25747163
Rural,Northeast,47.0,1432.0,3.0,56006.0,0.16399999999999998,6.667716098,52.57901256
Suburban,Northeast,4.0,4745.0,6.0,160286.0,0.035,7.768007562,62.50686718
Rural,West,25.0,773.0,3.0,63105.0,0.124,4.680554114,54.97556491
Suburban,South,780.0,81678.0,99.0,156821.0,0.033,7.832246507,60.34533575
Rural,Midwest,10.0,480.0,3.0,51389.0,0.111,6.778368386,59.90097457
Rural,South,6.0,131.0,1.0,76563.0,0.027000000000000003,7.194133861,61.27305479
Town,Midwest,43.0,5551.0,9.0,85203.0,0.063,9.363959395,59.96912099
Town,South,15.0,1057.0,3.0,43842.0,0.185,7.471421805,60.59372028
Rural,Midwest,9.0,494.0,2.0,45313.0,0.17800000000000002,7.753366757,58.53373533
Urban,West,149.0,38821.0,73.0,68749.0,0.157,8.141702858,64.56893945
Rural,Northeast,20.0,747.0,2.0,63269.0,0.141,6.860524299,57.97507882
Town,Midwest,20.0,1835.0,6.0,46622.0,0.149,7.102762178,55.31461179
Rural,Northeast,1.0,1.0,0.0,59375.0,0.09300000000000001,3.869927836,50.21157
Rural,South,54.0,3584.0,5.0,76152.0,0.085,9.453415357,65.92766942
Suburban,West,1.0,21391.0,38.0,72287.0,0.152,11.27631953,85.52295506
Suburban,Midwest,4.0,1047.0,4.0,33202.0,0.28300000000000003,7.965258809,57.74293189
Suburban,Northeast,3.0,5557.0,10.0,194256.0,0.026000000000000002,8.421968331,63.41473827
Rural,Midwest,14.0,744.0,2.0,89129.0,0.013000000000000001,9.40875863,61.79253
Rural,West,5.0,320.0,1.0,45542.0,0.245,10.66482915,73.74506079
Rural,South,13.0,617.0,3.0,53183.0,0.154,8.525638091,61.76134897
Town,Midwest,22.0,1809.0,6.0,53785.0,0.113,6.997184044,57.61642022
Suburban,West,41.0,4915.0,7.0,117123.0,0.051,9.361400441,52.03165518
Rural,South,6.0,139.0,1.0,68750.0,0.069,7.695854247,59.64644
Rural,Midwest,49.0,4677.0,6.0,91496.0,0.036000000000000004,9.340294557,63.92464622
Town,Midwest,25.0,2987.0,5.0,47120.0,0.252,8.913284192,61.44732142
Rural,West,4.0,28.0,1.0,50000.0,0.32299999999999995,7.915067995,54.21921229
Rural,South,112.0,4726.0,13.0,50601.0,0.16899999999999998,6.513119716,60.94699751
Rural,Midwest,9.0,491.0,3.0,50234.0,0.10800000000000001,6.954028181,57.35438313
Town,South,29.0,2614.0,5.0,43829.0,0.16899999999999998,7.81545496,56.83327252
Town,Midwest,30.0,3307.0,8.0,46297.0,0.195,8.58732821,58.19145633
Rural,West,13.0,127.0,3.0,72321.0,0.057999999999999996,4.313177452,55.37855
Rural,Midwest,5.0,1098.0,3.0,78909.0,0.053,7.892038541,57.29983925
Rural,West,8.0,147.0,2.0,56458.0,0.084,7.865389735,53.64072465
Town,Midwest,16.0,1314.0,4.0,52714.0,0.16399999999999998,8.669662193,57.75947735
Suburban,West,17.0,4784.0,7.0,70690.0,0.155,9.825937261,73.49843086
Rural,Northeast,2.0,38.0,1.0,48702.0,0.006,4.015008466,50.40745
Rural,South,18.0,1819.0,9.0,38088.0,0.19899999999999998,6.857383644,58.8073583
Suburban,West,103.0,10196.0,24.0,89998.0,0.076,7.123267437,47.0439505
Town,Midwest,23.0,961.0,3.0,60330.0,0.115,8.3629113,60.73134855
Rural,South,61.0,3827.0,6.0,64729.0,0.12,7.99923878,61.09906282
Town,West,20.0,953.0,5.0,48559.0,0.149,8.25904149,53.43946478
Rural,Northeast,9.0,403.0,2.0,42296.0,0.14400000000000002,5.229517068,48.39177
Town,Midwest,27.0,1559.0,4.0,59864.0,0.156,6.864356274,58.7279097
Rural,Northeast,31.0,1484.0,4.0,66792.0,0.11599999999999999,6.933265027,52.6271479
Town,Midwest,25.0,1519.0,4.0,71371.0,0.055,8.437712921,60.23884154
Rural,South,12.0,616.0,2.0,43080.0,0.20800000000000002,8.141516469,58.0358234
Suburban,West,21.0,1402.0,3.0,119190.0,0.025,6.367840336,53.23013862
Town,West,22.0,1519.0,10.0,56395.0,0.125,4.077697222,58.73313513
Town,Midwest,23.0,1536.0,3.0,55600.0,0.158,7.109560651,60.13997727
Suburban,West,34.0,14922.0,18.0,71759.0,0.124,10.84734104,73.04467387
Rural,Midwest,13.0,1231.0,5.0,80139.0,0.06,5.883875015,55.25001769
Suburban,Midwest,8.0,2124.0,11.0,64890.0,0.11199999999999999,7.439293734,59.12125955
Suburban,Northeast,7.0,1208.0,3.0,168269.0,0.018000000000000002,8.338774863,64.20667046
Town,Midwest,5.0,916.0,2.0,51146.0,0.147,8.253543336,60.71351733
Town,Midwest,16.0,1201.0,4.0,68239.0,0.075,8.893818957,60.51589776
Suburban,Northeast,14.0,3073.0,3.0,155680.0,0.015,7.703454883,66.14681797
Rural,Midwest,10.0,508.0,3.0,69239.0,0.059000000000000004,5.752480118,57.0678174
Rural,South,49.0,1097.0,4.0,38581.0,0.21600000000000003,8.945013421,56.21270869
Suburban,West,168.0,23104.0,37.0,91788.0,0.06,6.725292137,52.66803377
Town,Midwest,21.0,1491.0,5.0,93045.0,0.034,8.288911275,58.1783482
Suburban,West,25.0,7882.0,7.0,61748.0,0.16699999999999998,10.8771473,77.76124269
Rural,West,8.0,877.0,2.0,44596.0,0.26,11.05789911,70.90320892
Town,South,54.0,2518.0,4.0,50807.0,0.185,8.87372364,58.56115958
Rural,South,104.0,6265.0,18.0,48849.0,0.16,7.174291909,58.25771923
Urban,South,141.0,11473.0,26.0,43779.0,0.212,8.210416064,57.50477446
Rural,Midwest,18.0,738.0,3.0,60897.0,0.10300000000000001,6.243823516,55.81428862
Rural,South,119.0,8389.0,16.0,86711.0,0.09699999999999999,7.817481611,57.12331546
Rural,West,13.0,1746.0,6.0,61357.0,0.127,7.156934646,65.67884862
Rural,Midwest,6.0,176.0,1.0,47727.0,0.109,4.959237584,57.64734784
Suburban,Northeast,4.0,3100.0,5.0,48454.0,0.165,8.109360798,66.42021934
Rural,West,21.0,486.0,2.0,34526.0,0.331,4.417878296,53.17075096
Rural,Midwest,8.0,228.0,2.0,62500.0,0.064,6.973438035,58.26931519
Rural,West,1.0,55.0,2.0,76094.0,0.068,6.425495756,52.97327712
Rural,West,2.0,5.0,1.0,48750.0,0.175,6.221190384,54.61064
Rural,Midwest,14.0,996.0,3.0,62199.0,0.092,8.90507927,59.17981058
Rural,Midwest,2.0,7.0,1.0,61250.0,0.08199999999999999,4.538093562,52.96641
Suburban,Midwest,52.0,4226.0,6.0,92788.0,0.06,8.831957404,59.85352177
Rural,Northeast,41.0,1082.0,4.0,52192.0,0.1,4.465947168,53.39977928
Rural,South,19.0,385.0,2.0,39808.0,0.17600000000000002,7.768445895,55.44920046
Rural,Midwest,7.0,412.0,3.0,65341.0,0.094,8.213594795,62.24973
Rural,Midwest,5.0,132.0,2.0,58042.0,0.23,5.608134631,53.48840719
Rural,Midwest,30.0,1342.0,4.0,56829.0,0.084,8.441333067,59.74406171
Rural,Midwest,26.0,1409.0,3.0,70350.0,0.07,9.051708405,61.73880532
Rural,South,4.0,199.0,2.0,63036.0,0.07400000000000001,6.804345753,61.78881
Urban,South,63.0,13296.0,27.0,49536.0,0.196,7.953254448,61.91786887
Urban,West,26.0,2538.0,7.0,54491.0,0.204,7.295189328,69.31205595
Urban,Midwest,89.0,12674.0,32.0,46413.0,0.223,8.664203238,61.95656339
Rural,West,6.0,400.0,5.0,53975.0,0.083,5.622736194,60.51044278
Suburban,South,94.0,4492.0,12.0,72941.0,0.067,6.963967841,57.20227808
Rural,Midwest,15.0,440.0,2.0,67604.0,0.057999999999999996,7.804128534,59.84841986
Rural,West,4.0,168.0,2.0,42188.0,0.25,4.436839945,45.69695
Town,South,38.0,2431.0,4.0,55170.0,0.14300000000000002,8.845433977,62.58635031
Urban,Midwest,64.0,12461.0,21.0,110460.0,0.046,9.958225223,63.16314378
Rural,Midwest,30.0,1295.0,4.0,65679.0,0.075,4.995872171,53.47763268
Town,West,37.0,1727.0,6.0,67802.0,0.07,3.340728321,59.83185101
Town,South,13.0,337.0,2.0,32979.0,0.35200000000000004,8.721189292,56.1148917
Town,Midwest,20.0,1156.0,3.0,63032.0,0.11599999999999999,7.876049714,58.02652092
Suburban,Northeast,41.0,3474.0,6.0,147098.0,0.028999999999999998,7.918388451,66.25288012
Rural,Midwest,5.0,363.0,2.0,60156.0,0.1,8.529086839,58.56831493
Rural,West,2.0,18.0,1.0,44881.0,0.083,7.506356723,74.93637049
Town,West,8.0,254.0,2.0,80363.0,0.06,4.416561646,63.89722346
Suburban,Midwest,136.0,10090.0,14.0,59583.0,0.11199999999999999,8.839993742,61.34354609
Urban,South,105.0,8447.0,11.0,44014.0,0.268,9.352256369,61.1147935
Rural,South,88.0,7527.0,18.0,45500.0,0.182,7.751057763,61.57313904
Town,West,25.0,5840.0,11.0,61403.0,0.158,5.559675952,47.78441518
Suburban,West,71.0,5418.0,14.0,88707.0,0.07,5.87388906,45.69068084
Town,Northeast,21.0,1957.0,5.0,53263.0,0.18899999999999997,6.498516937,53.25481621
Rural,Midwest,17.0,864.0,3.0,53553.0,0.10099999999999999,8.673479909,57.43238604
Rural,Midwest,12.0,458.0,2.0,60000.0,0.133,7.045468692,57.92194671
Urban,West,26.0,16938.0,11.0,87804.0,0.10099999999999999,6.752667438,60.52259146
Rural,South,25.0,858.0,3.0,61672.0,0.14300000000000002,7.114094292,56.88722337
Rural,South,42.0,2494.0,4.0,55821.0,0.16399999999999998,7.351241782,60.51438992
Suburban,Midwest,5.0,690.0,4.0,72950.0,0.105,10.24298021,65.40987708
Town,Midwest,20.0,1260.0,4.0,37424.0,0.26,6.308704894,56.83261284
Rural,Midwest,3.0,49.0,1.0,67500.0,0.142,6.795251461,60.5514053
Rural,Midwest,10.0,974.0,3.0,53219.0,0.163,6.119422542,57.35494606
Suburban,Northeast,26.0,2789.0,6.0,129132.0,0.022000000000000002,6.395025716,61.42257666
Rural,Midwest,19.0,882.0,3.0,55560.0,0.19699999999999998,7.88567891,62.44390428
Rural,Northeast,8.0,258.0,1.0,53594.0,0.233,6.343063703,51.7531579
Rural,South,13.0,448.0,2.0,58167.0,0.136,8.955984221,58.09634282
Suburban,Northeast,10.0,952.0,2.0,65194.0,0.10099999999999999,6.95158946,60.4422087
Rural,South,13.0,927.0,3.0,44959.0,0.27,9.275267062,56.22217482
Town,South,32.0,3211.0,7.0,67778.0,0.084,8.010543283,62.22413437
Town,South,30.0,1937.0,4.0,55713.0,0.185,8.87618694,59.54053333
Rural,Midwest,7.0,267.0,2.0,73750.0,0.073,3.972130822,56.89531
Urban,Midwest,82.0,9041.0,16.0,94562.0,0.052000000000000005,9.842267642,62.21376392
Rural,West,21.0,1163.0,8.0,80492.0,0.047,3.572120751,55.5561691
Urban,Midwest,108.0,11634.0,17.0,71319.0,0.11900000000000001,8.040786881,58.57016926
Town,Midwest,30.0,1998.0,5.0,40858.0,0.205,7.334185344,54.64707145
Rural,South,98.0,5200.0,18.0,43861.0,0.171,8.134080027,58.9437413
Urban,South,43.0,7675.0,10.0,49656.0,0.198,9.141698634,61.31546365
Suburban,South,116.0,16310.0,24.0,53188.0,0.172,8.167667481,63.27646467
Town,South,11.0,687.0,2.0,63835.0,0.138,8.870540679,59.73053973
Rural,South,5.0,133.0,1.0,32083.0,0.184,6.977850722,61.22934518
Town,Northeast,36.0,1271.0,3.0,56303.0,0.142,6.392980231,54.0277598
Suburban,Northeast,35.0,5494.0,8.0,65369.0,0.214,6.967557531,63.95386688
Rural,Midwest,5.0,183.0,2.0,35313.0,0.175,7.239766383,55.2610535
Town,South,43.0,3297.0,6.0,46328.0,0.163,8.559352734,61.50262927
Rural,Midwest,7.0,225.0,2.0,57031.0,0.129,5.659617768,56.92872009
Town,South,43.0,2731.0,6.0,61959.0,0.087,7.954927365,55.89961035
Urban,South,303.0,75995.0,154.0,54124.0,0.203,8.188442373,70.0823543
Suburban,South,7.0,1382.0,5.0,44851.0,0.23,9.858982973,65.68230646
Rural,South,249.0,29248.0,34.0,111169.0,0.037000000000000005,9.197797538,70.3799358
Suburban,South,413.0,73558.0,84.0,58513.0,0.135,7.8119077,61.37044265
Suburban,Midwest,10.0,1257.0,3.0,88523.0,0.078,10.35262491,66.2023298
Rural,Northeast,15.0,484.0,1.0,62414.0,0.129,6.204708847,52.42065062
Rural,Midwest,9.0,349.0,2.0,38313.0,0.215,7.515027323,57.20584797
Rural,South,21.0,2166.0,7.0,55058.0,0.095,7.387971566,61.3140945
Town,West,31.0,1579.0,11.0,52317.0,0.14400000000000002,6.345184023,60.96388805
Town,West,20.0,1164.0,3.0,41445.0,0.145,8.137001272,53.50345793
Town,South,38.0,3370.0,7.0,45092.0,0.17600000000000002,7.350141926,56.38718923
Urban,Midwest,55.0,4642.0,4.0,81363.0,0.085,9.450591433,66.48681202
Rural,Midwest,6.0,138.0,2.0,62250.0,0.122,7.171060039,57.84069988
Suburban,Midwest,7.0,1286.0,3.0,50417.0,0.185,8.748985392,64.07677217
Rural,South,61.0,2761.0,6.0,40406.0,0.212,7.819501205,56.5721893
Town,South,31.0,2261.0,4.0,56991.0,0.12,7.424326999,61.45396418
Urban,South,548.0,73384.0,124.0,77902.0,0.13699999999999998,9.628272826,62.74487054
Rural,Midwest,9.0,338.0,3.0,60613.0,0.098,5.040653047,53.60854152
Town,Midwest,16.0,1225.0,3.0,54759.0,0.09,6.062298527,59.79789973
Rural,South,22.0,2480.0,5.0,43202.0,0.19,8.478718293,61.01558195
Rural,South,29.0,1140.0,3.0,60369.0,0.15,7.263403864,61.02486026
Urban,South,109.0,16493.0,25.0,61190.0,0.11699999999999999,8.706468608,68.4846973
Rural,South,19.0,626.0,2.0,52708.0,0.17800000000000002,8.24060428,56.20473403
Rural,Northeast,45.0,2782.0,8.0,75259.0,0.065,5.387379098,51.8350679
Urban,Midwest,106.0,13228.0,26.0,79117.0,0.06,9.97365768,61.81231178
Rural,Northeast,65.0,1631.0,2.0,91281.0,0.067,7.755735919,64.39648031
Town,Midwest,22.0,1687.0,3.0,61796.0,0.135,8.937488554,60.21851878
Rural,West,6.0,204.0,1.0,72404.0,0.07200000000000001,8.194044687,55.90398538
Town,Midwest,22.0,2541.0,6.0,57165.0,0.11599999999999999,8.296973947,57.03832682
Suburban,Northeast,6.0,1008.0,3.0,177633.0,0.031,7.422958658,61.43786471
Suburban,South,5.0,1043.0,4.0,36642.0,0.256,7.831053262,56.39563922
Town,Midwest,12.0,896.0,3.0,53197.0,0.141,7.37012664,56.51960816
Rural,South,107.0,2579.0,7.0,65079.0,0.068,7.193917493,56.4610189
Rural,South,12.0,814.0,4.0,63013.0,0.11800000000000001,8.514579398,64.1548002
Rural,Midwest,32.0,2215.0,5.0,46116.0,0.20800000000000002,8.499357991,61.27655202
Rural,West,4.0,47.0,2.0,35625.0,0.121,4.359518112,54.23577927
Town,Midwest,20.0,1392.0,4.0,67022.0,0.096,8.593910999,64.51132369
Rural,South,6.0,185.0,1.0,66827.0,0.055999999999999994,8.135220083,66.29175596
Rural,West,10.0,105.0,3.0,56250.0,0.28800000000000003,3.771648795,54.6103
Rural,Northeast,5.0,153.0,1.0,72500.0,0.057,4.036043479,58.7873
Urban,Midwest,11.0,3788.0,8.0,41924.0,0.34700000000000003,8.138978138,55.24717596
Town,Midwest,62.0,4161.0,8.0,46106.0,0.188,7.036883707,54.11643357
Urban,West,11.0,4260.0,7.0,68237.0,0.14,8.70366054,59.16155739
Rural,South,8.0,253.0,3.0,39474.0,0.257,7.540173901,60.58775858
Town,West,17.0,1580.0,3.0,62794.0,0.111,6.012100943,51.29561693
Rural,Midwest,6.0,209.0,1.0,56078.0,0.11699999999999999,7.338568261,55.44188278
Rural,Midwest,11.0,475.0,3.0,69483.0,0.048,7.284266197,57.84951559
Suburban,Northeast,54.0,5492.0,12.0,119172.0,0.049,7.097275603,64.25379301
Town,Midwest,29.0,2931.0,8.0,60045.0,0.078,9.138554794,60.2271
Rural,Midwest,8.0,367.0,3.0,71250.0,0.09699999999999999,7.837772416,56.36971533
Town,Midwest,12.0,986.0,5.0,52034.0,0.121,7.985974578,54.90776109
Rural,Midwest,16.0,1282.0,3.0,64619.0,0.10099999999999999,8.510731852,56.33689055
Town,Midwest,19.0,1243.0,4.0,93007.0,0.057,7.31538562,56.14093103
Suburban,Northeast,103.0,6814.0,13.0,68813.0,0.094,6.784522559,55.11613967
Rural,Midwest,8.0,512.0,3.0,66400.0,0.081,7.102942819,54.74232261
Rural,South,12.0,890.0,4.0,31755.0,0.159,8.730914602,59.99255506
Rural,Midwest,9.0,76.0,2.0,77578.0,0.013999999999999999,5.050714842,57.01036186
Suburban,South,329.0,43417.0,50.0,73491.0,0.086,9.743085304,71.04562069
Rural,South,12.0,512.0,4.0,67031.0,0.079,7.295156085,59.92351821
Town,Midwest,52.0,3954.0,12.0,69044.0,0.113,4.300797578,57.44039739
Town,Midwest,24.0,915.0,4.0,83519.0,0.071,8.675582367,58.95473424
Suburban,Midwest,75.0,6178.0,11.0,61474.0,0.122,9.481949654,59.90795819
Rural,West,26.0,1287.0,4.0,84974.0,0.107,6.266865919,49.42712643
Rural,Midwest,32.0,1668.0,6.0,44837.0,0.16899999999999998,8.122674196,56.81468713
Suburban,West,51.0,2865.0,9.0,97961.0,0.113,6.59110807,55.55925149
Rural,South,24.0,1493.0,3.0,59706.0,0.226,8.51342448,62.34373478
Urban,South,73.0,13772.0,21.0,108241.0,0.051,9.463276554,68.26673157
Rural,Midwest,13.0,631.0,3.0,61346.0,0.121,8.537224826,58.57356895
Town,West,5.0,907.0,3.0,32585.0,0.251,4.517687773,61.2077525
Rural,Midwest,12.0,538.0,2.0,58571.0,0.092,7.044186578,55.99891348
Rural,South,11.0,970.0,3.0,32061.0,0.303,9.262887123,60.03721
Rural,Midwest,10.0,911.0,3.0,87008.0,0.04,8.561773853,57.78999647
Town,Midwest,11.0,848.0,1.0,47181.0,0.166,8.645626036,60.16601788
Town,South,87.0,3990.0,5.0,47837.0,0.154,9.257709919,59.57640196
Suburban,South,108.0,10990.0,13.0,58253.0,0.145,9.923792158,66.80343464
Rural,Northeast,16.0,612.0,3.0,47572.0,0.17800000000000002,4.320961081,50.69243506
Urban,South,110.0,8181.0,22.0,51090.0,0.14800000000000002,6.700252831,55.09216964
Town,Midwest,25.0,2148.0,5.0,47406.0,0.184,8.256134297,58.30668638
Suburban,Midwest,43.0,2494.0,4.0,89367.0,0.022000000000000002,8.717597373,61.04574664
Town,West,32.0,4504.0,12.0,141187.0,0.052000000000000005,5.498489118,65.79487051
Rural,Midwest,8.0,460.0,1.0,55893.0,0.159,5.083910787,52.17462558
Town,South,25.0,1083.0,3.0,44625.0,0.182,8.778471365,58.31216833
Suburban,Northeast,1.0,83.0,1.0,141964.0,0.05,6.872468493,64.3391
Rural,Midwest,22.0,941.0,2.0,64747.0,0.128,8.439811698,58.89095481
Urban,South,173.0,13597.0,26.0,48476.0,0.184,7.226255817,57.79317919
Rural,South,37.0,2393.0,6.0,53555.0,0.161,8.269301448,56.72484672
Rural,Northeast,1.0,7.0,0.0,94792.0,0.22399999999999998,3.869927836,50.21157
Rural,West,3.0,179.0,1.0,75417.0,0.113,7.76347229,74.84109452
Urban,South,361.0,43935.0,54.0,54517.0,0.146,8.767304172,62.99090004
Rural,Midwest,19.0,285.0,1.0,52400.0,0.13,6.715018349,57.86709072
Town,Midwest,13.0,870.0,3.0,49008.0,0.138,8.234789386,59.85813853
Town,Midwest,49.0,3842.0,8.0,60169.0,0.09300000000000001,7.38811546,57.04584806
Rural,Northeast,13.0,506.0,2.0,158989.0,0.0,7.60723863,62.01312
Rural,Midwest,13.0,314.0,2.0,74261.0,0.115,9.044273771,61.22934697
Town,South,110.0,9920.0,26.0,54124.0,0.152,7.33293468,56.1414956
Suburban,Midwest,64.0,7058.0,17.0,67964.0,0.08900000000000001,9.219245137,61.01291914
Rural,Midwest,11.0,470.0,2.0,65583.0,0.1,6.861564641,58.00220898
Rural,South,52.0,2668.0,6.0,45766.0,0.214,7.095772947,60.99715736
Town,Northeast,14.0,1453.0,3.0,50833.0,0.149,6.13936238,53.01420978
Town,West,22.0,4170.0,7.0,75469.0,0.08800000000000001,6.434253844,74.36517348
Rural,Midwest,7.0,210.0,2.0,54028.0,0.111,7.201796666,56.33078095
Rural,West,5.0,49.0,1.0,46667.0,0.188,4.419099288,55.18481
Urban,South,92.0,13548.0,23.0,60114.0,0.12,7.331889779,60.50610157
Rural,West,12.0,1012.0,2.0,119152.0,0.188,9.829797893,73.1294526
Rural,South,29.0,1192.0,4.0,37720.0,0.215,6.126020538,55.61858848
Suburban,West,78.0,10828.0,19.0,99906.0,0.063,7.012918073,65.56891403
Suburban,West,36.0,9172.0,18.0,61889.0,0.162,11.76240184,73.17479766
Rural,West,3.0,127.0,2.0,46875.0,0.302,6.409526849,44.67081
Suburban,Midwest,20.0,3082.0,5.0,59934.0,0.133,9.637438239,59.16123259
Urban,Midwest,112.0,11431.0,25.0,60102.0,0.126,6.567937598,59.06502428
Rural,West,2.0,148.0,2.0,51944.0,0.099,9.038909315,68.42796
Rural,West,3.0,67.0,1.0,65313.0,0.049,3.258887178,57.7712
Suburban,Midwest,27.0,1366.0,4.0,43908.0,0.23,8.195873636,56.97148794
Town,Midwest,4.0,1249.0,4.0,79796.0,0.075,7.575779159,57.54619516
Rural,West,14.0,3920.0,7.0,37914.0,0.392,7.312739445,66.28573497
Town,Midwest,26.0,1862.0,4.0,58019.0,0.094,9.210193905,62.48188306
Rural,Northeast,30.0,1519.0,2.0,70544.0,0.096,6.631539166,55.87512107
Rural,Midwest,8.0,508.0,2.0,42670.0,0.19399999999999998,8.267327775,57.85282173
Rural,Midwest,4.0,173.0,2.0,44808.0,0.153,7.098575646,57.05859291
Town,Midwest,14.0,1149.0,3.0,60354.0,0.135,8.139207119,57.90776044
Town,West,9.0,929.0,3.0,59846.0,0.179,5.76951058,43.65315456
Rural,Midwest,14.0,1069.0,6.0,83700.0,0.086,8.028372834,58.1081812
Town,Midwest,10.0,947.0,3.0,68856.0,0.106,7.725058348,58.05721946
Suburban,Northeast,147.0,8141.0,11.0,82038.0,0.075,6.745961841,55.09722253
Suburban,South,22.0,2132.0,5.0,63365.0,0.11599999999999999,8.051682573,56.13337276
Town,South,35.0,3011.0,6.0,71884.0,0.132,7.131732231,66.89147517
Rural,West,3.0,264.0,3.0,54891.0,0.121,0.0,0.0
Rural,West,8.0,1029.0,4.0,35426.0,0.39299999999999996,6.123094195,81.44242389
Suburban,West,153.0,21606.0,46.0,77903.0,0.11199999999999999,6.894333621,50.26508394
Rural,South,26.0,1045.0,4.0,55950.0,0.10099999999999999,8.432010895,61.62825061
Rural,South,12.0,565.0,2.0,43327.0,0.12300000000000001,8.811586095,58.22902366
Rural,Midwest,17.0,727.0,2.0,71575.0,0.079,7.175495186,55.89790979
Town,South,29.0,2004.0,4.0,45988.0,0.201,7.968409007,56.53620912
Rural,West,9.0,192.0,3.0,57174.0,0.07400000000000001,5.210129539,52.20012206
Rural,South,12.0,474.0,2.0,63898.0,0.08199999999999999,5.933213482,62.0958061
Town,West,2.0,195.0,1.0,66250.0,0.08800000000000001,5.574720114,46.68297718
Suburban,Northeast,36.0,2644.0,5.0,85934.0,0.04,6.446842161,53.20081762
Rural,Midwest,3.0,74.0,1.0,66125.0,0.11599999999999999,6.989657206,57.55136324
Suburban,West,55.0,9257.0,21.0,81770.0,0.115,4.835344062,50.97513439
Rural,South,11.0,617.0,3.0,74158.0,0.031,8.953386352,60.22868617
Rural,West,2.0,77.0,2.0,35450.0,0.157,4.050942247,60.28396
Urban,West,136.0,22809.0,51.0,67593.0,0.11699999999999999,6.766440938,52.01429581
Suburban,Midwest,9.0,1006.0,3.0,64554.0,0.10099999999999999,7.954059276,55.18141883
Suburban,Midwest,67.0,2930.0,1.0,104174.0,0.036000000000000004,9.618745574,63.37306692
Rural,Midwest,6.0,170.0,2.0,63409.0,0.054000000000000006,6.591010503,59.50315943
Suburban,Midwest,27.0,1703.0,4.0,98973.0,0.076,8.938118149,61.47258205
Rural,South,73.0,4113.0,5.0,60504.0,0.151,8.250539425,61.88202172
Rural,Midwest,9.0,995.0,4.0,96453.0,0.032,7.885946042,58.5668061
Town,Midwest,10.0,703.0,2.0,44330.0,0.302,7.063010697,55.18263815
Suburban,Midwest,44.0,5903.0,9.0,69688.0,0.079,9.974328276,62.02099152
Rural,West,11.0,395.0,4.0,32219.0,0.207,4.030243562,60.5987
Rural,Northeast,15.0,410.0,1.0,61474.0,0.068,6.366732684,54.04119686
Town,West,16.0,433.0,2.0,55474.0,0.146,5.623544956,44.25714018
Rural,Midwest,14.0,1092.0,3.0,83376.0,0.061,8.99057308,61.11383183
Rural,Northeast,31.0,869.0,2.0,89903.0,0.094,6.810435975,54.34263038
Town,Midwest,25.0,1373.0,3.0,64448.0,0.081,8.708502324,62.01894814
Rural,West,13.0,121.0,3.0,61250.0,0.19899999999999998,8.04694937,53.39292
Rural,Midwest,7.0,347.0,3.0,42708.0,0.138,7.392027093,56.65001575
Rural,Northeast,19.0,882.0,3.0,57750.0,0.09,5.697610024,51.60505661
Suburban,West,72.0,9564.0,18.0,103115.0,0.07400000000000001,7.379193591,45.96815003
Rural,Midwest,4.0,575.0,2.0,50357.0,0.124,7.475036915,56.7384354
Rural,Midwest,2.0,41.0,1.0,70500.0,0.155,7.0562581,55.43396952
Rural,Midwest,18.0,964.0,2.0,59700.0,0.11699999999999999,5.068520984,58.09552147
Town,Northeast,21.0,1180.0,2.0,68139.0,0.09,6.720393818,56.60971354
Town,Midwest,36.0,2650.0,6.0,66460.0,0.092,7.816641837,57.14977101
Rural,Midwest,34.0,3047.0,8.0,42291.0,0.247,7.844141908,64.55525538
Rural,Midwest,6.0,334.0,2.0,56042.0,0.081,6.89421381,55.54996228
Urban,Northeast,62.0,5382.0,13.0,97785.0,0.040999999999999995,7.284093398,70.49682764
Rural,South,15.0,734.0,1.0,50938.0,0.22399999999999998,8.657531761,60.9830696
Rural,South,102.0,5054.0,9.0,77733.0,0.075,6.931770403,57.67828949
Rural,West,2.0,66.0,2.0,82067.0,0.136,2.791916993,57.42778102
Rural,Midwest,13.0,653.0,4.0,58902.0,0.09699999999999999,6.579476943,59.49629064
Suburban,Northeast,10.0,2005.0,6.0,94012.0,0.102,8.83206922,63.34138272
Rural,Northeast,7.0,128.0,1.0,78250.0,0.031,5.281887616,51.42889
Town,Midwest,12.0,1204.0,3.0,72880.0,0.031,8.405400778,60.40764161
Urban,Northeast,72.0,22820.0,46.0,40083.0,0.293,6.849342442,58.57739933
Town,West,136.0,14533.0,23.0,98108.0,0.04,4.593817099,62.31415369
Urban,Midwest,14.0,1773.0,4.0,62753.0,0.122,10.04828104,62.46132457
Suburban,Midwest,15.0,2965.0,5.0,82163.0,0.048,7.774583158,67.16605641
Rural,South,24.0,3005.0,6.0,65761.0,0.10300000000000001,8.864780937,64.05685875
Rural,Midwest,17.0,1758.0,6.0,62932.0,0.153,8.011549648,62.1491317
Town,West,24.0,2731.0,6.0,78588.0,0.10300000000000001,4.438590438,61.60393606
Rural,West,10.0,399.0,1.0,60526.0,0.05,3.763727965,53.93083339
Town,South,34.0,4221.0,7.0,57034.0,0.147,7.701422325,59.75733798
Suburban,West,97.0,9418.0,18.0,124905.0,0.057,7.06485146,47.6925994
Rural,South,50.0,4979.0,9.0,71467.0,0.109,7.746499684,61.83256042
Rural,Northeast,4.0,118.0,1.0,69402.0,0.066,4.255622356,59.54621
Suburban,South,3.0,828.0,2.0,54799.0,0.192,9.880140428,65.07673432
Rural,West,6.0,134.0,1.0,78462.0,0.059000000000000004,7.862445328,55.41961305
Rural,South,7.0,343.0,2.0,63667.0,0.10800000000000001,6.205991854,59.33364765
Rural,Midwest,7.0,260.0,1.0,67390.0,0.040999999999999995,5.286440472,53.17267384
Rural,South,3.0,137.0,1.0,59018.0,0.075,8.670676835,61.8526217
Suburban,Northeast,9.0,3224.0,5.0,125718.0,0.054000000000000006,7.230824671,69.21031176
Town,Midwest,75.0,4480.0,7.0,46675.0,0.161,7.113037363,55.2386939
Suburban,West,198.0,62061.0,67.0,89800.0,0.122,7.696778545,65.52269228
Suburban,South,1025.0,106703.0,110.0,88416.0,0.08199999999999999,10.24720599,67.653563
Town,South,31.0,1671.0,5.0,40229.0,0.20199999999999999,8.93575858,56.14918386
Rural,Midwest,14.0,1024.0,4.0,62047.0,0.077,8.512336105,58.84520122
Rural,Midwest,12.0,517.0,3.0,53681.0,0.08800000000000001,6.659335679,56.98680872
Rural,South,61.0,3466.0,9.0,53805.0,0.128,9.116799113,57.66261087
Rural,South,63.0,4616.0,17.0,42661.0,0.242,8.713303675,62.62656875
Town,West,43.0,2773.0,10.0,55301.0,0.201,7.417242898,52.13171698
Rural,Midwest,41.0,2288.0,6.0,62380.0,0.10099999999999999,5.860546024,56.04038251
Town,West,13.0,1842.0,5.0,50539.0,0.182,5.886739642,59.79566692
Rural,Midwest,13.0,877.0,4.0,51319.0,0.16899999999999998,7.076765961,56.48241363
Rural,Midwest,34.0,2819.0,5.0,73015.0,0.059000000000000004,8.100204957,57.54564345
Suburban,Midwest,19.0,8987.0,11.0,113857.0,0.046,7.591422757,60.05902564
Rural,Midwest,13.0,582.0,2.0,46667.0,0.158,7.683005338,56.90124984
Suburban,Midwest,14.0,1251.0,3.0,56583.0,0.19899999999999998,8.510253204,62.23562601
Town,South,50.0,4612.0,6.0,58720.0,0.14800000000000002,8.576923009,58.08916928
Town,Midwest,47.0,2377.0,7.0,49594.0,0.15,7.644317379,56.38251587
Rural,South,11.0,329.0,1.0,64886.0,0.179,8.295787517,62.51504881
Rural,South,14.0,686.0,2.0,70917.0,0.13699999999999998,9.248220822,61.58703
Suburban,Midwest,160.0,11270.0,16.0,69858.0,0.095,9.576445216,61.7896145
Rural,Midwest,53.0,1392.0,4.0,71402.0,0.064,8.666528744,61.45373494
Rural,South,4.0,285.0,1.0,87500.0,0.14400000000000002,9.183079259,60.73913324
Rural,Midwest,1.0,23.0,1.0,63750.0,0.15,6.97150182,58.85919402
Town,South,15.0,2026.0,5.0,52802.0,0.28800000000000003,8.789689177,60.47174545
Town,Midwest,9.0,983.0,2.0,58042.0,0.023,8.604151604,60.77234406
Town,West,14.0,615.0,3.0,54625.0,0.067,5.806206691,50.26232854
Rural,South,126.0,7971.0,18.0,45332.0,0.21,7.087125847,60.08426424
Rural,West,6.0,181.0,2.0,46875.0,0.045,5.939220585,52.88398796
Rural,Midwest,26.0,945.0,4.0,54167.0,0.096,8.374937388,60.96823396
Town,South,25.0,1300.0,4.0,53264.0,0.18600000000000003,8.456691802,61.72577171
Rural,Midwest,6.0,483.0,2.0,60411.0,0.102,9.38871763,60.45424692
Rural,West,5.0,276.0,2.0,59148.0,0.10400000000000001,4.099688247,53.07513
Suburban,West,42.0,4242.0,11.0,62655.0,0.161,7.313349872,54.26062137
Rural,Midwest,7.0,325.0,2.0,93281.0,0.092,4.361921129,57.09454726
Rural,South,14.0,901.0,2.0,64926.0,0.08,7.451290968,59.0728079
Rural,South,14.0,538.0,2.0,56141.0,0.11699999999999999,8.672726156,63.40588201
Rural,Midwest,8.0,361.0,1.0,71071.0,0.195,7.286353935,60.19102467
Suburban,Northeast,11.0,2302.0,4.0,141915.0,0.034,7.99351422,64.25648968
Rural,Midwest,1.0,2.0,1.0,91563.0,0.028999999999999998,4.75935589,55.86267
Rural,Midwest,10.0,164.0,2.0,78750.0,0.106,4.184229518,56.30523476
Suburban,South,35.0,2598.0,4.0,53141.0,0.18899999999999997,7.311289599,59.23336267
Rural,South,22.0,1004.0,3.0,34563.0,0.249,7.331391093,56.01371898
Rural,Midwest,7.0,286.0,2.0,61971.0,0.20600000000000002,4.292944299,58.79841859
Urban,South,235.0,45255.0,98.0,38449.0,0.27399999999999997,9.352579772,64.04984879
Rural,Northeast,29.0,1430.0,4.0,130552.0,0.026000000000000002,7.822751512,63.32213055
Rural,South,94.0,3878.0,13.0,52726.0,0.152,6.681697677,57.36883429
Rural,Midwest,14.0,916.0,2.0,94798.0,0.04,6.08810057,59.06707728
Town,South,35.0,1892.0,4.0,86633.0,0.057999999999999996,7.444853221,55.69014331
Rural,Northeast,1.0,109.0,1.0,125250.0,0.217,6.987697534,61.53204
Town,South,24.0,954.0,3.0,41063.0,0.264,9.208194178,60.11284975
Rural,Midwest,11.0,788.0,3.0,61750.0,0.057,7.059896671,54.09582583
Suburban,Midwest,14.0,2688.0,5.0,84488.0,0.061,7.822084914,66.3352614
Suburban,Midwest,7.0,4423.0,8.0,67028.0,0.07,5.823926712,58.08934613
Suburban,Midwest,30.0,2948.0,4.0,86742.0,0.039,9.012341328,59.38960735
Town,Midwest,59.0,7304.0,18.0,60622.0,0.138,6.210672694,56.54011334
Rural,Midwest,15.0,1065.0,3.0,52639.0,0.17,6.800876474,58.77325036
Rural,Midwest,7.0,113.0,2.0,55870.0,0.08199999999999999,5.822875413,54.36873183
Town,Midwest,26.0,1613.0,4.0,58758.0,0.11900000000000001,8.257828873,59.49928647
Rural,Northeast,6.0,118.0,1.0,53250.0,0.062,6.205227705,52.10583901
Town,West,37.0,2337.0,7.0,55825.0,0.147,7.259604898,53.25203632
Rural,South,6.0,197.0,1.0,37500.0,0.136,6.840262115,61.05821796
Rural,South,41.0,3544.0,7.0,44491.0,0.256,8.219171706,61.01387704
Rural,Midwest,5.0,186.0,2.0,78098.0,0.062,5.497187517,57.75271429
Rural,Northeast,2.0,28.0,0.0,54959.0,0.025,4.306005863,51.5702
Rural,South,50.0,1359.0,5.0,50347.0,0.165,6.41354816,65.80183769
Suburban,West,21.0,2568.0,6.0,63833.0,0.16399999999999998,6.861659656,57.47745707
Rural,Midwest,6.0,92.0,2.0,60461.0,0.125,7.358992206,55.06035565
Rural,West,7.0,236.0,1.0,45877.0,0.287,6.329570655,51.12639569
Urban,South,96.0,20399.0,30.0,50811.0,0.21,10.7756227,54.13144816
Suburban,Northeast,5.0,3065.0,7.0,82850.0,0.08900000000000001,8.574209168,62.96811974
Suburban,West,30.0,2627.0,5.0,72355.0,0.083,6.849972712,46.32981285
Rural,Midwest,6.0,446.0,2.0,57798.0,0.135,5.062875882,56.36441988
Rural,Northeast,9.0,359.0,1.0,68537.0,0.061,6.116235074,52.70612035
Rural,West,2.0,26.0,1.0,39107.0,0.327,5.831980575,53.16856888
Suburban,Midwest,24.0,1890.0,4.0,76508.0,0.075,8.680235255,65.64812853
Suburban,West,49.0,4940.0,13.0,65837.0,0.145,6.023274666,51.16034651
Suburban,Midwest,14.0,1189.0,2.0,76088.0,0.063,10.26197446,66.76507381
Town,West,44.0,4751.0,9.0,54420.0,0.221,9.076567994,54.59691048
Rural,Northeast,25.0,1274.0,4.0,48470.0,0.21600000000000003,4.229674009,48.37617844
Suburban,West,14.0,4274.0,9.0,114800.0,0.049,6.225120703,67.71667423
Town,West,33.0,5939.0,11.0,48870.0,0.213,11.22563107,75.40797239
Suburban,Northeast,1.0,1766.0,4.0,100906.0,0.085,7.879190163,61.76389598
Rural,Midwest,11.0,239.0,2.0,105938.0,0.062,4.140064434,57.00403647
Rural,South,12.0,634.0,3.0,66213.0,0.075,8.8728859,61.14856061
Town,South,73.0,4909.0,8.0,48065.0,0.16699999999999998,8.706466463,62.15031522
Suburban,Midwest,7.0,1109.0,2.0,63817.0,0.075,10.08302118,67.48259078
Rural,South,13.0,1061.0,3.0,74857.0,0.083,8.887645327,61.26106367
Suburban,South,160.0,12640.0,19.0,96144.0,0.049,7.018548062,58.22475526
Suburban,West,15.0,1554.0,4.0,71447.0,0.087,7.74075361,55.36932305
Rural,Midwest,8.0,475.0,2.0,55208.0,0.096,6.669908468,57.76692101
Suburban,Northeast,113.0,7845.0,16.0,146712.0,0.036000000000000004,8.103800073,64.63293105
Rural,South,49.0,7243.0,12.0,58090.0,0.134,8.877338468,66.41699194
Rural,Midwest,11.0,584.0,2.0,69574.0,0.067,7.507250263,58.4686966
Suburban,West,49.0,4401.0,10.0,83180.0,0.078,5.705991099,68.67500358
Town,South,42.0,2938.0,6.0,45728.0,0.184,7.002416492,59.22738657
Rural,Midwest,9.0,613.0,4.0,63465.0,0.106,8.250642133,62.4500015
Rural,West,28.0,3801.0,8.0,100018.0,0.098,8.282856868,65.63502306
Rural,Midwest,4.0,216.0,2.0,48977.0,0.187,5.5684769,53.14918597
Urban,Midwest,161.0,20561.0,34.0,67098.0,0.106,7.941014039,59.81539448
Rural,Midwest,9.0,529.0,3.0,58284.0,0.11,7.878129747,58.58168456
Suburban,Midwest,3.0,435.0,2.0,62344.0,0.07400000000000001,8.777533156,62.02245652
Suburban,Midwest,203.0,25744.0,38.0,80848.0,0.071,9.678742086,63.20108617
Town,South,66.0,4063.0,7.0,62549.0,0.075,8.738707394,62.65468596
Rural,South,36.0,1801.0,7.0,39588.0,0.19399999999999998,7.729271267,57.67210185
Urban,South,179.0,18710.0,54.0,39502.0,0.264,9.785741161,58.19515746
Rural,West,4.0,173.0,2.0,59519.0,0.16899999999999998,5.14480517,65.04880414
Town,Midwest,15.0,703.0,2.0,44196.0,0.154,8.125795916,57.64924678
Rural,South,30.0,1477.0,3.0,50958.0,0.17800000000000002,8.601803225,60.57066424
Suburban,West,7.0,356.0,2.0,63718.0,0.147,6.399385238,53.24925745
Suburban,South,59.0,11165.0,12.0,67677.0,0.14,6.672952509,63.02580035
Urban,Midwest,2.0,8784.0,15.0,56477.0,0.131,7.362059466,56.32517765
Rural,Northeast,19.0,858.0,3.0,88842.0,0.008,6.430799073,53.64491038
Town,West,8.0,873.0,3.0,82111.0,0.102,7.997600012,50.32664509
Rural,Midwest,9.0,684.0,4.0,78255.0,0.081,7.274897621,59.66260471
Suburban,Midwest,69.0,5909.0,11.0,66477.0,0.151,10.13312446,67.30707914
Suburban,Midwest,93.0,2397.0,5.0,82166.0,0.046,8.827735508,59.83001873
Rural,Midwest,7.0,352.0,2.0,60208.0,0.124,8.74919336,60.96158398
Rural,Midwest,18.0,1269.0,3.0,38134.0,0.20199999999999999,7.966666039,56.11935228
Suburban,South,11.0,2654.0,4.0,36196.0,0.342,9.346125739,58.6949234
Rural,Midwest,18.0,496.0,2.0,59505.0,0.134,8.211542369,60.42211013
Rural,Midwest,29.0,2373.0,4.0,50165.0,0.11699999999999999,9.265497278,60.97665897
Rural,West,21.0,2536.0,8.0,62778.0,0.142,8.407075365,53.29065465
Town,Midwest,14.0,903.0,4.0,50233.0,0.17,8.275477197,60.64795637
Town,South,51.0,3344.0,11.0,41729.0,0.198,7.438177396,56.34944437
Rural,South,19.0,927.0,3.0,49441.0,0.209,7.717855892,56.92855707
Rural,South,56.0,2715.0,4.0,33939.0,0.3,7.277355214,57.3975797
Town,South,14.0,899.0,3.0,54688.0,0.209,8.930725507,59.8868829
Rural,South,23.0,1910.0,5.0,49739.0,0.192,6.566914631,58.35532981
Rural,West,2.0,115.0,1.0,118654.0,0.08900000000000001,5.633420881,53.74728097
Rural,South,81.0,4060.0,4.0,43257.0,0.22399999999999998,9.479985577,63.25275171
Town,South,37.0,3730.0,6.0,53023.0,0.183,7.934259139,61.7991416
Rural,West,14.0,1186.0,6.0,44074.0,0.17600000000000002,7.455494302,61.90387019
Town,South,64.0,3910.0,10.0,48481.0,0.155,8.329421362,58.17693577
Town,West,10.0,636.0,2.0,71635.0,0.107,5.717180906,66.00643726
Rural,South,26.0,1074.0,3.0,48929.0,0.16,8.389952687,59.16552816
Suburban,Midwest,122.0,8266.0,12.0,87974.0,0.055999999999999994,10.03185877,63.62668258
Suburban,West,74.0,25645.0,34.0,99974.0,0.076,11.81778123,85.57175268
Rural,Midwest,14.0,588.0,2.0,58895.0,0.159,7.799617209,57.31844278
Rural,West,5.0,184.0,1.0,35833.0,0.449,9.333252871,70.40852304
Rural,West,14.0,670.0,3.0,72054.0,0.068,6.906160891,54.61205191
Town,Midwest,8.0,574.0,3.0,48673.0,0.231,8.461619678,59.14950663
Town,South,25.0,1546.0,5.0,47303.0,0.095,8.857392551,59.70570518
Rural,Midwest,11.0,723.0,3.0,65725.0,0.11,7.608683568,58.70783829
Rural,Midwest,9.0,268.0,2.0,43403.0,0.129,7.217220565,56.62334926
Rural,West,13.0,333.0,3.0,68307.0,0.183,3.557371041,59.68894
Town,West,6.0,741.0,2.0,45243.0,0.331,8.906128064,72.20964857
Town,South,49.0,3431.0,11.0,41155.0,0.16399999999999998,8.553638072,58.06579584
Rural,Northeast,68.0,3283.0,8.0,76878.0,0.052000000000000005,6.357582744,52.24838393
Rural,South,28.0,2642.0,5.0,93891.0,0.034,8.648480971,61.81623793
Rural,Northeast,3.0,82.0,1.0,67813.0,0.155,4.806031973,56.29055
Town,Midwest,16.0,1629.0,5.0,50781.0,0.18899999999999997,8.624626029,58.63440643
Rural,Midwest,3.0,10.0,1.0,52500.0,0.076,4.748928027,52.52713
Suburban,Northeast,43.0,1340.0,3.0,136397.0,0.039,6.071082503,71.43639493
Rural,West,4.0,358.0,3.0,83934.0,0.028999999999999998,6.401341096,61.4673
Suburban,South,23.0,1919.0,4.0,80660.0,0.055,8.845962936,62.46346917
Rural,South,34.0,2014.0,6.0,54813.0,0.162,8.563595568,62.01803064
Town,Midwest,19.0,751.0,3.0,49661.0,0.127,8.679513103,62.07266933
Town,South,40.0,3094.0,6.0,65081.0,0.114,8.115462965,61.33929611
Town,Midwest,4.0,239.0,1.0,71950.0,0.06,8.390523493,59.8980032
Town,South,8.0,754.0,4.0,41587.0,0.192,8.322121762,57.92163233
Town,South,30.0,1698.0,4.0,38664.0,0.20600000000000002,6.683264759,56.46344575
Rural,Midwest,60.0,1117.0,5.0,84310.0,0.046,7.765460281,61.46826543
Rural,West,3.0,198.0,2.0,46458.0,0.29600000000000004,8.037175686,72.6213416
Urban,West,23.0,3878.0,5.0,121168.0,0.07400000000000001,10.37142478,74.83292521
Rural,South,26.0,1099.0,4.0,56406.0,0.09300000000000001,8.65093009,60.5142041
Rural,Midwest,2.0,52.0,1.0,62917.0,0.042,8.436645474,59.71202669
Rural,Midwest,13.0,718.0,2.0,97102.0,0.03,6.580225608,60.1274702
Town,South,27.0,1810.0,5.0,74716.0,0.10099999999999999,8.938468816,62.34461395
Rural,South,13.0,725.0,2.0,66129.0,0.151,9.394907434,56.1794757
Rural,Midwest,44.0,443.0,2.0,56885.0,0.135,8.904281948,60.52285217
Rural,Northeast,14.0,671.0,2.0,63029.0,0.147,6.584700465,50.76535926
Rural,West,25.0,1166.0,5.0,44145.0,0.182,6.032685766,49.83739526
Suburban,West,11.0,2972.0,6.0,66282.0,0.165,8.568887393,73.17288286
Rural,South,73.0,5035.0,11.0,79211.0,0.113,7.354586779,55.57975902
Rural,South,22.0,1067.0,5.0,42401.0,0.20800000000000002,6.115846626,58.7662562
Rural,West,6.0,184.0,2.0,37367.0,0.14400000000000002,3.425649123,53.66946
Town,South,55.0,4042.0,6.0,80790.0,0.109,8.945815657,59.53275307
Rural,South,9.0,647.0,3.0,36957.0,0.331,8.039761775,57.19046556
Town,South,83.0,15114.0,23.0,67407.0,0.121,8.239862862,64.73079096
Rural,Midwest,26.0,1340.0,3.0,71418.0,0.14400000000000002,8.817350941,60.29961096
Rural,South,6.0,213.0,1.0,33750.0,0.204,5.93776274,62.60791
Suburban,West,6.0,577.0,1.0,50139.0,0.16399999999999998,8.358862582,52.84804282
Rural,South,5.0,202.0,1.0,63386.0,0.155,7.548886802,59.65250582
Rural,South,9.0,254.0,2.0,80000.0,0.027999999999999997,8.904149843,60.42167866
Rural,Midwest,12.0,2005.0,4.0,98932.0,0.055999999999999994,8.107773205,57.85396813
Rural,Midwest,7.0,194.0,2.0,56146.0,0.141,7.177078516,57.28116946
Rural,South,18.0,1146.0,3.0,56282.0,0.215,7.842399012,61.22158341
Suburban,Midwest,7.0,759.0,3.0,43595.0,0.12300000000000001,7.945477672,57.9060932
Rural,West,2.0,44.0,1.0,42701.0,0.07400000000000001,4.769621681,58.40094891
Rural,Midwest,41.0,2382.0,4.0,67444.0,0.086,7.57664969,58.01623055
Town,South,19.0,1483.0,4.0,85648.0,0.085,8.767972133,68.21478369
Rural,West,37.0,1700.0,10.0,74233.0,0.091,2.997357737,58.33326132
Urban,West,87.0,26538.0,29.0,108126.0,0.07200000000000001,7.906725069,70.13059185
Rural,Northeast,13.0,317.0,2.0,48194.0,0.147,6.242228196,53.08934065
Suburban,Northeast,2.0,4648.0,8.0,89882.0,0.1,6.511014156,61.33370535
Rural,Midwest,2.0,52.0,1.0,62232.0,0.046,7.850267896,59.28766121
Suburban,Northeast,1.0,2295.0,5.0,65942.0,0.07200000000000001,6.498510312,54.8919646
Rural,Midwest,7.0,487.0,2.0,83214.0,0.213,9.092627539,62.0867952
Suburban,Midwest,1.0,462.0,1.0,52600.0,0.057999999999999996,10.31367948,65.65043806
Rural,South,13.0,546.0,3.0,58583.0,0.10300000000000001,8.65130667,59.76796118
Town,Midwest,22.0,1494.0,4.0,51161.0,0.152,8.561156715,62.86342516
Rural,Midwest,12.0,435.0,2.0,47462.0,0.184,8.113019821,58.35984936
Urban,South,372.0,50031.0,76.0,47042.0,0.203,6.959072416,70.02002215
Rural,Northeast,67.0,3259.0,6.0,69896.0,0.091,7.914941158,60.74401449
Urban,West,116.0,15230.0,30.0,85339.0,0.08900000000000001,6.725472629,49.2719209
Rural,Midwest,8.0,490.0,2.0,61563.0,0.096,8.075172313,60.79406992
Rural,Midwest,17.0,839.0,2.0,37271.0,0.152,6.885731714,54.44478324
Suburban,Northeast,33.0,8049.0,11.0,134694.0,0.04,7.861088124,63.54917923
Rural,West,3.0,438.0,3.0,71696.0,0.048,0.0,0.0
Rural,South,5.0,313.0,1.0,74044.0,0.095,7.799160497,61.39140257
Urban,Midwest,60.0,5238.0,12.0,48579.0,0.166,8.316320042,61.72695101
Suburban,Northeast,5.0,1653.0,4.0,131074.0,0.028999999999999998,7.833913933,69.88971808
Rural,Midwest,5.0,69.0,2.0,71250.0,0.078,5.362963097,54.94579674
Rural,Midwest,7.0,325.0,4.0,59919.0,0.09699999999999999,5.406201956,54.15653049
Rural,South,43.0,1240.0,6.0,36385.0,0.27399999999999997,8.980005734,57.07672876
Town,Midwest,22.0,1505.0,5.0,51215.0,0.105,5.432909743,53.15112312
Rural,Midwest,9.0,270.0,1.0,116494.0,0.043,9.157835446,60.21547834
Rural,South,16.0,642.0,3.0,28870.0,0.307,9.083640945,58.97772349
Town,West,19.0,1508.0,4.0,69110.0,0.102,5.83943732,50.75559649
Urban,West,18.0,1229.0,3.0,34717.0,0.33899999999999997,7.65158316,68.45620964
Rural,Midwest,7.0,207.0,3.0,66198.0,0.098,5.342398073,54.30293375
Urban,West,22.0,7972.0,13.0,77037.0,0.10099999999999999,8.736098451,73.36699623
Rural,Midwest,15.0,1217.0,5.0,100643.0,0.042,7.274103975,59.2879293
Rural,Midwest,65.0,6089.0,6.0,119751.0,0.018000000000000002,10.05778994,64.99355283
Town,West,6.0,403.0,2.0,38181.0,0.161,5.615233699,57.71159
Suburban,Midwest,104.0,10076.0,19.0,73516.0,0.066,8.463243689,63.98603831
Town,Midwest,21.0,1380.0,3.0,66173.0,0.08900000000000001,8.298196777,56.73296933
Urban,Midwest,78.0,10282.0,20.0,56490.0,0.205,8.635992142,60.1270655
Town,West,11.0,512.0,2.0,46493.0,0.147,8.199788977,52.96777394
Rural,Midwest,10.0,502.0,2.0,51473.0,0.24100000000000002,7.729681568,56.37937214
Town,West,17.0,1849.0,5.0,68728.0,0.11800000000000001,4.138245747,61.93432547
Suburban,Midwest,85.0,5551.0,5.0,64337.0,0.08199999999999999,9.141660396,61.81470613
Rural,West,4.0,224.0,2.0,64535.0,0.07200000000000001,5.051525636,59.86294597
Rural,South,39.0,3061.0,9.0,52018.0,0.142,7.155627224,58.33758612
Urban,South,287.0,47843.0,51.0,61263.0,0.145,6.709399053,65.77790875
Suburban,Midwest,119.0,10179.0,4.0,120456.0,0.038,10.01517993,67.4454343
Rural,Midwest,2.0,68.0,1.0,68333.0,0.114,7.081424395,55.24911893
Town,West,82.0,9684.0,23.0,49828.0,0.247,9.603814891,76.57410326
Suburban,Midwest,21.0,3767.0,6.0,59413.0,0.19,10.21708199,61.92685356
Suburban,Midwest,38.0,3044.0,5.0,122643.0,0.018000000000000002,8.993506748,61.69715022
Rural,Midwest,3.0,191.0,1.0,64107.0,0.071,8.694198949,57.85822438
Town,Northeast,23.0,1058.0,3.0,60488.0,0.174,6.589755878,57.68555012
Rural,Midwest,10.0,508.0,4.0,67548.0,0.03,9.045210311,57.84951948
Rural,West,20.0,1146.0,5.0,48426.0,0.111,9.286420608,52.88283552
Rural,Midwest,14.0,488.0,3.0,59762.0,0.062,7.368336282,59.92455267
Suburban,Northeast,1.0,4155.0,6.0,81368.0,0.085,8.190814237,63.50107015
Rural,Midwest,26.0,840.0,2.0,54271.0,0.156,8.223150549,59.20781201
Town,South,62.0,3098.0,9.0,54277.0,0.16899999999999998,9.401276964,63.66116378
Rural,Northeast,1.0,779.0,4.0,78899.0,0.078,6.006685329,57.71100267
Rural,Northeast,3.0,54.0,1.0,68103.0,0.105,6.066891923,51.49382378
Rural,West,5.0,38.0,2.0,50938.0,0.20199999999999999,4.279794191,54.38602501
Rural,West,6.0,445.0,1.0,74421.0,0.063,4.523084311,62.97657032
Town,South,22.0,1770.0,4.0,63808.0,0.12,5.059642202,59.01495345
Suburban,Northeast,2.0,922.0,3.0,108641.0,0.038,8.50366285,62.75444271
Rural,Midwest,9.0,382.0,2.0,50365.0,0.163,6.227210673,58.77678067
Rural,West,11.0,79.0,3.0,55313.0,0.095,4.603908219,54.47488
Rural,West,63.0,3043.0,9.0,76048.0,0.054000000000000006,3.405798821,60.15824461
Rural,Midwest,42.0,1344.0,6.0,42477.0,0.188,8.741001067,59.78825243
Rural,South,13.0,536.0,3.0,68298.0,0.138,8.88478026,59.34440177
Rural,Northeast,52.0,2082.0,6.0,82857.0,0.02,7.057080255,58.43889968
Rural,South,35.0,2716.0,6.0,72618.0,0.14400000000000002,9.090086045,60.71590641
Suburban,Midwest,12.0,649.0,2.0,63679.0,0.09300000000000001,8.82911967,62.48149235
Urban,West,83.0,16535.0,11.0,52165.0,0.188,6.967946631,68.75845951
Rural,West,10.0,35.0,2.0,57000.0,0.078,4.03695737,54.47296
Urban,West,185.0,17360.0,35.0,73895.0,0.102,8.096930524,54.87975716
Town,South,34.0,1615.0,5.0,47224.0,0.121,6.045141459,54.84594028
Town,Midwest,5.0,443.0,2.0,54583.0,0.099,5.53528613,53.63714574
Town,South,17.0,846.0,2.0,70865.0,0.17800000000000002,9.553295973,56.06821149
Town,West,17.0,1371.0,6.0,52170.0,0.10800000000000001,7.370359208,52.6175216
Town,Midwest,29.0,3202.0,10.0,64059.0,0.078,8.452204835,58.58059698
Rural,Midwest,5.0,329.0,2.0,69583.0,0.11900000000000001,5.192380729,57.18978997
Rural,Midwest,9.0,478.0,2.0,71477.0,0.065,7.633286765,59.2560627
Rural,South,15.0,671.0,3.0,43403.0,0.196,8.928974195,61.76016058
Rural,Northeast,8.0,1365.0,5.0,120339.0,0.061,7.370032388,72.78231234
Town,West,9.0,765.0,3.0,76500.0,0.105,6.208326545,67.12046541
Suburban,South,413.0,46899.0,69.0,106129.0,0.066,7.854139545,61.17306267
Town,West,18.0,2145.0,6.0,60891.0,0.165,5.997411444,84.15821574
Suburban,Midwest,14.0,2397.0,5.0,111516.0,0.037000000000000005,8.871948318,65.09412621
Suburban,Northeast,4.0,4537.0,6.0,89332.0,0.096,6.918646324,57.90111326
Rural,Midwest,1.0,434.0,2.0,65333.0,0.08800000000000001,7.675426172,56.81718311
Rural,West,7.0,221.0,2.0,67540.0,0.073,7.839957602,53.80705098
Rural,West,10.0,371.0,3.0,58550.0,0.08800000000000001,4.405500585,54.43704897
Rural,Midwest,26.0,1949.0,4.0,67131.0,0.07,9.062741755,60.31948421
Rural,South,78.0,4946.0,9.0,41419.0,0.183,7.813598031,59.35066974
Rural,South,8.0,585.0,3.0,43750.0,0.156,6.306955645,61.74774968
Rural,Midwest,38.0,2882.0,4.0,119702.0,0.039,9.174723385,59.28582263
Suburban,West,232.0,33281.0,38.0,91355.0,0.057999999999999996,6.275781675,70.28735129
Suburban,Midwest,92.0,7781.0,10.0,111452.0,0.038,9.043370745,59.665604
Town,South,51.0,2491.0,5.0,53201.0,0.24,9.009871004,58.59095501
Town,Midwest,33.0,2041.0,4.0,74964.0,0.084,6.850887003,56.17919892
Rural,Midwest,10.0,568.0,3.0,77444.0,0.062,5.591668899,59.97978184
Rural,Northeast,11.0,503.0,1.0,57159.0,0.14800000000000002,6.412519195,53.720321
Rural,Midwest,5.0,276.0,3.0,53576.0,0.04,7.537810918,58.21395291
Urban,South,137.0,12362.0,24.0,46895.0,0.159,7.048817398,59.90078945
Urban,Midwest,171.0,18922.0,44.0,58877.0,0.132,7.688480513,57.75862615
Rural,West,17.0,878.0,3.0,129421.0,0.038,8.793438337,54.77163096
Suburban,Northeast,2.0,353.0,1.0,84234.0,0.142,8.417366849,68.12942
Suburban,Northeast,32.0,2788.0,5.0,72700.0,0.09300000000000001,6.969488067,54.64306599
Urban,Midwest,16.0,12858.0,26.0,46921.0,0.175,8.484452637,60.2199218
Rural,Midwest,27.0,1285.0,2.0,77768.0,0.062,8.683366267,60.35968289
Urban,South,119.0,9492.0,14.0,54700.0,0.252,9.520264684,58.7986784
Town,South,29.0,1586.0,4.0,42971.0,0.262,9.044233281,58.24749988
Rural,South,37.0,1235.0,3.0,46827.0,0.183,8.133581497,57.17919913
Rural,Midwest,17.0,798.0,3.0,53587.0,0.14800000000000002,8.547805064,57.41688226
Rural,West,2.0,130.0,1.0,65750.0,0.11800000000000001,10.62012087,75.60357962
Rural,West,5.0,298.0,3.0,59667.0,0.183,5.871650532,67.32928226
Rural,Northeast,1.0,14.0,1.0,73750.0,0.015,7.254405205,56.53364
Town,Midwest,10.0,663.0,3.0,47833.0,0.121,7.429366516,55.17985764
Urban,Northeast,6.0,3500.0,10.0,59331.0,0.23800000000000002,6.213084861,52.52762184
Urban,South,19.0,1627.0,2.0,82466.0,0.086,9.366771422,63.77626622
Rural,Midwest,7.0,646.0,4.0,73667.0,0.11699999999999999,9.126004659,62.22206687
Rural,West,23.0,656.0,2.0,59856.0,0.122,5.449995874,53.81352841
Suburban,Northeast,10.0,5243.0,5.0,153555.0,0.027999999999999997,7.287880959,68.09430765
Suburban,Midwest,20.0,5484.0,9.0,90870.0,0.024,8.741052639,58.83778206
Rural,Midwest,8.0,399.0,3.0,60333.0,0.124,8.195403505,60.67049552
Suburban,West,23.0,1629.0,4.0,51338.0,0.128,7.64439095,55.42385293
Rural,South,38.0,2270.0,6.0,43464.0,0.205,6.80211606,58.15548355
Suburban,West,8.0,1079.0,4.0,45674.0,0.184,6.366725223,60.52439801
Suburban,Northeast,7.0,666.0,3.0,55766.0,0.106,7.067454087,55.62759009
Town,West,11.0,683.0,4.0,46462.0,0.12,4.002676077,56.3249299
Rural,Midwest,16.0,806.0,3.0,61723.0,0.081,7.264331093,57.23548621
Rural,Midwest,4.0,236.0,1.0,69348.0,0.121,8.469249921,60.44125864
Suburban,Midwest,10.0,489.0,2.0,65313.0,0.08199999999999999,9.169343727,58.23927919
Rural,Midwest,2.0,38.0,2.0,44375.0,0.069,5.731815482,55.919612
Rural,Midwest,14.0,1062.0,3.0,75963.0,0.08,9.009430837,58.66757049
Rural,West,3.0,84.0,1.0,31786.0,0.17600000000000002,3.910335944,67.39654204
Suburban,South,159.0,18344.0,21.0,79329.0,0.115,9.751746648,66.4629216
Town,South,27.0,1883.0,3.0,65233.0,0.095,8.892250762,59.95701212
Rural,West,17.0,562.0,2.0,59923.0,0.139,4.744861385,54.63063732
Rural,South,44.0,1476.0,5.0,36195.0,0.228,7.713644448,61.85400322
Rural,Northeast,5.0,246.0,1.0,69167.0,0.095,5.59429863,52.92028
Rural,South,42.0,2148.0,7.0,49446.0,0.11599999999999999,7.656761092,61.0686788
Rural,Northeast,11.0,427.0,2.0,80000.0,0.062,6.784391998,57.24196578
Rural,Midwest,3.0,143.0,1.0,53750.0,0.146,5.335635207,54.79984354
Suburban,Northeast,9.0,803.0,3.0,61033.0,0.20600000000000002,6.171307052,52.48566784
Suburban,Northeast,89.0,3730.0,6.0,76625.0,0.061,6.856342009,57.7906106
Rural,Midwest,5.0,248.0,3.0,67835.0,0.15,5.889197808,56.909
Urban,South,31.0,4939.0,15.0,35776.0,0.272,9.22094032,61.08713659
Suburban,Midwest,90.0,7662.0,13.0,89287.0,0.061,8.974456879,59.87705106
Town,Midwest,15.0,2623.0,6.0,78721.0,0.055,8.138178845,59.4984474
Rural,South,69.0,3840.0,6.0,50194.0,0.135,8.205949929,62.07132221
Suburban,Midwest,65.0,4614.0,5.0,140313.0,0.031,9.16208496,60.51308521
Rural,Midwest,37.0,1779.0,4.0,65307.0,0.106,8.355900614,59.4831626
Town,West,4.0,651.0,2.0,60739.0,0.1,7.770185541,52.7377459
Rural,Midwest,5.0,124.0,1.0,73000.0,0.049,8.055287772,57.88202396
Rural,Midwest,5.0,131.0,2.0,48813.0,0.16899999999999998,7.124343577,56.65392027
Rural,South,16.0,594.0,3.0,61493.0,0.085,8.542738665,61.50051352
Rural,Midwest,26.0,1956.0,4.0,63867.0,0.092,9.191456703,59.90079939
Suburban,Midwest,31.0,1983.0,3.0,74699.0,0.055999999999999994,7.335497433,57.6481453
Rural,South,19.0,840.0,3.0,41646.0,0.17600000000000002,8.558509574,58.89474549
Town,Midwest,14.0,1515.0,6.0,55662.0,0.065,7.152315037,57.49796361
Rural,South,0.0,122.0,1.0,41146.0,0.11800000000000001,5.881476027,61.13694
Suburban,South,538.0,35951.0,57.0,62050.0,0.134,10.05959649,66.36641879
Rural,Midwest,68.0,4560.0,7.0,52323.0,0.153,7.812460933,56.32579806
Suburban,Northeast,48.0,5380.0,10.0,114916.0,0.042,6.99623624,59.34219439
Suburban,Midwest,158.0,16082.0,24.0,97174.0,0.081,9.772061446,60.07568695
Rural,South,13.0,621.0,2.0,53036.0,0.292,9.468862625,58.63528108
Town,West,20.0,6471.0,10.0,49893.0,0.325,10.69166931,77.31309364
Town,Midwest,41.0,3275.0,7.0,55831.0,0.14800000000000002,8.240870254,59.86613773
Town,Midwest,11.0,728.0,2.0,39093.0,0.128,5.094261625,53.94187568
Rural,South,293.0,50155.0,56.0,88794.0,0.077,7.626953255,59.70646651
Rural,Midwest,7.0,313.0,4.0,50724.0,0.151,4.993813019,53.26424631
Town,West,11.0,393.0,4.0,68507.0,0.08800000000000001,6.624146767,54.10636
Urban,South,583.0,70783.0,64.0,89431.0,0.084,9.894085218,67.25628455
Town,Midwest,21.0,2114.0,4.0,51716.0,0.15,7.006140338,58.88674623
Suburban,South,31.0,3017.0,5.0,45118.0,0.191,8.842573193,60.96686298
Suburban,Northeast,2.0,2905.0,5.0,168440.0,0.039,7.189160202,67.85829003
Rural,West,5.0,103.0,1.0,91875.0,0.106,3.873811249,62.12355925
Suburban,South,8.0,1277.0,3.0,73839.0,0.121,8.980847393,60.20372867
Rural,South,147.0,9846.0,27.0,52304.0,0.124,8.846676434,61.74709869
Rural,West,22.0,680.0,3.0,72171.0,0.053,2.841028688,58.44241266
Suburban,Midwest,56.0,3610.0,2.0,65285.0,0.114,10.13162319,65.22813461
Rural,South,3.0,70.0,1.0,65208.0,0.132,8.451245434,65.51432235
Town,West,17.0,1666.0,4.0,51250.0,0.14400000000000002,4.833724953,53.92407746
Town,Midwest,49.0,4393.0,10.0,47056.0,0.153,8.444585796,59.35221564
Suburban,Northeast,8.0,2766.0,5.0,159401.0,0.022000000000000002,8.400542854,67.34102939
Rural,Northeast,3.0,157.0,1.0,55379.0,0.161,7.244455342,65.52044
Rural,South,16.0,949.0,3.0,44551.0,0.081,7.065326784,62.8106965
Rural,West,8.0,103.0,2.0,47500.0,0.253,8.342726356,52.53549
Town,Midwest,2.0,3460.0,9.0,56288.0,0.115,6.982478155,59.61654104
Rural,West,11.0,52.0,2.0,68750.0,0.059000000000000004,4.235483183,56.72221491
Rural,Midwest,11.0,608.0,3.0,54506.0,0.07200000000000001,8.411516624,59.83782812
Rural,Northeast,13.0,339.0,2.0,57121.0,0.16,5.923661173,54.03461404
Rural,Midwest,2.0,287.0,2.0,75000.0,0.055,5.736920068,56.26063103
Rural,Midwest,9.0,711.0,3.0,72906.0,0.105,9.190612381,61.49311522
Suburban,Northeast,27.0,4125.0,7.0,134688.0,0.061,6.836981461,63.57632066
Rural,Northeast,11.0,223.0,1.0,57039.0,0.128,6.264279975,53.05938985
Suburban,South,1072.0,334090.0,542.0,57815.0,0.157,7.392353483,55.8086831
Suburban,Northeast,10.0,7444.0,11.0,73041.0,0.13,7.036061728,59.78650567
Rural,Midwest,2.0,518.0,2.0,66576.0,0.043,5.638882054,61.45015741
Town,Midwest,25.0,2110.0,5.0,69045.0,0.057999999999999996,7.543705905,58.92114703
Rural,South,38.0,3557.0,9.0,49547.0,0.184,6.445548061,59.26023501
Town,Northeast,1.0,477.0,1.0,76729.0,0.057999999999999996,7.250997411,59.06713421
Rural,Northeast,1.0,25.0,1.0,73906.0,0.09699999999999999,4.255622356,59.54621
Rural,Midwest,26.0,1446.0,5.0,61893.0,0.07400000000000001,8.399559166,59.95940005
Suburban,South,137.0,10426.0,16.0,62669.0,0.087,9.146421683,61.05078476
Suburban,West,150.0,12823.0,20.0,78949.0,0.086,4.43472305,61.98997696
Suburban,Midwest,1.0,312.0,1.0,58234.0,0.131,10.09393013,64.60317751
Town,Midwest,58.0,3720.0,11.0,83419.0,0.040999999999999995,7.638634725,62.80933114
Rural,Northeast,15.0,455.0,2.0,64226.0,0.11900000000000001,6.835828257,58.79765108
Town,West,2.0,682.0,2.0,94563.0,0.141,5.66103672,66.57100617
Rural,South,43.0,2695.0,4.0,109537.0,0.055999999999999994,9.542371308,59.40157858
Suburban,Midwest,15.0,1317.0,3.0,48000.0,0.145,8.39704565,57.62629177
Rural,West,8.0,154.0,3.0,55610.0,0.188,4.03695737,54.47296
Rural,West,12.0,346.0,1.0,57651.0,0.16699999999999998,5.005822448,46.67499926
Rural,Northeast,18.0,1407.0,3.0,71870.0,0.08900000000000001,6.369972989,55.80940212
Suburban,Midwest,22.0,3261.0,6.0,79353.0,0.062,8.080923217,55.33149781
Rural,Midwest,12.0,603.0,1.0,53327.0,0.249,5.125337558,52.62438563
Rural,West,8.0,648.0,2.0,75161.0,0.049,6.00889973,49.86071829
Rural,Midwest,11.0,471.0,2.0,52330.0,0.217,7.752584034,56.01413698
Town,Midwest,26.0,1834.0,4.0,44773.0,0.14,8.520480553,57.41881972
Rural,Midwest,7.0,520.0,2.0,55662.0,0.07200000000000001,6.945583396,55.5589394
Rural,West,6.0,170.0,8.0,55025.0,0.157,0.0,0.0
Suburban,Midwest,6.0,626.0,3.0,49432.0,0.139,9.948913181,64.71606381
Rural,West,2.0,149.0,1.0,55592.0,0.08800000000000001,5.166023315,59.01978
Suburban,South,66.0,11915.0,19.0,60659.0,0.10099999999999999,9.379379763,64.82982157
Rural,South,25.0,1640.0,3.0,82592.0,0.086,8.946640215,70.56561671
Rural,Midwest,14.0,649.0,4.0,63724.0,0.146,8.495314472,60.31862405
Urban,West,71.0,12664.0,8.0,73862.0,0.138,6.873057771,69.25505541
Suburban,South,419.0,52767.0,78.0,73801.0,0.11199999999999999,9.30161246,65.8083804
Rural,West,11.0,1056.0,1.0,97903.0,0.067,5.818985479,55.5387
Suburban,West,169.0,18515.0,29.0,72795.0,0.156,9.965919378,57.57684081
Rural,Midwest,21.0,1103.0,2.0,148606.0,0.022000000000000002,8.672804289,64.28826542
Rural,Midwest,9.0,545.0,2.0,52635.0,0.158,7.146687888,57.93503162
Rural,West,7.0,332.0,1.0,62574.0,0.12300000000000001,5.477817398,46.5443058
Rural,South,26.0,1788.0,5.0,39334.0,0.243,7.370618199,56.54458591
Town,West,14.0,1145.0,2.0,62225.0,0.156,8.660013411,70.13672667
Rural,West,3.0,142.0,2.0,40913.0,0.20800000000000002,4.485067123,60.44887
Rural,South,18.0,836.0,5.0,68939.0,0.083,8.69494575,60.18445905
Rural,South,27.0,1818.0,4.0,49325.0,0.237,8.857844803,58.12861863
Rural,Midwest,20.0,898.0,3.0,49827.0,0.146,7.040613258,54.10008592
Town,South,41.0,2034.0,4.0,53063.0,0.114,7.579353684,56.72459137
Town,South,18.0,684.0,5.0,50450.0,0.132,6.267444245,62.00364046
Town,Midwest,69.0,6155.0,11.0,62970.0,0.147,7.044136144,54.12799332
Rural,Midwest,5.0,114.0,2.0,57955.0,0.106,7.149710105,56.46112783
Rural,South,23.0,1000.0,3.0,45118.0,0.174,7.643422933,55.60719838
Rural,Midwest,6.0,446.0,2.0,71250.0,0.114,5.775610205,60.46093014
Suburban,West,98.0,13741.0,8.0,69183.0,0.13,7.48384687,66.44682225
Rural,Midwest,23.0,822.0,4.0,54056.0,0.162,7.225567244,58.81755266
Rural,Midwest,15.0,870.0,3.0,58843.0,0.147,8.320274139,56.24586081
Town,West,20.0,1972.0,6.0,58867.0,0.061,3.765736142,55.63108491
Rural,Midwest,9.0,443.0,2.0,71429.0,0.048,8.536190869,57.59801031
Rural,Northeast,31.0,1800.0,7.0,57669.0,0.128,5.175036783,55.03503334
Rural,Midwest,3.0,58.0,1.0,71809.0,0.08,7.042229441,55.26402462
Town,South,50.0,2258.0,9.0,47611.0,0.188,7.618477407,56.5648676
Rural,Midwest,15.0,690.0,2.0,70216.0,0.057999999999999996,7.253306032,60.49155724
Suburban,Northeast,77.0,4332.0,5.0,88709.0,0.039,6.628726747,56.42317469
Rural,West,10.0,405.0,2.0,51236.0,0.111,5.676260018,52.7355155
Rural,Midwest,29.0,2025.0,4.0,90512.0,0.095,8.849460263,64.93437827
Rural,Midwest,5.0,211.0,3.0,58958.0,0.111,7.358432344,55.10848492
Rural,South,136.0,7691.0,19.0,60970.0,0.14800000000000002,8.471491753,60.64053162
Town,South,45.0,4523.0,8.0,79349.0,0.081,6.879491913,65.48884695
Town,South,15.0,729.0,3.0,37473.0,0.209,7.39475017,61.15034696
Town,Midwest,48.0,5377.0,10.0,103056.0,0.047,7.244822142,56.25597411
Rural,West,4.0,564.0,1.0,164792.0,0.066,6.655254322,62.11974902
Rural,Midwest,26.0,1515.0,5.0,64681.0,0.102,8.964347614,60.18004419
Suburban,Northeast,66.0,1824.0,4.0,80915.0,0.17300000000000001,6.984446508,56.17372553
Rural,South,13.0,935.0,3.0,69523.0,0.06,8.926323484,58.9632975
Town,Midwest,8.0,605.0,2.0,71522.0,0.036000000000000004,8.414817246,59.86880079
Suburban,Midwest,28.0,2520.0,5.0,76725.0,0.08199999999999999,7.859462056,59.49523395
Rural,South,131.0,7798.0,17.0,54157.0,0.128,9.126504808,62.3508987
Rural,West,5.0,103.0,1.0,41100.0,0.109,6.625034507,52.90078946
Rural,South,11.0,387.0,1.0,65192.0,0.147,6.165756851,60.27747114
Rural,South,3.0,113.0,1.0,66354.0,0.064,8.816522357,59.98879432
Town,Midwest,28.0,2133.0,6.0,48844.0,0.149,7.563573638,61.4657712
Suburban,Midwest,44.0,11211.0,17.0,74793.0,0.11199999999999999,9.799123003,64.52437134
Rural,Northeast,3.0,157.0,1.0,48500.0,0.114,4.468125014,50.60411
Town,Midwest,37.0,3676.0,7.0,54961.0,0.16,7.046308501,60.44860667
Rural,Midwest,12.0,564.0,2.0,55000.0,0.162,7.080850259,53.98387158
Town,South,4.0,349.0,1.0,28750.0,0.228,7.45673726,57.4855
Rural,West,3.0,28.0,1.0,105250.0,0.157,5.044755753,64.89784
Rural,Midwest,10.0,594.0,2.0,61445.0,0.071,7.042028314,59.37019405
Rural,Midwest,15.0,645.0,3.0,82409.0,0.055999999999999994,7.767426421,59.80668382
Rural,West,6.0,36.0,3.0,69583.0,0.091,3.771648795,54.6103
Town,West,32.0,1562.0,3.0,56633.0,0.107,7.175437072,52.83791788
Rural,West,9.0,653.0,4.0,99151.0,0.044000000000000004,0.0,0.0
Urban,Northeast,25.0,3081.0,8.0,73899.0,0.06,7.496308392,55.05169624
Rural,West,29.0,3310.0,8.0,59906.0,0.156,4.281537459,63.15840566
Town,South,31.0,2288.0,5.0,34970.0,0.33799999999999997,9.383040011,59.97111331
Suburban,Northeast,60.0,7317.0,9.0,148716.0,0.04,7.358859088,70.00657491
Town,West,31.0,1404.0,5.0,37942.0,0.46299999999999997,3.884425393,65.58661533
Suburban,West,54.0,9632.0,6.0,86202.0,0.084,7.10196344,65.33717027
Rural,South,52.0,2811.0,7.0,69181.0,0.128,8.895564377,66.26556839
Suburban,Midwest,13.0,3131.0,7.0,82103.0,0.08900000000000001,10.31449166,63.60944983
Rural,Northeast,24.0,912.0,3.0,77571.0,0.075,6.674814988,57.66342449
Town,South,39.0,1964.0,5.0,53693.0,0.174,7.729509774,57.83528323
Rural,Midwest,16.0,646.0,2.0,86987.0,0.055999999999999994,4.236069123,59.5591
Suburban,Midwest,308.0,21612.0,22.0,110784.0,0.033,9.349391833,64.19294171
Rural,Midwest,38.0,2543.0,4.0,76659.0,0.053,8.420406046,61.46194421
Suburban,Midwest,10.0,866.0,2.0,86094.0,0.048,7.961708744,59.11466852
Rural,Midwest,10.0,215.0,1.0,47396.0,0.168,6.778147103,54.20071641
Rural,West,23.0,219.0,3.0,64821.0,0.161,8.407923854,54.56101834
Town,Midwest,36.0,3202.0,7.0,72421.0,0.076,7.634512807,60.19496211
Rural,South,14.0,407.0,4.0,56719.0,0.11599999999999999,6.269381331,61.85910684
Rural,West,10.0,591.0,5.0,25230.0,0.436,7.093521459,60.17501057
Rural,Midwest,33.0,2255.0,4.0,69448.0,0.073,8.801242918,56.0432403
Suburban,West,37.0,11904.0,23.0,85041.0,0.10300000000000001,11.39113306,79.62192176
Urban,West,45.0,9073.0,18.0,97834.0,0.17600000000000002,8.090646947,49.78448669
Suburban,West,139.0,38119.0,68.0,72337.0,0.127,7.994437249,66.43749159
Town,Midwest,84.0,6734.0,11.0,65791.0,0.11,8.4262179,59.45524168
Rural,South,10.0,353.0,3.0,53676.0,0.195,9.483791216,57.78506065
Rural,West,8.0,126.0,1.0,34083.0,0.21600000000000003,4.984125089,58.00684691
Suburban,Northeast,18.0,2107.0,7.0,101411.0,0.059000000000000004,8.493755351,67.4643179
Rural,Midwest,11.0,683.0,2.0,80189.0,0.069,8.689979179,61.05497977
Rural,South,74.0,2323.0,7.0,46789.0,0.21899999999999997,9.327882838,63.69101833
Suburban,Northeast,28.0,2479.0,5.0,95410.0,0.039,6.945753979,58.63936351
Suburban,Northeast,92.0,4914.0,7.0,90845.0,0.053,6.967063734,53.53243327
Rural,Midwest,13.0,1023.0,4.0,71300.0,0.077,7.891491156,58.71555313
Town,Midwest,30.0,2241.0,5.0,62959.0,0.062,8.671150091,57.03348999
Town,Midwest,29.0,1839.0,4.0,47651.0,0.14400000000000002,7.722127745,56.81443122
Rural,Midwest,35.0,1807.0,7.0,55195.0,0.133,7.82818748,56.96770905
Town,Midwest,11.0,1140.0,3.0,51656.0,0.17600000000000002,8.426087653,62.14650311
Rural,Midwest,22.0,1003.0,3.0,63966.0,0.043,8.271667268,57.1030582
Rural,West,28.0,845.0,2.0,71372.0,0.14,6.216569405,50.83702288
Rural,Midwest,22.0,758.0,3.0,75365.0,0.04,7.242299048,54.74902828
Rural,Midwest,14.0,1247.0,4.0,63808.0,0.145,7.782427931,64.12960163
Rural,Midwest,11.0,757.0,2.0,64670.0,0.10300000000000001,7.68932714,56.41607582
Town,South,40.0,5181.0,11.0,69500.0,0.068,5.764265149,60.92381126
Suburban,Northeast,24.0,1264.0,3.0,66895.0,0.109,6.424720694,53.5080057
Rural,Midwest,7.0,257.0,3.0,75694.0,0.045,8.71687717,56.87774642
Rural,West,7.0,32.0,2.0,39886.0,0.17600000000000002,4.414986256,55.00831397
Suburban,West,14.0,11967.0,18.0,61760.0,0.16399999999999998,11.32065193,61.65569038
Town,Midwest,26.0,2771.0,7.0,51763.0,0.191,8.537630571,57.67815914
Rural,Midwest,15.0,848.0,3.0,64856.0,0.133,8.397893352,56.57759742
Rural,South,7.0,356.0,2.0,57025.0,0.135,9.050468386,60.08521839
Suburban,Northeast,6.0,3384.0,7.0,126215.0,0.047,7.455237327,67.93035393
Rural,Midwest,14.0,993.0,3.0,56609.0,0.147,8.176793794,58.60254532
Suburban,Midwest,4.0,745.0,2.0,65035.0,0.044000000000000004,8.511110115,62.16281639
Rural,Midwest,19.0,1132.0,3.0,43516.0,0.14800000000000002,8.2991001,57.29337853
Rural,South,8.0,534.0,3.0,29167.0,0.245,8.054559256,57.81805693
Town,Northeast,23.0,1443.0,3.0,41404.0,0.152,6.168220244,52.8510268
Town,West,20.0,3414.0,6.0,40870.0,0.192,9.787160548,70.58565822
Rural,South,64.0,4091.0,7.0,50275.0,0.151,7.603703649,61.0107108
Town,South,38.0,4192.0,9.0,55426.0,0.114,5.582838988,59.28820927
Town,West,8.0,360.0,2.0,62527.0,0.17800000000000002,5.208082624,63.4786256
Suburban,West,27.0,12608.0,18.0,95384.0,0.073,6.873568155,58.56344694
Suburban,South,82.0,4239.0,13.0,52371.0,0.145,8.074567504,56.69872188
Rural,Northeast,83.0,2909.0,5.0,57991.0,0.125,6.055977556,52.32658359
Town,Midwest,26.0,1068.0,7.0,65517.0,0.068,7.597553217,59.01367483
Town,Midwest,15.0,1866.0,4.0,97270.0,0.075,7.008992764,56.06963495
Urban,South,40.0,3633.0,7.0,50322.0,0.222,8.714853235,59.177472
Town,West,6.0,531.0,4.0,50219.0,0.145,5.394706198,54.46406687
Suburban,Northeast,11.0,2729.0,6.0,111075.0,0.034,7.915430403,62.74742507
Suburban,Northeast,5.0,883.0,3.0,129148.0,0.015,8.295876986,63.19707
Suburban,South,63.0,10837.0,17.0,79824.0,0.084,9.144608462,61.1159635
Rural,South,22.0,705.0,1.0,46156.0,0.192,9.017520161,58.89380983
Rural,South,107.0,10276.0,25.0,47348.0,0.18899999999999997,7.646541707,61.16164656
Suburban,South,205.0,20308.0,25.0,92482.0,0.062,7.932354999,60.31337611
Town,South,47.0,5057.0,8.0,47116.0,0.235,9.253385845,60.31095214
Rural,West,4.0,70.0,2.0,64844.0,0.016,4.110629547,61.91708734
Rural,West,4.0,36.0,1.0,48056.0,0.182,5.326657945,57.78329
Rural,Midwest,6.0,226.0,2.0,62344.0,0.044000000000000004,6.285756659,57.91976077
Rural,West,13.0,226.0,2.0,42659.0,0.21100000000000002,6.136857779,43.57032069
Rural,Midwest,28.0,1139.0,4.0,54667.0,0.134,7.83357189,56.20228537
Rural,Midwest,4.0,290.0,2.0,58661.0,0.11,7.072919357,55.97456741
Suburban,Midwest,127.0,10707.0,18.0,74745.0,0.073,7.916716596,63.65754607
Rural,Midwest,4.0,290.0,2.0,58833.0,0.10400000000000001,5.877561262,58.61048679
Suburban,Midwest,72.0,5409.0,5.0,99091.0,0.032,9.691338194,67.19362648
Town,South,16.0,1268.0,5.0,49948.0,0.155,6.641370603,62.81313927
Rural,Midwest,14.0,626.0,2.0,62821.0,0.139,8.168056704,60.27684993
Rural,South,10.0,366.0,1.0,34239.0,0.281,5.257914582,64.26400909
Suburban,Midwest,29.0,2642.0,6.0,73231.0,0.096,8.285176403,61.29649009
Rural,Midwest,21.0,1188.0,3.0,71439.0,0.049,9.23726121,60.57807978
Rural,South,3.0,220.0,1.0,62500.0,0.151,7.423771282,61.35705047
Urban,West,86.0,7032.0,17.0,55401.0,0.134,4.727439889,54.20945896
Suburban,West,227.0,21156.0,34.0,86935.0,0.079,6.504418089,52.88989405
Town,Midwest,14.0,1853.0,3.0,63694.0,0.121,8.531189933,56.41331574
Town,Midwest,29.0,2207.0,7.0,58894.0,0.087,6.97012012,56.29333576
Town,Midwest,9.0,824.0,4.0,36786.0,0.156,8.483577217,57.4726162
Town,South,26.0,1930.0,5.0,47444.0,0.23800000000000002,9.533392985,56.10554265
Rural,South,49.0,7750.0,11.0,99756.0,0.052000000000000005,6.720719078,63.04118524
Rural,Northeast,10.0,838.0,1.0,93930.0,0.07400000000000001,7.114660015,58.2797114
Town,West,9.0,3556.0,2.0,95663.0,0.081,5.307575744,59.07924919
Rural,South,15.0,938.0,3.0,39427.0,0.265,9.457336107,56.8162561
Urban,Midwest,28.0,3353.0,7.0,37953.0,0.228,7.365020665,66.55947683
Urban,South,152.0,27842.0,40.0,87591.0,0.11,7.561795452,67.5154713
Rural,West,9.0,996.0,3.0,84201.0,0.06,7.577561348,59.56334499
Town,South,25.0,1488.0,4.0,41755.0,0.165,8.862021692,60.02437848
Town,West,8.0,590.0,2.0,73993.0,0.146,4.609747943,62.45979914
Rural,Midwest,19.0,1305.0,4.0,67486.0,0.115,8.944667432,56.36733438
Rural,Northeast,4.0,204.0,1.0,71346.0,0.057,4.806031973,56.29055
Rural,Northeast,20.0,636.0,2.0,65651.0,0.068,6.685657148,52.51100699
Suburban,Midwest,4.0,4098.0,5.0,82396.0,0.045,5.834768013,58.12876686
Urban,West,50.0,18471.0,33.0,66280.0,0.155,11.52492866,88.91137677
Suburban,Northeast,1.0,1264.0,3.0,123184.0,0.068,8.88834137,64.07122
Rural,Midwest,11.0,188.0,2.0,48333.0,0.075,4.765339726,59.18629
Rural,Midwest,12.0,415.0,2.0,62738.0,0.14400000000000002,5.129115574,53.99067942
Rural,West,8.0,208.0,3.0,32344.0,0.298,4.888596329,52.68927
Urban,South,291.0,46510.0,60.0,94832.0,0.063,9.589525003,63.19969273
Rural,Northeast,5.0,299.0,1.0,97857.0,0.027000000000000003,6.440550411,53.16942
Suburban,Northeast,1.0,2430.0,5.0,83869.0,0.086,6.173007456,52.50066188
Rural,West,15.0,179.0,3.0,51464.0,0.299,3.850503434,60.96593026
Rural,Midwest,3.0,208.0,2.0,60735.0,0.099,8.875184932,58.56612
Town,West,1.0,1391.0,4.0,56144.0,0.19399999999999998,6.598199989,54.76655855
Rural,South,44.0,1890.0,5.0,41533.0,0.16899999999999998,8.108020405,57.48202693
Town,South,24.0,1654.0,3.0,44232.0,0.20199999999999999,8.980907603,56.35313528
Rural,Midwest,10.0,325.0,2.0,57452.0,0.098,6.597502265,60.51582034
Suburban,Midwest,41.0,7571.0,9.0,79304.0,0.07,9.997837625,65.08173417
Town,Midwest,16.0,967.0,3.0,73769.0,0.09699999999999999,7.892905357,55.55618432
Rural,Northeast,6.0,135.0,1.0,44565.0,0.223,5.543080684,51.61799574
Rural,Midwest,78.0,4860.0,7.0,134483.0,0.027000000000000003,9.448219263,62.80554381
Town,West,41.0,3342.0,7.0,61776.0,0.1,4.465126757,58.84630318
Rural,West,17.0,790.0,3.0,73052.0,0.034,5.91136137,53.56442227
Suburban,West,131.0,11429.0,21.0,68900.0,0.11900000000000001,7.760271017,56.48011785
Town,South,11.0,3226.0,7.0,53972.0,0.11599999999999999,8.829489162,61.62463545
Urban,South,36.0,5040.0,13.0,43787.0,0.248,8.858402651,60.21162691
Rural,Midwest,5.0,221.0,1.0,53092.0,0.124,6.867720538,57.13992633
Town,Midwest,33.0,3385.0,8.0,57543.0,0.159,6.935359985,55.46735958
Rural,Midwest,8.0,613.0,2.0,94464.0,0.038,8.673726849,60.33986
Rural,South,7.0,202.0,1.0,50313.0,0.32,8.655464658,60.00708
Rural,Midwest,19.0,752.0,4.0,53492.0,0.059000000000000004,7.564712325,55.59070973
Suburban,Midwest,17.0,2608.0,4.0,65278.0,0.057999999999999996,8.890439524,64.89544709
Suburban,South,22.0,2999.0,7.0,33407.0,0.24600000000000002,8.990668976,62.0462846
Rural,South,138.0,8334.0,17.0,41092.0,0.233,6.760628908,60.41554181
Rural,West,4.0,121.0,1.0,71466.0,0.015,7.022890047,52.50634347
Rural,Northeast,1.0,626.0,1.0,111845.0,0.037000000000000005,7.374191865,59.08818309
Suburban,Northeast,116.0,8340.0,12.0,86090.0,0.055,6.803851096,63.8139428
Rural,Midwest,7.0,191.0,2.0,67011.0,0.065,5.544103661,57.93582263
Rural,Midwest,8.0,570.0,3.0,93750.0,0.106,5.064585231,58.79272644
Rural,Midwest,4.0,139.0,1.0,70179.0,0.081,8.459058356,59.60735
Rural,Midwest,83.0,7999.0,12.0,89411.0,0.05,7.403285945,59.63126498
Rural,Midwest,10.0,318.0,1.0,54041.0,0.111,7.645851446,57.47660239
Urban,Midwest,31.0,2558.0,8.0,58564.0,0.10400000000000001,7.817309452,58.19158993
Suburban,Northeast,18.0,4572.0,7.0,138270.0,0.063,7.498154758,72.89214397
Town,Northeast,31.0,1512.0,4.0,58639.0,0.11,6.67796304,55.04724826
Rural,Northeast,3.0,81.0,1.0,52917.0,0.049,4.475761452,57.91616
Suburban,Midwest,28.0,4442.0,8.0,141554.0,0.032,9.304073255,67.25051138
Town,West,1.0,1472.0,6.0,41322.0,0.29600000000000004,3.932454533,59.44394297
Rural,Midwest,9.0,621.0,2.0,71950.0,0.047,9.090095417,60.13066258
Rural,South,46.0,3553.0,4.0,78436.0,0.174,9.474506265,67.41279708
Town,South,54.0,2842.0,8.0,33860.0,0.293,8.170060246,58.84272294
Rural,South,8.0,203.0,2.0,67143.0,0.08,8.109012785,61.96218709
Rural,West,4.0,138.0,3.0,70625.0,0.036000000000000004,4.540407041,54.02397
Urban,South,311.0,37898.0,56.0,40790.0,0.27899999999999997,9.89154079,55.17582125
Rural,South,19.0,955.0,3.0,51580.0,0.113,9.039703478,55.96893152
Rural,Midwest,10.0,698.0,5.0,58764.0,0.17,7.612877846,56.72677669
Rural,Midwest,28.0,2102.0,3.0,100826.0,0.07200000000000001,9.816420358,64.32609591
Rural,Midwest,7.0,414.0,2.0,73505.0,0.091,7.973913835,58.40283429
Rural,South,34.0,1789.0,6.0,45150.0,0.172,7.25461353,59.92042216
Rural,Midwest,12.0,691.0,3.0,69135.0,0.102,6.901755645,58.69064908
Rural,South,41.0,1613.0,7.0,35469.0,0.20800000000000002,7.787678689,55.81957836
Town,South,33.0,3515.0,5.0,44330.0,0.225,8.735479668,59.66349809
Town,Midwest,21.0,2550.0,6.0,61058.0,0.086,8.013513729,57.17597315
Suburban,Midwest,6.0,1270.0,4.0,74557.0,0.07400000000000001,10.12956701,63.46679064
Town,Midwest,37.0,5042.0,9.0,50146.0,0.153,7.183704899,55.20482667
Town,West,9.0,832.0,6.0,51911.0,0.21,5.25144376,56.15691224
Suburban,South,916.0,91101.0,98.0,114513.0,0.057999999999999996,7.989234786,59.7966473
Town,Midwest,29.0,2756.0,5.0,54373.0,0.12300000000000001,8.146096504,58.17112951
Rural,West,9.0,519.0,4.0,57708.0,0.051,4.234848027,54.29866
Rural,Midwest,13.0,806.0,2.0,61820.0,0.11800000000000001,5.60428479,56.61935833
Urban,West,90.0,14618.0,24.0,75323.0,0.142,10.79708862,68.20387289
Rural,South,28.0,1346.0,3.0,57697.0,0.10300000000000001,6.904051527,57.58020068
Town,Midwest,1.0,2796.0,6.0,79217.0,0.067,8.563697437,61.46032271
Rural,Midwest,11.0,452.0,1.0,48029.0,0.228,8.189131196,57.60437164
Rural,Midwest,16.0,727.0,3.0,49655.0,0.233,8.350876774,60.83563119
Town,Midwest,22.0,1307.0,4.0,57882.0,0.122,7.50492045,57.38269961
Urban,South,45.0,7767.0,15.0,52756.0,0.134,8.653348696,67.02186048
Urban,West,60.0,16174.0,26.0,97515.0,0.076,6.66469172,55.47462218
Town,Northeast,46.0,1796.0,4.0,66540.0,0.09,6.665500873,56.98948371
Rural,West,4.0,275.0,2.0,66528.0,0.087,7.255163334,66.48358247
Rural,Midwest,7.0,240.0,3.0,53750.0,0.139,5.969428063,54.81249675
Rural,Northeast,14.0,680.0,2.0,73614.0,0.086,6.55222105,53.92324081
Rural,South,15.0,1255.0,3.0,56333.0,0.19399999999999998,8.399099462,57.88026153
Town,Midwest,12.0,2641.0,7.0,92481.0,0.067,6.127750891,57.2536338
Urban,Midwest,203.0,22015.0,43.0,45975.0,0.21100000000000002,8.064167371,59.35584922
Rural,West,2.0,106.0,1.0,67188.0,0.161,8.018737534,57.92557
Suburban,Midwest,12.0,1337.0,3.0,70854.0,0.077,8.939967272,66.9855443
Town,Midwest,19.0,1641.0,5.0,77908.0,0.091,7.918230097,62.32312744
Suburban,Northeast,7.0,2568.0,5.0,118462.0,0.042,8.878149905,63.74304591
Rural,Northeast,20.0,884.0,2.0,66176.0,0.125,6.59342788,56.04794079
Suburban,Midwest,19.0,1448.0,1.0,77326.0,0.07,10.06530703,65.31915225
Suburban,Northeast,81.0,3621.0,6.0,78365.0,0.07,6.82945079,58.31230106
Rural,Midwest,9.0,529.0,3.0,75040.0,0.099,8.694146257,55.99055165
Rural,Midwest,36.0,1708.0,4.0,94732.0,0.027999999999999997,7.63336037,60.14363772
Rural,Midwest,12.0,387.0,2.0,50114.0,0.063,7.613824074,62.93798929
Rural,Northeast,22.0,1763.0,7.0,72708.0,0.12,6.321040167,56.26397022
Rural,Midwest,39.0,817.0,3.0,49257.0,0.161,8.777005726,58.94582612
Town,West,8.0,475.0,2.0,39076.0,0.106,4.306437244,61.83639156
Town,South,53.0,3514.0,4.0,71000.0,0.065,9.745156325,63.35262579
Rural,West,3.0,137.0,1.0,97750.0,0.198,4.644049835,56.36546112
Rural,Midwest,11.0,610.0,3.0,53245.0,0.127,7.295225545,56.95744402
Rural,Midwest,29.0,1854.0,7.0,52806.0,0.124,8.417951242,57.28155535
Rural,South,159.0,9202.0,15.0,62660.0,0.136,9.64178926,59.93974044
Rural,Midwest,45.0,2110.0,4.0,67412.0,0.098,8.597641614,60.29869809
Rural,South,7.0,227.0,1.0,47321.0,0.114,7.640793195,59.98920572
Rural,Midwest,6.0,391.0,2.0,55682.0,0.07400000000000001,8.262578926,60.67343959
Rural,Midwest,4.0,405.0,2.0,75361.0,0.09699999999999999,8.376778663,56.16477036
Rural,Midwest,11.0,441.0,2.0,33705.0,0.166,6.981067126,54.59459441
Rural,Northeast,10.0,331.0,1.0,52950.0,0.131,6.347221846,54.37260384
Rural,Midwest,11.0,414.0,2.0,55750.0,0.062,8.712835941,59.7406297
Rural,West,2.0,101.0,1.0,97917.0,0.17,6.361241257,49.43385249
Rural,Midwest,32.0,1216.0,4.0,69542.0,0.098,8.470036814,59.69397866
Rural,Midwest,5.0,639.0,3.0,67414.0,0.087,7.762351255,56.76616477
Rural,South,30.0,1432.0,3.0,52078.0,0.142,9.037406064,55.49911637
Rural,South,19.0,843.0,4.0,64865.0,0.184,9.322078993,59.50319236
Town,South,40.0,2708.0,5.0,56786.0,0.10300000000000001,8.427400539,62.59052562
Town,Midwest,19.0,1573.0,4.0,51737.0,0.214,7.684602109,63.82175428
Rural,Midwest,8.0,237.0,2.0,69889.0,0.057999999999999996,5.68776803,59.19251027
Rural,Midwest,12.0,523.0,2.0,60380.0,0.07400000000000001,7.077237288,60.40830355
Suburban,West,61.0,15192.0,25.0,82833.0,0.128,7.591725908,63.63105114
Rural,South,64.0,2171.0,7.0,44496.0,0.247,9.018934828,56.31745003
Rural,West,3.0,85.0,1.0,63333.0,0.177,7.370198647,69.37800333
Suburban,Midwest,30.0,2754.0,4.0,69869.0,0.079,9.282418198,61.01727865
Town,South,61.0,4405.0,7.0,47721.0,0.175,9.162010274,61.18914982
Rural,Midwest,7.0,217.0,2.0,50486.0,0.107,7.693767532,59.69181562
Urban,South,212.0,21392.0,35.0,43862.0,0.252,9.744236516,65.1261073
Rural,Midwest,5.0,203.0,2.0,50197.0,0.135,7.351381811,56.36768531
Town,South,49.0,2263.0,6.0,43314.0,0.25,9.464385277,58.19729151
Rural,Midwest,12.0,919.0,3.0,70046.0,0.04,7.213447314,60.72114381
Suburban,Northeast,211.0,10242.0,17.0,67780.0,0.10800000000000001,6.819080859,59.76201396
Suburban,Midwest,81.0,5337.0,5.0,82123.0,0.065,9.943275647,66.54303044
Suburban,West,27.0,2748.0,7.0,94196.0,0.07200000000000001,5.856884486,54.78751043
Rural,West,7.0,271.0,3.0,60333.0,0.09300000000000001,4.438243409,54.48122769
Rural,Midwest,6.0,259.0,2.0,51679.0,0.091,6.923751864,57.68947758
Suburban,Northeast,32.0,2247.0,5.0,96213.0,0.028999999999999998,7.908440083,66.76441596
Town,West,23.0,2571.0,9.0,61893.0,0.177,11.10818081,74.63547911
Rural,Midwest,13.0,317.0,2.0,69444.0,0.069,4.516756838,56.24028369
Town,South,55.0,1887.0,4.0,49019.0,0.23600000000000002,7.329227505,56.50075995
Rural,Midwest,50.0,4846.0,11.0,71332.0,0.105,7.559211853,59.04568037
Town,Midwest,62.0,4152.0,5.0,82313.0,0.073,8.353926613,60.58562939
Rural,South,12.0,837.0,3.0,63832.0,0.073,9.057092433,57.99212336
Rural,Northeast,15.0,723.0,3.0,58417.0,0.066,6.604022354,53.5712325
Town,Midwest,23.0,1624.0,5.0,60030.0,0.138,8.33723346,60.75415343
Suburban,Northeast,48.0,2058.0,4.0,79559.0,0.061,6.637549596,58.75131633
Suburban,West,131.0,38164.0,66.0,77682.0,0.134,10.3702961,64.15701047
Town,West,19.0,752.0,4.0,54157.0,0.201,5.865466199,55.81445872
Rural,West,22.0,1582.0,6.0,46886.0,0.228,4.271972218,63.36723655
Rural,Midwest,10.0,354.0,3.0,64219.0,0.062,6.439255969,60.9250929
Rural,West,7.0,337.0,2.0,73456.0,0.09,5.673219154,50.8334136
Rural,West,20.0,1335.0,6.0,62784.0,0.136,6.013114108,50.08529688
Urban,South,218.0,30631.0,37.0,70313.0,0.10300000000000001,9.707127171,63.17798746
Town,South,15.0,1615.0,3.0,27059.0,0.29100000000000004,7.813582041,56.058675
Urban,West,1.0,2917.0,9.0,57357.0,0.14,6.344524618,59.7606736
Rural,West,2.0,111.0,1.0,64000.0,0.187,0.0,0.0
Rural,South,105.0,9143.0,16.0,57674.0,0.151,8.126576237,59.347654
Rural,West,1.0,276.0,1.0,37684.0,0.3,5.061386915,60.07011924
Rural,Midwest,5.0,140.0,2.0,48542.0,0.063,5.974075949,55.62228674
Rural,South,8.0,229.0,1.0,44787.0,0.282,8.469013872,59.55837468
Suburban,Northeast,9.0,2098.0,3.0,142266.0,0.037000000000000005,7.522910797,65.67302404
Rural,South,2.0,158.0,1.0,42400.0,0.23399999999999999,6.48134,61.31655
Rural,West,103.0,9090.0,14.0,72450.0,0.08199999999999999,5.474758653,66.67340214
Town,West,11.0,3408.0,7.0,39737.0,0.26899999999999996,9.768120832,71.91963515
Town,Midwest,22.0,1536.0,4.0,47227.0,0.124,8.406746505,60.7016245
Rural,West,4.0,981.0,2.0,47083.0,0.11800000000000001,6.147953993,55.20142728
Town,West,17.0,2976.0,5.0,45667.0,0.207,6.649656912,52.85479116
Rural,Midwest,12.0,200.0,2.0,30000.0,0.469,5.031298042,54.78464328
Rural,West,10.0,133.0,2.0,43594.0,0.153,7.691637606,53.86096389
Rural,West,33.0,3602.0,10.0,46833.0,0.185,4.794345317,63.77301953
Town,Midwest,11.0,1644.0,3.0,49203.0,0.159,8.57353154,57.76483084
Town,South,41.0,2937.0,7.0,62394.0,0.109,8.103153762,57.09207449
Suburban,South,198.0,21237.0,24.0,109155.0,0.034,9.763579186,71.23403411
Town,Midwest,21.0,1068.0,5.0,57406.0,0.11599999999999999,8.865725298,61.45430921
Town,South,20.0,4803.0,4.0,107184.0,0.06,8.364015,60.62845039
Town,South,28.0,3051.0,5.0,44871.0,0.228,7.055797015,60.09529253
Town,West,20.0,2153.0,6.0,74229.0,0.115,4.683216609,53.03722221
Rural,Midwest,13.0,611.0,3.0,64815.0,0.067,7.209386737,57.23097443
Rural,South,27.0,1052.0,5.0,52695.0,0.14,8.512789231,59.19060908
Town,Midwest,9.0,473.0,1.0,58886.0,0.11900000000000001,8.865725298,61.45430921
Suburban,Northeast,132.0,5620.0,9.0,72411.0,0.114,6.78636297,57.07862473
Rural,Midwest,10.0,938.0,3.0,57780.0,0.11800000000000001,7.078821055,56.43155193
Urban,South,213.0,19796.0,33.0,59380.0,0.14400000000000002,7.027698723,59.70039592
Town,Midwest,17.0,1934.0,5.0,46877.0,0.13699999999999998,8.774343926,60.37723864
Rural,West,5.0,115.0,2.0,32188.0,0.195,7.87240513,52.49040365
Rural,South,12.0,889.0,4.0,42156.0,0.214,6.611456438,56.26564
Rural,Midwest,23.0,973.0,2.0,47067.0,0.17300000000000001,8.11621736,57.6839635
Rural,South,15.0,587.0,2.0,66831.0,0.085,8.974556712,62.65489
Rural,West,4.0,120.0,2.0,55882.0,0.084,3.93021172,60.79639912
Rural,West,4.0,102.0,1.0,60094.0,0.079,3.915689426,60.81465166
Suburban,Midwest,1.0,12619.0,20.0,62407.0,0.14300000000000002,9.900245779,64.97463376
Town,Northeast,22.0,1665.0,5.0,58163.0,0.156,6.154554905,52.93297157
Rural,Midwest,13.0,394.0,2.0,58012.0,0.099,4.87576217,55.14734842
Rural,Midwest,8.0,368.0,3.0,50086.0,0.215,7.307891627,56.37044715
Town,West,38.0,1754.0,5.0,51409.0,0.11,3.927340394,63.41662458
Rural,West,1.0,322.0,1.0,76563.0,0.08,7.921963281,60.38401545
Rural,Midwest,6.0,311.0,2.0,46181.0,0.127,7.343930122,56.89111994
Town,Midwest,16.0,1552.0,3.0,63868.0,0.096,4.930450938,52.67576733
Town,Midwest,8.0,598.0,3.0,54432.0,0.135,8.421567105,59.63139506
Rural,Midwest,17.0,576.0,2.0,59881.0,0.17300000000000001,7.732950172,56.30027929
Suburban,South,88.0,7218.0,12.0,43296.0,0.264,9.757029439,60.53832843
Suburban,Northeast,48.0,4114.0,8.0,84864.0,0.08900000000000001,8.350197061,66.45897441
Town,Midwest,12.0,2019.0,5.0,64307.0,0.068,7.183340656,60.26544571
Rural,West,4.0,206.0,2.0,57500.0,0.154,4.290339599,55.12457797
Urban,Midwest,290.0,33998.0,95.0,33822.0,0.313,9.46723114,64.87895861
Urban,South,70.0,10560.0,16.0,54983.0,0.201,8.573266338,58.03103287
Rural,South,17.0,729.0,4.0,33563.0,0.222,8.926640436,58.89428788
Rural,Midwest,5.0,220.0,3.0,57169.0,0.066,6.264838539,57.12451527
Town,West,54.0,9701.0,22.0,47299.0,0.214,5.67364159,65.88163069
Suburban,Midwest,14.0,2584.0,6.0,49879.0,0.127,10.25577239,63.66601515
Rural,Midwest,27.0,1263.0,3.0,59391.0,0.085,7.093131247,55.700913
Rural,Midwest,30.0,1358.0,4.0,67816.0,0.094,7.885831319,62.24148624
Rural,Midwest,24.0,1969.0,4.0,99265.0,0.052000000000000005,7.352944833,59.86830567
Town,West,8.0,623.0,2.0,56486.0,0.354,3.925564822,60.45769
Town,South,10.0,561.0,4.0,42031.0,0.19899999999999998,7.178479494,60.28901595
Urban,West,24.0,5952.0,16.0,86894.0,0.083,7.124136583,64.75612965
Suburban,Northeast,49.0,1354.0,2.0,132216.0,0.031,8.00965832,61.82924863
Rural,Midwest,9.0,469.0,3.0,54938.0,0.153,7.72158738,56.51179218
Suburban,South,41.0,3888.0,8.0,44291.0,0.204,9.493991795,59.47554999
Urban,South,71.0,9745.0,16.0,80445.0,0.064,9.338415543,61.5245454
Rural,South,81.0,3981.0,14.0,42588.0,0.18899999999999997,6.527339649,57.62633203
Rural,Midwest,6.0,228.0,2.0,63646.0,0.032,7.049062976,56.90116075
Suburban,Northeast,9.0,12096.0,23.0,84684.0,0.071,7.846206032,66.70807181
Rural,Midwest,19.0,897.0,3.0,80556.0,0.073,8.456806217,61.47430499
Town,Midwest,23.0,1207.0,4.0,48611.0,0.17300000000000001,8.108453246,60.79952039
Rural,Midwest,18.0,739.0,3.0,56314.0,0.092,6.702048497,60.29652626
Rural,West,8.0,196.0,1.0,60536.0,0.18100000000000002,4.627129367,45.89993833
Rural,South,14.0,623.0,2.0,55466.0,0.14300000000000002,8.045302083,62.67563991
Town,South,19.0,2366.0,4.0,42873.0,0.228,8.96350215,59.00907032
Rural,Midwest,21.0,908.0,2.0,62593.0,0.10400000000000001,8.348663224,58.68376737
Suburban,Midwest,58.0,5106.0,8.0,96166.0,0.049,8.951898959,59.65663429
Rural,West,6.0,336.0,2.0,56339.0,0.192,3.929800355,46.75151704
Rural,Midwest,23.0,1132.0,2.0,78594.0,0.062,8.59466866,60.12659448
Suburban,Midwest,8.0,864.0,4.0,55920.0,0.11199999999999999,9.123421809,57.30979915
Town,West,3.0,1376.0,5.0,47882.0,0.168,4.353602863,61.89327226
Suburban,Midwest,8.0,542.0,2.0,63590.0,0.083,7.542355632,61.17100447
Town,Midwest,8.0,577.0,2.0,48384.0,0.175,8.482500785,60.48454128
Town,Midwest,2.0,1446.0,4.0,67457.0,0.049,6.148501415,58.94969086
Urban,South,106.0,10251.0,16.0,50670.0,0.17600000000000002,9.630189509,57.09779889
Rural,Midwest,5.0,354.0,2.0,58141.0,0.1,8.318774166,59.5429554
Urban,South,20.0,2071.0,4.0,69468.0,0.203,9.183518152,61.53211951
Rural,West,6.0,85.0,2.0,52917.0,0.154,4.648824181,53.33584904
Rural,Midwest,1.0,45.0,1.0,54375.0,0.157,6.97150182,58.85919402
Urban,Midwest,79.0,7934.0,18.0,33532.0,0.317,9.494487893,60.82434967
Rural,South,20.0,752.0,3.0,39244.0,0.133,8.921126185,58.71315599
Town,West,30.0,1109.0,5.0,41791.0,0.128,5.738668521,51.3000369
Town,West,17.0,1787.0,11.0,70714.0,0.13699999999999998,7.722956147,61.77511248
Rural,South,48.0,1796.0,5.0,46048.0,0.14400000000000002,9.332496135,55.40829572
Rural,South,35.0,3140.0,4.0,116957.0,0.11900000000000001,7.482654852,66.99740565
Rural,West,8.0,254.0,2.0,85625.0,0.132,3.747795325,60.83614305
Rural,South,46.0,3429.0,7.0,52681.0,0.14,9.24450008,63.08823067
Suburban,West,2.0,297.0,1.0,98785.0,0.013999999999999999,5.025000856,54.95474511
Suburban,West,110.0,18048.0,43.0,76286.0,0.11800000000000001,6.919929443,47.88426471
Suburban,Northeast,7.0,211.0,2.0,96968.0,0.06,6.523145284,61.96659751
Rural,Northeast,2.0,145.0,1.0,74288.0,0.053,5.013859644,53.72283
Suburban,West,89.0,9112.0,10.0,123525.0,0.05,5.830003405,52.32581551
Rural,South,15.0,648.0,3.0,38462.0,0.174,7.805150916,55.51341686
Suburban,Northeast,120.0,5418.0,8.0,119453.0,0.047,7.764571186,63.61962579
Rural,Midwest,12.0,689.0,2.0,37886.0,0.255,6.291954831,55.92174827
Rural,Midwest,10.0,578.0,3.0,71786.0,0.085,6.7187769,59.80927993
Rural,West,5.0,127.0,2.0,52917.0,0.16899999999999998,4.421490009,55.7339295
Town,Midwest,21.0,1077.0,3.0,47295.0,0.192,8.418621851,59.91970038
Town,Midwest,6.0,306.0,1.0,54013.0,0.106,4.782139386,52.65221308
Rural,Midwest,2.0,333.0,2.0,50042.0,0.12300000000000001,6.234651305,55.42990875
Rural,West,7.0,525.0,4.0,55496.0,0.12300000000000001,4.346615295,53.85696291
Rural,West,8.0,218.0,1.0,50000.0,0.254,4.799061918,52.56753
Suburban,West,30.0,7593.0,14.0,93567.0,0.068,7.753546511,68.29887699
Town,South,24.0,3443.0,7.0,44500.0,0.159,7.592109451,59.45276118
Suburban,Northeast,17.0,1958.0,4.0,106800.0,0.018000000000000002,7.707590418,69.45444734
Town,Midwest,27.0,2462.0,6.0,46201.0,0.158,7.63151874,55.61754295
Rural,Midwest,8.0,420.0,3.0,48229.0,0.231,8.444498176,59.62799092
Rural,Midwest,12.0,307.0,3.0,67031.0,0.092,6.917052966,58.506979
Rural,Midwest,30.0,1594.0,5.0,51375.0,0.145,8.721407621,60.04798039
Town,Northeast,19.0,1070.0,3.0,48963.0,0.204,6.330912312,52.83252519
Suburban,Northeast,24.0,3141.0,5.0,89387.0,0.105,9.029026339,65.25293593
Town,West,13.0,1682.0,7.0,53490.0,0.142,5.562390587,44.28560769
Town,West,35.0,2414.0,6.0,63585.0,0.09699999999999999,8.59474688,54.57162905
Town,Midwest,79.0,3079.0,9.0,60759.0,0.096,9.232574859,61.3022696
Rural,West,4.0,154.0,3.0,43194.0,0.115,4.64948594,54.03339501
Town,Midwest,32.0,4365.0,5.0,80830.0,0.079,9.568393508,63.40680981
Suburban,Northeast,49.0,3394.0,6.0,108866.0,0.055,7.737141255,68.40289604
Rural,South,35.0,935.0,2.0,27057.0,0.35700000000000004,9.09130266,59.29188329
Suburban,Midwest,81.0,9773.0,16.0,53930.0,0.16899999999999998,9.908389619,61.20038171
Town,West,9.0,955.0,7.0,37069.0,0.301,5.102446994,68.54336718
Suburban,Northeast,1.0,1694.0,5.0,128293.0,0.064,6.388911359,60.13416474
Suburban,Northeast,29.0,867.0,1.0,83409.0,0.084,8.452701053,66.65158163
Rural,Midwest,62.0,6052.0,8.0,70177.0,0.11199999999999999,7.753560863,56.98097528
Town,South,33.0,2899.0,5.0,46750.0,0.162,9.23147656,58.70196046
Rural,West,11.0,328.0,2.0,51294.0,0.078,3.259603078,55.74011965
Suburban,Northeast,1.0,2620.0,6.0,182292.0,0.015,8.491095587,63.35327436
Rural,Midwest,9.0,472.0,2.0,75268.0,0.043,8.868236135,60.22337261
Urban,Midwest,50.0,6286.0,10.0,56614.0,0.14400000000000002,8.476564386,59.62682753
Suburban,Midwest,43.0,5603.0,10.0,74191.0,0.11900000000000001,9.70932914,61.71422153
Rural,West,6.0,210.0,3.0,63316.0,0.054000000000000006,3.501070456,56.09909107
Suburban,Midwest,6.0,1165.0,2.0,54634.0,0.122,9.468819119,63.78012563
Rural,South,4.0,213.0,2.0,54554.0,0.183,8.617340308,59.44605868
Suburban,Northeast,4.0,4927.0,6.0,101811.0,0.081,8.09772171,65.72905274
Rural,West,23.0,1201.0,4.0,40773.0,0.14400000000000002,8.324250034,53.1754659
Suburban,Midwest,50.0,4621.0,11.0,60770.0,0.157,8.563021878,58.00519285
Rural,Midwest,5.0,229.0,2.0,51296.0,0.24,7.062676475,56.54488472
Town,Midwest,1.0,3343.0,7.0,55014.0,0.133,5.916574958,61.9348092
Town,Midwest,15.0,855.0,4.0,51406.0,0.099,6.815887945,56.52913999
Rural,Midwest,13.0,863.0,3.0,53214.0,0.13699999999999998,5.755263726,54.32679502
Rural,West,21.0,1755.0,10.0,58742.0,0.11900000000000001,5.961575004,60.48084026
Town,Midwest,15.0,702.0,3.0,50813.0,0.228,8.30235125,62.03426552
Rural,South,66.0,3077.0,9.0,32631.0,0.222,8.907907432,56.48191526
Rural,Northeast,13.0,474.0,2.0,95364.0,0.055999999999999994,5.701906575,65.35753
Rural,West,7.0,511.0,3.0,31863.0,0.11599999999999999,3.448624989,62.48800151
Suburban,Northeast,27.0,2153.0,4.0,116172.0,0.04,7.021076167,53.18161211
Rural,South,8.0,665.0,3.0,53145.0,0.092,8.536803081,62.08934919
Suburban,Midwest,94.0,7906.0,9.0,140596.0,0.040999999999999995,9.718877311,63.11274568
Rural,Midwest,13.0,539.0,2.0,56571.0,0.156,8.774186804,61.50796014
Rural,West,1.0,35.0,1.0,72917.0,0.015,5.664263518,44.2770155
Rural,Midwest,4.0,211.0,2.0,66641.0,0.10400000000000001,8.550443007,59.45095399
Rural,Midwest,11.0,390.0,2.0,82273.0,0.067,5.381388353,55.50524233
Rural,South,8.0,387.0,2.0,62990.0,0.091,8.646068355,61.10430272
Suburban,Midwest,13.0,1105.0,3.0,103829.0,0.03,10.32479054,66.13517188
Town,Midwest,17.0,1275.0,3.0,48463.0,0.207,8.638741713,58.69823031
Suburban,Northeast,12.0,1652.0,4.0,163611.0,0.015,7.699677667,60.98902158
Town,West,13.0,3267.0,8.0,46879.0,0.26899999999999996,11.13895717,70.2735613
Rural,South,36.0,1230.0,5.0,37859.0,0.184,9.036411107,56.54663886
Rural,West,5.0,429.0,1.0,48750.0,0.28600000000000003,10.30896697,77.06285048
Town,South,14.0,1802.0,5.0,42283.0,0.221,7.763610923,61.16463187
Rural,South,20.0,852.0,3.0,54583.0,0.063,7.660646884,56.1141957
Urban,West,75.0,11614.0,25.0,64930.0,0.165,5.480439596,45.23533774
Rural,South,87.0,3645.0,8.0,53616.0,0.126,7.307517409,57.59684964
Rural,South,251.0,13960.0,19.0,84317.0,0.067,7.310131708,54.66174429
Rural,West,4.0,91.0,1.0,19500.0,0.38299999999999995,3.958995062,61.28230464
Rural,South,9.0,447.0,2.0,42297.0,0.172,8.772633679,57.62615683
Rural,Midwest,40.0,1372.0,4.0,73594.0,0.11699999999999999,8.843783504,60.0123975
Suburban,South,60.0,6499.0,8.0,91973.0,0.069,9.240510645,61.38613099
Urban,South,7.0,7180.0,13.0,45364.0,0.22399999999999998,9.520019107,59.82222588
Suburban,Northeast,81.0,6148.0,9.0,68340.0,0.079,7.552794816,60.00984414
Rural,South,9.0,383.0,2.0,50385.0,0.213,8.700487915,58.7045997
Suburban,Northeast,41.0,2880.0,5.0,132428.0,0.043,7.2922039,68.80851412
Rural,Midwest,18.0,765.0,3.0,67231.0,0.096,8.594639527,56.97502502
Town,West,30.0,1313.0,2.0,70187.0,0.065,7.527256155,52.95058523
Suburban,South,63.0,10367.0,17.0,82956.0,0.091,8.466483497,66.14659932
Suburban,Midwest,28.0,1886.0,4.0,65125.0,0.05,9.06453069,60.54223814
Town,West,112.0,9053.0,20.0,63952.0,0.096,4.583427356,59.68797025
Rural,West,25.0,1033.0,6.0,51871.0,0.14800000000000002,5.157561855,45.96145805
Rural,Northeast,1.0,4.0,0.0,49583.0,0.159,3.989882438,51.97921
Rural,Midwest,23.0,1496.0,4.0,70988.0,0.08800000000000001,8.055285054,57.87895221
Rural,Midwest,16.0,1036.0,3.0,72697.0,0.028999999999999998,5.961092717,58.61330485
Rural,South,13.0,523.0,2.0,41477.0,0.155,9.004795314,59.41498214
Urban,Midwest,107.0,6196.0,11.0,46582.0,0.19,8.717391842,63.39178337
Urban,West,42.0,7555.0,16.0,75578.0,0.204,5.263338324,51.65975206
Town,West,42.0,4338.0,15.0,90126.0,0.07200000000000001,0.0,0.0
Rural,West,5.0,44.0,1.0,38393.0,0.05,4.594078644,61.33053811
Rural,West,13.0,849.0,3.0,69583.0,0.051,4.978132181,58.31470338
Town,West,10.0,1376.0,4.0,62738.0,0.184,3.883741744,63.56337134
Suburban,Northeast,14.0,707.0,2.0,96710.0,0.078,7.250613003,66.46269699
Rural,Midwest,2.0,728.0,5.0,52813.0,0.239,5.415547771,58.39246127
Town,South,35.0,2811.0,6.0,52692.0,0.17600000000000002,7.378514316,56.38445244
Suburban,Midwest,9.0,1383.0,3.0,81866.0,0.055999999999999994,10.36401054,66.21950642
Rural,West,16.0,99.0,2.0,66071.0,0.053,7.621280231,53.72768425
Urban,South,192.0,27562.0,42.0,128145.0,0.065,8.296368048,64.11629312
Rural,South,45.0,2479.0,7.0,51210.0,0.11800000000000001,8.767208137,57.83766738
Urban,West,45.0,5490.0,16.0,73228.0,0.08199999999999999,7.907151738,52.6544049
Rural,South,48.0,5406.0,10.0,60036.0,0.151,7.121732803,58.62625137
Rural,South,31.0,1279.0,2.0,47250.0,0.135,9.242215278,59.64898875
Town,South,10.0,539.0,3.0,49548.0,0.114,7.043525752,61.01061618
Suburban,Northeast,2.0,1214.0,3.0,135254.0,0.018000000000000002,7.356870185,68.28828504
Town,Midwest,54.0,3085.0,6.0,61033.0,0.14400000000000002,7.864032707,59.23036033
Rural,South,12.0,441.0,3.0,55573.0,0.047,5.810720005,58.83816638
Town,West,6.0,1499.0,3.0,103502.0,0.043,8.174869381,63.10103932
Suburban,Midwest,5.0,482.0,2.0,47932.0,0.087,8.762100615,62.12963001
Town,South,60.0,4470.0,6.0,60555.0,0.127,7.31545398,61.21355068
Rural,South,55.0,3987.0,11.0,43773.0,0.193,7.532537865,56.87422656
Urban,West,98.0,8708.0,14.0,56614.0,0.174,8.469482879,55.62571558
Suburban,Northeast,130.0,10453.0,6.0,129087.0,0.046,7.293030067,64.45443021
Rural,Northeast,12.0,233.0,1.0,64450.0,0.08199999999999999,6.134453297,53.24066267
Suburban,Midwest,20.0,1357.0,4.0,68229.0,0.129,9.260900708,63.93155906
Suburban,Midwest,76.0,7118.0,9.0,101902.0,0.04,9.602781088,65.83415729
Rural,South,242.0,17493.0,28.0,102859.0,0.08,7.010920103,62.0286748
Rural,West,8.0,676.0,2.0,26282.0,0.39799999999999996,8.280624549,77.74921906
Suburban,Northeast,100.0,3782.0,5.0,109746.0,0.073,7.568040405,63.2157899
Rural,Northeast,20.0,1119.0,3.0,53712.0,0.136,6.768986545,57.71684857
Urban,West,401.0,93893.0,175.0,84582.0,0.128,8.913875341,60.55377085
Suburban,Northeast,113.0,5513.0,8.0,80061.0,0.07400000000000001,6.724801421,55.1259955
Suburban,Midwest,211.0,21766.0,34.0,66619.0,0.11900000000000001,9.67948187,59.63827715
Rural,South,17.0,1045.0,3.0,51082.0,0.147,9.720971666,56.93772354
Suburban,West,178.0,36527.0,44.0,74503.0,0.098,6.440396731,67.29046793
Rural,South,47.0,1879.0,5.0,59957.0,0.157,9.192918717,60.22102307
Town,West,170.0,8636.0,23.0,87547.0,0.11,3.485767019,56.51551915
Rural,South,139.0,4698.0,14.0,51712.0,0.154,8.109854034,58.05240093
Rural,West,10.0,668.0,6.0,75120.0,0.053,4.622948165,64.29795953
Rural,South,5.0,128.0,1.0,43000.0,0.306,8.674202944,60.14748567
Rural,South,20.0,1421.0,4.0,38930.0,0.215,6.734907741,57.56972919
Suburban,Northeast,83.0,4130.0,6.0,105858.0,0.059000000000000004,7.521709925,59.84682048
Town,South,13.0,810.0,2.0,80300.0,0.066,7.193613425,56.50101
Rural,Midwest,14.0,752.0,3.0,76943.0,0.061,8.784724133,65.1265442
Rural,Midwest,12.0,864.0,3.0,68625.0,0.11,9.439493072,61.19743252
Suburban,Northeast,88.0,2876.0,4.0,100000.0,0.061,7.228159,57.98342094
Suburban,Midwest,3.0,3176.0,6.0,122845.0,0.04,7.376001029,57.93335983
Rural,Midwest,38.0,1574.0,4.0,57283.0,0.10099999999999999,8.668365338,60.95543581
Rural,Midwest,8.0,332.0,2.0,67885.0,0.067,6.164211445,61.42192319
Suburban,South,646.0,79660.0,85.0,95452.0,0.071,10.09887071,71.05359853
Rural,Midwest,25.0,2062.0,4.0,63511.0,0.07,8.869580277,58.96991046
Rural,Northeast,31.0,716.0,2.0,90506.0,0.06,6.400551197,53.04996183
Rural,South,5.0,152.0,1.0,61667.0,0.168,8.254141925,63.70019785
Rural,Midwest,10.0,372.0,1.0,40787.0,0.156,7.372202967,55.49113245
Suburban,West,8.0,5047.0,11.0,88701.0,0.086,10.00699659,83.35986637
Suburban,Midwest,65.0,4238.0,6.0,111597.0,0.048,9.754276931,67.75354613
Rural,South,10.0,621.0,3.0,38895.0,0.15,8.163435964,60.09377021
Town,South,36.0,2818.0,10.0,39131.0,0.282,8.927682242,57.74587702
Rural,Northeast,16.0,417.0,2.0,78333.0,0.061,6.647697919,56.79065837
Rural,Midwest,36.0,1109.0,4.0,69214.0,0.078,7.948620027,56.71868372
Suburban,South,27.0,5655.0,9.0,123617.0,0.073,10.23883527,68.69527015
Rural,Midwest,16.0,747.0,4.0,50875.0,0.14,7.948456169,56.38999077
Rural,Midwest,8.0,493.0,2.0,72333.0,0.205,8.770471706,59.40038584
Town,Midwest,34.0,1806.0,5.0,56694.0,0.107,8.781995691,60.0818888
Suburban,South,68.0,7089.0,13.0,83629.0,0.094,8.846038171,69.15796272
Town,Northeast,10.0,1627.0,3.0,69107.0,0.091,7.214075471,58.99167532
Suburban,Midwest,6.0,661.0,2.0,136563.0,0.049,9.134199047,66.87737241
Rural,Midwest,25.0,867.0,3.0,52708.0,0.128,7.804682907,59.41439703
Town,West,16.0,1260.0,3.0,59211.0,0.151,6.386648882,51.20741388
Suburban,Midwest,81.0,6236.0,10.0,78450.0,0.06,9.052702203,58.37234157
Town,West,40.0,2829.0,8.0,74685.0,0.115,6.46030485,51.23120956
Rural,West,6.0,397.0,2.0,57857.0,0.106,8.574728513,67.79027819
Town,West,62.0,7081.0,13.0,72991.0,0.079,8.484081083,54.55442857
Rural,South,47.0,2697.0,5.0,78774.0,0.135,8.615794088,60.10514269
Town,South,57.0,3904.0,6.0,45993.0,0.182,8.686027533,61.43905352
Rural,South,22.0,1194.0,4.0,65253.0,0.068,8.568012276,61.54755877
Rural,Midwest,21.0,954.0,3.0,56780.0,0.125,5.970460751,55.30182761
Rural,Midwest,1.0,383.0,2.0,71000.0,0.06,5.792668713,61.59979761
Urban,West,25.0,1724.0,5.0,96085.0,0.18100000000000002,5.780677165,52.82950462
Urban,South,72.0,6709.0,11.0,39629.0,0.24600000000000002,8.711593884,59.19655494
Rural,Midwest,15.0,752.0,3.0,64184.0,0.081,9.131662431,58.23366971
Rural,Midwest,46.0,1107.0,4.0,66917.0,0.039,7.992549285,58.01721627
Suburban,Northeast,10.0,959.0,3.0,72941.0,0.083,6.140949049,56.44928683
Suburban,Midwest,38.0,4583.0,5.0,113741.0,0.045,8.578804236,62.4773603
Rural,Midwest,10.0,172.0,2.0,57404.0,0.08900000000000001,4.334271814,54.99744408
Rural,South,5.0,119.0,1.0,43750.0,0.243,6.541786301,61.61464
Rural,Midwest,9.0,596.0,2.0,61250.0,0.159,8.518631911,60.75546111
Rural,South,58.0,1746.0,5.0,51612.0,0.09300000000000001,6.75629839,57.99440525
Rural,South,62.0,3875.0,10.0,34465.0,0.256,7.056646493,60.99611895
Suburban,West,3.0,240.0,1.0,105729.0,0.09699999999999999,6.769289098,64.46739273
Town,South,42.0,3530.0,7.0,61887.0,0.09699999999999999,8.416074519,60.06883336
Rural,Midwest,17.0,737.0,5.0,56275.0,0.11199999999999999,8.875560184,61.05597477
Rural,Midwest,7.0,150.0,2.0,58587.0,0.13699999999999998,6.899233923,55.89217925
Rural,West,8.0,311.0,1.0,50982.0,0.069,8.561986813,56.7284463
Rural,West,3.0,107.0,1.0,30304.0,0.033,4.355625687,60.95264395
Suburban,Midwest,59.0,2496.0,2.0,67259.0,0.115,8.351787206,66.02669955
Suburban,South,37.0,7837.0,14.0,78643.0,0.049,8.91510341,66.46732956
Rural,Midwest,15.0,998.0,4.0,55353.0,0.17800000000000002,7.735390329,63.02671395
Town,South,9.0,2587.0,11.0,29656.0,0.294,9.185987313,58.91691508
Rural,South,18.0,802.0,3.0,60404.0,0.128,8.578889403,61.98309998
Rural,Midwest,27.0,1261.0,3.0,54546.0,0.223,8.087677388,55.79005154
Rural,Midwest,5.0,533.0,2.0,69271.0,0.102,7.537410814,57.6534323
Rural,Midwest,20.0,1075.0,3.0,55020.0,0.081,8.728108074,63.72769062
Suburban,West,72.0,19532.0,19.0,96439.0,0.084,9.083331131,60.55447537
Rural,South,108.0,12506.0,14.0,79460.0,0.115,9.094501405,59.98331851
Rural,South,10.0,657.0,3.0,81653.0,0.055999999999999994,5.747257147,61.56313299
Town,Midwest,5.0,310.0,2.0,50543.0,0.131,7.893520852,57.09892214
Rural,South,14.0,731.0,2.0,43839.0,0.21899999999999997,8.150499356,59.23255562
Rural,Midwest,10.0,420.0,2.0,53241.0,0.081,6.733731929,58.89388459
Town,Northeast,57.0,3223.0,10.0,53509.0,0.162,5.232774118,51.20740844
Suburban,Midwest,85.0,5781.0,9.0,88076.0,0.05,7.541114539,57.63915258
Town,West,12.0,2762.0,4.0,66309.0,0.134,4.729856967,58.10103368
Suburban,West,30.0,3334.0,5.0,73673.0,0.106,8.634215189,53.13912
Suburban,Northeast,1.0,1786.0,3.0,76297.0,0.11900000000000001,9.051326552,65.45456764
Rural,South,19.0,1407.0,3.0,58274.0,0.125,7.405859387,58.35624985
Rural,Midwest,5.0,318.0,2.0,54643.0,0.17,8.478597875,60.71788174
Suburban,West,5.0,1691.0,7.0,86383.0,0.132,5.916312976,53.00862108
Suburban,West,14.0,1825.0,4.0,122108.0,0.055999999999999994,6.779060283,51.81407668
Suburban,Midwest,85.0,5969.0,10.0,71237.0,0.10400000000000001,7.797636736,64.51930945
Rural,South,85.0,3864.0,5.0,40808.0,0.228,8.839196708,56.61589036
Town,South,57.0,7925.0,15.0,41000.0,0.182,8.467630513,64.38948513
Rural,Midwest,15.0,306.0,2.0,82721.0,0.07400000000000001,8.811029425,59.84197355
Suburban,Midwest,41.0,3598.0,7.0,77153.0,0.09300000000000001,9.348146544,61.30843617
Rural,Northeast,5.0,318.0,2.0,59178.0,0.157,4.619042137,59.44435
Urban,South,146.0,22745.0,29.0,59103.0,0.136,8.817795753,58.12988394
Rural,South,11.0,305.0,2.0,43354.0,0.249,6.47052607,62.77354887
Rural,South,78.0,8291.0,8.0,35188.0,0.311,8.612429876,59.71906135
Rural,South,47.0,2092.0,7.0,35583.0,0.295,7.316113205,57.67041041
Rural,South,47.0,1405.0,5.0,49597.0,0.17800000000000002,7.626493435,56.47491573
Rural,South,4.0,74.0,1.0,43438.0,0.142,8.972840599,59.1417753
Rural,Midwest,11.0,663.0,3.0,51607.0,0.12,6.241022869,61.24506018
Rural,South,101.0,5975.0,14.0,51894.0,0.187,6.346535377,59.37675071
Rural,Northeast,23.0,1046.0,3.0,62171.0,0.121,5.717529128,52.3621491
Suburban,Midwest,7.0,1337.0,3.0,59402.0,0.129,10.0679927,65.15476807
Town,South,0.0,1110.0,3.0,35513.0,0.255,7.422340952,56.70581123
Rural,South,10.0,414.0,3.0,36111.0,0.425,9.203663836,59.97149
Town,West,59.0,4206.0,9.0,88142.0,0.071,8.563098705,50.947094
Rural,South,28.0,3866.0,6.0,53215.0,0.192,9.65737722,62.29101798
Rural,West,12.0,843.0,2.0,72064.0,0.139,5.459269329,66.22609542
Suburban,Northeast,3.0,2587.0,5.0,75091.0,0.098,8.70092802,63.62343025
Rural,Northeast,17.0,591.0,3.0,77432.0,0.086,4.613740718,51.5452793
Rural,Midwest,5.0,112.0,2.0,55893.0,0.198,7.317336625,56.10686355
Town,Midwest,17.0,1559.0,4.0,74298.0,0.057999999999999996,6.186121668,61.07283849
Rural,West,4.0,68.0,1.0,36979.0,0.233,6.578191041,52.9883
Rural,South,59.0,4231.0,8.0,43605.0,0.18,7.332710253,57.57298741
Rural,Midwest,17.0,1219.0,3.0,68353.0,0.040999999999999995,8.399268251,57.36635041
Town,Midwest,20.0,1282.0,3.0,47756.0,0.192,6.942282333,55.18039025
Urban,West,84.0,12259.0,25.0,55745.0,0.132,4.753145398,56.63233899
Rural,West,10.0,438.0,1.0,53575.0,0.18,5.622751342,66.04791192
Rural,West,1.0,44.0,1.0,54167.0,0.086,5.930626301,55.21839
Rural,Midwest,14.0,833.0,3.0,97696.0,0.022000000000000002,7.102000874,56.96892601
Rural,Midwest,8.0,404.0,2.0,77813.0,0.077,5.547161676,54.91931379
Suburban,Midwest,78.0,7801.0,13.0,73242.0,0.066,8.072480569,58.06277225
Urban,West,75.0,9117.0,19.0,50488.0,0.171,7.487852706,61.37576335
Rural,Midwest,16.0,656.0,3.0,63025.0,0.067,6.404029095,60.62244981
Rural,South,46.0,2450.0,6.0,62243.0,0.111,8.61069763,60.75092109
Urban,South,247.0,45902.0,81.0,61050.0,0.127,8.817136727,61.85450917
Suburban,West,75.0,24132.0,30.0,68258.0,0.152,10.40670812,97.10744332
Town,Midwest,35.0,3406.0,9.0,53313.0,0.183,7.93312292,58.22288384
Rural,South,42.0,2347.0,6.0,44810.0,0.20600000000000002,8.065028958,56.88694539
Rural,Midwest,6.0,155.0,2.0,42833.0,0.177,7.8796876,57.54843025
Rural,Midwest,2.0,63.0,1.0,88603.0,0.040999999999999995,9.12598253,62.5770731
Rural,Midwest,11.0,1437.0,10.0,44874.0,0.298,5.373820803,57.67057954
Rural,Midwest,37.0,1693.0,6.0,64534.0,0.11800000000000001,8.566163758,56.51904875
Town,South,10.0,813.0,2.0,35592.0,0.28300000000000003,6.963826767,58.25441
Suburban,South,247.0,19377.0,36.0,65976.0,0.109,9.276826785,60.7267098
Rural,Midwest,6.0,297.0,2.0,67692.0,0.068,7.694570633,57.61470856
Rural,Midwest,8.0,724.0,2.0,77147.0,0.081,7.420064714,58.06286501
Rural,Midwest,10.0,442.0,1.0,51204.0,0.08900000000000001,5.609125972,55.22440158
Town,West,13.0,947.0,3.0,64188.0,0.126,6.884005225,49.09273543
Rural,South,20.0,1097.0,4.0,38709.0,0.24,7.092850776,56.83479084
Rural,South,18.0,573.0,2.0,51011.0,0.207,5.765739318,61.69220518
Rural,West,11.0,854.0,3.0,62222.0,0.106,6.137882065,51.04123924
Rural,South,37.0,1286.0,7.0,48042.0,0.107,8.873074869,61.61683727
Town,West,75.0,5225.0,13.0,66586.0,0.081,4.902643106,56.16260874
Town,South,19.0,2694.0,5.0,48508.0,0.315,9.385193677,57.89361636
Town,Northeast,33.0,2457.0,5.0,55758.0,0.18100000000000002,6.688164671,50.95327102
Rural,Midwest,23.0,639.0,3.0,53633.0,0.152,8.372414022,57.82919839
Suburban,West,4.0,2258.0,7.0,112308.0,0.04,5.016757601,54.89044346
Rural,South,7.0,6191.0,4.0,49268.0,0.10300000000000001,7.072982664,62.07898094
Rural,West,4.0,229.0,1.0,33077.0,0.31,7.688785511,77.20806923
Town,West,16.0,2610.0,6.0,46759.0,0.24100000000000002,5.367039402,61.44776758
Rural,West,7.0,138.0,3.0,65109.0,0.083,4.120058866,57.94250702
Town,West,5.0,812.0,4.0,56266.0,0.147,5.68100329,60.78076247
Suburban,Northeast,49.0,1982.0,4.0,156061.0,0.03,7.437138704,61.00834648
Urban,South,46.0,5048.0,9.0,51074.0,0.172,9.543778824,58.95812274
Rural,Midwest,24.0,1697.0,5.0,74774.0,0.1,7.162545572,56.12394977
Town,Midwest,22.0,1186.0,4.0,60982.0,0.11,8.443758135,60.34558164
Suburban,Northeast,99.0,5425.0,8.0,96593.0,0.055,6.736904662,57.46940493
Rural,South,200.0,15981.0,24.0,66388.0,0.132,9.335132238,64.43809449
Town,South,57.0,2622.0,5.0,46652.0,0.182,7.718240229,55.72780986
Rural,Midwest,6.0,269.0,2.0,38500.0,0.153,7.002793132,55.92823377
Urban,West,81.0,13948.0,23.0,90653.0,0.07200000000000001,9.641803962,57.1166191
Suburban,South,1144.0,92368.0,131.0,66913.0,0.139,10.25199089,68.12663508
Rural,South,28.0,735.0,3.0,51983.0,0.22699999999999998,8.98008284,59.47824543
Suburban,Midwest,1.0,11638.0,20.0,105455.0,0.061,10.14380715,65.88781468
Rural,Midwest,7.0,343.0,1.0,41190.0,0.133,6.125107217,55.12322044
Rural,Midwest,3.0,730.0,3.0,59941.0,0.075,7.821982341,56.35739312
Suburban,Midwest,57.0,5907.0,14.0,52372.0,0.168,9.112439781,59.66447927
Urban,South,69.0,8615.0,16.0,46730.0,0.2,8.780520142,61.24844715
Rural,West,6.0,28.0,3.0,71042.0,0.139,4.414986256,55.00831397
Rural,South,5.0,139.0,1.0,45625.0,0.33899999999999997,6.832899795,64.32565173
Rural,Midwest,6.0,258.0,2.0,55625.0,0.094,6.311328055,58.07722162
Town,West,29.0,1087.0,3.0,63177.0,0.114,5.553576906,65.96311108
Rural,Midwest,12.0,597.0,4.0,74535.0,0.042,6.239721537,60.91302524
Town,Midwest,21.0,1081.0,3.0,92198.0,0.027000000000000003,8.832444481,60.83050329
Town,West,13.0,888.0,4.0,51125.0,0.14800000000000002,3.994147012,54.9855829
Suburban,West,26.0,3126.0,6.0,51618.0,0.25,6.557165526,74.624311
Rural,Northeast,9.0,415.0,1.0,75952.0,0.064,6.218580606,55.83602285
Rural,Midwest,5.0,251.0,2.0,48052.0,0.16399999999999998,8.106570601,57.34675026
Town,West,40.0,5466.0,9.0,68120.0,0.12300000000000001,9.378438115,57.50133805
Rural,West,8.0,413.0,2.0,41481.0,0.295,10.79546078,71.57678598
Suburban,South,50.0,9259.0,10.0,119461.0,0.027999999999999997,8.740398005,61.66482502
Rural,Midwest,25.0,1377.0,3.0,74839.0,0.1,9.120282059,59.66285966
Rural,South,16.0,1066.0,3.0,79417.0,0.073,8.850964472,60.3381313
Suburban,Midwest,2.0,1537.0,6.0,54753.0,0.171,9.942619507,63.74994127
Rural,West,15.0,706.0,3.0,55439.0,0.077,4.22098362,56.12940891
Rural,Midwest,7.0,488.0,2.0,70855.0,0.073,8.544167638,60.45626174
Rural,Midwest,10.0,832.0,2.0,65456.0,0.08,8.547935938,57.85977198
Rural,South,81.0,2916.0,10.0,33399.0,0.336,7.577120382,58.01539004
Town,Midwest,32.0,1777.0,4.0,58399.0,0.08900000000000001,8.741100511,62.05089677
Suburban,Midwest,13.0,652.0,2.0,70668.0,0.067,8.820514428,58.50165273
Rural,West,10.0,291.0,1.0,47883.0,0.196,6.340622466,51.07438
Town,West,21.0,1572.0,5.0,52029.0,0.087,4.344949195,55.77002924
Suburban,Midwest,31.0,4074.0,8.0,71222.0,0.114,7.734140913,56.49448363
Suburban,West,29.0,3594.0,10.0,145475.0,0.026000000000000002,6.398259558,45.16719768
Town,South,28.0,1308.0,3.0,59417.0,0.131,9.44504049,59.24737145
Rural,South,75.0,5624.0,10.0,39866.0,0.261,7.632097628,61.6118066
Rural,Northeast,32.0,1249.0,4.0,54747.0,0.152,6.196022677,52.00406193
Rural,South,6.0,577.0,3.0,24954.0,0.29100000000000004,7.527594859,58.5237882
Suburban,Midwest,1.0,5752.0,10.0,60048.0,0.16,8.957504329,68.04373399
Town,South,15.0,2197.0,6.0,67217.0,0.133,6.987795108,68.27003675
Rural,Midwest,5.0,159.0,1.0,57500.0,0.096,7.332892739,60.15459593
Rural,Midwest,38.0,2913.0,6.0,69071.0,0.151,8.597598238,58.19757672
Town,West,13.0,2035.0,5.0,58649.0,0.09,7.999967998,59.84729847
Town,Midwest,15.0,2967.0,6.0,53244.0,0.16899999999999998,8.288585502,59.08866018
Town,West,4.0,726.0,3.0,71042.0,0.091,6.72810027,71.08991199
Rural,South,74.0,3375.0,13.0,41100.0,0.185,6.866639875,58.31172267
Urban,South,131.0,13371.0,24.0,54020.0,0.172,7.265892134,59.01947142
Town,Midwest,14.0,1788.0,4.0,85396.0,0.043,5.78092131,58.33547231
Rural,Midwest,13.0,765.0,3.0,69472.0,0.065,9.438096909,62.74076121
Town,South,98.0,9887.0,19.0,47750.0,0.14400000000000002,7.64485632,59.8364532
Town,Midwest,17.0,2363.0,6.0,66336.0,0.075,8.091595436,59.95933055
Rural,South,69.0,3105.0,9.0,44917.0,0.165,9.239077793,59.92697047
Rural,West,4.0,102.0,1.0,67604.0,0.06,4.24377695,61.92731252
Rural,Midwest,6.0,378.0,2.0,52159.0,0.151,8.767385748,59.9127993
Town,Midwest,16.0,1055.0,3.0,85778.0,0.12300000000000001,9.150048129,60.12590382
Rural,West,6.0,279.0,4.0,40735.0,0.17600000000000002,6.032706222,55.66114231
Rural,Midwest,2.0,342.0,2.0,64274.0,0.055,6.096507974,57.26191037
Rural,Midwest,8.0,97.0,2.0,60673.0,0.07200000000000001,5.411644658,56.80669
Rural,Midwest,5.0,121.0,2.0,61678.0,0.075,4.948253766,56.31468753
Rural,Midwest,10.0,114.0,1.0,76875.0,0.158,6.614596945,60.13899131
Rural,Midwest,16.0,865.0,3.0,62175.0,0.10099999999999999,8.497368468,60.86847419
Rural,West,19.0,789.0,4.0,50357.0,0.19699999999999998,7.463274014,51.41508842
Suburban,Midwest,28.0,2541.0,8.0,85662.0,0.066,9.455278776,61.17074643
Town,South,58.0,2838.0,7.0,73844.0,0.10099999999999999,6.934573448,55.54977086
Town,West,25.0,2740.0,6.0,34691.0,0.313,8.023905883,53.21467522
Rural,Midwest,11.0,502.0,3.0,61160.0,0.129,7.443399178,59.91361
Suburban,Northeast,96.0,6663.0,11.0,88699.0,0.067,8.149579096,66.26958149
Rural,Northeast,12.0,548.0,2.0,60197.0,0.132,5.780374405,52.28328419
Rural,Midwest,8.0,260.0,3.0,67321.0,0.111,5.244151132,56.78049782
Town,Midwest,67.0,4312.0,14.0,101858.0,0.037000000000000005,6.317656653,58.96924213
Rural,West,11.0,2044.0,11.0,83992.0,0.086,0.0,0.0
Suburban,West,11.0,2504.0,5.0,68389.0,0.182,9.341392835,70.77637283
Suburban,West,41.0,3111.0,9.0,138659.0,0.025,6.2218983,49.68670136
Suburban,Midwest,34.0,2189.0,4.0,141389.0,0.018000000000000002,9.941068176,67.57446774
Rural,South,40.0,2084.0,4.0,74009.0,0.08,7.369965695,57.43454819
Rural,Midwest,16.0,818.0,4.0,47587.0,0.152,6.744764924,59.45897834
Rural,Midwest,16.0,2100.0,7.0,75088.0,0.057999999999999996,5.948232769,58.41075219
Rural,South,14.0,641.0,2.0,59183.0,0.155,9.025792076,56.50809843
Town,Midwest,13.0,2942.0,7.0,50108.0,0.152,6.355286439,55.53636222
Rural,South,63.0,4834.0,13.0,56510.0,0.131,6.339894835,57.10252533
Rural,Midwest,9.0,348.0,2.0,43204.0,0.245,6.860028285,56.74054248
Rural,South,58.0,3591.0,5.0,49977.0,0.201,8.824208053,58.27777746
Town,South,14.0,1588.0,1.0,37307.0,0.233,7.020958851,64.73451621
Town,Northeast,2.0,284.0,1.0,71929.0,0.027000000000000003,6.716817808,60.83629
Urban,Midwest,285.0,21739.0,40.0,54044.0,0.152,8.763027269,60.82625978
Rural,Midwest,15.0,404.0,2.0,61307.0,0.07,7.790078822,59.68111132
Urban,West,28.0,7427.0,14.0,77393.0,0.14300000000000002,8.248288892,62.4509576
Rural,Midwest,6.0,387.0,2.0,62944.0,0.139,8.489031924,59.63565191
Town,Midwest,18.0,1969.0,7.0,40366.0,0.24,8.646141229,61.24818504
Rural,Midwest,24.0,1016.0,3.0,55099.0,0.126,8.691838739,59.90277695
Suburban,West,23.0,6151.0,11.0,94299.0,0.079,8.853891218,64.5598816
Town,West,12.0,1065.0,6.0,53411.0,0.222,6.390407551,49.51073822
Rural,Midwest,12.0,451.0,3.0,45048.0,0.153,7.190231935,56.50450007
Rural,South,11.0,333.0,2.0,39770.0,0.15,7.068950685,61.55303
Rural,South,8.0,310.0,2.0,63214.0,0.067,8.567393061,61.66350791
Suburban,South,348.0,48726.0,67.0,59137.0,0.17300000000000001,9.725601265,69.03101531
Suburban,West,17.0,4352.0,9.0,87055.0,0.098,11.42037955,73.49067314
Rural,West,6.0,6.0,1.0,30536.0,0.345,5.512735999,53.27460081
Rural,Midwest,11.0,625.0,2.0,62598.0,0.091,7.752517017,56.20587655
Rural,Midwest,11.0,503.0,2.0,60806.0,0.098,8.104892353,58.34310281
Town,South,64.0,4469.0,6.0,75137.0,0.09,8.856543832,62.76355538
Rural,South,12.0,542.0,1.0,67714.0,0.02,8.530760634,67.10576088
Rural,West,12.0,379.0,3.0,43333.0,0.243,4.512381224,51.90193469
Suburban,West,15.0,3520.0,7.0,120198.0,0.057999999999999996,6.345671491,68.04931238
Rural,Midwest,14.0,999.0,3.0,93339.0,0.025,8.767931819,61.74017726
Rural,South,11.0,490.0,2.0,49182.0,0.125,9.318719116,59.44042704
Suburban,Northeast,53.0,6407.0,9.0,89600.0,0.053,7.824551172,64.46549205
Rural,Midwest,8.0,280.0,3.0,96125.0,0.031,8.574390685,59.60714019
Rural,Midwest,9.0,704.0,2.0,60625.0,0.146,8.42705543,60.14471078
Suburban,Midwest,51.0,7456.0,10.0,86247.0,0.047,8.640352519,65.19586727
Rural,South,6.0,226.0,1.0,65000.0,0.008,7.031377808,61.60164
Suburban,Midwest,33.0,1908.0,4.0,176942.0,0.023,9.130625492,66.0745904
Rural,Midwest,24.0,1194.0,3.0,78905.0,0.073,9.182932338,60.92664605
Suburban,South,637.0,40769.0,48.0,85563.0,0.08,7.12249079,58.72858049
Rural,Midwest,10.0,708.0,2.0,65732.0,0.051,7.645922623,60.41612908
Rural,Midwest,11.0,717.0,2.0,55756.0,0.14300000000000002,7.540623224,59.27409594
Town,Midwest,20.0,1957.0,5.0,71677.0,0.096,7.004580959,64.97562841
Suburban,Northeast,13.0,1489.0,3.0,96776.0,0.092,7.85989726,65.00363
Suburban,Midwest,10.0,1294.0,4.0,70548.0,0.1,10.14473704,65.21434465
Suburban,Midwest,9.0,1324.0,1.0,124146.0,0.048,10.31314723,65.83660851
Rural,Midwest,15.0,593.0,4.0,55461.0,0.10800000000000001,7.637622146,57.28991404
Rural,West,2.0,47.0,2.0,39091.0,0.2,3.8456392,66.03515169
Rural,Midwest,19.0,779.0,2.0,82031.0,0.08900000000000001,9.292282123,59.99523308
Rural,South,12.0,821.0,3.0,77333.0,0.078,8.294592694,68.41045699
Suburban,Northeast,2.0,833.0,3.0,80302.0,0.08199999999999999,8.383801671,66.92477919
Town,Midwest,16.0,1244.0,3.0,65552.0,0.059000000000000004,6.3188546,61.11838376
Rural,South,24.0,1145.0,3.0,64683.0,0.188,8.188724147,60.33323048
Rural,Midwest,3.0,32.0,1.0,34615.0,0.16399999999999998,6.846770996,54.41011748
Town,South,26.0,1001.0,4.0,34167.0,0.271,8.820323015,55.84249482
Suburban,Midwest,6.0,939.0,3.0,92762.0,0.063,7.196871361,67.11153037
Rural,West,15.0,347.0,2.0,44375.0,0.11800000000000001,4.890691968,52.57367442
Town,South,33.0,1669.0,6.0,53465.0,0.212,8.848228503,60.41409676
Urban,Midwest,6.0,702.0,1.0,99286.0,0.077,9.532818118,66.43088204
Rural,West,11.0,255.0,2.0,52462.0,0.092,7.532264247,50.19766463
Town,Midwest,14.0,1410.0,3.0,71563.0,0.018000000000000002,9.147663654,60.2345759
Rural,West,10.0,733.0,2.0,57316.0,0.073,4.182639354,56.13314524
Rural,South,15.0,1265.0,4.0,68750.0,0.095,8.748273812,60.71653209
Town,West,18.0,1223.0,4.0,77176.0,0.128,9.135034021,51.85681944
Town,Midwest,26.0,1908.0,4.0,53826.0,0.163,7.854368698,57.07038081
Rural,Northeast,24.0,941.0,4.0,61178.0,0.092,6.523758992,52.55673616
Suburban,Northeast,9.0,1568.0,4.0,82119.0,0.057,5.752026445,58.73793416
Urban,South,4.0,2003.0,4.0,52569.0,0.18899999999999997,9.420393871,59.97618702
Rural,West,2.0,19.0,1.0,91250.0,0.069,3.291279918,56.3792
Rural,Midwest,1.0,211.0,4.0,46667.0,0.11800000000000001,5.377647428,62.58535969
Town,Midwest,2.0,133.0,1.0,38194.0,0.303,8.396574026,59.41329336
Rural,Midwest,13.0,850.0,2.0,70865.0,0.092,7.443907443,57.39241895
Suburban,Midwest,31.0,3221.0,6.0,41436.0,0.223,9.018365371,60.08007566
Rural,Midwest,16.0,1154.0,3.0,61365.0,0.07400000000000001,6.944941478,57.45856645
Town,Midwest,38.0,3561.0,9.0,94790.0,0.028999999999999998,7.322122391,60.13461307
Rural,South,16.0,1295.0,9.0,42438.0,0.205,7.920228824,57.85927648
Urban,West,40.0,7347.0,19.0,64901.0,0.11800000000000001,6.45449654,51.56043098
Town,Midwest,31.0,1108.0,4.0,53585.0,0.151,8.86575526,59.53982697
Urban,Northeast,82.0,24707.0,46.0,56746.0,0.193,6.690568371,58.22089726
Urban,South,122.0,17034.0,31.0,48236.0,0.263,10.23363318,55.27326921
Rural,Midwest,33.0,3163.0,6.0,79596.0,0.07400000000000001,8.171134818,58.2629565
Town,South,173.0,10249.0,14.0,63783.0,0.113,8.043310993,59.66476411
Urban,South,198.0,22037.0,48.0,46153.0,0.23800000000000002,8.388585064,62.67187893
Rural,Midwest,11.0,611.0,2.0,53728.0,0.136,8.024549028,62.26198828
Rural,Midwest,24.0,1264.0,3.0,55445.0,0.121,9.019197692,59.27853725
Rural,South,8.0,467.0,2.0,79575.0,0.08,8.193519429,63.00329534
Town,Midwest,8.0,636.0,2.0,44188.0,0.063,8.6502988,57.75899145
Rural,South,343.0,27328.0,37.0,71944.0,0.128,9.45420875,61.67862348
Urban,South,80.0,11075.0,21.0,80682.0,0.078,5.659134172,62.19202665
Rural,South,13.0,511.0,2.0,43416.0,0.22699999999999998,8.401994165,57.26537444
Town,Midwest,13.0,1284.0,4.0,65116.0,0.037000000000000005,8.537394498,60.81477131
Rural,South,42.0,5018.0,8.0,72471.0,0.109,8.78607642,68.3788219
Town,South,9.0,1327.0,3.0,38208.0,0.304,9.009429041,60.00097
Suburban,Northeast,54.0,3288.0,3.0,72566.0,0.094,6.495449178,55.61277039
Rural,Midwest,5.0,163.0,3.0,58250.0,0.14300000000000002,5.388387318,53.96541173
Rural,Midwest,13.0,461.0,2.0,42962.0,0.183,7.045859572,54.30179378
Rural,West,5.0,285.0,3.0,25580.0,0.524,3.916116437,63.07020922
Town,West,9.0,1120.0,6.0,82083.0,0.069,0.0,0.0
Rural,West,13.0,303.0,2.0,46250.0,0.242,4.588423035,52.73695804
Rural,Northeast,227.0,7849.0,11.0,98762.0,0.065,7.24930902,59.70450316
Suburban,Midwest,10.0,947.0,2.0,62891.0,0.10800000000000001,8.815018509,65.99777524
Rural,West,2.0,14.0,1.0,56071.0,0.27,5.554201487,45.44810703
Rural,Midwest,12.0,455.0,3.0,73255.0,0.049,7.142516497,56.20330932
Suburban,Midwest,56.0,4865.0,11.0,114458.0,0.042,9.572392341,61.87544651
Rural,West,41.0,2394.0,6.0,42662.0,0.201,4.530966298,61.88950006
Town,West,22.0,1559.0,5.0,42228.0,0.138,6.029082719,53.4251641
Suburban,Midwest,52.0,4356.0,7.0,73176.0,0.091,9.284752693,60.2706532
Rural,Midwest,26.0,808.0,5.0,44622.0,0.13,7.090510885,56.82073135
Town,South,33.0,1467.0,3.0,49306.0,0.185,7.642204621,57.33187198
Town,South,16.0,1063.0,4.0,74420.0,0.091,5.676535798,60.56599233
Rural,Midwest,4.0,130.0,2.0,59861.0,0.037000000000000005,5.71459321,62.42657472
Rural,South,133.0,7188.0,18.0,44803.0,0.171,9.037749662,63.20717223
Town,West,33.0,2364.0,5.0,38348.0,0.396,3.816122379,64.53396388
Rural,Midwest,24.0,458.0,3.0,57115.0,0.114,8.209226301,58.86140407
Urban,Northeast,132.0,6660.0,7.0,119758.0,0.042,7.412926205,60.06745386
Town,South,78.0,4135.0,13.0,53165.0,0.18100000000000002,7.946499401,57.7319797
Suburban,Northeast,15.0,4970.0,10.0,75808.0,0.111,8.771351768,63.17871889
Town,Midwest,29.0,1986.0,6.0,53826.0,0.242,8.697425902,58.54118946
Urban,West,115.0,11656.0,18.0,86037.0,0.08900000000000001,9.395596313,52.33153473
Town,Midwest,29.0,2314.0,6.0,62742.0,0.133,8.776866868,60.75607241
Urban,West,33.0,14552.0,19.0,94338.0,0.092,8.508174186,62.98432982
Suburban,Northeast,2.0,554.0,1.0,110337.0,0.035,8.556771233,65.78179
Town,Midwest,24.0,2074.0,4.0,54877.0,0.111,8.52745363,58.52704442
Rural,South,5.0,223.0,2.0,43644.0,0.12,8.676290892,60.60059934
Town,South,167.0,11198.0,23.0,56277.0,0.156,8.078308823,56.56732403
Rural,Midwest,13.0,1485.0,4.0,56442.0,0.091,8.153362014,55.40950624
Urban,South,321.0,27306.0,50.0,56244.0,0.174,7.195002751,60.38601686
Rural,South,54.0,2878.0,8.0,49705.0,0.14,6.497558435,56.54199302
Rural,South,8.0,187.0,1.0,39670.0,0.213,9.377451041,60.47927
Rural,Midwest,7.0,341.0,2.0,64658.0,0.07200000000000001,7.371781819,55.61366478
Rural,Midwest,5.0,143.0,2.0,70729.0,0.076,8.513417094,58.48357695
Suburban,Midwest,9.0,849.0,3.0,81875.0,0.065,7.829851515,66.4940057
Rural,Midwest,7.0,224.0,2.0,49659.0,0.085,8.346490329,57.28514388
Rural,South,22.0,785.0,2.0,29340.0,0.27699999999999997,7.549797292,57.45296945
Urban,South,157.0,25247.0,49.0,48297.0,0.22,6.750939625,63.02134259
Rural,West,13.0,266.0,2.0,61935.0,0.06,5.210129539,52.20012206
Rural,Midwest,11.0,704.0,2.0,68625.0,0.05,8.545750398,59.57612865
Rural,South,6.0,157.0,1.0,64583.0,0.11199999999999999,7.025973442,66.13608943
Suburban,West,17.0,8353.0,12.0,47476.0,0.21,9.011455646,65.8831771
Rural,Midwest,5.0,29.0,2.0,85197.0,0.094,4.77451823,56.01046966
Rural,Midwest,16.0,724.0,3.0,73235.0,0.08199999999999999,6.913827988,58.11683422
Rural,South,148.0,7858.0,14.0,56243.0,0.157,9.505092032,62.00905385
Rural,West,10.0,502.0,2.0,45186.0,0.27699999999999997,8.550002465,70.17381417
Suburban,South,497.0,54077.0,42.0,120999.0,0.053,9.84174507,62.79847721
Rural,South,259.0,11497.0,23.0,67484.0,0.076,6.84716666,55.19344941
Rural,West,5.0,246.0,4.0,22384.0,0.526,3.656383896,61.42793903
Suburban,Northeast,6.0,2672.0,5.0,154049.0,0.027999999999999997,6.628162745,63.07562126
Suburban,Midwest,99.0,9537.0,9.0,94594.0,0.054000000000000006,9.474094586,60.77208486
Rural,South,66.0,4039.0,9.0,40839.0,0.237,8.249488868,57.49353939
Urban,South,340.0,52717.0,81.0,56830.0,0.156,8.636164444,61.74918745
Rural,Midwest,33.0,2905.0,7.0,79522.0,0.051,7.974518946,64.23366891
Town,Midwest,24.0,1610.0,3.0,52670.0,0.12300000000000001,8.814930378,60.40836752
Rural,South,164.0,10867.0,27.0,43150.0,0.225,7.011649212,57.91005459
Suburban,Midwest,59.0,6172.0,11.0,90311.0,0.054000000000000006,8.956993163,56.94920453
Rural,South,80.0,7823.0,8.0,83697.0,0.098,8.941388492,64.18450667
Suburban,Northeast,89.0,4537.0,6.0,144241.0,0.048,9.848451595,59.53812942
Rural,West,6.0,346.0,1.0,43929.0,0.261,7.574892261,60.58876147
Rural,Midwest,20.0,1653.0,4.0,71241.0,0.079,7.957714996,56.16263075
Rural,Midwest,6.0,420.0,3.0,49688.0,0.17800000000000002,5.15338456,55.44101799
Rural,West,3.0,63.0,1.0,92917.0,0.08199999999999999,4.572642087,60.97777668
Urban,Midwest,79.0,7899.0,20.0,60447.0,0.098,7.25448336,57.43679372
Urban,Midwest,14.0,2202.0,6.0,47761.0,0.222,10.32194206,63.61672499
Town,West,11.0,1534.0,6.0,54529.0,0.16399999999999998,5.230390692,46.66542208
Town,Midwest,24.0,1737.0,5.0,54202.0,0.166,5.08009059,54.47235765
Suburban,Midwest,138.0,11360.0,15.0,75305.0,0.07200000000000001,8.44588422,61.09031186
Rural,South,14.0,246.0,1.0,64261.0,0.13699999999999998,7.870627942,60.53229554
Rural,South,74.0,4138.0,12.0,40092.0,0.302,7.60828902,55.12759042
Rural,Northeast,20.0,677.0,1.0,61250.0,0.184,6.300875275,54.33748676
Urban,Midwest,166.0,14413.0,35.0,49168.0,0.218,8.083575924,58.88848516
Rural,South,39.0,2635.0,4.0,47811.0,0.185,8.256658064,58.78120087
Urban,Northeast,28.0,3817.0,6.0,165149.0,0.059000000000000004,7.812309979,65.94043797
Town,West,102.0,24055.0,27.0,87557.0,0.048,4.9761281,63.28406399
Town,South,12.0,654.0,3.0,50784.0,0.17800000000000002,8.764888003,58.84675064
Rural,Midwest,9.0,197.0,2.0,49216.0,0.040999999999999995,6.418783485,56.28920638
Rural,West,112.0,8528.0,42.0,70609.0,0.11900000000000001,0.0,0.0
Suburban,West,137.0,12649.0,23.0,67486.0,0.07,6.119105027,61.92328826
Urban,West,35.0,2176.0,6.0,54333.0,0.161,6.842775142,69.66802343
Rural,Midwest,8.0,1765.0,8.0,61449.0,0.13,5.011379861,57.28861025
Rural,Northeast,20.0,811.0,2.0,65000.0,0.065,6.745423222,56.67948956
Rural,South,13.0,1212.0,4.0,93950.0,0.023,8.890297468,61.27108058
Suburban,West,7.0,2010.0,6.0,93625.0,0.078,5.713007345,60.98324104
Rural,Midwest,16.0,1353.0,4.0,66533.0,0.10800000000000001,6.768844248,62.93986742
Suburban,Midwest,33.0,3571.0,7.0,71466.0,0.059000000000000004,7.199650535,65.2692824
Rural,West,16.0,447.0,2.0,26179.0,0.384,6.637875013,66.23162102
Town,West,9.0,954.0,4.0,86959.0,0.107,6.693385021,56.59907993
Rural,South,8.0,734.0,3.0,60869.0,0.129,9.390618243,58.17633297
Rural,Midwest,11.0,307.0,2.0,80625.0,0.049,5.689830651,60.08185606
Town,Midwest,17.0,1361.0,3.0,63750.0,0.09300000000000001,7.472766576,54.96784943
Town,South,23.0,1086.0,5.0,58433.0,0.07400000000000001,7.940262654,57.7132769
Rural,Midwest,12.0,301.0,3.0,46505.0,0.192,7.968038137,56.95993
Rural,South,12.0,1225.0,3.0,56177.0,0.259,7.066782435,61.51546696
Suburban,West,23.0,2176.0,7.0,56481.0,0.16899999999999998,5.988751425,59.30430519
Rural,South,30.0,2336.0,4.0,88574.0,0.07400000000000001,8.878531272,61.96935108
Rural,Northeast,41.0,1877.0,3.0,76869.0,0.084,5.691226068,52.760416910000004
Town,Midwest,20.0,1897.0,4.0,71723.0,0.045,8.447582902,61.85629988
Rural,Midwest,11.0,484.0,3.0,56477.0,0.162,6.592428988,59.55741316
Suburban,Midwest,48.0,2913.0,6.0,51493.0,0.175,10.20843023,66.28209431
Rural,West,37.0,1688.0,11.0,53426.0,0.132,6.001059572,67.94621721
Rural,South,39.0,2240.0,4.0,43103.0,0.131,8.771533973,58.52057885
Town,South,36.0,2772.0,4.0,60708.0,0.099,8.745072875,60.29281694
Town,South,17.0,896.0,3.0,38065.0,0.29,6.014316867,62.84239304
Rural,South,34.0,3102.0,8.0,39737.0,0.17300000000000001,6.782354805,57.95906358
Rural,Northeast,15.0,827.0,3.0,110421.0,0.043,8.009733555,65.36585414
Town,Midwest,37.0,2246.0,6.0,56557.0,0.114,7.582290912,55.63188506
Town,West,13.0,2267.0,9.0,46948.0,0.159,3.926346221,61.65782617
Rural,West,6.0,73.0,1.0,54107.0,0.187,8.013885866,54.60737863
Rural,Midwest,2.0,70.0,1.0,90417.0,0.081,9.308147683,60.34028544
Rural,Midwest,4.0,79.0,1.0,43977.0,0.066,6.989813829,54.71639661
Town,South,36.0,1863.0,4.0,58567.0,0.151,7.717007037,57.46293413
Town,Midwest,21.0,86.0,1.0,66667.0,0.077,8.563152506,60.74560889
Rural,South,13.0,493.0,2.0,57978.0,0.183,7.593068067,61.59173943
Rural,Midwest,5.0,145.0,1.0,63550.0,0.092,8.452516058,59.92534911
Rural,Midwest,18.0,1054.0,3.0,44617.0,0.248,8.033885584,55.46321805
Rural,West,7.0,105.0,3.0,66750.0,0.14300000000000002,4.664557808,54.21105
Town,South,16.0,522.0,2.0,37342.0,0.233,8.727062224,60.63934023
Urban,West,335.0,87883.0,203.0,78177.0,0.11599999999999999,8.098774393,67.24091822
Rural,South,27.0,1339.0,4.0,56975.0,0.134,7.693229437,60.35222274
Town,Midwest,11.0,721.0,3.0,54331.0,0.163,4.780732059,57.89236525
Town,Midwest,20.0,2191.0,5.0,72374.0,0.09,7.934600698,60.64595376
Rural,Midwest,25.0,1535.0,5.0,59745.0,0.17300000000000001,8.40656022,57.80648532
Urban,South,32.0,4762.0,6.0,83858.0,0.057999999999999996,9.382359759,64.57791417
Rural,Midwest,7.0,283.0,2.0,49500.0,0.075,7.803879452,61.03647
Rural,Midwest,24.0,871.0,4.0,67356.0,0.113,7.189197401,56.10716946
Town,Midwest,29.0,1624.0,3.0,81699.0,0.049,7.249806938,56.1746975
Rural,Midwest,22.0,972.0,4.0,47711.0,0.131,7.387574232,56.85162011
Rural,Midwest,89.0,8184.0,12.0,94815.0,0.025,8.776107966,60.98947771
Suburban,South,52.0,10839.0,14.0,68837.0,0.124,8.81643605,64.57683893
Rural,South,9.0,655.0,2.0,70781.0,0.198,9.327986299,57.69537109
Suburban,West,13.0,2678.0,4.0,52736.0,0.22699999999999998,9.335989058,77.81457352
Suburban,Northeast,3.0,901.0,2.0,81310.0,0.10300000000000001,8.200888924,66.61877646
Town,South,21.0,2104.0,5.0,41272.0,0.21100000000000002,6.442319581,59.43106034
Rural,Midwest,23.0,1150.0,3.0,63716.0,0.061,8.494202795,59.6130744
Rural,Midwest,30.0,2243.0,5.0,118690.0,0.039,7.372055258,59.39890199
Rural,West,3.0,88.0,4.0,34375.0,0.267,5.551902953,53.24554901
Rural,Midwest,35.0,2833.0,8.0,57607.0,0.14300000000000002,7.752729369,56.1247818
Rural,Midwest,9.0,454.0,3.0,53786.0,0.205,8.704794804,59.83798589
Rural,Midwest,14.0,716.0,2.0,48841.0,0.21,7.318295637,57.39748398
Town,Midwest,16.0,1380.0,3.0,56635.0,0.14400000000000002,8.162035393,57.67160308
Rural,Northeast,5.0,804.0,4.0,117632.0,0.069,7.040379894,64.39607293
Rural,West,22.0,2000.0,3.0,118517.0,0.037000000000000005,6.696508356,54.52664887
Rural,Midwest,18.0,1084.0,2.0,60139.0,0.075,8.788505405,60.0575005
Town,Midwest,10.0,804.0,3.0,62788.0,0.18600000000000003,8.33643,57.55476188
Rural,West,3.0,35.0,1.0,43125.0,0.095,7.948139317,53.41466953
Rural,South,29.0,2090.0,9.0,44287.0,0.157,7.067416112,57.17078983
Rural,Midwest,18.0,915.0,6.0,45669.0,0.157,8.186010761,57.77996859
Town,Northeast,3.0,726.0,2.0,107204.0,0.07400000000000001,7.240143896,58.65545419
Town,Midwest,15.0,1325.0,4.0,61706.0,0.204,8.392440179,62.87515447
Suburban,West,57.0,5506.0,11.0,101435.0,0.040999999999999995,6.485542997,46.75066572
Rural,West,3.0,8.0,1.0,41250.0,0.05,5.544379781,54.83451
Suburban,Northeast,71.0,3452.0,7.0,113056.0,0.06,7.41823852,60.56922503
Urban,West,64.0,10157.0,17.0,45063.0,0.289,7.410653218,68.62206031
Rural,Midwest,15.0,429.0,2.0,80341.0,0.05,6.874514873,57.73844074
Rural,West,1.0,82.0,1.0,56016.0,0.25,5.279961092,57.95349374
Rural,South,33.0,1459.0,3.0,43196.0,0.212,7.692625136,56.292877
Suburban,Midwest,106.0,12102.0,20.0,81963.0,0.067,9.374453273,61.12752136
Suburban,South,96.0,10990.0,14.0,111119.0,0.05,9.21795279,62.33447465
Suburban,Midwest,79.0,4695.0,4.0,102477.0,0.047,8.757891373,65.25196341
Rural,West,20.0,1114.0,5.0,76275.0,0.085,6.034106112,52.48467493
Rural,South,77.0,3593.0,10.0,39738.0,0.195,7.414883817,58.40331576
Rural,Midwest,12.0,2387.0,4.0,70582.0,0.057,7.234297981,61.88492426
Rural,Midwest,23.0,769.0,2.0,59441.0,0.079,8.33960534,59.99445495
Suburban,South,71.0,4517.0,7.0,46597.0,0.16899999999999998,9.691626426,56.76173346
Rural,South,29.0,1524.0,4.0,43817.0,0.193,7.039940086,56.76293795
Town,West,1.0,217.0,1.0,56667.0,0.23399999999999999,5.370084233,44.11372548
Rural,Midwest,10.0,370.0,2.0,51573.0,0.09,6.856184739,55.97856738
Rural,Midwest,12.0,677.0,2.0,48428.0,0.134,5.899526236,54.18079665
Rural,Northeast,3.0,75.0,1.0,54375.0,0.122,5.413560849,51.68897
Rural,Midwest,7.0,549.0,2.0,48333.0,0.07400000000000001,5.561408493,56.07399
Rural,Midwest,11.0,452.0,3.0,50809.0,0.133,4.198637116,55.4587307
Rural,Midwest,3.0,89.0,1.0,95250.0,0.040999999999999995,8.329123014,59.96816
Town,South,26.0,2008.0,6.0,57073.0,0.122,6.06394871,58.28145959
Suburban,Midwest,187.0,20563.0,31.0,120600.0,0.037000000000000005,8.378434784,66.45691117
Town,West,16.0,1640.0,6.0,47106.0,0.134,5.001396238,45.57677048
Town,West,9.0,2748.0,7.0,146507.0,0.052000000000000005,6.48829729,51.6219456
Rural,Midwest,7.0,380.0,3.0,58000.0,0.11699999999999999,6.689103625,55.48637544
Rural,Northeast,4.0,837.0,2.0,116920.0,0.022000000000000002,7.355146768,59.88624045
Rural,Midwest,5.0,295.0,3.0,67083.0,0.109,8.57316968,59.62848417
Town,Midwest,8.0,376.0,1.0,43028.0,0.139,4.741133535,52.66730329
Rural,Midwest,14.0,484.0,3.0,47117.0,0.18899999999999997,8.00189647,57.42735466
Town,Midwest,18.0,1731.0,5.0,67471.0,0.079,8.661345181,58.98465175
Town,South,56.0,8610.0,13.0,43823.0,0.165,8.831466966,61.26996547
Rural,Midwest,8.0,490.0,4.0,54181.0,0.129,7.07246728,57.60776813
Rural,Midwest,9.0,304.0,3.0,48750.0,0.09,6.867601592,55.92438683
Town,Midwest,40.0,3582.0,7.0,77730.0,0.045,8.694969898,58.62024741
Rural,Midwest,50.0,2188.0,9.0,56188.0,0.13699999999999998,8.101737225,56.52814528
Rural,South,46.0,3024.0,5.0,52509.0,0.149,7.362723697,60.1808353
Rural,South,64.0,2201.0,5.0,43324.0,0.163,8.689060933,57.37134127
Rural,Midwest,15.0,565.0,3.0,81300.0,0.042,8.453954918,60.44073353
Rural,South,112.0,6424.0,8.0,44850.0,0.20800000000000002,9.320709857,59.90483511
Suburban,Northeast,13.0,3065.0,5.0,81809.0,0.085,6.271080223,58.16220244
Urban,South,74.0,11561.0,21.0,78517.0,0.157,8.205036792,60.30034141
Urban,South,299.0,56167.0,75.0,62641.0,0.14400000000000002,9.422269136,65.93741067
Suburban,Northeast,49.0,1905.0,3.0,67911.0,0.081,7.590721868,59.97300697
Town,South,25.0,1620.0,3.0,49247.0,0.128,8.406010333,56.54861462
Rural,West,24.0,1763.0,4.0,61250.0,0.22399999999999998,8.674379568,53.34502165
Town,West,13.0,1187.0,11.0,54030.0,0.154,5.250046456,57.63782155
Suburban,West,16.0,4703.0,8.0,108449.0,0.066,9.418485359,59.69503576
Suburban,Midwest,132.0,10578.0,11.0,87844.0,0.046,9.323711865,64.0724684
Rural,Midwest,6.0,161.0,2.0,45694.0,0.193,5.187920684,54.85399823
Rural,West,5.0,344.0,1.0,27199.0,0.385,5.871874037,72.20437903
Suburban,Midwest,26.0,1895.0,6.0,78295.0,0.08,9.311460729,62.78514953
Suburban,South,281.0,20551.0,30.0,84116.0,0.069,8.227917419,60.17056468
Town,Midwest,37.0,1442.0,3.0,62575.0,0.127,8.638978387,62.96111272
Suburban,Northeast,5.0,3600.0,3.0,83693.0,0.07400000000000001,8.214841514,66.44392223
Rural,Midwest,6.0,291.0,2.0,62976.0,0.111,6.954984384,59.22626
Town,West,12.0,59.0,1.0,78558.0,0.07400000000000001,5.804904155,46.78238483
Town,Midwest,19.0,980.0,3.0,70387.0,0.111,7.029677174,59.7216416
Rural,Midwest,22.0,1194.0,4.0,101981.0,0.028999999999999998,7.480212605,54.67069499
Rural,Midwest,17.0,1037.0,3.0,57292.0,0.09300000000000001,6.091695855,57.05897468
Town,South,11.0,1224.0,3.0,44528.0,0.184,8.875079996,57.82750028
Rural,West,3.0,318.0,9.0,44167.0,0.266,0.0,0.0
Town,Midwest,1.0,2723.0,7.0,58542.0,0.15,5.770713995,60.9012413
Rural,Midwest,17.0,854.0,3.0,63821.0,0.079,7.909637572,60.14065176
Rural,South,30.0,1727.0,4.0,42459.0,0.179,8.64116993,62.22197271
Rural,West,11.0,473.0,4.0,55605.0,0.098,3.960992712,60.2701
Suburban,South,382.0,48082.0,73.0,75543.0,0.106,7.033884344,57.35537493
Rural,Midwest,12.0,533.0,2.0,105313.0,0.07200000000000001,4.736850807,58.83371547
Rural,Midwest,16.0,1746.0,4.0,86786.0,0.077,8.565925827,61.83937155
Rural,West,12.0,766.0,2.0,96640.0,0.05,5.852725506,68.38456007
Town,South,22.0,1189.0,3.0,35828.0,0.272,9.220546681,59.25290995
Rural,Northeast,4.0,135.0,1.0,40098.0,0.19,3.971009516,49.48730689
Suburban,Northeast,37.0,16807.0,19.0,110896.0,0.057999999999999996,7.995092348,64.28447649
Rural,Midwest,11.0,820.0,3.0,69013.0,0.094,8.614431572,58.97540055
Urban,West,70.0,14049.0,26.0,54905.0,0.193,8.784401219,73.32992541
Rural,West,20.0,671.0,3.0,73304.0,0.129,8.126588473,54.58066983
Rural,West,2.0,507.0,2.0,63922.0,0.086,6.411200036,53.29618567
Rural,Midwest,15.0,4736.0,8.0,111480.0,0.068,8.593207518,61.54266107
Rural,West,4.0,275.0,1.0,71927.0,0.105,5.608867799,53.07441986
Rural,West,20.0,620.0,4.0,44315.0,0.282,3.837166356,62.45884836
Rural,Midwest,14.0,833.0,3.0,63427.0,0.125,7.255433779,59.39627302
Rural,South,59.0,5344.0,9.0,47460.0,0.212,8.606453819,62.9911229
Rural,Midwest,9.0,807.0,3.0,84107.0,0.06,8.836756399,59.16346044
Rural,Northeast,31.0,1113.0,2.0,58378.0,0.142,6.173817623,54.94482301
Rural,South,23.0,853.0,4.0,31367.0,0.308,8.220884343,60.25200301
Rural,South,106.0,10221.0,10.0,81032.0,0.08800000000000001,8.419069826,57.9528576
Rural,Midwest,11.0,432.0,3.0,62727.0,0.044000000000000004,6.426084384,57.2106
Suburban,Midwest,21.0,1287.0,4.0,88389.0,0.054000000000000006,9.319182674,58.85197178
Rural,West,10.0,91.0,2.0,49150.0,0.061,2.791916993,57.42778102
Rural,Midwest,10.0,536.0,3.0,65839.0,0.098,7.972648326,66.20926346
Rural,South,19.0,1281.0,6.0,46535.0,0.139,7.065898045,57.69040198
Rural,South,5.0,110.0,1.0,36071.0,0.314,8.833377684,59.79073547
Town,West,20.0,1173.0,3.0,57089.0,0.129,7.244415895,52.5086484
Town,Midwest,24.0,1704.0,4.0,53848.0,0.142,7.757608107,63.47170001
Rural,Northeast,30.0,1721.0,5.0,71680.0,0.077,5.776171318,51.23430127
Rural,South,58.0,3188.0,10.0,48918.0,0.135,8.054020118,56.88585508
Suburban,Midwest,15.0,1586.0,6.0,66576.0,0.128,8.19151226,59.68645421
Town,West,30.0,1879.0,5.0,42311.0,0.258,3.97016587,60.39900904
Rural,Midwest,2.0,129.0,1.0,49750.0,0.138,9.188694194,62.53153803
Suburban,Midwest,11.0,1729.0,4.0,96202.0,0.1,6.633162702,60.15009224
Suburban,Northeast,109.0,13836.0,25.0,98086.0,0.059000000000000004,8.073471756,63.76025748
Suburban,West,20.0,5227.0,9.0,77236.0,0.11199999999999999,8.120188611,72.49935428
Urban,South,109.0,15964.0,23.0,68586.0,0.091,8.892963547,57.88671175
Town,Northeast,19.0,1173.0,2.0,54885.0,0.138,6.301360953,53.50916747
Town,West,17.0,606.0,1.0,47148.0,0.158,7.653908097,46.51630681
Rural,West,5.0,176.0,1.0,77857.0,0.06,5.918621671,52.24995692
Suburban,Midwest,59.0,5143.0,11.0,145442.0,0.044000000000000004,9.77406488,62.58169766
Suburban,West,188.0,16778.0,31.0,78847.0,0.086,8.817516068,55.45889391
Rural,Midwest,11.0,298.0,2.0,58938.0,0.149,8.787277068,59.90322477
Town,Northeast,30.0,2363.0,4.0,67488.0,0.08199999999999999,6.657649382,54.82185667
Rural,South,52.0,3238.0,7.0,69729.0,0.11800000000000001,8.060892755,59.4814646
Suburban,Midwest,33.0,3552.0,7.0,95369.0,0.046,8.583616573,64.68176188
Rural,South,45.0,2418.0,13.0,39503.0,0.254,7.949251488,59.42082387
Town,South,34.0,1146.0,3.0,29061.0,0.27899999999999997,8.971777432,58.46021652
Suburban,West,71.0,20815.0,25.0,82179.0,0.11599999999999999,8.872535614,74.9172821
Rural,Midwest,9.0,420.0,2.0,77656.0,0.11199999999999999,9.35633141,60.20306851
Rural,Midwest,14.0,890.0,3.0,69863.0,0.102,8.612026856,60.77430746
Rural,Northeast,7.0,69.0,1.0,66944.0,0.073,5.954259107,53.46113557
Rural,Midwest,12.0,624.0,3.0,77313.0,0.081,6.875233028,56.01233243
Rural,Midwest,5.0,954.0,4.0,75268.0,0.09300000000000001,5.410642644,58.0145124
Rural,South,18.0,700.0,3.0,43470.0,0.261,8.732449383,61.0284176
Urban,West,136.0,10988.0,28.0,63855.0,0.113,5.031432951,55.04858603
Town,South,57.0,7164.0,17.0,50853.0,0.183,8.922508789,60.29656363
Rural,West,1.0,74.0,1.0,116667.0,0.081,9.189816149,56.05492797
Rural,Midwest,4.0,391.0,3.0,30000.0,0.27,8.068326237,55.73184313
Urban,Midwest,163.0,16182.0,26.0,60322.0,0.138,8.294063541,64.56087729
Town,Midwest,36.0,2939.0,9.0,49987.0,0.157,8.642638279,63.04316829
Rural,South,7.0,495.0,1.0,64500.0,0.10400000000000001,8.282141228,57.81219155
Rural,South,264.0,20050.0,28.0,59676.0,0.149,7.958858972,59.9748229
Town,Midwest,22.0,1080.0,3.0,66094.0,0.065,9.143253138,62.54002839
Rural,Midwest,8.0,319.0,3.0,50500.0,0.17300000000000001,8.302294789,61.20777783
Rural,Midwest,2.0,600.0,3.0,59079.0,0.105,6.257368043,59.39948992
Town,Northeast,45.0,1486.0,4.0,62898.0,0.133,6.166570478,52.71272142
Town,Midwest,23.0,2072.0,3.0,55335.0,0.14300000000000002,6.352473308,60.13665914
Suburban,Midwest,140.0,6918.0,4.0,63575.0,0.138,9.905870879,63.9479525
Rural,Midwest,30.0,1079.0,3.0,66585.0,0.079,6.397632954,56.23159638
Suburban,Midwest,28.0,3645.0,6.0,44657.0,0.17600000000000002,9.265914777,59.18884881
Suburban,Northeast,24.0,2069.0,6.0,86367.0,0.049,6.608199018,53.01278633
Rural,West,29.0,2752.0,8.0,60339.0,0.105,4.302072716,63.23795632
Rural,Midwest,21.0,272.0,3.0,47794.0,0.10400000000000001,6.053973935,56.43240222
Town,West,12.0,1442.0,3.0,41456.0,0.151,10.76832255,70.56111829
Suburban,South,283.0,35722.0,47.0,100571.0,0.068,9.333715808,65.12675247
Rural,South,12.0,527.0,3.0,81146.0,0.06,7.65553523,62.44835433
Town,Midwest,38.0,2836.0,7.0,48190.0,0.196,8.673219786,60.41917018
Rural,Northeast,38.0,1783.0,6.0,48996.0,0.099,4.850656461,51.67849614
Rural,Northeast,11.0,397.0,1.0,56094.0,0.11699999999999999,6.144714475,53.05700464
Rural,Midwest,8.0,522.0,3.0,61781.0,0.131,7.252437519,55.70651948
Rural,South,21.0,775.0,3.0,47788.0,0.18100000000000002,8.673098687,58.31681687
Urban,South,109.0,13644.0,18.0,75384.0,0.121,8.79103222,61.88238516
Rural,South,206.0,7918.0,21.0,49486.0,0.152,7.612614829,58.10996158
Town,Midwest,11.0,991.0,3.0,70172.0,0.071,8.27031108,55.24936545
Rural,South,67.0,3637.0,10.0,43362.0,0.187,7.843136022,56.82691752
Suburban,Northeast,1.0,1189.0,2.0,142214.0,0.028999999999999998,8.789743653,64.67823563
Rural,Northeast,27.0,831.0,2.0,55842.0,0.182,5.760070069,52.48651173
Rural,Northeast,40.0,1089.0,3.0,75268.0,0.063,6.377446486,53.80682165
Rural,Midwest,20.0,1008.0,4.0,72891.0,0.075,7.937886702,58.77556386
Suburban,Midwest,26.0,3841.0,10.0,47829.0,0.19399999999999998,7.912330271,57.35051659
Rural,South,58.0,2059.0,5.0,42238.0,0.182,9.36890934,58.96868642
Rural,West,26.0,509.0,1.0,55905.0,0.142,7.419108641,47.84632947
Rural,Midwest,15.0,486.0,2.0,48013.0,0.215,8.514153758,59.52217377
Rural,South,4.0,150.0,1.0,56875.0,0.2,5.897411939,61.22066668
Rural,Midwest,12.0,384.0,3.0,52935.0,0.142,8.813784448,58.00028187
Suburban,Northeast,3.0,1183.0,2.0,93859.0,0.07,7.867326294,64.20952122
Rural,West,12.0,236.0,2.0,56114.0,0.102,8.014435472,53.5223349
Rural,Midwest,9.0,252.0,3.0,64145.0,0.133,7.804940088,56.59010224
Rural,Northeast,1.0,282.0,1.0,159083.0,0.013000000000000001,7.932085753,63.36601
Rural,South,4.0,139.0,1.0,38102.0,0.171,7.695854247,59.64644
Suburban,Midwest,40.0,4027.0,5.0,90213.0,0.045,9.168594184,61.51396468
Rural,Midwest,10.0,956.0,3.0,48278.0,0.10400000000000001,5.92782538,56.17084693
Rural,South,11.0,819.0,3.0,63348.0,0.114,7.287423241,61.24696564
Rural,Midwest,16.0,679.0,5.0,50413.0,0.163,5.467956097,54.00479951
Rural,Midwest,6.0,335.0,2.0,56477.0,0.136,7.271349843,56.0003725
Rural,South,9.0,619.0,3.0,48472.0,0.172,8.643542401,57.8880896
Town,South,23.0,1772.0,4.0,54893.0,0.171,8.571346474,61.63337051
Urban,West,42.0,8663.0,18.0,125480.0,0.071,6.831446661,64.97384342
Rural,South,3.0,229.0,1.0,55274.0,0.078,9.203793612,59.71294131
Rural,Midwest,13.0,388.0,2.0,65357.0,0.09,4.642049157,59.47024347
Suburban,Northeast,6.0,1707.0,4.0,64271.0,0.14800000000000002,8.451181613,66.58716531
Rural,Midwest,6.0,228.0,2.0,51110.0,0.124,7.39397033,60.89297799
Rural,Northeast,15.0,426.0,2.0,113855.0,0.04,7.339239726,59.77762
Town,West,41.0,2656.0,8.0,69138.0,0.087,4.921234102,62.94455318
Rural,West,3.0,24.0,4.0,73259.0,0.203,4.276783562,67.58598
Rural,Midwest,29.0,1661.0,4.0,72267.0,0.08800000000000001,9.094989771,59.15172535
Suburban,South,283.0,20200.0,28.0,87654.0,0.062,9.318987792,63.11694127
Rural,South,202.0,8906.0,14.0,59252.0,0.14400000000000002,9.210517088,59.38590915
Rural,South,7.0,331.0,1.0,86042.0,0.07200000000000001,8.480879425,63.0525472
Town,Midwest,8.0,422.0,2.0,60938.0,0.109,7.497033456,55.30799225
Suburban,South,19.0,1752.0,2.0,41920.0,0.267,9.190545471,61.01219263
Suburban,South,439.0,37851.0,70.0,56605.0,0.145,8.676889748,60.28095266
Rural,West,6.0,422.0,3.0,47366.0,0.084,3.223336907,56.54289149
Rural,Midwest,13.0,1068.0,4.0,59515.0,0.113,5.396504604,57.33895124
Suburban,Midwest,13.0,896.0,4.0,80320.0,0.057,10.03652643,65.35496643
Rural,West,12.0,513.0,5.0,67396.0,0.071,4.900585233,62.00134
Rural,West,12.0,357.0,3.0,50625.0,0.17,8.762414083,54.08656767
Rural,South,9.0,361.0,1.0,58125.0,0.184,7.818135622,59.56915057
Rural,South,13.0,434.0,3.0,36538.0,0.192,9.078376209,58.03701433
Rural,Midwest,27.0,835.0,3.0,57145.0,0.127,8.574845474,59.83596684
Rural,Northeast,55.0,3025.0,8.0,107359.0,0.033,7.392874952,60.51288101
Suburban,South,310.0,25802.0,35.0,67731.0,0.122,9.746132035,67.83772136
Town,West,8.0,892.0,3.0,73810.0,0.109,5.921001892,59.72534303
Rural,South,11.0,416.0,2.0,97647.0,0.094,7.952318653,58.91079759
Town,Midwest,20.0,2171.0,4.0,46947.0,0.239,8.928349374,57.46731309
Rural,South,12.0,1484.0,4.0,56471.0,0.147,8.785904626,61.1340066
Urban,Midwest,139.0,20543.0,48.0,41300.0,0.237,9.218118787,59.994561
Suburban,Northeast,1.0,1670.0,4.0,105188.0,0.052000000000000005,5.920064559,55.07848649
Town,Midwest,1.0,4142.0,10.0,85480.0,0.068,6.202585962,58.65101742
Town,South,22.0,2490.0,7.0,37059.0,0.28800000000000003,7.894836902,57.06735131
Rural,Midwest,22.0,773.0,2.0,58068.0,0.07200000000000001,8.544605284,59.49811879
Town,South,104.0,6968.0,14.0,61598.0,0.106,8.853898576,58.94745212
Rural,Northeast,17.0,470.0,1.0,66558.0,0.076,5.788363833,51.51537985
Town,South,34.0,3952.0,8.0,49535.0,0.15,5.680154778,61.01453531
Urban,South,264.0,34078.0,41.0,111327.0,0.044000000000000004,9.329248854,69.45898851
Rural,Midwest,7.0,232.0,2.0,49464.0,0.195,7.349436742,57.14642309
Urban,South,124.0,7856.0,18.0,54015.0,0.17600000000000002,7.357367333,56.96719067
Rural,Northeast,13.0,337.0,1.0,55000.0,0.319,6.384836641,51.12898287
Suburban,Northeast,9.0,2035.0,4.0,98992.0,0.049,8.794744134,65.03284992
Rural,Midwest,6.0,359.0,2.0,50714.0,0.14400000000000002,5.049256083,53.84717349
Town,Midwest,24.0,1037.0,3.0,45095.0,0.105,8.025860685,57.8618251
Suburban,Northeast,2.0,1962.0,4.0,169335.0,0.026000000000000002,6.820236731,55.33694617
Rural,Midwest,24.0,1638.0,5.0,60362.0,0.136,7.366514336,60.83784929
Suburban,South,38.0,2332.0,6.0,43989.0,0.21,8.834709934,60.9765758
Suburban,Midwest,39.0,3539.0,7.0,93842.0,0.031,8.739551213,58.84564716
Rural,West,19.0,441.0,4.0,71991.0,0.115,3.677209055,62.22571917
Rural,Midwest,17.0,704.0,3.0,50104.0,0.185,8.414727974,59.45815152
Suburban,South,51.0,3447.0,7.0,54050.0,0.19899999999999998,9.216156956,67.57200676
Rural,Midwest,3.0,159.0,2.0,65466.0,0.163,6.944164728,55.46651364
Suburban,Midwest,65.0,4511.0,5.0,82405.0,0.057999999999999996,8.641134975,60.31822649
Rural,Northeast,3.0,104.0,1.0,50000.0,0.128,4.085871452,50.69501
Rural,Midwest,6.0,504.0,2.0,68250.0,0.11699999999999999,5.728994205,57.8232019
Rural,Northeast,11.0,415.0,1.0,74977.0,0.049,4.52895011,52.34145
Suburban,Northeast,5.0,2879.0,5.0,80028.0,0.066,8.468828819,66.51220279
Rural,West,11.0,102.0,1.0,50625.0,0.127,2.440219123,58.009
Town,Midwest,17.0,1674.0,4.0,59237.0,0.091,7.339450935,57.14720542
Rural,West,16.0,598.0,3.0,67336.0,0.11599999999999999,4.026597868,61.73772889
Town,Midwest,18.0,1044.0,3.0,92122.0,0.025,9.334762842,61.18646819
Rural,Midwest,13.0,679.0,3.0,51722.0,0.17,7.990415494,57.55778067
Town,Northeast,16.0,1069.0,3.0,54236.0,0.085,5.352334333,51.79926517
Town,Midwest,2.0,3043.0,7.0,98730.0,0.07200000000000001,7.7734176,59.37892767
Rural,West,2.0,83.0,2.0,38635.0,0.124,3.581600658,62.15086
Town,West,10.0,1569.0,5.0,87426.0,0.099,6.438919297,57.03774984
Suburban,West,46.0,4593.0,13.0,74500.0,0.095,5.321695704,46.01809942
Rural,Midwest,2.0,468.0,3.0,81406.0,0.059000000000000004,7.938757937,58.54762225
Town,South,41.0,2977.0,6.0,57629.0,0.187,9.173420719,63.30629667
Suburban,Midwest,27.0,1580.0,5.0,94274.0,0.049,9.264384638,64.91767912
Rural,Midwest,16.0,1562.0,4.0,84750.0,0.038,8.443469243,59.52464447
Suburban,West,107.0,31653.0,39.0,71545.0,0.14,9.773606061,92.12467721
Town,West,43.0,2406.0,10.0,81768.0,0.052000000000000005,4.896640957,62.32106312
Rural,Northeast,2.0,34.0,1.0,41645.0,0.171,4.346903425,51.76886
Rural,South,23.0,641.0,2.0,41534.0,0.20199999999999999,8.336973915,57.83561452
Suburban,West,67.0,6867.0,12.0,123607.0,0.039,9.384658352,53.30047083
Rural,South,15.0,538.0,3.0,47321.0,0.14800000000000002,8.781430685,56.49602
Suburban,West,36.0,8233.0,5.0,121803.0,0.069,7.591003624,65.15490602
Town,South,17.0,1114.0,3.0,33163.0,0.273,9.439230352,60.24606658
Town,Midwest,24.0,3158.0,6.0,55900.0,0.129,6.036530295,57.10796628
Rural,Midwest,7.0,692.0,3.0,47407.0,0.2,8.440349566,61.71192339
Town,Midwest,11.0,740.0,2.0,63482.0,0.18,9.281866135,60.09164849
Rural,Northeast,16.0,692.0,2.0,80989.0,0.05,6.718320064,59.87768648
Suburban,Midwest,22.0,1101.0,3.0,108674.0,0.006999999999999999,9.451240253,62.06712903
Town,South,15.0,648.0,2.0,49816.0,0.19399999999999998,9.165534924,56.74069621
Rural,South,39.0,3717.0,5.0,72909.0,0.11199999999999999,9.492892643,65.351451
Rural,Northeast,17.0,476.0,2.0,73569.0,0.05,6.586685499,51.51378559
Suburban,South,8.0,1513.0,6.0,42692.0,0.231,7.808574032,56.48249254
Town,South,16.0,1005.0,3.0,53224.0,0.131,6.635049134,61.45335691
Suburban,Midwest,41.0,5185.0,7.0,93650.0,0.055999999999999994,9.058437942,61.98432228
Rural,South,9.0,120.0,1.0,55870.0,0.35200000000000004,6.117035913,61.53416004
Town,South,51.0,5004.0,11.0,51111.0,0.147,7.541329061,58.90451511
Suburban,Midwest,64.0,3454.0,7.0,90099.0,0.048,9.254342867,61.1980092
Town,Midwest,18.0,1105.0,3.0,47647.0,0.16,7.07529687,57.24502583
Suburban,Midwest,76.0,7961.0,12.0,97266.0,0.052000000000000005,9.741495204,61.12023566
Rural,Northeast,30.0,2962.0,2.0,119279.0,0.048,8.302720053,65.78916485
Rural,South,31.0,1211.0,5.0,40479.0,0.22899999999999998,8.221621582,58.29692654
Rural,Midwest,11.0,380.0,4.0,45906.0,0.131,8.336548672,60.18211036
Town,Midwest,11.0,668.0,2.0,35256.0,0.17300000000000001,8.035370037,58.27744957
Rural,Midwest,26.0,867.0,2.0,69650.0,0.08199999999999999,8.786409435,61.04755087
Suburban,Northeast,67.0,3563.0,6.0,60172.0,0.152,7.901689729,60.74389365
Town,West,18.0,965.0,4.0,64781.0,0.114,4.05864013,62.88360285
Suburban,West,15.0,1240.0,4.0,98906.0,0.08800000000000001,5.946149597,50.1425553
Rural,Midwest,25.0,1134.0,3.0,63939.0,0.063,8.714312719,58.4699303
Town,Northeast,37.0,2239.0,5.0,57000.0,0.182,5.833473199,51.91739737
Rural,Midwest,21.0,641.0,3.0,60337.0,0.14800000000000002,7.029444926,58.66305949
Town,West,24.0,1247.0,3.0,53796.0,0.14400000000000002,6.778325814,45.23416861
Rural,West,15.0,7818.0,5.0,64766.0,0.11599999999999999,4.80794611,58.49716
Rural,South,11.0,470.0,2.0,38500.0,0.19,7.688623563,55.26595171
Rural,Midwest,8.0,614.0,2.0,64620.0,0.11,8.139076406,59.63783254
Rural,West,11.0,1738.0,6.0,63142.0,0.163,5.766746776,70.46430458
Rural,Midwest,6.0,130.0,1.0,45458.0,0.155,6.880205043,54.78318012
Rural,Midwest,10.0,233.0,2.0,63333.0,0.14800000000000002,4.283391274,55.41252777
Rural,Midwest,3.0,245.0,2.0,47368.0,0.11800000000000001,8.003026906,63.34779772
Rural,Midwest,15.0,1130.0,4.0,74608.0,0.045,7.4242732,57.73965517
Rural,Northeast,62.0,3498.0,7.0,68148.0,0.065,6.643330292,55.19430045
Rural,Midwest,6.0,784.0,2.0,84183.0,0.059000000000000004,5.916489426,58.43416001
Urban,West,74.0,27900.0,19.0,55061.0,0.20600000000000002,7.364028711,68.71364221
Rural,Midwest,9.0,561.0,2.0,57969.0,0.18600000000000003,7.741694086,58.77249966
Rural,South,4.0,351.0,2.0,27344.0,0.307,9.873019942,54.68029131
Town,Midwest,4.0,252.0,2.0,46250.0,0.162,8.472997501,59.70713386
Rural,Midwest,96.0,3825.0,5.0,87897.0,0.040999999999999995,9.073379558,61.47024017
Town,Midwest,26.0,1816.0,3.0,61161.0,0.105,8.432194613,57.91246123
Rural,West,22.0,1066.0,4.0,85104.0,0.07200000000000001,5.995170203,52.57745029
Rural,Midwest,1.0,333.0,4.0,53988.0,0.10400000000000001,5.017896647,57.22626364
Rural,Midwest,6.0,216.0,2.0,49583.0,0.142,7.201442072,58.90654919
Urban,Northeast,1500.0,14852.0,25.0,39718.0,0.27699999999999997,7.953939688,67.0558734
Suburban,Northeast,1.0,6211.0,8.0,98718.0,0.095,7.527582052,68.9963153
Town,Midwest,16.0,1400.0,3.0,46711.0,0.107,8.509523114,59.94453244
Urban,Midwest,40.0,6655.0,10.0,112226.0,0.027000000000000003,9.540046774,61.19684248
Rural,West,3.0,228.0,3.0,51563.0,0.086,5.008736438,61.54971
Rural,South,55.0,3313.0,10.0,41806.0,0.223,8.217381861,58.29972339
Rural,Midwest,14.0,732.0,2.0,69375.0,0.061,7.73377278,58.3405952
Rural,West,15.0,1312.0,10.0,45724.0,0.156,3.963164172,59.72108442
Rural,Midwest,10.0,883.0,4.0,46593.0,0.133,8.644363828,56.9116422
Suburban,Northeast,89.0,4214.0,5.0,86154.0,0.049,6.744917431,60.28961847
Rural,South,20.0,998.0,5.0,55203.0,0.10099999999999999,8.372356836,58.13627342
Rural,Midwest,22.0,559.0,2.0,46019.0,0.17,7.94212158,63.2714994
Rural,West,13.0,845.0,3.0,62535.0,0.084,4.595842412,56.04441388
Urban,West,29.0,14541.0,22.0,46165.0,0.221,4.833128855,61.18547545
Rural,Midwest,33.0,1665.0,3.0,74474.0,0.055999999999999994,8.918850351,59.72045033
Urban,West,287.0,22591.0,39.0,76065.0,0.10400000000000001,7.436834642,54.99243932
Rural,Midwest,15.0,1000.0,3.0,57500.0,0.14300000000000002,7.060565634,60.5659005
Rural,Midwest,15.0,1494.0,3.0,119800.0,0.027000000000000003,8.729469702,60.01871195
Rural,West,15.0,106.0,2.0,52969.0,0.043,4.303453836,53.99885
Town,South,13.0,2997.0,8.0,45960.0,0.14800000000000002,7.088434561,58.18961828
Rural,West,5.0,44.0,2.0,61250.0,0.14300000000000002,3.944110384,54.84382
Suburban,Northeast,92.0,2835.0,5.0,177090.0,0.057999999999999996,7.883476731,67.43361206
Rural,Midwest,11.0,938.0,3.0,88450.0,0.08800000000000001,8.8031365,58.9142396
Rural,West,7.0,590.0,4.0,64275.0,0.109,5.265811902,64.88880273
Rural,Midwest,5.0,165.0,1.0,70000.0,0.053,8.708641587,58.41377681
Rural,Midwest,11.0,700.0,3.0,71420.0,0.08199999999999999,7.661622962,56.62835824
Town,West,4.0,985.0,3.0,81944.0,0.084,8.382384932,73.0492
Suburban,Northeast,56.0,2777.0,4.0,74164.0,0.043,7.034542228,53.16304634
Rural,Northeast,35.0,1429.0,3.0,85856.0,0.045,6.629740313,54.77601434
Suburban,Midwest,113.0,16109.0,33.0,60686.0,0.128,9.488249322,68.34179164
Suburban,Midwest,9.0,1798.0,3.0,61817.0,0.086,8.875743312,64.5986163
Rural,Northeast,3.0,43.0,1.0,60417.0,0.08900000000000001,3.894920849,51.84907
Rural,West,2.0,124.0,1.0,51750.0,0.342,3.61374389,63.57568
Town,South,31.0,3088.0,6.0,53420.0,0.125,7.819984144,57.64420307
Suburban,West,10.0,918.0,2.0,153670.0,0.032,4.7311072769999996,53.87748076
Rural,Midwest,2.0,24.0,1.0,64135.0,0.16699999999999998,4.743660825,54.333838
Suburban,South,167.0,23342.0,32.0,102389.0,0.07,9.172422646,69.65141719
Rural,West,4.0,30.0,1.0,36905.0,0.174,6.774477397,51.05799
Rural,Midwest,22.0,1159.0,4.0,61836.0,0.086,6.869580843,56.63750275
Town,West,40.0,3264.0,9.0,66304.0,0.126,4.374310481,61.03677024
Town,South,12.0,548.0,4.0,34078.0,0.385,8.587196501,56.60317249
Suburban,Northeast,39.0,2017.0,5.0,84246.0,0.047,6.084111407,69.53309363
Town,Midwest,44.0,3406.0,6.0,52849.0,0.151,8.601899103,58.86043776
Town,Northeast,38.0,1782.0,3.0,49567.0,0.168,6.792122764,59.04154505
Rural,Midwest,7.0,576.0,2.0,65403.0,0.106,8.564975234,64.37458581
Suburban,South,111.0,12896.0,23.0,59928.0,0.10400000000000001,6.843293765,60.25576695
Town,South,55.0,5165.0,9.0,72840.0,0.109,6.955133904,55.04870195
Rural,West,10.0,483.0,2.0,77740.0,0.044000000000000004,4.176498003,56.13208531
Rural,South,10.0,634.0,2.0,56290.0,0.091,8.782361573,60.06077801
Rural,South,17.0,1083.0,3.0,70025.0,0.059000000000000004,8.572717159,60.80673926
Rural,South,3.0,211.0,3.0,30278.0,0.435,9.8440135,54.58272852
Town,West,23.0,1473.0,6.0,48227.0,0.179,7.007438039,50.06690669
Rural,Northeast,9.0,344.0,1.0,68688.0,0.109,6.4327556,55.94801514
Town,South,4.0,324.0,1.0,30219.0,0.34600000000000003,7.836688959,57.54018
Rural,Midwest,8.0,214.0,2.0,43611.0,0.267,7.91221722,58.2730838
Rural,South,20.0,876.0,2.0,31053.0,0.27,7.596848682,55.58040562
Town,West,17.0,742.0,4.0,40448.0,0.11699999999999999,6.303632532,55.29606543
Town,Midwest,15.0,1196.0,4.0,66580.0,0.139,6.15222801,61.38741051
Rural,Northeast,14.0,440.0,2.0,95553.0,0.023,5.679253425,67.16898
Town,Midwest,29.0,2387.0,6.0,85833.0,0.034,8.297262928,57.49039863
Rural,Midwest,6.0,62.0,2.0,44412.0,0.166,7.098575646,57.05859291
Rural,Midwest,31.0,1263.0,4.0,77614.0,0.08199999999999999,7.53226469,58.31778602
Rural,Midwest,7.0,607.0,2.0,59107.0,0.08900000000000001,5.499174579,62.00989737
Rural,Midwest,4.0,378.0,3.0,63343.0,0.11900000000000001,9.114084905,61.54367886
Rural,Midwest,6.0,197.0,1.0,84896.0,0.048,9.15361763,62.74859357
Urban,South,69.0,8200.0,14.0,43540.0,0.244,9.945452528,56.61260795
Rural,Midwest,9.0,516.0,2.0,37639.0,0.337,7.068695992,54.35302929
Town,Midwest,3.0,1784.0,7.0,64652.0,0.084,6.949477137,59.57830919
Town,Midwest,59.0,4897.0,10.0,52644.0,0.175,8.317047035,57.83608279
Urban,West,11.0,1806.0,4.0,79145.0,0.095,10.78512138,63.83834844
Rural,South,47.0,2155.0,7.0,43424.0,0.201,8.882770676,58.65291854
Rural,Midwest,4.0,413.0,2.0,67688.0,0.077,4.372981479,54.39757079
Rural,Northeast,23.0,742.0,2.0,62727.0,0.076,6.34828607,53.39131095
Suburban,Midwest,169.0,10122.0,18.0,85613.0,0.055999999999999994,8.840754008,60.97188365
Suburban,Midwest,40.0,2565.0,4.0,115032.0,0.034,8.840263191,63.05691825
Rural,Midwest,9.0,852.0,3.0,59781.0,0.07200000000000001,8.203720315,59.23110552
Rural,West,4.0,711.0,4.0,59145.0,0.149,7.166759053,56.93855764
Rural,Midwest,6.0,224.0,1.0,53333.0,0.25,7.430253796,55.58025397
Town,West,6.0,1533.0,5.0,56671.0,0.124,6.835437613,54.49641549
Town,West,48.0,3272.0,9.0,64913.0,0.096,6.802472626,54.71886463
Rural,West,2.0,125.0,1.0,36875.0,0.02,7.231898308,55.07637051
Suburban,Midwest,124.0,14571.0,23.0,85862.0,0.078,9.742229246,61.30838962
Rural,South,25.0,1208.0,6.0,52679.0,0.191,7.247109485,56.39533232
Rural,South,4.0,262.0,1.0,45000.0,0.136,6.931820367,61.72551037
Rural,West,5.0,196.0,1.0,58000.0,0.121,4.144393096,54.07563
Urban,West,31.0,5075.0,11.0,54627.0,0.193,7.005795108,69.83176065
Rural,Midwest,10.0,386.0,2.0,67931.0,0.08199999999999999,6.39115999,60.15205359
Rural,South,143.0,7010.0,13.0,41103.0,0.149,7.439995385,58.02118542
Rural,Midwest,5.0,359.0,2.0,47131.0,0.10800000000000001,7.387543574,56.50039763
Town,West,32.0,2841.0,7.0,58317.0,0.096,6.762311239,53.86944982
Rural,Northeast,33.0,882.0,3.0,81099.0,0.08,6.660789134,56.76349983
Suburban,West,19.0,1079.0,4.0,54307.0,0.1,7.175497735,54.52688403
Rural,Midwest,5.0,163.0,3.0,50667.0,0.092,4.199203949,55.30791727
Rural,Midwest,19.0,652.0,3.0,59375.0,0.095,7.451535492,54.98501735
Suburban,Northeast,43.0,1743.0,4.0,84740.0,0.042,6.702656419,54.98458038
Suburban,West,54.0,22365.0,21.0,102323.0,0.055,8.319627462,70.89432692
Rural,Midwest,14.0,564.0,5.0,53690.0,0.16,4.90384472,57.94974005
Suburban,West,61.0,19297.0,28.0,68370.0,0.133,10.63638803,96.22862106
Suburban,Northeast,124.0,5548.0,9.0,131682.0,0.028999999999999998,6.748021339,57.35824554
Urban,Northeast,55.0,5088.0,8.0,48069.0,0.163,5.998967033,51.78257746
Rural,Midwest,4.0,258.0,2.0,45865.0,0.109,5.57436589,55.39409392
Rural,South,13.0,899.0,2.0,46342.0,0.1,8.606099734,56.48938477
Rural,West,2.0,96.0,2.0,43244.0,0.147,5.147587828,56.6364901
Town,South,15.0,1485.0,4.0,36757.0,0.221,9.127903704,58.89282042
Town,West,11.0,1972.0,6.0,63733.0,0.16899999999999998,8.261854031,59.68111557
Rural,South,17.0,691.0,2.0,54821.0,0.214,8.635794512,61.56568027
Rural,Midwest,42.0,399.0,1.0,96538.0,0.047,8.555423562,58.87571
Rural,South,18.0,660.0,3.0,54934.0,0.183,8.442407783,57.87783844
Town,Midwest,13.0,1201.0,4.0,53628.0,0.158,5.801054666,59.55211055
Suburban,Midwest,144.0,11801.0,18.0,127903.0,0.035,9.714978055,64.25848522
Town,South,81.0,5190.0,18.0,38493.0,0.257,7.204899826,57.17329295
Rural,South,18.0,2031.0,3.0,47835.0,0.201,7.580792141,60.87654453
Rural,Midwest,11.0,275.0,3.0,59583.0,0.099,7.969732877,59.70105
Urban,South,143.0,10728.0,11.0,61161.0,0.157,8.575172593,59.60581106
Rural,Midwest,12.0,1100.0,4.0,77599.0,0.095,8.046093061,55.68708059
Rural,Midwest,3.0,29.0,2.0,67083.0,0.087,5.029341357,55.90445263
Town,South,34.0,3880.0,8.0,39745.0,0.317,7.307586885,61.48240165
Rural,South,10.0,530.0,3.0,42210.0,0.20800000000000002,6.540531931,60.74219196
Rural,West,3.0,286.0,1.0,53606.0,0.121,6.483275003,54.8274555
Rural,Midwest,7.0,342.0,3.0,51000.0,0.114,5.893350862,54.49131455
Town,West,48.0,2585.0,6.0,50455.0,0.21600000000000003,5.554733398,65.00181669
Town,West,14.0,3352.0,7.0,80657.0,0.08900000000000001,7.508390393,65.95830209
Rural,Midwest,3.0,1506.0,5.0,99763.0,0.067,6.391307304,58.57830853
Rural,South,17.0,1084.0,3.0,69077.0,0.042,8.955921436,60.17553619
Rural,Midwest,8.0,448.0,3.0,80034.0,0.051,7.268516483,58.75042648
Rural,West,25.0,616.0,4.0,25955.0,0.396,3.720022194,59.92526726
Suburban,Midwest,212.0,4802.0,4.0,64632.0,0.115,8.693839928,61.65124792
Town,West,17.0,1430.0,3.0,67373.0,0.085,5.00874102,46.15393513
Rural,South,52.0,2621.0,8.0,56827.0,0.145,7.80064085,56.46865772
Rural,South,7.0,737.0,4.0,102500.0,0.015,9.039802521,66.21022262
Town,South,14.0,1931.0,4.0,30759.0,0.28600000000000003,6.278848478,64.04995867
Rural,South,60.0,6067.0,8.0,74821.0,0.102,7.042075473,64.19060071
Rural,Midwest,31.0,1725.0,6.0,67326.0,0.095,8.849282174,59.63646747
Rural,West,5.0,106.0,3.0,70333.0,0.113,3.725497424,55.3416144
Rural,South,9.0,493.0,1.0,61071.0,0.162,9.129343665,60.78714547
Suburban,South,3.0,639.0,2.0,69154.0,0.124,9.897426258,65.87527743
Town,West,21.0,2669.0,7.0,69327.0,0.124,8.377031093,70.48816907
Rural,Northeast,32.0,1338.0,3.0,86754.0,0.067,7.713920394,64.19588413
Rural,West,15.0,557.0,3.0,67587.0,0.049,6.633698881,54.15728839
Rural,Midwest,5.0,210.0,1.0,61875.0,0.115,8.486061043,60.34885948
Town,South,29.0,2303.0,4.0,65160.0,0.075,8.626785471,61.68399602
Urban,South,218.0,16729.0,23.0,69435.0,0.102,9.165463428,66.34077317
Urban,South,134.0,14900.0,25.0,63610.0,0.14300000000000002,7.137190869,58.47854507
Rural,West,57.0,5037.0,17.0,37025.0,0.28600000000000003,4.434293019,60.74169835
Town,Midwest,2.0,3204.0,6.0,102449.0,0.02,6.106218286,58.61077196
Town,South,40.0,5612.0,4.0,44049.0,0.32899999999999996,9.308135441,63.89258765
Rural,South,50.0,3100.0,8.0,55183.0,0.16399999999999998,9.066454141,60.68269422
Rural,Midwest,21.0,992.0,3.0,73580.0,0.061,9.236838014,61.03728317
Suburban,Northeast,45.0,8096.0,14.0,94153.0,0.064,7.679604693,64.53595074
Urban,West,587.0,58343.0,78.0,61771.0,0.136,6.124492011,70.82522706
Rural,Midwest,2.0,91.0,1.0,54000.0,0.078,8.192620274,59.77216239
Suburban,Midwest,40.0,7115.0,10.0,143685.0,0.027999999999999997,9.516375725,60.88051296
Urban,West,70.0,10107.0,20.0,62232.0,0.084,9.905360697,55.38879244
Urban,Midwest,73.0,7694.0,16.0,47257.0,0.17300000000000001,8.581505823,57.85685366
Town,Midwest,14.0,1316.0,6.0,55058.0,0.16,8.465286476,61.19205126
Rural,South,24.0,1183.0,4.0,45625.0,0.129,9.405056822,59.17027804
Rural,South,9.0,295.0,2.0,85417.0,0.124,7.297481918,64.05935
Rural,West,12.0,451.0,2.0,53958.0,0.122,4.801492646,55.12405624
Rural,South,43.0,1006.0,5.0,27099.0,0.316,9.076680814,57.19724034
Rural,West,11.0,275.0,2.0,49868.0,0.11699999999999999,5.300564531,52.23512165
Rural,South,6.0,140.0,1.0,53077.0,0.17800000000000002,7.070902557,62.94811635
Rural,West,20.0,1688.0,5.0,84211.0,0.07400000000000001,6.910406273,53.63964704
Rural,West,7.0,571.0,1.0,58281.0,0.149,11.78448204,73.41179821
Rural,Midwest,8.0,329.0,1.0,53851.0,0.078,4.743660825,54.333838
Rural,Midwest,8.0,413.0,2.0,68261.0,0.049,5.401544875,59.70434142
Suburban,Northeast,32.0,3551.0,7.0,114293.0,0.033,8.01357153,63.97799999
Rural,South,6.0,100.0,1.0,53500.0,0.27899999999999997,6.321422989,61.77856591
Suburban,Northeast,7.0,3677.0,6.0,76355.0,0.12,7.997887403,63.53362617
Rural,Midwest,21.0,1480.0,4.0,75561.0,0.059000000000000004,8.213678652,60.40166749
Suburban,Midwest,14.0,1566.0,6.0,58867.0,0.065,8.067639278,63.15766005
Rural,Northeast,10.0,1044.0,3.0,82213.0,0.094,7.115418241,58.17420556
Rural,Northeast,9.0,152.0,1.0,46344.0,0.13699999999999998,7.153297534,59.91894
Rural,South,4.0,183.0,1.0,51625.0,0.126,6.176815449,61.95978762
Suburban,Northeast,70.0,3973.0,5.0,92060.0,0.07200000000000001,7.373896789,58.7582273
Suburban,West,114.0,15131.0,25.0,79721.0,0.08900000000000001,7.552356901,46.62836243
Suburban,South,172.0,15734.0,18.0,64230.0,0.11900000000000001,10.00958384,68.9562233
Town,West,6.0,484.0,2.0,97831.0,0.034,5.130642856,65.15841501
Urban,Midwest,55.0,3402.0,10.0,42114.0,0.24,9.423722006,61.77820477
Town,South,31.0,1810.0,5.0,36832.0,0.254,7.538368753,58.10124111
Suburban,Northeast,75.0,6659.0,4.0,107631.0,0.036000000000000004,7.926694846,66.22926867
Rural,West,9.0,689.0,2.0,75859.0,0.032,4.646342849,54.88846
Suburban,Midwest,90.0,6242.0,11.0,58563.0,0.098,9.639630636,59.33839188
Rural,Northeast,7.0,169.0,1.0,65000.0,0.053,5.276051308,53.26827089
Rural,Midwest,28.0,2698.0,5.0,40662.0,0.313,7.372202967,55.49113245
Town,West,14.0,2066.0,3.0,80856.0,0.096,7.371821521,66.16228887
Rural,Midwest,9.0,212.0,2.0,45536.0,0.196,7.2847679,54.88060296
Rural,South,35.0,1745.0,5.0,42784.0,0.185,8.456675844,60.12384212
Rural,Midwest,8.0,270.0,3.0,44233.0,0.147,8.038426793,59.32625511
Rural,West,31.0,490.0,1.0,77431.0,0.073,8.454074549,59.59749108
Urban,Midwest,94.0,13976.0,29.0,75943.0,0.077,5.384120831,58.31105459
Rural,Midwest,20.0,967.0,3.0,67148.0,0.047,9.07810372,61.22011781
Rural,Midwest,52.0,1154.0,6.0,63269.0,0.106,7.318434559,58.7297991
Suburban,Midwest,14.0,1658.0,4.0,64333.0,0.099,9.16206998,59.47371693
Rural,West,1.0,25.0,1.0,65000.0,0.196,4.477885616,55.49126
Suburban,Northeast,37.0,760.0,2.0,219135.0,0.024,7.549492603,61.60917
Rural,Northeast,22.0,990.0,3.0,51232.0,0.204,6.475755255,50.92976485
Suburban,South,52.0,4457.0,11.0,34296.0,0.28800000000000003,10.55542506,54.68263891
Rural,West,5.0,106.0,1.0,43684.0,0.11599999999999999,4.452754911,61.91415696
Rural,South,21.0,1476.0,4.0,80845.0,0.155,9.144977998,61.89367088
Urban,West,138.0,21177.0,30.0,92422.0,0.071,6.144658969,70.4833927
Rural,West,8.0,814.0,2.0,77875.0,0.06,5.932201797,50.74694642
Rural,Midwest,40.0,1900.0,4.0,56828.0,0.125,8.6114357,60.70492284
Rural,South,37.0,2038.0,7.0,45324.0,0.147,6.144484649,58.55858399
Rural,South,11.0,350.0,2.0,57900.0,0.151,8.977806738,57.15803105
Rural,Midwest,9.0,463.0,2.0,78828.0,0.055999999999999994,7.847279222,58.75597192
Town,West,69.0,1657.0,12.0,58329.0,0.08,3.597297354,56.9381706
Town,South,60.0,3656.0,5.0,54506.0,0.149,9.096306112,62.59693289
Suburban,West,17.0,7965.0,15.0,97045.0,0.081,10.99727821,81.81491683
Rural,West,14.0,150.0,2.0,61417.0,0.11900000000000001,4.411876381,55.7324083
Town,Midwest,49.0,5343.0,7.0,59771.0,0.145,8.136741827,57.91875031
Rural,South,33.0,1257.0,4.0,50601.0,0.12,7.7523334,56.93100397
Town,Midwest,46.0,3159.0,5.0,67480.0,0.07,7.38062629,62.36462841
Suburban,Midwest,43.0,2738.0,6.0,75281.0,0.062,8.208430541,58.14959397
Rural,Northeast,13.0,563.0,2.0,58750.0,0.168,6.199243272,53.24104023
Rural,South,31.0,1524.0,5.0,61622.0,0.131,8.701835329,60.27450234
Rural,Midwest,24.0,1564.0,5.0,64737.0,0.062,8.676930246,58.24547169
Rural,West,20.0,1294.0,4.0,69291.0,0.113,7.22660767,52.69931424
Rural,Northeast,1.0,224.0,2.0,184688.0,0.065,7.436292845,60.89584252
Rural,West,26.0,596.0,3.0,72115.0,0.14400000000000002,3.244370673,59.20404662
Town,Midwest,16.0,1798.0,6.0,55364.0,0.171,7.624466796,65.91750585
Town,Midwest,15.0,1400.0,4.0,78352.0,0.053,7.70680441,58.87664697
Town,Midwest,15.0,1000.0,3.0,60272.0,0.033,7.292118777,58.79265163
Town,West,49.0,3822.0,13.0,57153.0,0.12,9.351725622,52.85360403
Town,South,46.0,3856.0,8.0,36478.0,0.23800000000000002,8.637626718,60.48410208
Town,West,22.0,1435.0,5.0,87066.0,0.043,8.426002929,55.16694555
Town,West,10.0,890.0,4.0,44401.0,0.198,4.386482266,62.96651267
Rural,Midwest,20.0,1075.0,3.0,109704.0,0.019,9.520711986,60.3061132
Suburban,Northeast,18.0,6312.0,11.0,64782.0,0.225,7.111329595,59.21849272
Rural,West,8.0,212.0,3.0,58425.0,0.179,6.103600676,52.50065147
Town,West,3.0,1121.0,4.0,114583.0,0.064,6.09815534,53.90939383
Rural,Midwest,9.0,399.0,2.0,55673.0,0.06,8.778349329,60.83698487
Rural,Midwest,13.0,524.0,3.0,58071.0,0.129,8.177659611,55.07355436
Town,Midwest,37.0,1194.0,4.0,59421.0,0.179,8.691838739,59.90277695
Rural,Northeast,11.0,352.0,1.0,61198.0,0.106,6.009224935,53.18742797
Rural,Midwest,8.0,461.0,2.0,67396.0,0.075,8.642885134,61.39024209
Rural,West,3.0,13.0,1.0,60000.0,0.024,2.900952575,56.3659
Town,West,12.0,1423.0,3.0,52075.0,0.162,9.737697092,57.85869683
Rural,South,130.0,6737.0,16.0,54737.0,0.127,6.808325051,58.77852195
Rural,Northeast,11.0,177.0,1.0,96193.0,0.054000000000000006,6.196251781,51.38334
Town,Midwest,3.0,664.0,3.0,68259.0,0.08800000000000001,6.896699431,59.09979093
Urban,West,36.0,4765.0,13.0,62431.0,0.146,7.696706146,53.2167957
Town,West,43.0,3673.0,6.0,54129.0,0.18600000000000003,5.693673541,57.93871978
Rural,Midwest,8.0,443.0,2.0,71319.0,0.048,7.708290539,54.88804852
Rural,Midwest,9.0,621.0,2.0,59161.0,0.129,5.479012986,52.66194329
Rural,Midwest,7.0,250.0,2.0,52188.0,0.198,7.883014849,60.294916
Town,Midwest,2.0,894.0,2.0,54003.0,0.11699999999999999,4.655209558,54.04752606
Rural,West,29.0,1076.0,3.0,46211.0,0.10800000000000001,4.187950088,62.32847329
Suburban,Midwest,12.0,625.0,1.0,90047.0,0.067,8.692235363,60.54061264
Suburban,Midwest,31.0,5198.0,11.0,75350.0,0.057999999999999996,8.490012995,62.29368766
Rural,West,8.0,701.0,6.0,62588.0,0.107,5.715053634,43.36591195
Rural,South,62.0,3630.0,5.0,36687.0,0.242,9.378239226,60.14372271
Rural,West,4.0,214.0,1.0,63659.0,0.141,11.6593229,71.51045084
Rural,Midwest,2.0,193.0,1.0,61172.0,0.10300000000000001,5.650830163,53.40987268
Town,South,47.0,6096.0,8.0,47759.0,0.142,8.697012871,60.38883013
Town,South,28.0,4166.0,4.0,82692.0,0.098,9.757738963,61.57095372
Rural,South,100.0,9748.0,11.0,106932.0,0.065,9.616884867,66.41151878
Town,South,22.0,2125.0,4.0,41864.0,0.251,9.392033857,61.27035135
Rural,South,68.0,6114.0,13.0,64657.0,0.126,8.875651938,62.66805181
Urban,West,49.0,10973.0,19.0,53155.0,0.239,9.012420717,70.62699954
Town,Midwest,36.0,2317.0,5.0,54425.0,0.165,8.093080796,55.51089122
Rural,Northeast,2.0,72.0,1.0,51900.0,0.121,4.011093096,51.25074
Rural,South,55.0,3149.0,6.0,47495.0,0.184,7.6677323,57.64283223
Urban,South,69.0,9732.0,13.0,59088.0,0.163,10.7760449,54.08000321
Town,Midwest,8.0,452.0,2.0,50743.0,0.127,5.531968576,52.99618559
Town,Northeast,21.0,1327.0,3.0,52012.0,0.151,6.05384979,51.05601059
Rural,Midwest,11.0,431.0,2.0,63667.0,0.09,6.832171628,56.039124
Urban,West,30.0,10318.0,19.0,182645.0,0.06,7.068654543,56.4421055
Rural,South,31.0,1573.0,4.0,53133.0,0.11900000000000001,8.723541115,60.60977993
Rural,Midwest,26.0,1037.0,4.0,66642.0,0.10300000000000001,7.761406532,56.08858518
Rural,West,36.0,1692.0,7.0,68733.0,0.14800000000000002,5.227066633,46.71098775
Suburban,Midwest,53.0,1655.0,2.0,75536.0,0.094,8.637475797,61.05951912
Rural,Northeast,101.0,3860.0,5.0,79435.0,0.07,6.806060309,57.36312208
Suburban,Midwest,31.0,2845.0,4.0,91495.0,0.04,10.21671471,65.92297991
Town,Midwest,22.0,2120.0,4.0,54219.0,0.172,9.194118436,61.91696223
Rural,Midwest,7.0,1260.0,5.0,55083.0,0.154,6.342001071,59.42832372
Urban,South,148.0,10610.0,12.0,50930.0,0.171,8.515998533,57.40491558
Rural,Midwest,27.0,1156.0,2.0,71629.0,0.064,4.918354733,52.54980762
Rural,Midwest,14.0,1151.0,5.0,62617.0,0.095,6.485184918,54.89261083
Town,South,131.0,4620.0,11.0,45962.0,0.151,7.629734744,57.88457981
Rural,Midwest,12.0,756.0,3.0,45824.0,0.177,7.123966104,55.04081414
Rural,West,8.0,356.0,4.0,50417.0,0.13699999999999998,7.981656251,51.53274802
Rural,South,19.0,1659.0,4.0,70288.0,0.053,9.701053717,55.72147131
Rural,South,32.0,1132.0,4.0,43566.0,0.17800000000000002,9.155584583,60.26052704
Suburban,West,11.0,3231.0,7.0,79604.0,0.09699999999999999,5.065826266,54.14131372
Suburban,Northeast,25.0,1466.0,4.0,68054.0,0.12300000000000001,6.980928904,67.51086788
Town,Midwest,10.0,499.0,2.0,73913.0,0.055999999999999994,8.537978097,58.53261617
Rural,South,16.0,761.0,3.0,65523.0,0.163,9.054460216,61.21233221
Rural,West,1.0,17.0,1.0,40313.0,0.233,4.801696488,55.42721913
Rural,Midwest,9.0,426.0,4.0,61205.0,0.054000000000000006,5.993568478,61.79865894
Rural,South,86.0,3014.0,7.0,44805.0,0.172,7.449511696,57.04372816
Town,Midwest,14.0,884.0,4.0,42478.0,0.247,8.604692338,58.72882676
Suburban,Midwest,49.0,5429.0,11.0,85293.0,0.065,9.12666099,63.46436385
Town,Midwest,34.0,2230.0,5.0,52935.0,0.163,7.245170685,61.98688028
Suburban,Northeast,13.0,6836.0,10.0,122583.0,0.061,8.070152861,71.67048234
Rural,Midwest,14.0,472.0,2.0,68594.0,0.111,8.087476494,57.59586726
Rural,South,385.0,24201.0,34.0,98973.0,0.071,7.646046683,56.7855829
Urban,West,6.0,765.0,3.0,88135.0,0.028999999999999998,5.163733491,60.01842891
Town,Midwest,16.0,1586.0,3.0,57219.0,0.172,8.054179866,55.76210415
Urban,Midwest,145.0,16086.0,19.0,49639.0,0.153,10.20595339,62.04181233
Rural,South,11.0,506.0,2.0,50559.0,0.193,8.371977858,56.56736664
Rural,Midwest,7.0,135.0,2.0,68333.0,0.054000000000000006,5.412414002,57.9108764
Rural,South,35.0,2027.0,6.0,47414.0,0.23,7.76052942,60.23320801
Town,Northeast,6.0,1430.0,3.0,81204.0,0.12,7.535618904,65.79373
Rural,Midwest,12.0,609.0,2.0,52315.0,0.16399999999999998,6.882029923,56.37344498
Rural,South,42.0,2053.0,8.0,33699.0,0.28300000000000003,7.699712588,57.15885754
Town,West,9.0,1522.0,6.0,39867.0,0.23399999999999999,7.365546994,61.19427597
Rural,Midwest,15.0,1156.0,3.0,60350.0,0.08800000000000001,8.183213214,56.60197873
Rural,Midwest,16.0,710.0,3.0,73472.0,0.066,6.806238814,58.31336214
Rural,South,25.0,893.0,5.0,37225.0,0.175,5.900120075,56.05307434
Town,South,26.0,1777.0,4.0,40758.0,0.25,8.374359591,58.04027925
Rural,Midwest,27.0,1946.0,6.0,87627.0,0.05,7.17077925,59.08233011
Suburban,Midwest,82.0,11370.0,16.0,100354.0,0.051,9.527857651,59.16460543
Rural,West,3.0,81.0,1.0,57083.0,0.124,7.291712595,51.09267306
Rural,West,3.0,310.0,1.0,80000.0,0.10099999999999999,8.240613672,64.31039129
Rural,Midwest,5.0,394.0,2.0,74500.0,0.067,9.082051388,60.25966734
Rural,Midwest,1.0,894.0,3.0,69914.0,0.055999999999999994,5.820994548,58.84905903
Rural,West,5.0,145.0,3.0,44500.0,0.165,4.329010493,54.78093
Town,Midwest,22.0,1280.0,3.0,70846.0,0.095,9.249953956,62.6458947
Rural,South,9.0,553.0,1.0,44196.0,0.095,8.72701656,60.07260092
Rural,Midwest,3.0,176.0,2.0,54107.0,0.11,7.84899255,56.67259818
Rural,Northeast,24.0,1057.0,3.0,60799.0,0.10400000000000001,6.419959285,54.76811891
Rural,Midwest,32.0,1228.0,2.0,54258.0,0.151,8.321886071,60.39995542
Rural,Midwest,12.0,447.0,2.0,58661.0,0.21,4.974225965,54.00273829
Town,West,14.0,1361.0,4.0,75436.0,0.039,7.944048653,63.69161546
Rural,Midwest,20.0,1038.0,3.0,68876.0,0.057,7.58037414,57.78173364
Rural,Northeast,3.0,179.0,1.0,62540.0,0.11900000000000001,4.037102603,56.20542
Rural,South,8.0,479.0,1.0,53833.0,0.22899999999999998,8.048452055,57.98444
Suburban,South,22.0,2055.0,4.0,112026.0,0.044000000000000004,6.879074432,59.67608123
Suburban,Northeast,9.0,2194.0,3.0,92995.0,0.044000000000000004,7.889070604,63.82627802
Rural,South,72.0,3619.0,5.0,49636.0,0.19,9.045305816,61.94640155
Town,Midwest,31.0,1273.0,2.0,47237.0,0.187,8.385218629,58.83918999
Rural,Midwest,21.0,1371.0,5.0,69701.0,0.094,8.600109912,62.00462494
Suburban,West,39.0,9061.0,16.0,67830.0,0.152,5.143719709,46.6897524
Rural,South,8.0,353.0,1.0,36310.0,0.28600000000000003,5.98069863,63.55663
Rural,Midwest,24.0,1340.0,3.0,49375.0,0.207,8.089525793,56.5750696
Rural,West,12.0,842.0,4.0,48500.0,0.204,3.084461756,56.91655288
Rural,Midwest,8.0,341.0,2.0,73482.0,0.07200000000000001,7.085111815,58.56335412
Urban,West,2.0,1648.0,5.0,121681.0,0.055,6.948775074,66.22069482
Urban,West,17.0,5189.0,9.0,89333.0,0.098,6.674360253,60.55965668
Suburban,Midwest,186.0,17997.0,22.0,100669.0,0.046,8.483260158,63.86275858
Suburban,Midwest,13.0,1496.0,4.0,62617.0,0.095,9.97926188,63.64507917
Rural,Midwest,42.0,3863.0,6.0,87210.0,0.039,9.35191404,63.14305368
Suburban,West,41.0,22359.0,22.0,77621.0,0.092,11.46096408,64.60858223
Rural,Midwest,19.0,1249.0,3.0,64666.0,0.068,9.421856971,59.30922058
Rural,Midwest,16.0,752.0,4.0,65222.0,0.048,7.581811609,56.96989811
Rural,Midwest,4.0,100.0,2.0,58348.0,0.018000000000000002,6.331169743,56.89923075
Urban,West,55.0,4002.0,3.0,55182.0,0.16399999999999998,6.442035753,63.79978966
Suburban,West,22.0,4634.0,8.0,122800.0,0.04,6.152857794,50.50895994
Suburban,South,122.0,18850.0,21.0,107113.0,0.055999999999999994,9.170988241,66.43241623
Town,Midwest,22.0,1305.0,4.0,43153.0,0.171,7.645974987,56.13135695
Rural,South,60.0,3663.0,11.0,50618.0,0.156,8.200412934,60.00357277
Suburban,South,78.0,8626.0,13.0,51641.0,0.171,8.413826604,62.66576803
Rural,Midwest,7.0,295.0,3.0,51518.0,0.159,7.193217667,56.39304813
Town,Midwest,28.0,4223.0,9.0,40465.0,0.23199999999999998,8.871470846,58.37852231
Rural,Midwest,6.0,164.0,2.0,65781.0,0.049,6.467125448,60.93044689
Suburban,Northeast,7.0,5438.0,7.0,76647.0,0.102,8.791653613,63.14581285
Rural,South,8.0,207.0,2.0,50625.0,0.109,8.732980548,61.86127
Town,Midwest,4.0,279.0,1.0,76000.0,0.07400000000000001,8.85962779,60.35447666
Town,Midwest,28.0,3444.0,6.0,49213.0,0.18100000000000002,8.958321477,59.24882901
Suburban,Midwest,13.0,683.0,1.0,80508.0,0.059000000000000004,8.211929591,60.56836226
Rural,Northeast,16.0,500.0,2.0,46837.0,0.124,4.12552275,48.6533559
Rural,Midwest,11.0,222.0,2.0,44643.0,0.18600000000000003,7.075353111,55.19852337
Suburban,South,130.0,18384.0,22.0,116260.0,0.042,9.011269698,63.23055506
Town,South,21.0,4383.0,8.0,43832.0,0.19699999999999998,8.290324275,61.1761105
Rural,Northeast,1.0,44.0,1.0,38365.0,0.242,4.764812795,48.39648
Suburban,South,344.0,53712.0,52.0,88012.0,0.10300000000000001,10.26138791,68.86755049
Town,South,35.0,1643.0,4.0,55399.0,0.11699999999999999,8.741078097,61.94389057
Town,Midwest,16.0,960.0,4.0,46833.0,0.094,5.696980312,56.05184457
Rural,Midwest,29.0,2793.0,5.0,59379.0,0.11,5.694857462,53.60257505
Rural,Midwest,8.0,419.0,2.0,43939.0,0.19899999999999998,6.214656747,57.38504334
Town,South,99.0,7406.0,21.0,55094.0,0.146,7.386296921,57.11433556
Rural,Midwest,6.0,275.0,2.0,82614.0,0.062,3.86030011,57.42217
Suburban,West,27.0,3152.0,7.0,129112.0,0.062,7.439827832,68.72992492
Urban,South,273.0,63365.0,90.0,56786.0,0.129,7.125631838,57.173742
Urban,Northeast,1.0,1877.0,3.0,88414.0,0.08800000000000001,6.912367671,61.25276545
Suburban,Midwest,7.0,748.0,4.0,60296.0,0.11699999999999999,7.909203785,57.92457693
Town,Midwest,37.0,2757.0,6.0,48390.0,0.18600000000000003,7.279445667,58.97455535
Rural,South,12.0,495.0,2.0,74135.0,0.08900000000000001,8.633379568,61.88565211
Rural,West,6.0,528.0,3.0,52500.0,0.26,5.774702458,60.83524838
Rural,Midwest,2.0,457.0,3.0,67083.0,0.036000000000000004,5.626789583,57.01975821
Rural,South,25.0,1254.0,3.0,41083.0,0.17800000000000002,8.442655456,56.81409089
Suburban,Northeast,9.0,1848.0,4.0,128151.0,0.079,7.498675375,67.6334152
Rural,South,57.0,8521.0,11.0,98224.0,0.036000000000000004,8.8202678,62.82818452
Suburban,Midwest,65.0,5788.0,9.0,63582.0,0.122,7.580613714,59.62539371
Suburban,West,36.0,7208.0,15.0,113339.0,0.07400000000000001,6.719606031,52.13203377
Rural,West,10.0,1264.0,4.0,56784.0,0.094,4.710266681,52.42073539
Urban,West,40.0,13467.0,23.0,191958.0,0.042,7.030053414,60.279166
Rural,South,62.0,2642.0,5.0,100517.0,0.042,7.679875114,56.66615548
Urban,South,405.0,72783.0,140.0,56469.0,0.185,9.260560022,66.60932817
Rural,Midwest,22.0,1149.0,2.0,42685.0,0.159,6.052416293,55.5021161
Town,West,5.0,5687.0,11.0,31844.0,0.295,6.309261305,57.82684816
Rural,Midwest,9.0,709.0,7.0,88836.0,0.04,7.932973741,58.06100776
Rural,South,9.0,230.0,1.0,44697.0,0.10099999999999999,4.990589589,59.29763
Suburban,South,72.0,18191.0,20.0,106333.0,0.038,8.989255638,69.3613289
Rural,South,14.0,1083.0,4.0,60346.0,0.152,9.071438946,58.70434063
Suburban,South,1017.0,207561.0,276.0,65784.0,0.139,7.618367409,61.72940582
Rural,Midwest,13.0,1030.0,3.0,61394.0,0.096,7.736093845,62.59469728
Rural,South,9.0,436.0,1.0,72250.0,0.133,8.935881729,60.45908957
Suburban,West,76.0,10174.0,22.0,56161.0,0.18100000000000002,8.064536127,62.41648329
Urban,South,52.0,8152.0,15.0,41013.0,0.278,8.632871469,64.49059193
Rural,West,11.0,512.0,3.0,75125.0,0.067,3.831260537,60.05460541
Rural,Midwest,15.0,606.0,4.0,68523.0,0.105,6.791393542,57.09781857
Rural,Northeast,7.0,222.0,1.0,62455.0,0.099,5.188144,57.56737
Suburban,Northeast,8.0,1862.0,4.0,73045.0,0.146,8.2720872,67.65704198
Suburban,Midwest,9.0,778.0,2.0,77135.0,0.14400000000000002,8.897588461,63.1884303
Suburban,South,41.0,3177.0,6.0,41967.0,0.29600000000000004,6.718817743,65.15568222
Rural,Midwest,15.0,1466.0,4.0,88393.0,0.069,8.144462227,58.01270916
Rural,West,4.0,64.0,2.0,57250.0,0.069,6.182420716,52.54016742
Rural,Midwest,10.0,992.0,4.0,48514.0,0.14300000000000002,8.375256671,62.0585191
Urban,Midwest,18.0,3118.0,8.0,65319.0,0.10400000000000001,10.14298141,63.69678512
Rural,Midwest,1.0,19.0,1.0,56563.0,0.040999999999999995,7.264679178,60.11474
Rural,West,3.0,234.0,2.0,96420.0,0.057999999999999996,4.675238938,55.04153098
Rural,South,4.0,117.0,1.0,73250.0,0.102,6.320486228,60.64948279
Rural,West,7.0,166.0,2.0,91750.0,0.052000000000000005,4.743014651,56.01643449
Rural,South,17.0,882.0,3.0,44097.0,0.14300000000000002,8.81858593,56.97617351
Rural,West,19.0,742.0,4.0,58341.0,0.113,5.147557366,47.78771861
Suburban,Northeast,11.0,1418.0,4.0,99177.0,0.044000000000000004,7.381220554,60.0476241
Rural,Northeast,7.0,231.0,1.0,60147.0,0.18,5.393107667,51.79750696
Rural,Northeast,16.0,727.0,2.0,61409.0,0.12,5.978973071,51.59185034
Town,South,57.0,5943.0,9.0,42042.0,0.256,8.966631166,60.02884071
Suburban,Northeast,33.0,3950.0,7.0,112937.0,0.043,7.636282077,64.1355032
Suburban,Northeast,4.0,1783.0,1.0,157475.0,0.037000000000000005,7.906681817,63.04560122
Rural,Midwest,3.0,489.0,3.0,86797.0,0.06,8.900488583,60.2710852
Rural,Midwest,3.0,86.0,1.0,58250.0,0.066,9.288351844,60.05814375
Town,South,16.0,1216.0,3.0,58157.0,0.166,8.73657227,61.74165003
Rural,South,23.0,1146.0,3.0,64386.0,0.079,9.049198729,63.95863209
Urban,West,118.0,13193.0,27.0,64100.0,0.099,2.95613144,58.15589477
Suburban,South,162.0,14490.0,22.0,81883.0,0.096,7.162688271,56.95601232
Suburban,West,37.0,6716.0,6.0,96132.0,0.079,5.748100034,66.50816162
Rural,West,9.0,839.0,3.0,86970.0,0.11199999999999999,6.895198031,52.51755617
Rural,South,10.0,319.0,2.0,41447.0,0.1,8.050569032,56.38706609
Rural,Midwest,8.0,479.0,3.0,48143.0,0.18,6.39072519,55.8387832
Rural,Midwest,11.0,783.0,2.0,65071.0,0.096,5.174439541,58.98305277
Suburban,Northeast,11.0,4787.0,12.0,66296.0,0.147,8.797609831,63.83230008
Town,Midwest,43.0,1605.0,5.0,65470.0,0.067,8.36853521,59.31814067
Suburban,South,9.0,2211.0,4.0,55174.0,0.10400000000000001,7.794229065,60.26896369
Rural,West,1.0,3.0,1.0,67321.0,0.079,3.591002658,55.97931
Rural,Midwest,11.0,498.0,2.0,73885.0,0.076,7.709311949,59.34737014
Town,West,12.0,2402.0,6.0,46741.0,0.312,7.205657727,69.49881151
Rural,South,155.0,12755.0,26.0,56325.0,0.142,5.972757583,58.50189379
Rural,West,14.0,431.0,2.0,55679.0,0.122,5.514426822,48.36264
Rural,Midwest,8.0,451.0,2.0,75214.0,0.091,8.265233817,57.44158486
Rural,West,35.0,2309.0,8.0,72881.0,0.07400000000000001,5.098635073,46.70574844
Rural,South,11.0,636.0,2.0,42791.0,0.07400000000000001,8.812888026,56.76034201
Town,Midwest,29.0,2186.0,7.0,53750.0,0.132,6.176001656,54.44900327
Rural,Midwest,9.0,142.0,2.0,48438.0,0.114,4.8946734,56.27526766
Rural,Northeast,10.0,447.0,2.0,57132.0,0.107,5.974764439,51.68086771
Rural,South,86.0,3505.0,11.0,45220.0,0.152,6.869051359,57.57996563
Rural,Midwest,4.0,665.0,3.0,44315.0,0.25,5.539740976,58.35939932
Rural,South,50.0,2202.0,5.0,37694.0,0.249,7.753527627,55.79233454
Rural,West,1.0,56.0,1.0,75066.0,0.121,5.551302197,46.77024476
Rural,South,14.0,357.0,2.0,54806.0,0.111,8.331314263,63.32742341
Rural,West,17.0,593.0,2.0,80455.0,0.059000000000000004,8.362995887,54.39607394
Town,Midwest,7.0,719.0,2.0,85417.0,0.057,8.547233023,58.43985224
Rural,South,7.0,262.0,3.0,57526.0,0.147,8.722937483,60.54912898
Town,South,39.0,1701.0,6.0,32608.0,0.319,7.454014111,57.63992252
Rural,Northeast,71.0,2615.0,5.0,103142.0,0.049,6.857533248,56.01238613
Rural,South,17.0,823.0,3.0,63598.0,0.192,8.680488184,61.49933557
Rural,West,5.0,385.0,2.0,57025.0,0.127,5.56704205,52.7606838
Rural,West,3.0,38.0,1.0,53214.0,0.17300000000000001,3.919443707,60.00509331
Rural,Midwest,5.0,317.0,1.0,41532.0,0.158,4.807764487,52.39941143
Rural,Midwest,10.0,522.0,2.0,73917.0,0.073,8.148478332,61.82129604
Suburban,West,9.0,3389.0,6.0,110747.0,0.069,10.87746189,62.79843475
Suburban,South,28.0,3641.0,5.0,75565.0,0.121,10.22237741,71.98464364
Suburban,West,52.0,7742.0,15.0,67836.0,0.175,7.108023182,76.9758454
Town,South,111.0,8352.0,11.0,85274.0,0.07200000000000001,7.186095856,54.93507945
Town,Midwest,20.0,1433.0,4.0,68618.0,0.10099999999999999,9.002131858,56.51032239
Rural,West,1.0,195.0,4.0,50724.0,0.17,4.794749075,52.10973862
Rural,Midwest,10.0,1033.0,3.0,57414.0,0.07,8.835816451,59.85202787
Rural,Midwest,8.0,334.0,2.0,44167.0,0.128,5.00430928,55.17793374
Rural,South,13.0,442.0,1.0,55329.0,0.171,6.381391668,62.78235666
Rural,South,35.0,2195.0,6.0,55635.0,0.204,9.199011073,62.10321769
Rural,Midwest,5.0,204.0,2.0,77008.0,0.073,7.569699332,55.08193753
Rural,Midwest,27.0,382.0,3.0,49435.0,0.125,5.794222971,54.6441935
Rural,West,7.0,107.0,2.0,68430.0,0.024,3.293616445,55.74447691
Rural,South,69.0,3430.0,8.0,58764.0,0.162,7.814743437,56.80513323
Town,West,42.0,3534.0,10.0,59988.0,0.10800000000000001,3.969157207,43.27356785
Suburban,West,98.0,9196.0,17.0,84020.0,0.086,5.92931075,46.15444556
Rural,South,40.0,1891.0,4.0,48280.0,0.147,8.136193908,57.7856156
Suburban,Northeast,40.0,1290.0,3.0,157813.0,0.018000000000000002,7.844360968,63.70298329
Suburban,South,61.0,7208.0,13.0,80150.0,0.081,7.971189252,60.12929046
Suburban,Midwest,8.0,717.0,3.0,56338.0,0.077,8.259539116,57.15577847
Rural,South,56.0,3066.0,5.0,39904.0,0.235,9.14090396,62.0557119
Rural,Midwest,11.0,777.0,3.0,70183.0,0.066,8.2622039,56.45399558
Rural,West,5.0,133.0,3.0,79271.0,0.19899999999999998,6.365557758,54.19740087
Suburban,Northeast,17.0,1062.0,2.0,66136.0,0.16,7.115571308,55.3873492
Suburban,Northeast,60.0,2690.0,7.0,142920.0,0.03,7.817212257,65.91472403
Suburban,Northeast,141.0,7556.0,7.0,86832.0,0.095,7.044426661,60.52076112
Town,Midwest,37.0,2491.0,5.0,83299.0,0.032,7.510775643,57.65394808
Suburban,Midwest,21.0,1412.0,4.0,65500.0,0.08800000000000001,7.522957847,57.0621737
Rural,Midwest,4.0,109.0,2.0,50323.0,0.063,6.962900052,57.22301405
Town,Midwest,22.0,1461.0,3.0,45530.0,0.172,8.513495282,60.52724175
Urban,West,8.0,4522.0,12.0,155000.0,0.059000000000000004,7.156454314,58.47196102
Rural,South,31.0,2128.0,4.0,40391.0,0.245,8.705825453,56.97157375
Rural,South,10.0,437.0,2.0,53036.0,0.12300000000000001,8.805473001,58.21605609
Urban,West,184.0,28311.0,69.0,72013.0,0.121,7.11511751,49.75387213
Rural,South,6.0,243.0,1.0,71029.0,0.11699999999999999,7.349528767,62.09538
Town,Midwest,24.0,3125.0,5.0,54543.0,0.113,8.615908122,56.19565034
Rural,Midwest,3.0,126.0,1.0,73241.0,0.254,7.032461272,56.63765613
Suburban,Midwest,19.0,4593.0,7.0,86354.0,0.134,8.112754822,55.31094961
Town,South,22.0,1898.0,3.0,72590.0,0.106,8.761089622,62.86216769
Rural,South,13.0,655.0,2.0,46699.0,0.2,9.087247134,57.57980827
Suburban,West,23.0,5210.0,10.0,91472.0,0.11,7.400016913,82.1044104
Rural,Midwest,26.0,1366.0,4.0,67305.0,0.068,8.673673186,61.59445975
Urban,South,143.0,12844.0,17.0,60775.0,0.168,7.725483684,58.74488592
Rural,South,16.0,1036.0,3.0,51214.0,0.14,8.740724605,60.33135852
Town,Midwest,21.0,2040.0,4.0,46285.0,0.15,7.273677857,58.31036813
Rural,Midwest,26.0,1781.0,6.0,56796.0,0.084,8.795969963,61.06236971
Rural,Northeast,16.0,489.0,2.0,70354.0,0.076,6.659580101,55.73571112
Rural,Midwest,33.0,1391.0,8.0,57255.0,0.09300000000000001,5.435293914,54.93911535
Rural,Midwest,7.0,229.0,3.0,52375.0,0.133,6.195636451,54.99194451
Rural,West,7.0,169.0,1.0,54514.0,0.13699999999999998,6.685364297,52.7178304
Rural,Northeast,32.0,1385.0,4.0,40833.0,0.275,6.306970003,51.30336875
Rural,Midwest,17.0,970.0,3.0,73713.0,0.048,7.474025215,59.3797623
Town,Northeast,1.0,1454.0,6.0,61678.0,0.083,5.283183699,49.9617023
Rural,South,83.0,8531.0,11.0,106165.0,0.047,9.791959589,62.026289
Rural,South,30.0,2886.0,6.0,71160.0,0.086,8.78398524,62.83418376
Suburban,South,16.0,767.0,3.0,50541.0,0.11699999999999999,8.229892186,57.84004444
Suburban,Midwest,23.0,2218.0,4.0,59863.0,0.134,8.610909966,60.42176665
Rural,South,63.0,1480.0,4.0,67707.0,0.125,6.658857809,55.8469774
Rural,South,48.0,2036.0,7.0,32402.0,0.27,7.77931246,56.11892679
Rural,South,20.0,836.0,3.0,44078.0,0.175,8.688793409,60.5266317
Town,Midwest,30.0,2593.0,7.0,50340.0,0.128,8.500090007,57.2123398
Rural,Northeast,5.0,208.0,2.0,43864.0,0.107,4.578966,48.07899
Rural,South,38.0,953.0,3.0,32989.0,0.244,9.062353407,57.92624944
Rural,South,30.0,1776.0,6.0,59049.0,0.13699999999999998,8.322916693,58.1828139
Suburban,South,210.0,18661.0,22.0,64767.0,0.136,9.909279319,68.43416848
Urban,West,98.0,11206.0,19.0,87941.0,0.062,5.538288162,45.85335002
Town,South,24.0,1610.0,4.0,61685.0,0.091,8.889733934,61.62108794
Rural,West,4.0,276.0,4.0,51419.0,0.1,5.19405846,48.55241138
Town,Midwest,17.0,1684.0,5.0,59609.0,0.111,9.008115367,60.73270699
Suburban,Midwest,36.0,2307.0,3.0,68281.0,0.076,8.996543103,63.6777001
Suburban,Midwest,1.0,2788.0,10.0,64878.0,0.10800000000000001,7.438703979,59.18843822
Rural,Northeast,2.0,141.0,1.0,59821.0,0.08900000000000001,4.037102603,56.20542
Town,Midwest,2.0,542.0,3.0,52113.0,0.122,4.441877706,53.87732915
Suburban,Northeast,4.0,1664.0,3.0,169000.0,0.022000000000000002,7.222496934,67.65590924
Rural,Midwest,18.0,547.0,2.0,48750.0,0.109,7.561919775,58.47631979
Urban,South,834.0,80651.0,161.0,66047.0,0.14300000000000002,8.276697413,60.50363202
Urban,Northeast,65.0,26647.0,39.0,81390.0,0.161,8.790013117,63.23967966
Rural,South,12.0,720.0,3.0,62847.0,0.092,8.815785205,61.04282
Rural,South,7.0,317.0,1.0,70938.0,0.076,8.577103543,60.74185024
Rural,Midwest,1.0,68.0,1.0,65417.0,0.083,8.673539845,57.37440018
Suburban,Midwest,8.0,3062.0,8.0,33570.0,0.431,10.47519227,63.3290643
Town,West,26.0,2890.0,7.0,73993.0,0.125,8.012939215,94.7530587
Suburban,West,2.0,2946.0,7.0,76712.0,0.113,11.15348718,79.10585786
Rural,Northeast,28.0,1513.0,4.0,65208.0,0.096,5.645629462,52.64182778
Rural,South,47.0,4966.0,5.0,132599.0,0.057999999999999996,9.198288148,70.31447957
Rural,Midwest,80.0,483.0,2.0,110043.0,0.018000000000000002,8.631429977,59.35223119
Town,South,82.0,9047.0,15.0,55354.0,0.136,7.37104366,59.49888815
Rural,South,46.0,3872.0,8.0,44777.0,0.159,6.844982783,59.63474525
Rural,Midwest,10.0,631.0,3.0,45679.0,0.322,7.854178749,57.08029252
Rural,South,15.0,661.0,3.0,67299.0,0.091,8.879742527,59.5137858
Rural,West,13.0,2384.0,6.0,108402.0,0.05,5.770020243,54.49022607
Urban,Midwest,250.0,15444.0,31.0,53751.0,0.165,8.379426347,61.49064357
Suburban,Midwest,65.0,4967.0,7.0,98406.0,0.034,9.863919997,67.562667
Rural,West,9.0,328.0,2.0,56429.0,0.077,4.373092318,56.21665493
Town,Midwest,8.0,700.0,2.0,43184.0,0.163,8.526894932,60.52974793
Town,South,25.0,4198.0,6.0,80518.0,0.12300000000000001,7.182121559,68.61643338
Rural,Midwest,63.0,1588.0,7.0,47964.0,0.258,4.976830477,54.06602921
Rural,Midwest,25.0,1193.0,2.0,57778.0,0.085,8.893980091,60.27554271
Rural,Midwest,6.0,276.0,2.0,54130.0,0.09699999999999999,5.618217915,59.23647874
Rural,Midwest,23.0,1300.0,3.0,65293.0,0.071,8.329327733,62.07375709
Rural,Midwest,13.0,907.0,3.0,74104.0,0.07200000000000001,8.666214641,61.26640227
Rural,South,64.0,5776.0,15.0,50615.0,0.138,6.752226901,59.13377271
Rural,West,4.0,17.0,1.0,33750.0,0.382,4.799061918,52.56753
Rural,West,7.0,249.0,2.0,45833.0,0.21899999999999997,6.195256083,50.33431157
Urban,South,1080.0,189934.0,274.0,57975.0,0.2,10.32795696,70.44533164
Rural,Midwest,18.0,673.0,2.0,65050.0,0.17,8.653404784,59.50829537
Rural,South,9.0,516.0,2.0,54183.0,0.14400000000000002,8.611911413,60.64598199
Rural,South,12.0,248.0,2.0,40096.0,0.309,7.641060632,59.14053155
Rural,Northeast,39.0,2033.0,4.0,69737.0,0.087,5.991504721,52.35710567
Rural,West,4.0,55.0,1.0,63929.0,0.19,5.880730601,53.80502063
Rural,Northeast,23.0,644.0,2.0,93305.0,0.042,6.384974203,54.3459385
Rural,Midwest,8.0,376.0,2.0,59286.0,0.174,7.914552461,59.59907094
Rural,Midwest,25.0,1295.0,4.0,61518.0,0.055999999999999994,8.920275327,61.82711179
Rural,South,15.0,1042.0,4.0,71995.0,0.133,8.598568164,61.13816298
Town,South,10.0,1072.0,3.0,37342.0,0.3,9.904069453,55.79698183
Town,Midwest,13.0,1464.0,4.0,33980.0,0.193,6.788089765,54.00146259
Town,West,7.0,390.0,4.0,48267.0,0.08,5.047734965,52.03661121
Rural,West,21.0,183.0,1.0,41691.0,0.154,4.110160548,63.27344
Rural,Midwest,3.0,210.0,2.0,47813.0,0.099,8.085315616,58.22372
Urban,Midwest,58.0,5740.0,10.0,81132.0,0.08,8.45503127,58.59746909
Town,Midwest,13.0,2022.0,4.0,46675.0,0.21,8.894477315,60.11099984
Rural,West,3.0,77.0,1.0,53229.0,0.177,6.500068859,52.96511967
Rural,Midwest,17.0,541.0,2.0,61333.0,0.07200000000000001,7.591642466,58.5523
Rural,Midwest,14.0,676.0,2.0,63071.0,0.12300000000000001,8.111725421,55.78902803
Rural,West,9.0,137.0,2.0,26884.0,0.361,5.16200043,57.69915995
Suburban,South,32.0,2618.0,4.0,45203.0,0.201,8.577864834,62.91961236
Rural,Midwest,10.0,614.0,2.0,44508.0,0.204,8.487837134,59.89686711
Rural,South,14.0,608.0,2.0,42261.0,0.255,8.530706091,59.00979003
Rural,South,42.0,889.0,4.0,34797.0,0.275,8.582892192,56.07603293
Rural,South,11.0,552.0,3.0,34000.0,0.205,8.625542269,59.50861428
Suburban,South,116.0,12263.0,14.0,79585.0,0.087,9.428115029,67.10041943
Suburban,Midwest,18.0,1581.0,3.0,65848.0,0.069,7.479509205,60.0718125
Rural,Midwest,3.0,122.0,2.0,75991.0,0.046,7.292387323,58.55734155
Town,West,25.0,1708.0,6.0,64811.0,0.14400000000000002,5.316595561,46.47692609
Suburban,Midwest,13.0,1071.0,3.0,94648.0,0.042,8.168214737,59.50207068
Rural,Midwest,26.0,1293.0,4.0,48638.0,0.17800000000000002,7.260345361,54.80958325
Suburban,Midwest,20.0,1452.0,4.0,41705.0,0.18100000000000002,7.537401131,55.74914864
Rural,Northeast,5.0,505.0,1.0,102077.0,0.03,7.08370468,58.35271405
Town,Midwest,6.0,2406.0,5.0,53830.0,0.17800000000000002,4.830149028,53.42263307
Rural,Northeast,1.0,0.0,0.0,53000.0,0.138,4.271145589,50.66308
Urban,South,911.0,141169.0,240.0,58159.0,0.184,9.385724739,65.54601694
Rural,Midwest,26.0,985.0,3.0,64273.0,0.086,8.257679751,58.70103067
Rural,Midwest,1.0,89.0,1.0,87625.0,0.055,8.560440477,59.02634581
Rural,Midwest,9.0,582.0,2.0,60458.0,0.14400000000000002,7.658747577,56.6842798
Rural,Midwest,20.0,861.0,3.0,82500.0,0.107,8.484152474,59.62843364
Suburban,West,7.0,754.0,3.0,81346.0,0.09300000000000001,6.254405355,60.49124621
Town,South,12.0,1374.0,3.0,64909.0,0.124,6.988273246,69.60080427
Rural,Midwest,99.0,3889.0,8.0,63612.0,0.125,8.232911976,58.15982094
Suburban,Northeast,48.0,4828.0,10.0,72802.0,0.151,8.521516416,67.91511902
Rural,Midwest,17.0,968.0,3.0,68803.0,0.044000000000000004,8.253621679,61.12680946
Suburban,Midwest,23.0,1861.0,3.0,80954.0,0.046,7.889820867,56.45418605
Suburban,South,38.0,5390.0,8.0,49245.0,0.177,9.122246633,66.24660094
Rural,South,41.0,1663.0,3.0,57420.0,0.111,7.554764129,56.41758067
Rural,South,2.0,158.0,1.0,46250.0,0.149,7.129069041,60.45495
Suburban,Midwest,33.0,2464.0,3.0,79339.0,0.063,9.160865221,60.33099995
Town,South,30.0,1330.0,3.0,44946.0,0.175,9.328200574,60.67027955
Suburban,Northeast,6.0,2008.0,2.0,166899.0,0.019,8.075146844,62.58422228
Town,South,37.0,4662.0,7.0,48654.0,0.18,6.275333496,61.65701493
Urban,Midwest,161.0,16222.0,17.0,58463.0,0.115,9.946210396,61.63510138
Rural,South,6.0,170.0,1.0,50083.0,0.091,8.928601733,60.08936335
Rural,Northeast,18.0,800.0,2.0,62157.0,0.114,6.526265344,53.57857922
Rural,South,93.0,16211.0,19.0,94990.0,0.077,9.007476242,61.55068281
Rural,Midwest,6.0,150.0,2.0,55536.0,0.06,7.447893203,59.5999388
Rural,South,12.0,532.0,2.0,60917.0,0.036000000000000004,9.008066489,61.3716756
Rural,West,7.0,1138.0,3.0,49397.0,0.162,6.283880492,57.91682015
Rural,West,3.0,486.0,1.0,143043.0,0.096,8.391897239,65.62514582
Town,South,30.0,1440.0,4.0,55189.0,0.08199999999999999,7.234445005,60.808072
Rural,South,22.0,702.0,2.0,51875.0,0.11900000000000001,9.553295973,56.06821149
Rural,Midwest,8.0,1088.0,3.0,49934.0,0.16,5.160821828,59.02622541
Rural,Midwest,25.0,1684.0,3.0,75632.0,0.046,8.262157725,58.94211383
Town,Midwest,34.0,2223.0,5.0,52470.0,0.158,9.078831356,63.70392679
Town,Midwest,1.0,72.0,1.0,62422.0,0.106,8.360634521,59.15491
Rural,West,3.0,6.0,1.0,52500.0,0.024,5.043578966,52.05707653
Rural,West,11.0,628.0,3.0,56210.0,0.125,7.307536764,49.11675051
Rural,West,4.0,317.0,4.0,31477.0,0.28800000000000003,4.508147995,61.03625658
Town,Midwest,4.0,499.0,2.0,80742.0,0.076,8.051113141,57.90709578
Suburban,Midwest,24.0,2379.0,6.0,72875.0,0.071,9.745965596,60.93152365
Rural,South,7.0,719.0,1.0,72500.0,0.091,8.741991397,68.47412
Urban,Midwest,76.0,5992.0,20.0,51069.0,0.19399999999999998,7.92242552,56.48430439
Urban,West,13.0,1685.0,3.0,79750.0,0.131,7.589169085,66.25860939
Urban,Northeast,3.0,18398.0,31.0,40490.0,0.301,6.743371114,55.15767874
Suburban,West,40.0,11816.0,16.0,82437.0,0.075,8.557203066,76.58885997
Town,South,59.0,5359.0,9.0,59294.0,0.141,8.241254422,57.35892244
Rural,West,6.0,249.0,2.0,56964.0,0.067,4.488122146,53.10267354
Suburban,South,71.0,6605.0,15.0,52063.0,0.124,6.352460092,58.63311051
Rural,West,22.0,1429.0,5.0,69194.0,0.094,8.245598343,49.015377
Rural,Midwest,39.0,1743.0,5.0,50000.0,0.147,8.693159104,59.90870845
Suburban,Northeast,11.0,1660.0,4.0,95585.0,0.027999999999999997,7.704083064,65.08864109
Rural,South,16.0,872.0,3.0,66125.0,0.048,8.124588271,57.78294503
Town,Midwest,9.0,1506.0,3.0,54763.0,0.168,8.095056416,58.50534207
Rural,Midwest,7.0,553.0,2.0,39083.0,0.157,7.135365649,55.80077422
Rural,Midwest,15.0,1227.0,4.0,62265.0,0.128,8.822640732,62.05279492
Rural,Northeast,10.0,232.0,1.0,42353.0,0.183,4.310225479,49.40615
Rural,South,170.0,10076.0,18.0,69082.0,0.084,6.68958699,55.56296427
Rural,West,2.0,149.0,2.0,72188.0,0.185,5.99115191,53.2988332
Town,West,13.0,1990.0,6.0,47434.0,0.17600000000000002,6.2570905,57.63485986
Rural,Midwest,11.0,349.0,3.0,55640.0,0.14800000000000002,8.097536337,59.82627976
Rural,Northeast,2.0,57.0,1.0,74318.0,0.077,6.201061644,56.28223
Rural,South,37.0,3515.0,4.0,109233.0,0.067,8.952067856,59.65913831
Urban,West,13.0,1904.0,6.0,63867.0,0.162,8.484749129,64.16628458
Rural,Midwest,26.0,1871.0,4.0,47118.0,0.14,6.16140841,55.2986422
Rural,Midwest,33.0,2012.0,4.0,62930.0,0.066,8.250121059,61.10768898
Town,South,52.0,5404.0,7.0,87515.0,0.128,9.182432393,60.51425914
Rural,Northeast,21.0,961.0,2.0,56655.0,0.14,6.156979929,52.93826573
Rural,South,51.0,2250.0,6.0,53279.0,0.171,7.723772786,58.66306931
Rural,South,42.0,1739.0,5.0,53363.0,0.165,8.87583696,56.5643935
Suburban,West,52.0,15855.0,24.0,71773.0,0.111,8.825674804,59.23524204
Suburban,West,48.0,18354.0,31.0,94771.0,0.078,11.18617094,63.5210037
Town,Midwest,23.0,858.0,3.0,63340.0,0.086,8.286609245,59.15173009
Urban,Northeast,36.0,3454.0,10.0,49652.0,0.161,4.564985527,51.77854876
Suburban,Northeast,11.0,2514.0,5.0,156473.0,0.013999999999999999,8.036830692,63.05758041
Rural,Northeast,38.0,1902.0,8.0,59335.0,0.13,5.85493651,53.12183479
Suburban,Midwest,17.0,796.0,2.0,70656.0,0.081,8.219810582,60.69259818
Urban,West,279.0,43020.0,25.0,59921.0,0.19699999999999998,9.762896351,76.02032313
Rural,Midwest,8.0,656.0,2.0,114500.0,0.033,6.036602192,56.17124
Urban,West,303.0,38706.0,56.0,92753.0,0.081,8.933539896,52.14665385
Town,Midwest,10.0,1345.0,5.0,41575.0,0.147,8.006041626,57.25105147
Rural,West,1.0,3.0,1.0,55313.0,0.152,4.799061918,52.56753
Rural,West,63.0,1238.0,5.0,67835.0,0.076,3.609301808,56.58041019
Rural,West,12.0,382.0,2.0,43846.0,0.389,4.397109041,55.42094
Town,Northeast,16.0,2164.0,4.0,63476.0,0.121,6.371592377,52.72117597
Suburban,Midwest,27.0,2556.0,7.0,62016.0,0.124,10.12698999,64.77550119
Town,West,14.0,1930.0,6.0,69464.0,0.098,4.566945598,60.89611563
Rural,Midwest,12.0,235.0,2.0,60592.0,0.09699999999999999,7.233423138,55.08109498
Town,West,6.0,864.0,3.0,65750.0,0.11199999999999999,5.408292902,59.46790866
Rural,South,13.0,470.0,2.0,43138.0,0.263,7.588176024,56.63564887
Rural,South,7.0,230.0,2.0,44276.0,0.198,8.57047435,61.31085696
Suburban,Midwest,12.0,3239.0,6.0,68598.0,0.077,9.859792913,63.80174732
Suburban,Northeast,37.0,496.0,2.0,179543.0,0.016,7.554038082,61.63291
Urban,West,7.0,3940.0,7.0,129544.0,0.062,7.093628961,61.55898041
Rural,Midwest,17.0,254.0,2.0,82679.0,0.133,4.71067052,56.85599721
Town,Northeast,20.0,1543.0,6.0,55914.0,0.10300000000000001,5.140278525,56.89442379
Rural,South,32.0,2085.0,4.0,132337.0,0.008,8.373688221,63.93146942
Town,Midwest,27.0,1820.0,2.0,53910.0,0.109,8.47523615,59.05829302
Rural,Midwest,4.0,85.0,2.0,56250.0,0.21,7.085514384,55.15267
Town,South,27.0,1590.0,7.0,68843.0,0.122,9.010725294,59.41286096
Town,West,6.0,724.0,2.0,62083.0,0.133,5.78097839,66.31918127
Rural,Midwest,7.0,414.0,3.0,49016.0,0.146,8.566007714,60.48413152
Urban,Midwest,66.0,6227.0,11.0,59620.0,0.136,8.258569012,63.62974852
Rural,Midwest,3.0,411.0,3.0,56466.0,0.096,8.226917465,59.00774568
Rural,Midwest,12.0,523.0,2.0,85313.0,0.11900000000000001,4.131344618,57.02509921
Rural,West,18.0,748.0,3.0,61812.0,0.12,4.031551829,62.3940444
Rural,Midwest,9.0,361.0,3.0,52165.0,0.10400000000000001,5.975986008,55.67745806
Suburban,Midwest,83.0,4387.0,6.0,88521.0,0.051,9.113131855,63.66513927
Rural,South,20.0,516.0,2.0,34606.0,0.228,9.383531057,58.39184917
Rural,South,40.0,2784.0,10.0,47349.0,0.215,8.594745145,58.05950763
Rural,Midwest,15.0,467.0,2.0,68523.0,0.08800000000000001,6.848722167,55.65054476
Suburban,West,10.0,4344.0,11.0,50975.0,0.159,8.982969016,59.88910049
Suburban,Northeast,49.0,9507.0,14.0,101993.0,0.068,7.078078215,68.5132175
Rural,Northeast,14.0,573.0,2.0,66677.0,0.079,6.566322708,55.26968023
Suburban,Northeast,93.0,3840.0,6.0,120894.0,0.036000000000000004,7.668032013,63.51572344
Rural,Midwest,20.0,1257.0,3.0,65625.0,0.049,8.150426342,62.43060913
Rural,South,14.0,584.0,3.0,83542.0,0.055999999999999994,7.568885769,59.78677215
Rural,South,17.0,835.0,3.0,68958.0,0.19899999999999998,8.92746529,59.67880686
Rural,Midwest,12.0,936.0,2.0,88917.0,0.05,9.206282959,60.19356629
Urban,Northeast,33.0,2711.0,5.0,83750.0,0.077,6.144641826,52.52061377
Rural,West,20.0,528.0,2.0,42472.0,0.226,6.853964778,44.18395531
Town,Midwest,21.0,1575.0,5.0,57023.0,0.063,8.625969936,57.6995424
Rural,West,19.0,2277.0,6.0,63580.0,0.163,8.136790877,68.21544645
Suburban,South,37.0,4937.0,6.0,79806.0,0.102,8.827890303,58.89017647
Rural,Northeast,16.0,775.0,3.0,55257.0,0.171,6.564792453,53.45532554
Rural,Northeast,11.0,407.0,1.0,65313.0,0.11199999999999999,5.579426902,55.24474512
Urban,West,55.0,6311.0,18.0,54212.0,0.136,6.140485181,51.11983662
Rural,South,21.0,833.0,3.0,47117.0,0.09699999999999999,8.94479538,60.95958357
Rural,West,10.0,531.0,4.0,52692.0,0.17,7.709223577,54.35014891
Town,Midwest,8.0,1393.0,5.0,49578.0,0.157,5.837929889,54.806429
Rural,West,7.0,366.0,2.0,81281.0,0.078,4.602797485,55.3149472
Rural,Northeast,57.0,540.0,2.0,91913.0,0.042,6.681926787,61.72601584
Rural,South,11.0,757.0,4.0,61250.0,0.139,6.545751537,62.69213694
Rural,Northeast,81.0,3603.0,5.0,106016.0,0.045,6.993181858,56.88346228
Rural,West,9.0,270.0,2.0,56781.0,0.213,6.739720611,52.56295246
Town,Midwest,3.0,1845.0,4.0,101915.0,0.11,6.78122861,59.30397827
Town,West,10.0,3757.0,10.0,49293.0,0.132,4.776367978,51.54484603
Suburban,West,60.0,18370.0,25.0,81991.0,0.115,11.59373539,90.83970549
Rural,West,15.0,446.0,1.0,63750.0,0.147,6.157716394,61.94580723
Rural,Midwest,16.0,745.0,2.0,60450.0,0.07200000000000001,8.538456084,57.7425001
Suburban,Midwest,3.0,13679.0,22.0,54789.0,0.161,8.545141556,66.65074805
Rural,Midwest,6.0,375.0,2.0,52016.0,0.064,7.508899517,59.79253841
Suburban,Northeast,1.0,4884.0,11.0,108896.0,0.10400000000000001,7.180963476,57.91855328
Town,West,17.0,536.0,3.0,75430.0,0.124,5.841166965,45.03254713
Suburban,West,16.0,4538.0,10.0,86655.0,0.083,8.438019136,66.25258142
Rural,South,37.0,998.0,3.0,56968.0,0.105,7.284206163,57.6693926
Rural,West,2.0,13.0,1.0,35000.0,0.204,5.616597452,71.72949
Town,West,24.0,5088.0,11.0,73457.0,0.11599999999999999,4.986223414,69.99889538
Rural,South,10.0,107.0,1.0,64444.0,0.067,5.803449486,59.3159163
Suburban,West,199.0,37044.0,49.0,84491.0,0.061,5.466368318,63.48415299
Rural,West,35.0,872.0,3.0,49419.0,0.162,4.76547218,61.11602507
Town,Northeast,36.0,1902.0,4.0,75706.0,0.054000000000000006,6.446138773,53.59527873
Suburban,Northeast,70.0,1641.0,3.0,62942.0,0.17600000000000002,7.322267833,64.64920236
Rural,South,33.0,2637.0,4.0,61052.0,0.14300000000000002,9.627361463,65.75644051
Town,South,94.0,4051.0,6.0,44254.0,0.214,9.670101651,55.9420383
Rural,West,4.0,668.0,4.0,61875.0,0.12,0.0,0.0
Rural,Midwest,5.0,177.0,2.0,76875.0,0.037000000000000005,8.973635054,61.33241392
Town,South,23.0,853.0,4.0,33962.0,0.33299999999999996,8.675419093,57.20433676
Urban,West,77.0,6579.0,14.0,59706.0,0.146,6.515928593,64.1857705
Rural,South,18.0,1240.0,3.0,58610.0,0.115,7.653297892,59.98364354
Rural,West,1.0,79.0,1.0,60250.0,0.14,4.990578986,57.67299
Rural,Midwest,3.0,163.0,3.0,50909.0,0.12300000000000001,4.161527654,54.07456029
Rural,Midwest,8.0,696.0,2.0,51250.0,0.205,8.168896251,57.71655583
Suburban,West,33.0,11820.0,15.0,86809.0,0.091,7.916713595,92.48244034
Urban,West,66.0,11201.0,20.0,53965.0,0.21,5.071037165,60.9550089
Rural,Midwest,5.0,125.0,2.0,42596.0,0.268,7.270166744,56.34546052
Town,Midwest,45.0,4283.0,7.0,76646.0,0.07,7.917297851,59.77968152
Rural,West,25.0,1080.0,6.0,30362.0,0.488,4.996210507,56.68511253
Rural,South,10.0,482.0,2.0,56083.0,0.271,8.906527692,56.2286454
Suburban,South,109.0,12473.0,11.0,105335.0,0.05,8.456032865,60.19269388
Rural,South,157.0,15383.0,32.0,54380.0,0.139,8.334549442,61.17719076
Rural,Midwest,10.0,717.0,3.0,53737.0,0.107,5.672609575,53.42462795
Rural,South,32.0,911.0,3.0,73229.0,0.08,6.692618281,61.50839445
Rural,West,1.0,280.0,2.0,82523.0,0.052000000000000005,7.800055238,52.77465432
Suburban,Midwest,25.0,2645.0,5.0,82774.0,0.052000000000000005,9.154416906,64.90821241
Town,Midwest,1.0,892.0,2.0,47913.0,0.235,9.118979923,61.83246231
Rural,Northeast,99.0,3541.0,6.0,76788.0,0.121,7.098784524,58.00018091
Rural,West,12.0,1079.0,4.0,56731.0,0.055,7.449472083,52.61645287
Town,West,19.0,2273.0,9.0,40669.0,0.21600000000000003,4.3163876,61.23221097
Rural,West,12.0,86.0,1.0,38068.0,0.235,5.500849041,57.72772
Rural,Northeast,47.0,2008.0,4.0,62967.0,0.10300000000000001,6.125630729,53.80016299
Rural,Midwest,42.0,2607.0,6.0,59719.0,0.113,8.294984429,58.91202398
Town,West,29.0,2318.0,9.0,59539.0,0.154,8.298672872,55.5743815
Town,West,17.0,685.0,4.0,40355.0,0.188,4.909584723,60.54476919
Rural,Midwest,15.0,674.0,2.0,50833.0,0.145,8.539097216,59.64210106
Suburban,Northeast,3.0,649.0,1.0,114028.0,0.027999999999999997,7.672661096,64.01135
Suburban,Northeast,10.0,3603.0,5.0,68068.0,0.129,7.554068957,60.90240955
Rural,Midwest,6.0,131.0,1.0,54325.0,0.10800000000000001,6.780437171,54.06714081
Town,Midwest,21.0,1856.0,3.0,45703.0,0.2,8.353075548,60.21784902
Town,West,16.0,1372.0,3.0,68426.0,0.107,9.040054905,55.85356333
Rural,West,5.0,577.0,2.0,131855.0,0.047,7.720213888,65.4022297
Suburban,South,48.0,3902.0,5.0,61229.0,0.11599999999999999,8.65411518,62.25658355
Town,South,23.0,1941.0,4.0,76185.0,0.046,9.882364309,65.54290977
Suburban,Northeast,8.0,2440.0,5.0,68494.0,0.172,8.762139813,63.01327142
Suburban,Northeast,120.0,4107.0,7.0,119938.0,0.043,6.906656058,54.09932829
Rural,Midwest,3.0,428.0,2.0,79808.0,0.045,6.554946786,60.41425855
Rural,Midwest,6.0,125.0,1.0,29657.0,0.183,6.895228067,54.58379697
Town,Midwest,11.0,449.0,1.0,51384.0,0.17,8.483127403,59.85560091
Rural,West,13.0,286.0,5.0,33611.0,0.19899999999999998,4.357825589,61.86203
Rural,Midwest,29.0,2471.0,5.0,70508.0,0.085,7.585975408,57.12800884
Rural,South,41.0,2524.0,7.0,40745.0,0.21100000000000002,6.952258217,58.46869455
Rural,Midwest,9.0,466.0,2.0,68186.0,0.12,8.096409532,62.42196101
Rural,Midwest,9.0,203.0,1.0,53398.0,0.205,8.156699589,59.61159831
Rural,West,7.0,54.0,2.0,57583.0,0.021,4.37356996,56.02877175
Rural,West,14.0,1094.0,4.0,65096.0,0.165,7.284214725,52.53585531
Rural,Midwest,21.0,1346.0,4.0,82611.0,0.065,8.421094692,60.3691278
Rural,Midwest,7.0,206.0,2.0,51063.0,0.11599999999999999,6.920830247,55.51569268
Suburban,Midwest,55.0,4342.0,8.0,70773.0,0.078,7.247550589,57.57609055
Town,South,54.0,2723.0,6.0,53458.0,0.122,8.257390515,58.06198597
Rural,West,16.0,756.0,4.0,62436.0,0.083,5.810095866,49.5937252
Rural,South,8.0,200.0,2.0,52901.0,0.126,5.842144658,55.52597
Rural,South,21.0,913.0,5.0,28826.0,0.39799999999999996,9.024375258,57.81545698
Suburban,Northeast,4.0,1153.0,3.0,86824.0,0.043,7.411648796,67.1517949
Suburban,South,75.0,5195.0,10.0,69045.0,0.09699999999999999,9.372740178,64.58279942
Urban,South,128.0,14800.0,25.0,49040.0,0.18100000000000002,7.957689589,61.05894809
Rural,Midwest,11.0,500.0,1.0,50542.0,0.18600000000000003,7.148688668,55.26324672
Rural,Northeast,10.0,498.0,2.0,73718.0,0.076,6.638293885,56.23002285
Suburban,West,56.0,13173.0,8.0,92131.0,0.107,11.24787061,70.94961906
Rural,South,28.0,1340.0,2.0,40579.0,0.248,8.75897994,59.44492344
Town,Northeast,69.0,3836.0,4.0,119034.0,0.053,7.295917332,59.43513425
Town,West,28.0,3201.0,5.0,59122.0,0.168,8.260587173,49.67768233
Rural,Midwest,13.0,929.0,2.0,48543.0,0.171,6.497413972,56.32031964
Rural,Northeast,10.0,461.0,2.0,59569.0,0.11699999999999999,5.93660137,54.33413
Rural,South,34.0,3096.0,5.0,48921.0,0.228,8.533885434,66.17381983
Town,Midwest,21.0,2311.0,6.0,62790.0,0.109,7.028871539,58.38391118
Suburban,Midwest,21.0,1898.0,7.0,77925.0,0.051,4.890653701,53.32184336
Town,South,14.0,849.0,2.0,40430.0,0.17300000000000001,8.12088101,57.93941544
Rural,West,42.0,7961.0,12.0,67476.0,0.129,7.257939376,79.92669843
Rural,South,163.0,10799.0,16.0,69104.0,0.10800000000000001,7.230230623,58.94228388
Town,West,4.0,511.0,3.0,45421.0,0.342,4.433587123,55.67917
Suburban,Northeast,25.0,2335.0,6.0,71335.0,0.10300000000000001,7.361000026,53.12414841
Town,Midwest,87.0,4678.0,12.0,56771.0,0.11,7.621318685,57.28899316
Rural,Midwest,8.0,438.0,3.0,87031.0,0.177,8.875621005,59.27960223
Suburban,Midwest,55.0,5736.0,12.0,77159.0,0.063,8.183951869,59.56955445
Rural,South,15.0,820.0,2.0,53181.0,0.11900000000000001,8.893932033,58.1899776
Rural,Midwest,26.0,1668.0,5.0,66875.0,0.079,8.415511485,61.43640959
Rural,South,51.0,2129.0,6.0,50278.0,0.20199999999999999,9.160235663,57.9685919
Rural,West,2.0,53.0,1.0,40769.0,0.132,8.136268634,71.3098103
Rural,Midwest,1.0,342.0,2.0,71161.0,0.09699999999999999,4.36219289,53.92249807
Rural,West,7.0,95.0,3.0,98750.0,0.034,4.199883178,55.53093
Suburban,Midwest,52.0,3914.0,6.0,84929.0,0.038,8.895619753,59.91485764
Rural,Midwest,10.0,609.0,2.0,72222.0,0.091,8.795873856,60.61292357
Rural,Midwest,9.0,936.0,3.0,55069.0,0.10400000000000001,6.930288559,56.59954258
Rural,Midwest,29.0,1206.0,3.0,49719.0,0.09699999999999999,8.688765606,60.53991561
Town,Midwest,11.0,729.0,3.0,66893.0,0.128,6.06183834,61.72092965
Rural,Midwest,76.0,2049.0,5.0,64231.0,0.07200000000000001,8.767323445,60.8272039
Town,Midwest,13.0,1042.0,6.0,53113.0,0.139,7.748408472,55.90702442
Rural,Midwest,17.0,696.0,3.0,93611.0,0.07200000000000001,9.451551944,62.57044969
Rural,West,3.0,367.0,2.0,74821.0,0.221,8.543515146,76.42603853
Rural,South,5.0,144.0,2.0,54375.0,0.079,8.643005631,58.8920204
Rural,West,1.0,34.0,3.0,37917.0,0.34600000000000003,5.420724325,43.53711516
Town,West,18.0,2584.0,7.0,46745.0,0.252,4.83421285,60.9058167
Rural,West,1.0,197.0,6.0,32083.0,0.26,0.0,0.0
Rural,Midwest,14.0,666.0,2.0,56696.0,0.092,8.703755281,60.72068417
Suburban,Northeast,176.0,8071.0,11.0,90243.0,0.044000000000000004,6.722848239,59.34311621
Rural,Northeast,24.0,776.0,2.0,53780.0,0.17300000000000001,6.217129378,52.40367453
Suburban,Midwest,23.0,3876.0,6.0,70105.0,0.054000000000000006,7.457998799,67.44532762
Town,South,30.0,2770.0,5.0,55721.0,0.162,8.963693912,62.72988184
Suburban,Midwest,7.0,4407.0,9.0,98159.0,0.03,9.099020502,66.00112247
Suburban,Northeast,1.0,1035.0,1.0,94146.0,0.073,8.428821079,62.80615254
Rural,Midwest,6.0,419.0,2.0,44014.0,0.091,5.552848986,54.13152
Urban,South,61.0,4611.0,7.0,61114.0,0.147,9.191579234,61.80551914
Rural,Midwest,5.0,211.0,2.0,71719.0,0.146,7.784523121,57.55359048
Rural,South,24.0,907.0,2.0,29817.0,0.3,7.557005077,57.02468077
Rural,South,57.0,4147.0,8.0,62139.0,0.127,9.0684588,61.52455628
Rural,South,11.0,1133.0,3.0,49519.0,0.083,8.012433275,62.02284568
Town,Midwest,45.0,2705.0,6.0,52165.0,0.151,8.478098607,60.03352436
Rural,South,11.0,593.0,2.0,78182.0,0.071,8.51613391,62.20001621
Suburban,Midwest,11.0,1299.0,3.0,48597.0,0.129,9.182504714,58.33793858
Urban,South,54.0,6573.0,8.0,40000.0,0.247,9.506126485,61.83344968
Rural,South,26.0,1317.0,3.0,46806.0,0.154,8.562593447,60.8060089
Suburban,South,160.0,11375.0,16.0,65297.0,0.155,7.174763357,56.35734319
Town,Northeast,36.0,1605.0,4.0,95326.0,0.083,6.748958985,56.41163162
Rural,West,23.0,1125.0,5.0,49295.0,0.11199999999999999,6.987897093,50.15318427
Rural,South,84.0,5157.0,7.0,61701.0,0.142,9.654865685,64.55284471
Urban,West,8.0,2875.0,6.0,66794.0,0.09,8.841414918,73.73509439
Rural,South,13.0,223.0,3.0,55156.0,0.155,7.189137808,59.33695
Urban,Midwest,7.0,17492.0,48.0,83063.0,0.081,7.875608222,57.65742786
Rural,South,13.0,547.0,2.0,68917.0,0.14300000000000002,8.850925051,60.69974185
Town,South,11.0,1447.0,4.0,38731.0,0.20600000000000002,9.158575714,59.9118594
Rural,South,109.0,8080.0,15.0,62060.0,0.084,7.599274991,56.44675615
Town,Midwest,39.0,2543.0,5.0,55408.0,0.102,7.29404496,60.68652871
Rural,Midwest,22.0,950.0,2.0,90408.0,0.087,8.319472611,62.07926213
Town,Midwest,20.0,1330.0,4.0,63015.0,0.068,7.660678249,55.46532646
Rural,South,92.0,8375.0,8.0,131096.0,0.045,9.146277691,63.24834444
Rural,South,70.0,2942.0,8.0,46683.0,0.20600000000000002,7.669844833,57.45773925
Town,Northeast,11.0,570.0,2.0,72273.0,0.107,5.091939316,53.51962618
Rural,Midwest,7.0,347.0,3.0,62614.0,0.085,4.961125167,56.4636717
Suburban,Midwest,22.0,1770.0,3.0,53158.0,0.121,8.559049224,61.76070313
Town,South,22.0,792.0,2.0,45870.0,0.11800000000000001,7.164238688,54.6529677
Rural,Midwest,13.0,1081.0,2.0,64127.0,0.15,5.752816267,60.4433391
Rural,West,8.0,286.0,3.0,54722.0,0.105,4.538324575,54.56721
Rural,South,43.0,5892.0,11.0,81208.0,0.091,9.012570389,66.54431642
Rural,South,9.0,1644.0,4.0,48080.0,0.17,8.099479246,57.09618771
Town,Midwest,47.0,2101.0,5.0,69115.0,0.11199999999999999,8.571385973,59.33025432
Suburban,Midwest,13.0,1553.0,4.0,102537.0,0.046,9.866348623,66.87501782
Town,South,19.0,1154.0,3.0,53067.0,0.158,8.783643298,58.03131532
Rural,Northeast,18.0,738.0,3.0,43207.0,0.16699999999999998,6.423271334,53.98342817
Rural,Midwest,29.0,946.0,4.0,57500.0,0.149,8.838135728,61.10418702
Suburban,Northeast,36.0,3653.0,7.0,111851.0,0.057999999999999996,8.829411352,65.40566179
Town,Midwest,30.0,3536.0,8.0,60510.0,0.154,8.778398269,59.3979627
Rural,Northeast,15.0,694.0,2.0,56563.0,0.17600000000000002,6.531969668,51.48417897
Rural,Midwest,2.0,75.0,2.0,52273.0,0.134,7.129959151,55.46288
Rural,South,18.0,1231.0,2.0,50586.0,0.17300000000000001,9.287117916,59.73820558
Rural,West,2.0,70.0,1.0,69063.0,0.215,4.836441199,57.98411113
Rural,Midwest,9.0,156.0,3.0,51250.0,0.152,5.599951779,53.14235634
Urban,Midwest,97.0,11212.0,11.0,86659.0,0.053,9.764910918,62.10232347
Suburban,South,69.0,6322.0,10.0,81537.0,0.084,9.334136081,63.28011394
Rural,Midwest,28.0,780.0,4.0,63636.0,0.156,7.80147038,57.68306445
Rural,South,48.0,2606.0,5.0,58137.0,0.145,8.120041584,56.88647816
Rural,South,4.0,626.0,1.0,86875.0,0.068,6.703096712,63.31018
Suburban,Midwest,21.0,1960.0,4.0,78438.0,0.106,7.065472996,57.0894962
Town,South,76.0,5172.0,8.0,45115.0,0.188,8.469177089,56.71836397
Suburban,West,13.0,3302.0,7.0,96672.0,0.1,8.474480391,70.75301441
Urban,West,57.0,6545.0,14.0,65919.0,0.15,5.75036015,45.53891809
Rural,South,57.0,3096.0,4.0,45702.0,0.205,8.872401218,58.72479033
Town,South,17.0,954.0,3.0,49852.0,0.15,5.605561991,62.49317302
Urban,West,10.0,14171.0,21.0,80821.0,0.109,6.672417386,59.5767176
Town,Midwest,34.0,3488.0,9.0,84167.0,0.10800000000000001,7.244307041,56.09290101
Suburban,Northeast,14.0,1635.0,5.0,178484.0,0.034,7.888223616,63.17917505
Suburban,Midwest,27.0,4208.0,10.0,51875.0,0.136,10.03307705,63.74755326
Town,Midwest,9.0,1278.0,2.0,104022.0,0.033,4.465313047,53.80753442
Rural,South,14.0,723.0,2.0,46321.0,0.204,8.03233863,57.73899
Rural,Midwest,11.0,491.0,2.0,66394.0,0.052000000000000005,5.402654967,57.30126619
Rural,Midwest,21.0,1918.0,6.0,87168.0,0.063,8.947096044,58.7855825
Rural,Midwest,19.0,1592.0,5.0,61861.0,0.10300000000000001,6.72261966,60.33997346
Suburban,South,102.0,9042.0,19.0,40704.0,0.203,7.713539778,62.31281203
Suburban,South,51.0,4764.0,16.0,45962.0,0.182,6.622943282,58.64425401
Rural,South,14.0,442.0,2.0,46753.0,0.083,9.133819552,55.6358594
Rural,West,4.0,385.0,2.0,88409.0,0.04,4.670402055,56.47163388
Urban,Midwest,38.0,3753.0,13.0,39199.0,0.26,8.134272544,57.78792046
Rural,Midwest,49.0,1647.0,5.0,73566.0,0.07400000000000001,8.834740546,59.84138191
Rural,West,25.0,1253.0,6.0,82262.0,0.125,5.299063559,65.41125866
Town,South,53.0,3549.0,7.0,32136.0,0.28,7.675755842,61.83061343
Urban,South,213.0,31531.0,56.0,67000.0,0.132,8.279576351,60.76036033
Rural,Northeast,20.0,764.0,3.0,54201.0,0.124,4.871198409,51.62306873
Rural,South,10.0,549.0,1.0,62656.0,0.121,9.06667479,62.01538275
Town,West,29.0,3195.0,9.0,99947.0,0.086,6.487406437,53.06868057
Rural,Midwest,7.0,522.0,3.0,65756.0,0.111,5.20170631,57.1990347
Suburban,Midwest,41.0,2672.0,5.0,95000.0,0.07,8.682375012,63.40302156
Rural,South,5.0,476.0,1.0,54278.0,0.18899999999999997,7.800339189,55.99193964
Rural,South,33.0,1622.0,3.0,42312.0,0.209,8.987583524,58.19618324
Rural,Midwest,22.0,2062.0,6.0,75530.0,0.131,7.549375216,60.46482456
Rural,West,19.0,760.0,3.0,86370.0,0.057999999999999996,9.01087026,51.59136465
Suburban,Northeast,38.0,2223.0,4.0,125246.0,0.057,8.953998389,63.94624445
Rural,Midwest,2.0,96.0,2.0,47083.0,0.11699999999999999,7.051486319,56.49139072
Rural,Midwest,17.0,1053.0,4.0,41629.0,0.212,6.915784826,54.78600661
Rural,Northeast,28.0,827.0,2.0,69748.0,0.098,6.348035977,52.56166586
Town,West,7.0,519.0,1.0,38021.0,0.29,11.46205417,72.46276819
Rural,South,33.0,1732.0,3.0,52450.0,0.154,8.340621344,60.87276347
Suburban,Midwest,33.0,3348.0,7.0,37807.0,0.278,9.962507649,65.34921584
Rural,Midwest,11.0,303.0,2.0,69479.0,0.12,7.873323136,58.98300676
Rural,Midwest,19.0,1182.0,3.0,56393.0,0.139,8.61342411,62.55941
Town,West,13.0,1438.0,6.0,42557.0,0.285,4.089068418,62.61709554
Rural,South,24.0,1856.0,4.0,51300.0,0.172,9.206636471,56.47946881
Rural,Midwest,40.0,2506.0,5.0,45604.0,0.247,7.357896183,57.12478534
Suburban,South,239.0,14675.0,26.0,61134.0,0.107,8.670109651,57.94342841
Rural,West,12.0,1092.0,2.0,57037.0,0.23199999999999998,8.263027473,77.35435078
Rural,Midwest,1.0,1138.0,4.0,53778.0,0.261,4.796591714,55.89455428
Rural,Northeast,3.0,89.0,1.0,66842.0,0.068,4.806031973,56.29055
Town,Midwest,23.0,3425.0,7.0,52534.0,0.16899999999999998,5.856348703,54.79537319
Suburban,South,110.0,7387.0,14.0,99597.0,0.07200000000000001,7.037452682,68.49583415
Rural,Midwest,16.0,671.0,2.0,69542.0,0.049,8.70758136,57.34080972
Rural,Northeast,1.0,415.0,1.0,139673.0,0.047,7.987445205,64.84043
Rural,Midwest,28.0,2757.0,6.0,71134.0,0.067,8.138341795,56.29383024
Suburban,South,131.0,14771.0,28.0,76532.0,0.11199999999999999,8.254426477,65.96086861
Rural,Midwest,6.0,416.0,2.0,56354.0,0.067,7.854841448,57.10858749
Suburban,West,22.0,4717.0,10.0,98417.0,0.049,5.320212361,48.68647642
Rural,West,6.0,412.0,1.0,80972.0,0.14,4.821196147,63.433436
Rural,West,32.0,2774.0,7.0,60657.0,0.138,8.321535445,55.10629616
Rural,Midwest,12.0,454.0,2.0,70987.0,0.079,5.485577248,53.80370406
Suburban,South,5.0,859.0,3.0,48163.0,0.207,9.933501525,66.0723386
Rural,West,4.0,475.0,2.0,116250.0,0.015,4.670402055,56.47163388
Rural,Midwest,19.0,755.0,2.0,96094.0,0.04,4.139386192,58.21127
Suburban,Midwest,66.0,7690.0,12.0,86741.0,0.068,8.405497672,57.91981421
Rural,Midwest,24.0,401.0,4.0,79803.0,0.055,4.515846813,58.48573963
Suburban,West,33.0,13494.0,15.0,106290.0,0.078,11.42083212,81.88081255
Rural,Midwest,69.0,3370.0,6.0,114752.0,0.028999999999999998,9.071709965,57.82378433
Rural,West,5.0,169.0,2.0,51372.0,0.204,3.955010646,59.97058674
Town,Midwest,9.0,572.0,2.0,73030.0,0.061,8.339733356,57.25840687
Town,Midwest,20.0,962.0,4.0,57254.0,0.125,6.587755827,55.07174324
Rural,South,39.0,2186.0,6.0,48315.0,0.155,7.856045205,56.20801203
Rural,Midwest,17.0,1411.0,3.0,59096.0,0.08900000000000001,8.188762401,57.53751416
Town,South,23.0,1149.0,3.0,38125.0,0.099,9.032126681,60.68636219
Urban,Northeast,23.0,41672.0,63.0,41335.0,0.258,8.697507268,62.95939786
Rural,Midwest,21.0,841.0,4.0,54776.0,0.12300000000000001,8.861656936,60.75902797
Urban,West,24.0,5859.0,13.0,63303.0,0.14800000000000002,8.705652261,57.89727397
Suburban,Midwest,29.0,6455.0,10.0,132269.0,0.023,9.856790702,60.19415103
Suburban,Midwest,1.0,588.0,2.0,83738.0,0.047,8.223036318,66.37875784
Rural,Midwest,17.0,532.0,3.0,51738.0,0.124,8.381879922,58.60160419
Town,Midwest,51.0,2564.0,7.0,70131.0,0.081,7.043552697,58.7778715
Rural,South,19.0,717.0,3.0,45824.0,0.157,9.51446896,63.19664993
Town,Midwest,47.0,3056.0,12.0,62092.0,0.09300000000000001,7.652679118,56.52913853
Suburban,Northeast,1.0,3935.0,6.0,74583.0,0.086,8.208408937,63.44290323
Rural,South,227.0,13937.0,25.0,90568.0,0.069,7.089731235,55.83425957
Town,Midwest,8.0,490.0,2.0,54054.0,0.14400000000000002,8.778257542,59.98425313
Town,West,17.0,1561.0,7.0,74569.0,0.057,4.098450273,60.88070781
Town,Northeast,17.0,879.0,3.0,57090.0,0.079,6.350941293,52.33605118
Rural,South,23.0,709.0,3.0,72381.0,0.046,7.498469183,59.27275082
Rural,South,29.0,920.0,3.0,101504.0,0.046,8.623368356,67.32658498
Rural,South,9.0,475.0,3.0,48577.0,0.242,5.656783836,56.62559
Town,Midwest,7.0,931.0,3.0,55503.0,0.129,5.011181713,58.3874755
Suburban,South,225.0,32733.0,52.0,67390.0,0.11,8.299701987,59.95107931
Rural,Northeast,79.0,6948.0,8.0,99732.0,0.034,7.601676278,65.19783467
Rural,Northeast,8.0,241.0,1.0,58750.0,0.051,5.85202083,53.71894051
Suburban,Midwest,51.0,5626.0,8.0,133004.0,0.035,9.262230391,65.00112653
Rural,South,17.0,1069.0,5.0,51786.0,0.222,6.832753446,56.58357006
Rural,South,4.0,125.0,1.0,39000.0,0.301,6.703096712,63.31018
Town,South,20.0,1638.0,3.0,49709.0,0.182,9.457009042,64.98187089
Suburban,Northeast,7.0,2813.0,6.0,137417.0,0.036000000000000004,8.51645967,64.13783682
Urban,Midwest,905.0,45338.0,118.0,51840.0,0.23,9.780908777,60.27725625
Suburban,Midwest,6.0,4287.0,7.0,66141.0,0.063,9.960922876,63.76476479
Rural,West,7.0,60.0,3.0,54375.0,0.077,4.247637863,53.19653
Town,Midwest,30.0,1944.0,3.0,80692.0,0.051,7.768893037,59.36554928
Rural,Midwest,9.0,773.0,3.0,76379.0,0.064,7.65558749,59.43259947
Rural,Northeast,8.0,272.0,1.0,52917.0,0.099,6.074115762,52.85544298
Town,West,10.0,740.0,3.0,44672.0,0.231,4.537526853,55.98189569
Rural,Midwest,4.0,70.0,2.0,49375.0,0.087,6.275749718,57.2581373
Suburban,Midwest,170.0,17775.0,29.0,98299.0,0.043,7.509548031,57.82525537
Rural,South,3.0,81.0,1.0,76250.0,0.29100000000000004,8.88478026,59.34440177
Rural,Northeast,3.0,157.0,1.0,50818.0,0.102,4.247894575,50.8632
Rural,Midwest,2.0,205.0,2.0,62500.0,0.102,5.696832192,58.59033
Suburban,Midwest,51.0,4452.0,8.0,84725.0,0.099,9.430331164,64.63710324
Town,South,36.0,3090.0,9.0,41127.0,0.253,9.508932724,58.22266142
Town,Midwest,14.0,761.0,3.0,80577.0,0.057,4.785829256,58.98521119
Rural,Midwest,9.0,390.0,4.0,52818.0,0.147,8.451770786,60.4393634
Urban,West,50.0,2191.0,5.0,75781.0,0.106,6.878698784,59.47705858
Rural,West,7.0,105.0,1.0,54474.0,0.09,3.025637562,55.88331
Rural,Northeast,6.0,74.0,1.0,71146.0,0.066,5.40034937,51.6479
Town,South,42.0,3384.0,6.0,67265.0,0.127,9.010909006,59.39336948
Rural,Midwest,25.0,1089.0,5.0,48491.0,0.115,6.868125785,58.36830802
Rural,West,12.0,846.0,4.0,66828.0,0.166,5.60666198,67.10733175
Town,West,29.0,2281.0,7.0,47201.0,0.203,7.17234013,52.35012057
Town,Midwest,9.0,617.0,4.0,55094.0,0.15,5.821698263,59.9660795
Rural,South,5.0,126.0,1.0,58000.0,0.107,8.196477691,62.95157713
Rural,Northeast,7.0,282.0,2.0,44015.0,0.10800000000000001,4.599932219,48.42994
Rural,Midwest,7.0,275.0,1.0,46696.0,0.131,4.858263674,52.85671111
Rural,South,8.0,142.0,1.0,52063.0,0.175,7.587459191,59.9640292
Rural,South,14.0,985.0,3.0,67375.0,0.111,8.88892235,62.74163943
Rural,West,22.0,1298.0,5.0,73696.0,0.09300000000000001,4.86780201,63.07073286
Rural,Midwest,8.0,450.0,1.0,77978.0,0.047,5.720902136,58.712055
Rural,Midwest,12.0,465.0,2.0,73112.0,0.054000000000000006,8.090993842,62.52023224
Rural,Midwest,7.0,52.0,2.0,39871.0,0.353,4.54037702,55.50072844
Suburban,Northeast,68.0,3937.0,7.0,90314.0,0.08199999999999999,7.442011165,68.21482906
Town,Midwest,12.0,1605.0,4.0,53730.0,0.163,6.595667122,56.85250054
Rural,Northeast,20.0,801.0,2.0,58308.0,0.14800000000000002,6.237255747,52.66509083
Rural,Midwest,9.0,551.0,2.0,57294.0,0.10400000000000001,8.38590535,58.48547184
Town,South,67.0,3500.0,12.0,58011.0,0.091,6.250300404,56.40346278
Suburban,Northeast,33.0,603.0,1.0,113591.0,0.05,7.05880334,63.96753881
Suburban,Northeast,74.0,3890.0,7.0,70397.0,0.07200000000000001,6.645935202,53.16270338
Town,South,12.0,2355.0,4.0,72835.0,0.027999999999999997,9.243287626,62.98545838
Suburban,Midwest,76.0,5119.0,10.0,128840.0,0.027000000000000003,9.754733465,64.27757687
Rural,Midwest,15.0,646.0,3.0,53457.0,0.12,5.149803842,54.09926848
Rural,West,6.0,680.0,2.0,79486.0,0.073,6.070712788,60.70066617
Rural,Midwest,7.0,176.0,2.0,65341.0,0.092,5.082252493,55.43662397
Town,South,90.0,8429.0,19.0,55719.0,0.165,6.585685319,61.28940465
Suburban,West,189.0,61197.0,89.0,74228.0,0.10099999999999999,6.871399349,65.83457076
Rural,Midwest,19.0,1011.0,3.0,64080.0,0.12300000000000001,8.802726748,60.45379154
Rural,Midwest,7.0,239.0,2.0,62542.0,0.077,6.330104402,56.83012191
Suburban,Midwest,65.0,3762.0,3.0,81158.0,0.04,9.259315316,60.47496747
Rural,South,19.0,1071.0,4.0,45339.0,0.2,8.641670713,62.99062212
Rural,West,1.0,95.0,1.0,73720.0,0.040999999999999995,6.166714611,74.61654194
Rural,West,4.0,84.0,1.0,121000.0,0.07,8.116391453,66.46225072
Suburban,Midwest,77.0,5973.0,6.0,89437.0,0.057,9.464247159,60.14007337
Suburban,South,57.0,12865.0,20.0,84885.0,0.069,9.157378633,66.22549455
Rural,Midwest,33.0,2078.0,4.0,90120.0,0.052000000000000005,8.698759664,65.00301246
Rural,West,3.0,38.0,2.0,59063.0,0.085,4.42794126,56.44102752
Town,South,51.0,3400.0,5.0,64368.0,0.08199999999999999,9.013877739,61.74551667
Town,West,71.0,5540.0,12.0,61272.0,0.172,8.295494423,54.48332116
Suburban,West,28.0,10291.0,18.0,72485.0,0.127,10.79029607,81.36293369
Suburban,Northeast,7.0,980.0,4.0,83561.0,0.08199999999999999,7.127305731,63.97609546
Rural,South,43.0,1684.0,6.0,34605.0,0.256,8.382697478,58.68391276
Rural,South,4.0,234.0,3.0,66875.0,0.115,9.057720883,62.62926361
Rural,South,57.0,3403.0,7.0,38211.0,0.168,8.045612903,56.8304973
Rural,Midwest,11.0,414.0,2.0,52787.0,0.168,5.327417589,54.33198806
Suburban,Midwest,40.0,3919.0,2.0,80180.0,0.08199999999999999,10.21016167,65.68723238
Urban,South,169.0,21130.0,49.0,39403.0,0.255,10.19334182,66.77349821
Rural,West,4.0,420.0,2.0,47528.0,0.221,5.65722127,45.69914081
Rural,South,25.0,2058.0,4.0,69315.0,0.12300000000000001,8.424303112,69.15080394
Suburban,Midwest,1.0,2798.0,1.0,90294.0,0.081,10.18855748,64.71935505
Town,Midwest,24.0,1815.0,4.0,59125.0,0.09,7.772021606,57.33152329
Rural,Midwest,8.0,355.0,3.0,93558.0,0.034,7.895321978,61.22636711
Town,Midwest,12.0,1294.0,5.0,53659.0,0.114,8.444599261,61.8341918
Town,Midwest,18.0,1795.0,4.0,72247.0,0.06,8.969574169,59.68872398
Suburban,Midwest,14.0,1526.0,4.0,71156.0,0.096,9.136341234,63.88903209
Suburban,Midwest,34.0,3315.0,4.0,63450.0,0.115,7.500542814,61.25347419
Rural,Midwest,10.0,1028.0,4.0,61172.0,0.147,9.079639289,61.59361917
Suburban,Northeast,13.0,1304.0,3.0,230688.0,0.07,8.321050402,73.4085611
Rural,Midwest,5.0,147.0,1.0,74286.0,0.037000000000000005,8.687570067,57.62014789
Rural,West,1.0,143.0,1.0,44861.0,0.12,4.452754911,61.91415696
Rural,Midwest,40.0,2081.0,3.0,122224.0,0.036000000000000004,9.114313081,64.84266006
Rural,Northeast,8.0,500.0,2.0,57000.0,0.061,5.909430204,58.06317604
Rural,South,34.0,915.0,3.0,42120.0,0.122,9.496424998,55.09864259
Rural,West,5.0,179.0,3.0,49412.0,0.243,7.34478274,52.18164
Town,Midwest,45.0,6263.0,10.0,56229.0,0.134,8.853242394,56.87521861
Rural,Midwest,21.0,1250.0,3.0,102070.0,0.039,8.514940634,59.50054403
Rural,South,12.0,322.0,2.0,59464.0,0.161,8.838225863,57.18562582
Rural,South,10.0,319.0,2.0,73514.0,0.09,7.969513718,64.46853906
Urban,Midwest,306.0,18321.0,68.0,48751.0,0.196,9.297226874,65.32124625
Rural,Midwest,1.0,166.0,1.0,36823.0,0.203,8.729067903,56.67010194
Town,South,60.0,3457.0,6.0,60639.0,0.129,8.41786906,61.12481694
Urban,Midwest,1.0,13066.0,35.0,52438.0,0.204,8.685250169,60.12457323
Rural,Northeast,28.0,1195.0,4.0,63147.0,0.11,5.784914747,52.71217018
Rural,South,92.0,8830.0,13.0,41623.0,0.23800000000000002,9.095497619,59.73541248
Rural,South,94.0,5335.0,13.0,40271.0,0.21,6.355650554,59.3572332
Rural,West,8.0,289.0,2.0,60444.0,0.10800000000000001,7.678106421,52.37198991
Suburban,Midwest,105.0,10172.0,11.0,103853.0,0.044000000000000004,9.821043267,61.85512933
Rural,Northeast,8.0,261.0,1.0,66944.0,0.092,5.640109303,52.78128985
Rural,Midwest,5.0,280.0,3.0,65161.0,0.078,8.615243979,57.6297767
Rural,Midwest,8.0,311.0,2.0,51089.0,0.13,7.65057946,56.48824797
Suburban,West,21.0,2274.0,9.0,105625.0,0.07400000000000001,4.453040661,52.49503321
Town,Midwest,7.0,747.0,2.0,41950.0,0.22,8.772089476,59.38869794
Rural,South,25.0,1166.0,4.0,80268.0,0.08900000000000001,8.604601003,66.54285508
Rural,South,12.0,573.0,2.0,69375.0,0.073,9.205877453,55.08894275
Rural,Midwest,5.0,86.0,1.0,47679.0,0.161,4.80787615,52.55298551
Rural,Midwest,7.0,360.0,2.0,74167.0,0.033,8.272572713,57.93118259
Town,West,13.0,3580.0,8.0,47912.0,0.205,6.042945519,43.76088775
Suburban,Midwest,1.0,1209.0,3.0,49131.0,0.276,9.871476151,64.03174336
Rural,South,59.0,5243.0,14.0,51348.0,0.154,8.21339147,60.05660659
Rural,Midwest,12.0,639.0,2.0,71300.0,0.064,7.765868917,56.34880415
Suburban,West,19.0,11130.0,18.0,82022.0,0.091,10.78827758,84.58859667
Rural,Midwest,28.0,1702.0,5.0,81538.0,0.057999999999999996,8.00765988,59.05308226
Rural,Midwest,2.0,106.0,1.0,47125.0,0.15,8.470085503,60.69621212
Rural,Midwest,4.0,227.0,1.0,57188.0,0.11699999999999999,5.100311905,55.46105546
Rural,Midwest,12.0,352.0,2.0,64632.0,0.099,8.394231774,59.4146438
Rural,Midwest,9.0,483.0,3.0,61599.0,0.102,5.46404734,54.79031858
Rural,Midwest,24.0,1375.0,4.0,67564.0,0.095,9.144991515,66.46136923
Rural,Midwest,9.0,418.0,2.0,57143.0,0.07200000000000001,7.996113518,59.21066272
Suburban,South,13.0,915.0,3.0,36134.0,0.348,10.33218712,54.88812205
Rural,West,13.0,277.0,3.0,67708.0,0.075,5.364260722,65.82764382
Rural,Northeast,32.0,1298.0,4.0,79163.0,0.054000000000000006,6.144222387,52.96615656
Town,Midwest,26.0,3423.0,4.0,105629.0,0.032,8.656940482,60.24210574
Rural,Northeast,141.0,561.0,2.0,47424.0,0.18,7.073871507,60.7272
Rural,Midwest,3.0,70.0,2.0,58977.0,0.129,7.003129752,55.21161214
Rural,South,13.0,188.0,6.0,40714.0,0.247,7.566429321,59.41970279
Urban,South,122.0,11663.0,27.0,50231.0,0.14800000000000002,8.293617548,57.75993998
Rural,South,23.0,1170.0,4.0,67778.0,0.076,8.881380872,63.02975705
Rural,West,2.0,24.0,1.0,44732.0,0.27699999999999997,7.878042466,52.87749
Suburban,South,47.0,11687.0,14.0,54682.0,0.162,8.685318901,64.58970835
Rural,Midwest,12.0,775.0,4.0,52795.0,0.126,7.433041636,56.15692147
Urban,Midwest,45.0,3891.0,8.0,54855.0,0.14800000000000002,8.005969758,59.26730406
Suburban,West,46.0,6050.0,12.0,65068.0,0.12300000000000001,10.00661185,55.72805222
Suburban,West,74.0,15406.0,26.0,87158.0,0.073,11.4160684,66.44103665
Suburban,South,50.0,3102.0,12.0,60340.0,0.13,8.055335586,56.42672399
Rural,Midwest,3.0,60.0,1.0,83306.0,0.053,8.128274332,59.29268513
Urban,Midwest,58.0,5804.0,10.0,46580.0,0.19399999999999998,8.427171771,59.40648207
Rural,West,8.0,306.0,1.0,79391.0,0.069,8.032341461,52.93422851
Rural,Midwest,9.0,402.0,2.0,55000.0,0.095,7.025632691,55.24944294
Suburban,Midwest,28.0,3560.0,5.0,63454.0,0.109,8.12055394,56.06003273
Town,West,14.0,2155.0,5.0,62511.0,0.16,8.660013411,70.13672667
Rural,Midwest,14.0,987.0,4.0,54395.0,0.267,6.627296175,57.30680112
Suburban,Midwest,9.0,778.0,3.0,47639.0,0.17800000000000002,8.20245597,56.57613098
Rural,Midwest,8.0,549.0,2.0,67578.0,0.08199999999999999,5.746582842,61.00119262
Town,South,28.0,2560.0,4.0,52472.0,0.14,6.989243324,62.74897666
Rural,Northeast,15.0,667.0,2.0,73015.0,0.064,6.495498396,55.32460231
Rural,Midwest,14.0,795.0,3.0,105063.0,0.011000000000000001,7.157421343,55.82331056
Rural,South,12.0,377.0,2.0,51750.0,0.153,7.355702638,60.19147135
Rural,Midwest,13.0,935.0,3.0,75256.0,0.07,8.730734959,59.96545424
Rural,West,4.0,622.0,6.0,54481.0,0.145,5.362676864,53.25528764
Rural,West,5.0,210.0,3.0,47976.0,0.191,4.010265618,62.79104276
Rural,West,10.0,139.0,2.0,39931.0,0.22699999999999998,7.378533107,53.92880648
Town,South,36.0,2820.0,4.0,53802.0,0.125,9.578973014,66.27781927
Suburban,Northeast,1.0,5717.0,8.0,141071.0,0.04,7.188447157,70.22565741
Suburban,Northeast,4.0,1782.0,2.0,173632.0,0.034,8.389677067,64.27271785
Suburban,South,510.0,38037.0,55.0,98495.0,0.068,7.746883885,68.20899538
Urban,West,1.0,36542.0,45.0,116377.0,0.11699999999999999,9.620731028,67.27834821
Urban,West,20.0,2849.0,6.0,63417.0,0.12,8.283319641,55.53772309
Suburban,West,12.0,2392.0,5.0,66954.0,0.13699999999999998,9.347196209,71.51533731
Rural,Midwest,19.0,704.0,2.0,85693.0,0.054000000000000006,4.633045733,58.15608252
Rural,West,5.0,199.0,3.0,42250.0,0.136,3.558542361,55.5223529
Rural,South,42.0,3897.0,6.0,118352.0,0.098,8.952879001,69.86481978
Suburban,Midwest,5.0,1650.0,5.0,49397.0,0.183,8.613147238,61.3810649
Rural,Midwest,8.0,260.0,3.0,53229.0,0.22699999999999998,5.087372548,56.32275941
Rural,Midwest,8.0,541.0,3.0,50191.0,0.171,5.488236895,52.60983953
Rural,Midwest,14.0,1090.0,3.0,128448.0,0.019,7.114911209,57.4819968
Town,Midwest,21.0,2341.0,5.0,48232.0,0.139,6.366883414,61.09727663
Rural,Midwest,18.0,1065.0,3.0,71771.0,0.040999999999999995,8.557783635,60.74898761
Rural,South,29.0,1463.0,4.0,70030.0,0.187,8.947767964,60.93182117
Rural,Midwest,2.0,39.0,1.0,37023.0,0.107,7.316750976,56.35701926
Suburban,Northeast,8.0,7309.0,10.0,99271.0,0.064,7.897473513,64.9272672
Rural,West,4.0,131.0,1.0,63287.0,0.191,4.086659789,64.63132391
Rural,Midwest,12.0,1023.0,3.0,79318.0,0.059000000000000004,8.152702965,56.87968688
Urban,West,57.0,4761.0,11.0,64665.0,0.127,5.16114971,60.24049443
Rural,West,9.0,271.0,2.0,58859.0,0.131,5.640786194,48.13645445
Rural,West,16.0,1364.0,5.0,68710.0,0.09300000000000001,4.418051053,54.5899006
Rural,Midwest,16.0,642.0,2.0,60411.0,0.069,8.622070795,63.04988806
Suburban,Midwest,47.0,6330.0,11.0,69011.0,0.099,8.886906253,63.9039328
Rural,Midwest,6.0,399.0,1.0,54015.0,0.149,8.532225484,60.14950703
Urban,Midwest,39.0,3182.0,8.0,36358.0,0.259,8.64435518,57.11406326
Rural,Midwest,8.0,293.0,3.0,67266.0,0.067,8.546865512,56.85944215
Suburban,West,164.0,23173.0,26.0,75364.0,0.087,6.244690358,65.92816858
Suburban,Northeast,34.0,1920.0,6.0,149481.0,0.043,7.899314827,74.53624387
Rural,Midwest,29.0,1213.0,4.0,77054.0,0.055,8.718272854,61.15124191
Suburban,South,48.0,4254.0,6.0,129464.0,0.09,9.209071251,68.65271683
Rural,Northeast,3.0,760.0,2.0,67841.0,0.067,7.157828957,54.50667105
Suburban,Midwest,6.0,468.0,2.0,63365.0,0.091,8.746586315,60.78353907
Suburban,Northeast,2.0,1080.0,3.0,153343.0,0.035,7.185274219,67.69647223
Suburban,Northeast,2.0,2000.0,4.0,137401.0,0.049,6.766631128,69.05917395
Urban,South,40.0,4645.0,9.0,40944.0,0.201,7.704373637,56.32118705
Rural,Midwest,19.0,868.0,2.0,75606.0,0.08199999999999999,8.928823553,59.40473879
Urban,South,117.0,23196.0,30.0,93282.0,0.051,9.194342309,68.9180159
Rural,Midwest,4.0,72.0,1.0,56053.0,0.09,6.309178073,61.13798219
Urban,South,195.0,28964.0,64.0,53314.0,0.201,7.436543983,60.0587213
Rural,West,17.0,344.0,2.0,64479.0,0.105,5.179131617,46.20509212
Town,West,85.0,8686.0,20.0,64449.0,0.114,8.793256213,52.96843485
Town,West,10.0,1299.0,4.0,72629.0,0.13699999999999998,8.564500712,53.05664458
Suburban,South,353.0,50707.0,51.0,76579.0,0.086,7.894318153,60.65025494
Rural,South,67.0,2596.0,9.0,35888.0,0.307,7.05736843,57.89781308
Rural,West,5.0,369.0,2.0,90144.0,0.138,9.182929378,71.38868774
Rural,Northeast,18.0,818.0,3.0,53333.0,0.107,4.874057049,49.52566792
Town,West,12.0,513.0,3.0,31168.0,0.294,5.995170203,52.57745029
Rural,Midwest,9.0,479.0,2.0,47328.0,0.16899999999999998,8.559301038,61.26171075
Rural,West,5.0,152.0,2.0,51369.0,0.128,5.663527663,53.57797751
Rural,South,237.0,17799.0,34.0,62642.0,0.132,8.148815353,57.46102617
Town,South,70.0,5973.0,9.0,39419.0,0.23800000000000002,8.297429077,57.00047495
Rural,South,6.0,465.0,1.0,64375.0,0.151,8.915076919,58.85092641
Suburban,South,56.0,8351.0,10.0,105540.0,0.062,9.344797577,69.66158755
Suburban,Midwest,45.0,3275.0,4.0,98285.0,0.049,8.881394877,63.54924821
Town,Midwest,28.0,3641.0,6.0,63540.0,0.09,8.540795284,60.20442114
Suburban,Northeast,2.0,7675.0,12.0,50020.0,0.183,8.598701517,62.91569189
Rural,West,3.0,25.0,1.0,39063.0,0.276,6.683578822,52.79142
Town,South,16.0,983.0,4.0,37917.0,0.23399999999999999,8.004813423,59.97609781
Rural,South,19.0,783.0,2.0,43491.0,0.19399999999999998,8.944675302,56.71155325
Rural,Midwest,14.0,1126.0,4.0,58201.0,0.11199999999999999,6.685731687,61.67245409
Suburban,South,30.0,5029.0,8.0,68263.0,0.079,8.766611243,64.14015096
Suburban,Midwest,16.0,1617.0,3.0,79121.0,0.067,9.815948217,64.86262206
Town,Midwest,7.0,995.0,3.0,60487.0,0.037000000000000005,8.944683691,59.35824649
Town,South,38.0,3233.0,10.0,41809.0,0.188,8.399644495,58.3849814
Urban,South,85.0,30342.0,55.0,50720.0,0.177,5.653090102,62.09896064
Rural,Midwest,6.0,215.0,2.0,42321.0,0.218,8.098542356,58.35018
Town,West,3.0,165.0,1.0,69423.0,0.063,5.275462989,45.95518992
Rural,South,28.0,1532.0,4.0,54978.0,0.18100000000000002,8.589500909,62.09940355
Rural,South,23.0,1236.0,4.0,62125.0,0.14300000000000002,8.576963009,61.41245277
Rural,South,36.0,1158.0,4.0,118500.0,0.039,8.89217272,69.45276723
Town,Midwest,18.0,816.0,2.0,56250.0,0.115,7.158367473,58.32324201
Town,South,8.0,972.0,4.0,43610.0,0.26899999999999996,8.522880635,59.93106656
Rural,Northeast,36.0,1680.0,4.0,56652.0,0.11699999999999999,6.705244067,52.5478699
Rural,West,1.0,35.0,2.0,75000.0,0.051,3.095866222,56.76786566
Rural,Midwest,12.0,791.0,2.0,94544.0,0.079,8.589855909,59.90696447
Suburban,Midwest,57.0,3752.0,4.0,95875.0,0.039,9.308178981,60.79341608
Rural,Midwest,8.0,211.0,2.0,69926.0,0.045,5.906447615,56.49207428
Town,West,27.0,2228.0,12.0,83765.0,0.078,0.0,0.0
Rural,South,59.0,3005.0,5.0,41851.0,0.23,7.60011652,55.67799279
Rural,South,193.0,15461.0,25.0,120295.0,0.043,7.062978708,63.43402384
Rural,West,15.0,582.0,3.0,54575.0,0.158,5.191621431,45.74015422
Town,Northeast,22.0,1040.0,3.0,56667.0,0.121,6.507842227,51.62630583
Rural,West,7.0,168.0,3.0,33480.0,0.247,3.711844394,62.72222616
Rural,Midwest,7.0,382.0,2.0,65208.0,0.16899999999999998,7.342598889,57.35226966
Rural,South,32.0,2398.0,4.0,44292.0,0.14,8.662984123,61.67946012
Rural,South,30.0,2693.0,6.0,49745.0,0.11199999999999999,7.009678265,57.53140439
Suburban,South,24.0,1440.0,5.0,80531.0,0.09,9.143733176,61.6825825
Rural,South,9.0,496.0,2.0,55326.0,0.135,8.932626243,61.01396106
Rural,South,10.0,323.0,3.0,33765.0,0.2,7.439515203,60.79598253
Suburban,Midwest,31.0,2384.0,5.0,55871.0,0.153,8.276132841,62.38631946
Suburban,Midwest,16.0,1880.0,5.0,56879.0,0.084,7.331243215,62.74493999
Rural,Midwest,10.0,391.0,3.0,57478.0,0.11699999999999999,6.400868781,56.80370673
Town,South,23.0,2211.0,4.0,41871.0,0.275,8.516656824,59.52518817
Rural,Midwest,27.0,2554.0,6.0,79555.0,0.046,8.020999525,63.21102915
Rural,Midwest,16.0,818.0,2.0,56135.0,0.087,6.769828663,59.34415155
Rural,South,25.0,473.0,2.0,71552.0,0.081,8.005789315,62.75343
Suburban,South,47.0,4916.0,8.0,75657.0,0.092,8.888398148,63.10982067
Suburban,Midwest,22.0,2669.0,7.0,43171.0,0.245,8.308003416,67.99492732
Rural,Midwest,32.0,1554.0,3.0,90766.0,0.03,7.955878723,57.92736659
Rural,West,2.0,88.0,2.0,36250.0,0.185,4.050942247,60.28396
Rural,Midwest,10.0,168.0,2.0,65900.0,0.067,7.018266313,56.83665984
Suburban,South,191.0,28031.0,31.0,74177.0,0.09300000000000001,8.339322661,62.55504853
Suburban,South,25.0,3144.0,4.0,92005.0,0.076,8.664297039,63.66148517
Suburban,West,21.0,4540.0,6.0,83536.0,0.096,8.652494688,60.79185694
Town,Northeast,90.0,3177.0,5.0,61310.0,0.136,6.754115805,58.74208348
Suburban,Midwest,107.0,6742.0,11.0,65034.0,0.14,8.971760356,65.0379377
Rural,Midwest,14.0,441.0,2.0,51938.0,0.14800000000000002,8.253913151,58.28247
Suburban,Northeast,8.0,2622.0,5.0,108333.0,0.055,8.764419707,65.32734884
Town,Midwest,16.0,962.0,3.0,62978.0,0.087,8.457975538,59.834101
Suburban,South,785.0,84452.0,126.0,108048.0,0.055999999999999994,7.784452987,69.76231879
Town,Northeast,22.0,1340.0,3.0,63443.0,0.071,7.022671645,56.19161567
Town,Midwest,16.0,1900.0,7.0,50075.0,0.19399999999999998,8.044182922,61.79859911
Town,Midwest,11.0,724.0,3.0,57989.0,0.191,7.913987842,61.57366953
Rural,Midwest,14.0,292.0,2.0,63707.0,0.086,4.227562616,56.1818962
Suburban,Northeast,1.0,1586.0,4.0,139701.0,0.031,8.515668167,62.71581183
Rural,Midwest,25.0,1561.0,6.0,57148.0,0.153,8.424693612,62.05384976
Rural,South,163.0,12280.0,19.0,49042.0,0.191,9.39166656,62.3667818
Town,Midwest,22.0,1514.0,4.0,60205.0,0.083,6.787352483,58.39977483
Rural,Midwest,14.0,652.0,4.0,67105.0,0.095,7.591004298,59.96126609
Rural,Midwest,11.0,773.0,2.0,67132.0,0.07,7.574135349,56.36093065
Rural,West,16.0,858.0,4.0,71629.0,0.109,5.927891074,50.37431947
Town,Midwest,19.0,2117.0,4.0,67036.0,0.128,9.427123185,61.0127018
Rural,South,7.0,259.0,1.0,65813.0,0.065,7.683317015,63.37914238
Rural,Northeast,46.0,1507.0,4.0,78750.0,0.040999999999999995,7.16718583,58.82653118
Rural,West,10.0,455.0,3.0,66855.0,0.126,4.027806466,61.0577767
Rural,Midwest,2.0,227.0,1.0,121417.0,0.063,7.733825491,58.11005999
Rural,South,28.0,1511.0,3.0,103006.0,0.038,5.533705354,61.79835347
Suburban,Midwest,25.0,3191.0,5.0,42400.0,0.213,9.789398419,60.37108336
Rural,Northeast,1.0,336.0,1.0,125875.0,0.067,7.912945205,65.15064
Suburban,South,100.0,5613.0,12.0,45988.0,0.21,7.054329721,57.77054364
Suburban,Northeast,6.0,5272.0,6.0,73716.0,0.124,8.899247123,64.75142576
Suburban,South,129.0,6425.0,5.0,83181.0,0.067,9.990708927,66.01801685
Rural,South,7.0,550.0,2.0,52759.0,0.139,9.357524127,55.78622332
Rural,West,65.0,5668.0,10.0,83205.0,0.08,6.292567362,51.58023596
Town,Northeast,39.0,2380.0,7.0,78110.0,0.098,6.438391044,54.60759031
Rural,Midwest,9.0,616.0,2.0,59010.0,0.07400000000000001,7.730817133,58.42811393
Rural,Midwest,5.0,143.0,2.0,70192.0,0.113,6.263240909,57.00686269
Rural,South,2.0,1486.0,4.0,39605.0,0.20800000000000002,7.505227777,61.43819172
Rural,South,4.0,170.0,1.0,44712.0,0.171,6.299749651,62.35097664
Suburban,Northeast,6.0,1040.0,1.0,99315.0,0.068,8.482471516,62.70509037
Town,Midwest,11.0,737.0,4.0,60571.0,0.10300000000000001,6.590837012,57.26536828
Rural,South,10.0,666.0,3.0,72697.0,0.068,8.638433887,67.55567387
Rural,South,21.0,1617.0,4.0,60419.0,0.138,8.697451569,57.9852951
Rural,Midwest,4.0,508.0,2.0,63409.0,0.081,5.07803045,58.70074034
Rural,South,73.0,5606.0,19.0,52637.0,0.14800000000000002,7.804248873,59.75588994
Town,South,19.0,1155.0,4.0,65338.0,0.076,7.572977423,59.71430393
Rural,South,14.0,788.0,3.0,59948.0,0.125,8.549275752,65.7207769
Rural,West,3.0,26.0,1.0,34792.0,0.021,5.463954795,60.15842
Rural,Northeast,76.0,728.0,1.0,121829.0,0.034,8.077723812,63.42906998
Rural,Midwest,8.0,658.0,3.0,57426.0,0.15,7.084994082,56.38337117
Town,West,6.0,380.0,2.0,53106.0,0.151,6.123360406,67.13883739
Suburban,Northeast,3.0,673.0,2.0,126483.0,0.065,9.022985767,65.42594305
Rural,Midwest,12.0,805.0,4.0,53594.0,0.126,5.755878771,60.78470207
Rural,Midwest,12.0,443.0,3.0,51917.0,0.096,8.168888793,59.32681851
Rural,Midwest,11.0,310.0,2.0,90000.0,0.057,6.354068565,60.38364278
Suburban,Northeast,3.0,1308.0,4.0,250000.0,0.018000000000000002,7.806367945,61.24264
Rural,Midwest,18.0,1074.0,3.0,50306.0,0.135,7.705230133,58.85539739
Suburban,Midwest,23.0,2289.0,4.0,79087.0,0.07400000000000001,9.260932271,58.97839128
Town,South,18.0,1785.0,4.0,60009.0,0.11800000000000001,9.547020039,61.50874215
Rural,Northeast,17.0,758.0,2.0,42708.0,0.212,6.253480491,52.40763434
Rural,Midwest,9.0,796.0,2.0,68000.0,0.035,5.749133054,62.19977348
Urban,Midwest,18.0,8554.0,28.0,61291.0,0.162,5.259199638,53.05596622
Suburban,Midwest,16.0,3160.0,8.0,53516.0,0.113,8.29958779,58.07627167
Rural,West,1.0,93.0,1.0,36638.0,0.182,5.321035483,56.06766054
Rural,South,76.0,2748.0,6.0,51369.0,0.19,8.530110412,59.04368151
Urban,Midwest,92.0,10023.0,28.0,46681.0,0.214,8.139450109,55.12990286
Suburban,Northeast,55.0,3094.0,7.0,82031.0,0.063,6.388231045,53.16711684
Rural,Midwest,39.0,2408.0,6.0,89547.0,0.051,8.454357164,61.58831973
Rural,Midwest,57.0,1653.0,5.0,67737.0,0.087,8.049960902,58.01627923
Rural,South,89.0,4966.0,10.0,64571.0,0.139,8.928036587,59.77341741
Rural,Northeast,11.0,603.0,2.0,63137.0,0.156,6.811923449,59.89252843
Rural,Midwest,4.0,203.0,3.0,51300.0,0.092,7.977107081,58.38992383
Rural,South,107.0,13008.0,23.0,67440.0,0.09699999999999999,7.929314259,59.53012468
Suburban,Midwest,17.0,2535.0,7.0,66274.0,0.139,9.467447655,66.88888481
Town,Midwest,41.0,7715.0,22.0,70425.0,0.102,4.825119291,58.21727009
Rural,Midwest,7.0,337.0,2.0,60227.0,0.099,8.563147634,59.55997626
Rural,West,16.0,2192.0,6.0,38427.0,0.305,7.531737787,66.21058816
Rural,West,11.0,320.0,2.0,51699.0,0.127,8.0724068,52.43289902
Suburban,Midwest,13.0,3684.0,5.0,75703.0,0.062,10.18897679,61.37830024
Town,West,16.0,3722.0,10.0,61105.0,0.171,5.815091379,71.02675387
Town,South,57.0,4325.0,7.0,64147.0,0.122,9.52000895,55.19027848
Town,Midwest,34.0,4726.0,11.0,57726.0,0.128,7.286839233,60.80194604
Rural,South,45.0,805.0,2.0,50013.0,0.111,9.288373283,59.49720398
Suburban,Midwest,11.0,1281.0,2.0,99423.0,0.05,8.793245884,61.87660724
Rural,West,13.0,663.0,4.0,62841.0,0.091,4.044232219,56.61957
Rural,Midwest,16.0,1258.0,3.0,78491.0,0.043,9.311154373,60.34539179
Suburban,Midwest,7.0,1316.0,3.0,60161.0,0.055999999999999994,8.251822609,56.82652627
Town,West,3.0,571.0,2.0,49469.0,0.25,5.66819249,43.98354186
Rural,Midwest,9.0,410.0,2.0,61944.0,0.085,8.39182411,61.9592
Town,Northeast,34.0,1369.0,3.0,38837.0,0.22699999999999998,6.65810491,55.32956387
Rural,Midwest,6.0,226.0,2.0,59583.0,0.139,7.345818575,56.5406
Rural,South,20.0,943.0,3.0,62587.0,0.09699999999999999,8.660361438,67.0568455
Rural,Midwest,78.0,3910.0,9.0,55711.0,0.134,7.151305214,54.81884993
Rural,Midwest,9.0,363.0,2.0,63403.0,0.10800000000000001,8.546739452,61.49531
Suburban,South,310.0,42415.0,50.0,114964.0,0.047,9.413396414,63.44466793
Rural,Northeast,34.0,1695.0,5.0,73934.0,0.07,7.690821082,64.19109461
Rural,South,8.0,431.0,2.0,64886.0,0.146,8.557970518,60.61894657
Rural,Midwest,16.0,1986.0,5.0,54358.0,0.075,8.027380676,57.17231529
Rural,Northeast,30.0,2134.0,5.0,87534.0,0.034,6.163560468,54.367597
Rural,Midwest,28.0,1451.0,3.0,49914.0,0.157,8.193436729,57.79481123
Rural,Midwest,12.0,747.0,4.0,66685.0,0.134,7.52302943,56.82152045
Rural,Midwest,14.0,641.0,3.0,57950.0,0.081,8.475084748,56.40459456
Rural,West,12.0,483.0,3.0,61619.0,0.158,5.179131617,46.20509212
Rural,West,5.0,56.0,1.0,57917.0,0.059000000000000004,9.080074033,55.29266688
Rural,Midwest,33.0,3656.0,5.0,75038.0,0.055999999999999994,9.842071122,64.13459227
Town,Midwest,18.0,1141.0,3.0,55637.0,0.08,6.923276888,59.83025125
Rural,Midwest,1.0,807.0,4.0,66369.0,0.087,8.943685965,61.49051865
Rural,South,1.0,1059.0,4.0,73773.0,0.054000000000000006,9.298433492,60.07820875
Rural,South,6.0,208.0,3.0,39500.0,0.253,8.872743836,59.01385
Urban,West,17.0,8818.0,11.0,103059.0,0.085,10.09913917,81.78068158
Town,Midwest,23.0,942.0,4.0,47841.0,0.14400000000000002,8.363780662,57.52528328
Town,Midwest,26.0,1634.0,3.0,69719.0,0.057,8.326376438,62.15142
Town,West,70.0,5264.0,9.0,53945.0,0.13699999999999998,9.199343118,52.65499685
Town,South,67.0,2549.0,6.0,57828.0,0.10300000000000001,6.519488627,56.18288007
Rural,Midwest,10.0,242.0,2.0,53750.0,0.1,4.75935589,55.86267
Urban,West,33.0,3483.0,13.0,70805.0,0.081,9.1170989,55.63782417
Town,South,50.0,2222.0,5.0,43165.0,0.21899999999999997,9.658955203,55.72795908
Rural,West,5.0,298.0,1.0,68333.0,0.14,5.676260018,52.7355155
Rural,Northeast,7.0,229.0,2.0,40795.0,0.20600000000000002,4.046237846,50.2413302
Rural,South,3.0,476.0,1.0,47917.0,0.124,9.245094254,60.14043644
Rural,Northeast,13.0,302.0,1.0,53945.0,0.139,5.874029254,53.64149768
Town,West,77.0,3902.0,17.0,50733.0,0.23600000000000002,3.389131523,60.18384934
Town,South,16.0,1252.0,3.0,38125.0,0.305,8.55468309,57.92707182
Rural,Midwest,4.0,105.0,1.0,43500.0,0.23399999999999999,8.499822682,59.57631177
Rural,Midwest,14.0,459.0,4.0,65045.0,0.091,4.354925335,52.96916112
Rural,West,3.0,15.0,1.0,42708.0,0.066,7.57154474,53.12445131
Town,South,20.0,631.0,2.0,29082.0,0.27699999999999997,8.443650851,58.61296634
Suburban,West,21.0,13894.0,24.0,64550.0,0.159,8.782506575,73.10303448
Town,South,5.0,523.0,1.0,32895.0,0.245,7.816870959,57.29509
Rural,Midwest,12.0,671.0,3.0,69073.0,0.063,6.891225916,59.72308968
Rural,Midwest,10.0,358.0,2.0,64453.0,0.057,7.42983024,57.32231533
Rural,West,13.0,843.0,6.0,71440.0,0.10400000000000001,5.635349294,53.86126275
Suburban,South,188.0,9312.0,14.0,58615.0,0.162,9.603237154,59.32815911
Rural,Midwest,5.0,173.0,3.0,57917.0,0.12300000000000001,8.881842804,60.5161439
Rural,Midwest,5.0,163.0,2.0,62300.0,0.149,7.128455324,59.07485841
Rural,Midwest,5.0,309.0,2.0,62917.0,0.062,7.782630907,57.63692598
Rural,South,16.0,1403.0,3.0,40391.0,0.16399999999999998,9.169714009,62.18709716
Urban,Northeast,14.0,3972.0,7.0,48805.0,0.188,7.300264353,58.30468592
Suburban,Midwest,15.0,1249.0,3.0,59323.0,0.14,8.757944303,60.28756292
Urban,Midwest,7.0,7974.0,17.0,44359.0,0.21,9.306403552,61.17425873
Rural,West,19.0,1105.0,3.0,39365.0,0.309,7.113874724,52.66455724
Suburban,West,267.0,59421.0,70.0,102533.0,0.045,6.451140208,64.73814476
Suburban,Midwest,15.0,437.0,1.0,48333.0,0.159,9.784814758,63.24418767
Rural,South,6.0,126.0,1.0,69375.0,0.009000000000000001,6.623124805,62.99728565
Rural,Midwest,9.0,541.0,3.0,69625.0,0.077,8.30881414,61.28287164
Rural,Midwest,4.0,247.0,1.0,53268.0,0.114,5.713891864,54.93208745
Rural,Midwest,17.0,1083.0,5.0,70268.0,0.052000000000000005,8.879836327,58.43153926
Suburban,South,522.0,74125.0,111.0,63632.0,0.106,6.711094373,57.56964746
Suburban,Northeast,6.0,2042.0,5.0,85427.0,0.064,8.411782985,63.1583353
Town,South,14.0,1700.0,4.0,55106.0,0.204,8.651408309,58.98926841
Urban,West,97.0,36109.0,29.0,78957.0,0.109,8.849152059,59.52714681
Town,South,37.0,3962.0,9.0,61074.0,0.091,7.390929242,56.81946945
Rural,West,3.0,157.0,3.0,36375.0,0.294,4.154275628,61.83026063
Town,Midwest,22.0,1169.0,4.0,57944.0,0.126,8.429970936,60.52986889
Suburban,West,8.0,1151.0,2.0,204865.0,0.049,6.783460291,54.91699198
Town,Midwest,24.0,2590.0,5.0,76092.0,0.054000000000000006,8.011005507,56.29022565
Suburban,Midwest,138.0,16294.0,25.0,104612.0,0.05,9.598318792,60.64123692
Rural,South,38.0,2846.0,5.0,58810.0,0.158,8.72845026,57.93654969
Suburban,Northeast,5.0,1326.0,4.0,152283.0,0.018000000000000002,7.896485383,62.23205241
Rural,West,12.0,100.0,2.0,70265.0,0.09300000000000001,4.196730886,56.38573144
Rural,West,4.0,325.0,3.0,35811.0,0.163,4.341786061,65.89199952
Suburban,Midwest,5.0,1894.0,5.0,134333.0,0.012,10.25116267,66.89292246
Rural,West,2.0,197.0,1.0,76750.0,0.022000000000000002,11.9263828,71.89651118
Rural,Midwest,10.0,696.0,2.0,72537.0,0.061,4.249083002,54.01957006
Town,Midwest,25.0,721.0,5.0,50518.0,0.08900000000000001,8.617130175,60.69576666
Rural,West,12.0,2161.0,4.0,92283.0,0.134,8.72040808,86.40087497
Rural,South,37.0,888.0,6.0,40444.0,0.162,7.623029081,57.28889152
Suburban,Midwest,1.0,7867.0,14.0,99278.0,0.055,7.050170449,59.29831969
Rural,Northeast,19.0,891.0,4.0,71685.0,0.128,6.420809712,54.89138829
Rural,Midwest,6.0,191.0,1.0,53264.0,0.139,5.098038567,54.49185274
Town,South,36.0,3138.0,8.0,60897.0,0.10800000000000001,9.226836853,61.20386603
Urban,West,88.0,9633.0,20.0,80178.0,0.114,6.43239906,48.0249802
Rural,West,5.0,1186.0,2.0,54668.0,0.134,9.306655132,63.40117739
Rural,Midwest,6.0,429.0,2.0,53625.0,0.109,5.61652491,55.01652451
Town,Midwest,5.0,707.0,3.0,50184.0,0.165,8.85140239,58.89452479
Rural,South,83.0,4090.0,10.0,55755.0,0.14400000000000002,6.583419721,57.06173405
Suburban,Northeast,42.0,2437.0,4.0,58599.0,0.081,6.746700175,63.04350102
Rural,Midwest,12.0,842.0,3.0,93750.0,0.040999999999999995,6.392293641,60.65457439
Rural,Midwest,11.0,708.0,3.0,78408.0,0.08900000000000001,7.073294119,56.14722568
Town,West,14.0,1833.0,7.0,57549.0,0.131,5.617686369,52.17204316
Rural,South,8.0,1536.0,3.0,56776.0,0.11,9.398947746,58.36201647
Rural,South,22.0,1112.0,3.0,53068.0,0.133,9.2977287,57.61650162
Rural,South,28.0,2007.0,6.0,53367.0,0.166,8.815731576,62.30177754
Rural,South,312.0,37286.0,48.0,66026.0,0.125,8.055680621,61.35142402
Rural,South,17.0,546.0,2.0,71154.0,0.08,7.868229336,62.22592429
Town,South,22.0,1262.0,3.0,51061.0,0.209,8.927568264,56.12179616
Rural,Midwest,9.0,499.0,3.0,70380.0,0.02,7.1522516,58.84040695
Town,Midwest,52.0,1958.0,6.0,58527.0,0.11,8.671640517,61.87999964
Rural,Northeast,44.0,2011.0,5.0,53973.0,0.11800000000000001,6.644700121,56.78391474
Rural,South,25.0,954.0,3.0,29650.0,0.29100000000000004,7.746310245,58.79045555
Rural,South,9.0,478.0,3.0,60098.0,0.08900000000000001,9.222424925,57.4028253
Town,South,29.0,3119.0,7.0,37850.0,0.263,8.921094772,59.14672189
Suburban,Northeast,5.0,956.0,2.0,99832.0,0.048,8.833407743,64.50060064
Rural,West,3.0,163.0,1.0,49583.0,0.368,8.673440642,70.20619281
Rural,Midwest,2.0,209.0,3.0,69474.0,0.052000000000000005,8.017338837,58.80493969
Suburban,Northeast,23.0,1534.0,3.0,93508.0,0.066,8.107749261,67.22026754
Rural,Midwest,15.0,783.0,2.0,74792.0,0.064,8.509554384,57.69147688
Rural,Northeast,20.0,921.0,2.0,64132.0,0.129,6.509961915,54.11940477
Town,Midwest,46.0,3113.0,6.0,62303.0,0.11699999999999999,7.203103805,56.49466073
Suburban,West,17.0,8149.0,17.0,70158.0,0.161,10.24855749,61.61732303
Rural,South,71.0,2530.0,8.0,44512.0,0.16699999999999998,8.954494611,56.62749688
Rural,Northeast,24.0,665.0,2.0,59194.0,0.121,6.123525987,52.94669489
Suburban,Midwest,46.0,3963.0,6.0,64033.0,0.09,9.58825279,61.06659728
Town,West,32.0,2462.0,6.0,49432.0,0.273,4.076588768,59.40014879
Town,Midwest,27.0,2606.0,7.0,69907.0,0.08800000000000001,7.687273141,54.97353572
Rural,Northeast,18.0,967.0,2.0,59970.0,0.14,6.063211553,55.80399698
Urban,South,59.0,3497.0,9.0,52062.0,0.141,8.977421242,58.26662493
Suburban,Midwest,51.0,4105.0,4.0,52426.0,0.125,8.637932121,61.64258069
Rural,Midwest,4.0,60.0,1.0,49432.0,0.204,7.580094768,56.00924222
Rural,West,4.0,184.0,2.0,49531.0,0.22699999999999998,7.006214921,48.90966162
Suburban,Northeast,65.0,3693.0,7.0,109822.0,0.055,7.139677355,68.47742514
Rural,Northeast,16.0,494.0,2.0,63417.0,0.11,6.540530814,52.58248295
Urban,South,50.0,3466.0,5.0,69154.0,0.095,9.292719093,56.53959516
Rural,Midwest,14.0,384.0,2.0,58493.0,0.113,5.236195671,54.167
Suburban,West,98.0,26379.0,35.0,64561.0,0.134,6.59402072,73.69723051
Suburban,Midwest,43.0,3829.0,8.0,57592.0,0.147,9.696913166,63.06401687
Rural,South,3.0,54.0,1.0,87083.0,0.071,8.498084658,65.51547
Suburban,Northeast,29.0,3884.0,6.0,149500.0,0.039,8.333919896,67.77390472
Rural,Midwest,10.0,548.0,3.0,48657.0,0.223,7.725207003,59.33968545
Town,South,26.0,2207.0,4.0,68059.0,0.126,8.380757565,57.85176329
Rural,South,19.0,851.0,3.0,40532.0,0.218,9.390802054,65.49807085
Rural,Midwest,10.0,513.0,2.0,64964.0,0.141,8.60087092,58.48425757
Suburban,West,54.0,20559.0,31.0,90997.0,0.09300000000000001,7.17589141,57.55704675
Rural,South,80.0,3695.0,8.0,53091.0,0.13,9.654772953,60.54418561
Town,South,10.0,595.0,3.0,39846.0,0.204,6.741852186,63.76021092
Town,Northeast,19.0,857.0,2.0,51574.0,0.28300000000000003,6.438077349,54.96485055
Town,Midwest,37.0,2144.0,5.0,56602.0,0.094,7.922617759,58.01400323
Rural,West,9.0,802.0,2.0,83057.0,0.066,8.43779051,59.72383577
Rural,Midwest,23.0,1927.0,4.0,76998.0,0.105,8.607804184,56.51236367
Rural,West,2.0,46.0,2.0,40000.0,0.253,3.97501099,62.23506173
Urban,West,29.0,2158.0,8.0,90458.0,0.064,6.470081015,51.92780643
Urban,West,100.0,19896.0,41.0,65880.0,0.147,6.840932139,67.28327901
Rural,West,4.0,125.0,5.0,25125.0,0.21899999999999997,4.985107945,45.06512
Town,South,15.0,1321.0,4.0,34858.0,0.324,8.346246616,57.62604538
Suburban,Midwest,61.0,5977.0,9.0,61409.0,0.10300000000000001,9.431127193,60.99459926
Town,West,9.0,2722.0,9.0,49882.0,0.245,7.675094181,67.62859831
Rural,South,11.0,637.0,3.0,56029.0,0.085,8.768657249,62.07226957
Rural,West,1.0,65.0,1.0,85000.0,0.057999999999999996,4.54336395,53.90708041
Rural,Midwest,7.0,438.0,2.0,80934.0,0.09300000000000001,8.381725748,57.63206375
Suburban,South,28.0,2856.0,7.0,55033.0,0.12300000000000001,8.59052973,63.29439712
Town,Midwest,41.0,5565.0,13.0,51541.0,0.129,8.468221975,59.30669627
Suburban,Northeast,66.0,7950.0,10.0,130867.0,0.034,7.791324237,65.57308497
Town,Northeast,44.0,2129.0,4.0,62796.0,0.152,6.617159355,54.92859932
Suburban,West,50.0,4861.0,11.0,69331.0,0.10400000000000001,7.583556351,54.61004484
Rural,Midwest,14.0,646.0,3.0,53010.0,0.158,7.983338817,61.77218858
Rural,Northeast,13.0,461.0,1.0,70735.0,0.122,6.609575924,54.42568875
Town,Midwest,20.0,1489.0,4.0,53736.0,0.12300000000000001,8.633842078,65.20435889
Town,West,16.0,2943.0,7.0,54192.0,0.198,4.131494183,62.0269145
Rural,West,28.0,2954.0,13.0,48206.0,0.18,3.634032267,62.05339963
Rural,Midwest,9.0,287.0,4.0,81335.0,0.05,7.724303055,62.99640703
Rural,Midwest,8.0,401.0,2.0,64688.0,0.027999999999999997,7.924155709,59.97957208
Urban,South,54.0,4268.0,7.0,61321.0,0.133,7.421659823,54.54242753
Urban,West,98.0,15742.0,25.0,75962.0,0.147,10.18723822,72.43261268
Rural,South,134.0,14455.0,32.0,54363.0,0.138,7.748459021,59.55385413
Rural,Midwest,17.0,1139.0,3.0,83077.0,0.11,7.841364265,55.29447492
Rural,South,130.0,5173.0,6.0,70974.0,0.10800000000000001,7.384787783,55.93223329
Rural,South,69.0,6717.0,9.0,80965.0,0.06,9.627083234,65.86801209
Rural,South,163.0,8925.0,15.0,59900.0,0.149,9.505479803,61.97545176
Rural,South,47.0,2278.0,8.0,41755.0,0.17800000000000002,7.987817924,61.60107696
Rural,South,60.0,3776.0,10.0,44470.0,0.2,6.546052039,54.77111718
